Date,Adj Close,Close,High,Low,Open,Volume
2010-01-04,12.016510963439941,17.010000228881836,17.010000228881836,16.725000381469727,16.790000915527344,15135000
2010-01-05,12.055368423461914,17.065000534057617,17.09000015258789,16.905000686645508,17.040000915527344,17678400
2010-01-06,12.260236740112305,17.354999542236328,17.415000915527344,17.040000915527344,17.06999969482422,16184000
2010-01-07,12.164863586425781,17.219999313354492,17.290000915527344,17.079999923706055,17.270000457763672,11514600
2010-01-08,12.33441162109375,17.459999084472656,17.459999084472656,17.139999389648438,17.18000030517578,9284800
2010-01-11,12.267297744750977,17.364999771118164,17.690000534057617,17.290000915527344,17.68000030517578,18217000
2010-01-12,12.034177780151367,17.03499984741211,17.204999923706055,16.864999771118164,17.114999771118164,26324000
2010-01-13,12.175461769104004,17.235000610351562,17.25,16.875,17.079999923706055,23886200
2010-01-14,12.027109146118164,17.024999618530273,17.260000228881836,17.0,17.225000381469727,19231000
2010-01-15,11.93880558013916,16.899999618530273,17.06999969482422,16.815000534057617,17.0049991607666,15210600
2010-01-19,12.129545211791992,17.170000076293945,17.174999237060547,16.850000381469727,16.924999237060547,13603400
2010-01-20,11.914077758789062,16.864999771118164,17.0,16.709999084472656,16.950000762939453,23007600
2010-01-21,11.398380279541016,16.135000228881836,16.885000228881836,16.1299991607666,16.885000228881836,39632400
2010-01-22,11.172317504882812,15.8149995803833,16.28499984741211,15.774999618530273,16.09000015258789,40093800
2010-01-25,11.271221160888672,15.954999923706055,16.1200008392334,15.899999618530273,15.979999542236328,20610200
2010-01-26,11.112271308898926,15.729999542236328,15.994999885559082,15.680000305175781,15.779999732971191,33567800
2010-01-27,11.016901016235352,15.595000267028809,15.770000457763672,15.324999809265137,15.654999732971191,39417600
2010-01-28,10.819100379943848,15.3149995803833,15.739999771118164,15.239999771118164,15.694999694824219,32740800
2010-01-29,10.646021842956543,15.069999694824219,15.65999984741211,15.0600004196167,15.4350004196167,32241400
2010-02-01,11.069887161254883,15.670000076293945,15.670000076293945,15.229999542236328,15.229999542236328,34546000
2010-02-02,11.105207443237305,15.720000267028809,15.800000190734863,15.510000228881836,15.739999771118164,32079400
2010-02-03,10.978049278259277,15.539999961853027,15.8100004196167,15.489999771118164,15.65999984741211,36213600
2010-02-04,10.568318367004395,14.960000038146973,15.375,14.949999809265137,15.329999923706055,45618000
2010-02-05,10.766119003295898,15.239999771118164,15.244999885559082,14.739999771118164,15.005000114440918,64498000
2010-02-08,10.593040466308594,14.994999885559082,15.359999656677246,14.979999542236328,15.270000457763672,40944600
2010-02-09,10.85089111328125,15.359999656677246,15.520000457763672,15.125,15.225000381469727,57488000
2010-02-10,10.776716232299805,15.255000114440918,15.40999984741211,15.0649995803833,15.380000114440918,43105200
2010-02-11,10.960389137268066,15.515000343322754,15.53499984741211,15.170000076293945,15.244999885559082,38944200
2010-02-12,10.939192771911621,15.484999656677246,15.569999694824219,15.170000076293945,15.239999771118164,39246600
2010-02-16,11.214707374572754,15.875,15.899999618530273,15.670000076293945,15.680000305175781,21028400
2010-02-17,11.221770286560059,15.885000228881836,16.045000076293945,15.774999618530273,15.975000381469727,58790800
2010-02-18,11.341864585876465,16.05500030517578,16.110000610351562,15.800000190734863,15.8149995803833,39257200
2010-02-19,11.405447006225586,16.145000457763672,16.229999542236328,15.925000190734863,15.9350004196167,30427000
2010-02-22,11.35599422454834,16.075000762939453,16.290000915527344,16.014999389648438,16.204999923706055,22993800
2010-02-23,11.175850868225098,15.819999694824219,16.110000610351562,15.725000381469727,16.024999618530273,40160400
2010-02-24,11.147600173950195,15.779999732971191,15.979999542236328,15.694999694824219,15.845000267028809,31930800
2010-02-25,11.122871398925781,15.744999885559082,15.770000457763672,15.395000457763672,15.545000076293945,40918000
2010-02-26,11.126401901245117,15.75,15.824999809265137,15.604999542236328,15.824999809265137,30666800
2010-03-01,11.295949935913086,15.989999771118164,16.0049991607666,15.75,15.835000038146973,39502800
2010-03-02,11.391314506530762,16.125,16.2549991607666,16.079999923706055,16.114999771118164,38859000
2010-03-03,11.490214347839355,16.264999389648438,16.5049991607666,16.204999923706055,16.225000381469727,28216400
2010-03-04,11.567928314208984,16.375,16.434999465942383,16.2450008392334,16.315000534057617,26748000
2010-03-05,11.716276168823242,16.584999084472656,16.690000534057617,16.46500015258789,16.524999618530273,23340600
2010-03-08,11.716276168823242,16.584999084472656,16.704999923706055,16.4950008392334,16.649999618530273,28925800
2010-03-09,11.642106056213379,16.479999542236328,16.645000457763672,16.420000076293945,16.485000610351562,30916800
2010-03-10,11.645635604858398,16.485000610351562,16.625,16.364999771118164,16.485000610351562,41650200
2010-03-11,11.71274185180664,16.579999923706055,16.579999923706055,16.290000915527344,16.424999237060547,29034600
2010-03-12,11.758661270141602,16.645000457763672,16.764999389648438,16.610000610351562,16.665000915527344,23063600
2010-03-15,11.755128860473633,16.639999389648438,16.65999984741211,16.5,16.635000228881836,18990800
2010-03-16,11.92820930480957,16.885000228881836,16.885000228881836,16.690000534057617,16.69499969482422,27171600
2010-03-17,11.995315551757812,16.979999542236328,17.094999313354492,16.924999237060547,16.940000534057617,17654600
2010-03-18,11.910548210144043,16.860000610351562,17.094999313354492,16.834999084472656,16.985000610351562,24248200
2010-03-19,11.780633926391602,16.639999389648438,16.959999084472656,16.6200008392334,16.639999389648438,21252800
2010-03-22,11.954089164733887,16.885000228881836,16.905000686645508,16.424999237060547,16.5049991607666,22534400
2010-03-23,12.10983943939209,17.104999542236328,17.104999542236328,16.80500030517578,16.899999618530273,29462600
2010-03-24,12.074446678161621,17.05500030517578,17.165000915527344,16.94499969482422,16.9950008392334,16904800
2010-03-25,11.833731651306152,16.71500015258789,17.209999084472656,16.700000762939453,17.209999084472656,38080400
2010-03-26,11.922229766845703,16.84000015258789,16.9950008392334,16.725000381469727,16.790000915527344,30944800
2010-03-29,12.049664497375488,17.020000457763672,17.100000381469727,16.934999465942383,17.0,17183400
2010-03-30,12.067360877990723,17.045000076293945,17.165000915527344,16.924999237060547,17.010000228881836,16926400
2010-03-31,12.007184982299805,16.959999084472656,17.104999542236328,16.90999984741211,17.0049991607666,15549200
2010-04-01,12.216033935546875,17.2549991607666,17.280000686645508,17.110000610351562,17.1299991607666,15941800
2010-04-05,12.364712715148926,17.46500015258789,17.469999313354492,17.2450008392334,17.30500030517578,13178600
2010-04-06,12.385954856872559,17.4950008392334,17.549999237060547,17.375,17.3799991607666,17215000
2010-04-07,12.30807113647461,17.385000228881836,17.579999923706055,17.295000076293945,17.434999465942383,20756400
2010-04-08,12.33638858795166,17.424999237060547,17.440000534057617,17.200000762939453,17.274999618530273,16575200
2010-04-09,12.35763168334961,17.454999923706055,17.5,17.354999542236328,17.5,16745800
2010-04-12,12.318695068359375,17.399999618530273,17.514999389648438,17.350000381469727,17.46500015258789,11504800
2010-04-13,12.272675514221191,17.334999084472656,17.385000228881836,17.219999313354492,17.34000015258789,14107400
2010-04-14,12.364712715148926,17.46500015258789,17.469999313354492,17.34000015258789,17.415000915527344,14628200
2010-04-15,12.364712715148926,17.46500015258789,17.510000228881836,17.3700008392334,17.440000534057617,15055000
2010-04-16,12.152322769165039,17.165000915527344,17.459999084472656,17.024999618530273,17.375,33745200
2010-04-19,12.155858993530273,17.170000076293945,17.19499969482422,16.8700008392334,17.03499984741211,22585800
2010-04-20,12.194796562194824,17.225000381469727,17.360000610351562,17.149999618530273,17.30500030517578,11610600
2010-04-21,12.16294002532959,17.18000030517578,17.260000228881836,17.010000228881836,17.260000228881836,22064000
2010-04-22,12.283291816711426,17.350000381469727,17.350000381469727,16.899999618530273,17.05500030517578,11843000
2010-04-23,12.393030166625977,17.5049991607666,17.56999969482422,17.315000534057617,17.329999923706055,19692000
2010-04-26,12.446133613586426,17.579999923706055,17.735000610351562,17.524999618530273,17.6200008392334,14050200
2010-04-27,11.993026733398438,16.940000534057617,17.530000686645508,16.940000534057617,17.5049991607666,32078200
2010-04-28,12.138164520263672,17.145000457763672,17.225000381469727,16.954999923706055,17.100000381469727,32075400
2010-04-29,12.247895240783691,17.299999237060547,17.360000610351562,17.170000076293945,17.2450008392334,20038000
2010-04-30,12.031967163085938,16.9950008392334,17.399999618530273,16.989999771118164,17.350000381469727,21881800
2010-05-03,12.024886131286621,16.985000610351562,17.1200008392334,16.81999969482422,17.040000915527344,22380400
2010-05-04,11.60718059539795,16.395000457763672,16.760000228881836,16.280000686645508,16.7450008392334,53974000
2010-05-05,11.522223472595215,16.274999618530273,16.5049991607666,16.065000534057617,16.139999389648438,35206400
2010-05-06,11.143463134765625,15.739999771118164,16.459999084472656,14.739999771118164,16.145000457763672,54860000
2010-05-07,11.01956558227539,15.5649995803833,16.020000457763672,15.329999923706055,15.760000228881836,54676800
2010-05-10,11.543463706970215,16.30500030517578,16.350000381469727,16.110000610351562,16.19499969482422,36074800
2010-05-11,11.398330688476562,16.100000381469727,16.329999923706055,16.06999969482422,16.125,28765400
2010-05-12,11.635505676269531,16.434999465942383,16.440000534057617,16.170000076293945,16.200000762939453,25864600
2010-05-13,11.462053298950195,16.190000534057617,16.530000686645508,16.18000030517578,16.395000457763672,26685000
2010-05-14,11.182400703430176,15.795000076293945,16.084999084472656,15.65999984741211,16.084999084472656,40467000
2010-05-17,11.182400703430176,15.795000076293945,15.954999923706055,15.414999961853027,15.859999656677246,37565800
2010-05-18,10.991249084472656,15.524999618530273,16.174999237060547,15.524999618530273,15.9350004196167,46798000
2010-05-19,10.991249084472656,15.524999618530273,15.574999809265137,15.175000190734863,15.420000076293945,47500400
2010-05-20,10.492128372192383,14.819999694824219,15.210000038146973,14.805000305175781,15.039999961853027,55258000
2010-05-21,10.750539779663086,15.1850004196167,15.244999885559082,14.550000190734863,14.574999809265137,39010400
2010-05-24,10.5664644241333,14.925000190734863,15.239999771118164,14.925000190734863,15.119999885559082,27133600
2010-05-25,10.743461608886719,15.175000190734863,15.199999809265137,14.4350004196167,14.520000457763672,37643200
2010-05-26,10.658503532409668,15.055000305175781,15.4399995803833,15.005000114440918,15.324999809265137,26874600
2010-05-27,11.079743385314941,15.649999618530273,15.664999961853027,15.175000190734863,15.375,29382800
2010-05-28,10.885053634643555,15.375,15.635000228881836,15.265000343322754,15.609999656677246,29481800
2010-06-01,10.534605026245117,14.880000114440918,15.404999732971191,14.854999542236328,15.220000267028809,31542200
2010-06-02,10.860275268554688,15.34000015258789,15.34000015258789,14.949999809265137,15.0,17503600
2010-06-03,10.729297637939453,15.154999732971191,15.475000381469727,14.975000381469727,15.475000381469727,25279400
2010-06-04,10.304515838623047,14.555000305175781,14.984999656677246,14.520000457763672,14.864999771118164,30713800
2010-06-07,10.120445251464844,14.295000076293945,14.6850004196167,14.28499984741211,14.5649995803833,25021000
2010-06-08,10.350534439086914,14.619999885559082,14.675000190734863,14.274999618530273,14.369999885559082,43670000
2010-06-09,10.364691734313965,14.640000343322754,14.984999656677246,14.539999961853027,14.8149995803833,27666000
2010-06-10,10.736377716064453,15.164999961853027,15.164999961853027,14.890000343322754,14.914999961853027,21597200
2010-06-11,10.856732368469238,15.335000038146973,15.335000038146973,14.989999771118164,15.005000114440918,15956800
2010-06-14,10.750539779663086,15.1850004196167,15.529999732971191,15.15999984741211,15.475000381469727,18202200
2010-06-15,11.016024589538574,15.5600004196167,15.574999809265137,15.265000343322754,15.319999694824219,14109600
2010-06-16,11.00186538696289,15.539999961853027,15.630000114440918,15.395000457763672,15.444999694824219,12730400
2010-06-17,10.941689491271973,15.454999923706055,15.604999542236328,15.260000228881836,15.574999809265137,27380000
2010-06-18,11.004264831542969,15.475000381469727,15.555000305175781,15.414999961853027,15.420000076293945,18895800
2010-06-21,11.071818351745605,15.569999694824219,15.899999618530273,15.460000038146973,15.75,24144400
2010-06-22,10.798048973083496,15.1850004196167,15.649999618530273,15.1850004196167,15.550000190734863,23686600
2010-06-23,10.819379806518555,15.21500015258789,15.3149995803833,14.960000038146973,15.204999923706055,21678400
2010-06-24,10.545608520507812,14.829999923706055,15.244999885559082,14.824999809265137,15.100000381469727,31521600
2010-06-25,10.70205020904541,15.050000190734863,15.119999885559082,14.744999885559082,14.890000343322754,22616200
2010-06-28,10.581160545349121,14.880000114440918,15.09000015258789,14.84000015258789,15.03499984741211,25772000
2010-06-29,10.190055847167969,14.329999923706055,14.630000114440918,14.270000457763672,14.59000015258789,34058800
2010-06-30,10.086947441101074,14.1850004196167,14.529999732971191,14.125,14.3149995803833,21027200
2010-07-01,10.030058860778809,14.104999542236328,14.3100004196167,13.835000038146973,14.170000076293945,32910000
2010-07-02,9.973173141479492,14.024999618530273,14.220000267028809,13.914999961853027,14.15999984741211,19334000
2010-07-06,9.983842849731445,14.039999961853027,14.350000381469727,13.899999618530273,14.3149995803833,20142200
2010-07-07,10.382052421569824,14.600000381469727,14.619999885559082,14.03499984741211,14.050000190734863,23703000
2010-07-08,10.55272388458252,14.84000015258789,14.84000015258789,14.595000267028809,14.720000267028809,17861600
2010-07-09,10.805160522460938,15.194999694824219,15.194999694824219,14.795000076293945,14.795000076293945,18889400
2010-07-12,10.66293716430664,14.994999885559082,15.204999923706055,14.920000076293945,15.204999923706055,18878000
2010-07-13,10.950931549072266,15.399999618530273,15.444999694824219,15.225000381469727,15.25,21410000
2010-07-14,10.915380477905273,15.350000381469727,15.454999923706055,15.1850004196167,15.270000457763672,17277600
2010-07-15,10.904711723327637,15.335000038146973,15.390000343322754,15.135000228881836,15.364999771118164,16560000
2010-07-16,10.606053352355957,14.914999961853027,15.300000190734863,14.875,15.225000381469727,24858200
2010-07-19,10.616717338562012,14.930000305175781,15.010000228881836,14.774999618530273,15.0,15230000
2010-07-20,10.936714172363281,15.380000114440918,15.395000457763672,14.71500015258789,14.71500015258789,21015200
2010-07-21,10.901158332824707,15.329999923706055,15.614999771118164,15.194999694824219,15.53499984741211,18758000
2010-07-22,11.135821342468262,15.65999984741211,15.795000076293945,15.475000381469727,15.505000114440918,32511200
2010-07-23,11.381146430969238,16.0049991607666,16.024999618530273,15.664999961853027,15.6850004196167,29360800
2010-07-26,11.448702812194824,16.100000381469727,16.100000381469727,15.9399995803833,16.040000915527344,14990400
2010-07-27,11.35626220703125,15.970000267028809,16.25,15.899999618530273,16.200000762939453,18349800
2010-07-28,11.320707321166992,15.920000076293945,16.03499984741211,15.850000381469727,15.890000343322754,21062400
2010-07-29,11.310040473937988,15.904999732971191,16.165000915527344,15.765000343322754,16.024999618530273,16919000
2010-07-30,11.381146430969238,16.0049991607666,16.065000534057617,15.710000038146973,15.760000228881836,17515800
2010-08-02,11.686925888061523,16.434999465942383,16.46500015258789,16.219999313354492,16.260000228881836,32952200
2010-08-03,11.473594665527344,16.135000228881836,16.280000686645508,16.100000381469727,16.274999618530273,19108400
2010-08-04,11.580259323120117,16.28499984741211,16.299999237060547,16.1299991607666,16.229999542236328,11268000
2010-08-05,11.605147361755371,16.31999969482422,16.334999084472656,16.184999465942383,16.21500015258789,14066400
2010-08-06,11.551814079284668,16.2450008392334,16.420000076293945,16.09000015258789,16.209999084472656,17375600
2010-08-09,11.622922897338867,16.344999313354492,16.3799991607666,16.239999771118164,16.375,12162000
2010-08-10,11.498480796813965,16.170000076293945,16.264999389648438,16.0049991607666,16.165000915527344,25438800
2010-08-11,11.110934257507324,15.625,15.869999885559082,15.614999771118164,15.854999542236328,35147200
2010-08-12,11.182042121887207,15.725000381469727,15.779999732971191,15.430000305175781,15.4350004196167,23048000
2010-08-13,11.12870979309082,15.649999618530273,15.734999656677246,15.595000267028809,15.664999961853027,12365600
2010-08-16,11.178488731384277,15.720000267028809,15.819999694824219,15.550000190734863,15.579999923706055,13065000
2010-08-17,11.441595077514648,16.09000015258789,16.209999084472656,15.9399995803833,15.9399995803833,23946400
2010-08-18,11.484258651733398,16.149999618530273,16.229999542236328,15.949999809265137,16.075000762939453,19570600
2010-08-19,11.221151351928711,15.779999732971191,16.135000228881836,15.699999809265137,16.06999969482422,25495800
2010-08-20,11.196267127990723,15.744999885559082,15.760000228881836,15.595000267028809,15.6850004196167,27923600
2010-08-23,11.071818351745605,15.569999694824219,16.024999618530273,15.5600004196167,15.8149995803833,18899200
2010-08-24,10.81582260131836,15.210000038146973,15.414999961853027,15.199999809265137,15.295000076293945,29745800
2010-08-25,10.847825050354004,15.255000114440918,15.300000190734863,14.9399995803833,15.09000015258789,25560800
2010-08-26,10.833602905273438,15.234999656677246,15.484999656677246,15.210000038146973,15.399999618530273,14956000
2010-08-27,11.157150268554688,15.6899995803833,15.699999809265137,15.180000305175781,15.335000038146973,20732800
2010-08-30,10.990044593811035,15.454999923706055,15.729999542236328,15.454999923706055,15.654999732971191,10128800
2010-08-31,11.036266326904297,15.520000457763672,15.600000381469727,15.354999542236328,15.359999656677246,19130600
2010-09-01,11.366929054260254,15.984999656677246,16.020000457763672,15.710000038146973,15.720000267028809,24058400
2010-09-02,11.502035140991211,16.174999237060547,16.174999237060547,15.9399995803833,16.03499984741211,12309200
2010-09-03,11.63714599609375,16.364999771118164,16.375,16.225000381469727,16.299999237060547,15619200
2010-09-07,11.523370742797852,16.204999923706055,16.350000381469727,16.18000030517578,16.299999237060547,12186000
2010-09-08,11.612257957458496,16.329999923706055,16.434999465942383,16.235000610351562,16.2549991607666,10036400
2010-09-09,11.57314395904541,16.274999618530273,16.53499984741211,16.235000610351562,16.485000610351562,9445800
2010-09-10,11.669145584106445,16.40999984741211,16.450000762939453,16.290000915527344,16.290000915527344,11261800
2010-09-13,11.857586860656738,16.674999237060547,16.735000610351562,16.524999618530273,16.540000915527344,24126600
2010-09-14,11.836251258850098,16.645000457763672,16.760000228881836,16.540000915527344,16.594999313354492,17105400
2010-09-15,11.814918518066406,16.614999771118164,16.645000457763672,16.485000610351562,16.549999237060547,12888600
2010-09-16,11.871809005737305,16.69499969482422,16.739999771118164,16.549999237060547,16.565000534057617,25727400
2010-09-17,11.873984336853027,16.364999771118164,16.450000762939453,16.2549991607666,16.415000915527344,16339400
2010-09-20,11.950169563293457,16.469999313354492,16.5,16.264999389648438,16.3799991607666,16600800
2010-09-21,11.895753860473633,16.395000457763672,16.475000381469727,16.239999771118164,16.469999313354492,33795200
2010-09-22,11.924777030944824,16.434999465942383,16.559999465942383,16.3799991607666,16.389999389648438,20396600
2010-09-23,11.812314987182617,16.280000686645508,16.479999542236328,16.21500015258789,16.290000915527344,14346000
2010-09-24,12.1025390625,16.68000030517578,16.704999923706055,16.475000381469727,16.485000610351562,17199200
2010-09-27,12.033611297607422,16.584999084472656,16.709999084472656,16.565000534057617,16.684999465942383,11346400
2010-09-28,12.033611297607422,16.584999084472656,16.614999771118164,16.28499984741211,16.565000534057617,17394800
2010-09-29,11.939286231994629,16.454999923706055,16.565000534057617,16.399999618530273,16.53499984741211,19749800
2010-09-30,11.892125129699707,16.389999389648438,16.639999389648438,16.270000457763672,16.565000534057617,20469400
2010-10-01,12.048123359680176,16.604999542236328,16.6200008392334,16.479999542236328,16.489999771118164,15538400
2010-10-04,11.855846405029297,16.34000015258789,16.540000915527344,16.280000686645508,16.475000381469727,26111200
2010-10-05,12.189606666564941,16.799999237060547,16.860000610351562,16.530000686645508,16.530000686645508,26245400
2010-10-06,12.305699348449707,16.959999084472656,17.0049991607666,16.81999969482422,16.84000015258789,13636600
2010-10-07,12.182354927062988,16.790000915527344,17.020000457763672,16.635000228881836,17.010000228881836,18279800
2010-10-08,12.421791076660156,17.1200008392334,17.170000076293945,16.850000381469727,16.850000381469727,15930200
2010-10-11,12.4000244140625,17.09000015258789,17.204999923706055,17.024999618530273,17.200000762939453,11727200
2010-10-12,12.432677268981934,17.135000228881836,17.165000915527344,16.8700008392334,17.049999237060547,14601000
2010-10-13,12.63220500946045,17.40999984741211,17.475000381469727,17.2450008392334,17.34000015258789,14554400
2010-10-14,12.512491226196289,17.2450008392334,17.440000534057617,17.145000457763672,17.405000686645508,16533200
2010-10-15,12.5487642288208,17.295000076293945,17.385000228881836,17.065000534057617,17.3799991607666,24577400
2010-10-18,12.60318660736084,17.3700008392334,17.375,17.135000228881836,17.235000610351562,13649200
2010-10-19,12.280303955078125,16.924999237060547,17.165000915527344,16.850000381469727,17.06999969482422,30249800
2010-10-20,12.534255027770996,17.274999618530273,17.389999389648438,16.954999923706055,16.9950008392334,20369600
2010-10-21,12.53062915802002,17.270000457763672,17.424999237060547,17.09000015258789,17.350000381469727,22244200
2010-10-22,12.43993091583252,17.145000457763672,17.30500030517578,17.09000015258789,17.280000686645508,16613600
2010-10-25,12.708393096923828,17.514999389648438,17.584999084472656,17.3700008392334,17.40999984741211,22728000
2010-10-26,12.63220500946045,17.40999984741211,17.450000762939453,17.155000686645508,17.274999618530273,18659400
2010-10-27,12.516115188598633,17.25,17.280000686645508,17.065000534057617,17.280000686645508,24652800
2010-10-28,12.5233736038208,17.260000228881836,17.454999923706055,17.145000457763672,17.395000457763672,20044200
2010-10-29,12.624953269958496,17.399999618530273,17.434999465942383,17.18000030517578,17.225000381469727,13569800
2010-11-01,12.617694854736328,17.389999389648438,17.610000610351562,17.295000076293945,17.489999771118164,16188600
2010-11-02,12.74830150604248,17.56999969482422,17.68000030517578,17.4950008392334,17.545000076293945,23459000
2010-11-03,12.712023735046387,17.520000457763672,17.649999618530273,17.25,17.625,34310000
2010-11-04,13.12922191619873,18.094999313354492,18.094999313354492,17.780000686645508,17.78499984741211,20076400
2010-11-05,13.1763916015625,18.15999984741211,18.270000457763672,18.05500030517578,18.1200008392334,20189600
2010-11-08,13.209037780761719,18.204999923706055,18.229999542236328,18.024999618530273,18.045000076293945,15881800
2010-11-09,12.976853370666504,17.885000228881836,18.354999542236328,17.780000686645508,18.295000076293945,22728800
2010-11-10,13.042160987854004,17.975000381469727,18.020000457763672,17.674999237060547,17.885000228881836,18655600
2010-11-11,13.1763916015625,18.15999984741211,18.170000076293945,17.8799991607666,17.885000228881836,18777400
2010-11-12,12.882530212402344,17.7549991607666,18.024999618530273,17.604999542236328,17.954999923706055,34953400
2010-11-15,12.780950546264648,17.614999771118164,17.860000610351562,17.600000381469727,17.80500030517578,19444000
2010-11-16,12.505230903625488,17.235000610351562,17.44499969482422,17.100000381469727,17.40999984741211,39700000
2010-11-17,12.501604080200195,17.229999542236328,17.40999984741211,17.149999618530273,17.239999771118164,26661800
2010-11-18,12.73741626739502,17.55500030517578,17.704999923706055,17.459999084472656,17.459999084472656,28865800
2010-11-19,12.838995933532715,17.69499969482422,17.69499969482422,17.46500015258789,17.559999465942383,18097800
2010-11-22,12.8716459274292,17.739999771118164,17.7549991607666,17.469999313354492,17.6200008392334,23443000
2010-11-23,12.624953269958496,17.399999618530273,17.510000228881836,17.315000534057617,17.46500015258789,26465200
2010-11-24,12.868021011352539,17.735000610351562,17.735000610351562,17.520000457763672,17.540000915527344,15943200
2010-11-26,12.650345802307129,17.434999465942383,17.579999923706055,17.434999465942383,17.549999237060547,9311400
2010-11-29,12.75918197631836,17.584999084472656,17.639999389648438,17.184999465942383,17.395000457763672,25669600
2010-11-30,12.766438484191895,17.594999313354492,17.739999771118164,17.375,17.440000534057617,31201200
2010-12-01,13.114715576171875,18.075000762939453,18.084999084472656,17.850000381469727,17.889999389648438,24592000
2010-12-02,13.31424331665039,18.350000381469727,18.389999389648438,18.110000610351562,18.15999984741211,18747600
2010-12-03,13.426703453063965,18.5049991607666,18.545000076293945,18.264999389648438,18.274999618530273,15720000
2010-12-06,13.448476791381836,18.53499984741211,18.56999969482422,18.454999923706055,18.479999542236328,9912800
2010-12-07,13.4666166305542,18.559999465942383,18.80500030517578,18.524999618530273,18.764999389648438,21077000
2010-12-08,13.3251314163208,18.364999771118164,18.635000228881836,18.270000457763672,18.56999969482422,23584200
2010-12-09,13.397683143615723,18.46500015258789,18.540000915527344,18.34000015258789,18.524999618530273,23028200
2010-12-10,13.513774871826172,18.625,18.645000457763672,18.399999618530273,18.4950008392334,10437400
2010-12-13,13.58633804321289,18.725000381469727,18.860000610351562,18.700000762939453,18.81999969482422,12831600
2010-12-14,13.575448989868164,18.709999084472656,18.834999084472656,18.649999618530273,18.719999313354492,14227400
2010-12-15,13.502893447875977,18.610000610351562,18.774999618530273,18.584999084472656,18.649999618530273,13388000
2010-12-16,13.629867553710938,18.78499984741211,18.790000915527344,18.4950008392334,18.639999389648438,18492400
2010-12-17,13.737032890319824,18.780000686645508,18.795000076293945,18.584999084472656,18.610000610351562,14386400
2010-12-20,13.78092098236084,18.84000015258789,18.93000030517578,18.739999771118164,18.899999618530273,10680400
2010-12-21,13.919891357421875,19.030000686645508,19.059999465942383,18.90999984741211,18.915000915527344,9610000
2010-12-22,13.91258430480957,19.020000457763672,19.100000381469727,18.94499969482422,19.100000381469727,6326200
2010-12-23,13.949155807495117,19.06999969482422,19.125,18.920000076293945,18.920000076293945,7742600
2010-12-27,13.971096992492676,19.100000381469727,19.110000610351562,18.940000534057617,19.05500030517578,4817600
2010-12-28,14.000365257263184,19.139999389648438,19.18000030517578,19.084999084472656,19.18000030517578,6872200
2010-12-29,14.05887222290039,19.219999313354492,19.25,19.170000076293945,19.219999313354492,5138600
2010-12-30,14.05887222290039,19.219999313354492,19.295000076293945,19.18000030517578,19.21500015258789,7152600
2010-12-31,14.047904968261719,19.204999923706055,19.270000457763672,19.155000686645508,19.19499969482422,4849400
2011-01-03,14.161283493041992,19.360000610351562,19.540000915527344,19.334999084472656,19.40999984741211,12110400
2011-01-04,14.066190719604492,19.229999542236328,19.424999237060547,18.985000610351562,19.389999389648438,18978600
2011-01-05,14.099105834960938,19.274999618530273,19.28499984741211,19.045000076293945,19.1299991607666,15594600
2011-01-06,14.025959968566895,19.174999237060547,19.375,19.1200008392334,19.28499984741211,15539400
2011-01-07,14.011332511901855,19.155000686645508,19.290000915527344,18.989999771118164,19.235000610351562,23128400
2011-01-10,14.029616355895996,19.18000030517578,19.21500015258789,18.860000610351562,19.084999084472656,20979400
2011-01-11,14.14299488067627,19.334999084472656,19.350000381469727,19.209999084472656,19.274999618530273,13209600
2011-01-12,14.281978607177734,19.524999618530273,19.55500030517578,19.415000915527344,19.485000610351562,13959200
2011-01-13,14.157626152038574,19.354999542236328,19.540000915527344,19.309999465942383,19.5049991607666,14599600
2011-01-14,14.19053840637207,19.399999618530273,19.399999618530273,19.200000762939453,19.31999969482422,15839800
2011-01-18,14.26734447479248,19.5049991607666,19.524999618530273,19.405000686645508,19.424999237060547,16477600
2011-01-19,13.938182830810547,19.05500030517578,19.549999237060547,19.020000457763672,19.540000915527344,32022600
2011-01-20,13.740689277648926,18.78499984741211,18.90999984741211,18.6200008392334,18.854999542236328,43715400
2011-01-21,13.707771301269531,18.739999771118164,18.979999542236328,18.71500015258789,18.889999389648438,22906400
2011-01-24,13.854066848754883,18.940000534057617,19.045000076293945,18.735000610351562,18.80500030517578,20986800
2011-01-25,13.872353553771973,18.96500015258789,18.96500015258789,18.739999771118164,18.875,26381600
2011-01-26,14.164941787719727,19.364999771118164,19.399999618530273,19.024999618530273,19.030000686645508,22398600
2011-01-27,14.047904968261719,19.204999923706055,19.375,19.065000534057617,19.350000381469727,22470000
2011-01-28,13.82846450805664,18.905000686645508,19.344999313354492,18.889999389648438,19.200000762939453,28584600
2011-01-31,14.05887222290039,19.219999313354492,19.239999771118164,18.96500015258789,19.030000686645508,19959800
2011-02-01,14.435588836669922,19.735000610351562,19.774999618530273,19.364999771118164,19.399999618530273,32064200
2011-02-02,14.40998363494873,19.700000762939453,19.799999237060547,19.604999542236328,19.725000381469727,12356400
2011-02-03,14.472159385681152,19.78499984741211,19.825000762939453,19.479999542236328,19.709999084472656,21654600
2011-02-04,14.475812911987305,19.790000915527344,19.864999771118164,19.6200008392334,19.84000015258789,16209400
2011-02-07,14.552617073059082,19.895000457763672,20.03499984741211,19.850000381469727,19.850000381469727,18360600
2011-02-08,14.600165367126465,19.959999084472656,19.9950008392334,19.825000762939453,19.985000610351562,15420400
2011-02-09,14.46850299835205,19.780000686645508,19.934999465942383,19.649999618530273,19.90999984741211,19333400
2011-02-10,14.494102478027344,19.815000534057617,19.94499969482422,19.584999084472656,19.584999084472656,18023400
2011-02-11,14.574567794799805,19.924999237060547,20.0,19.700000762939453,19.760000228881836,20151200
2011-02-14,14.731833457946777,20.139999389648438,20.170000076293945,19.934999465942383,19.975000381469727,17148200
2011-02-15,14.56359577178955,19.90999984741211,20.155000686645508,19.875,20.149999618530273,14403000
2011-02-16,14.753777503967285,20.170000076293945,20.219999313354492,20.010000228881836,20.024999618530273,19581400
2011-02-17,14.885444641113281,20.350000381469727,20.360000610351562,20.065000534057617,20.1299991607666,16506600
2011-02-18,14.720860481262207,20.125,20.415000915527344,20.049999237060547,20.3799991607666,14668600
2011-02-22,14.249059677124023,19.479999542236328,20.0,19.44499969482422,19.864999771118164,37060200
2011-02-23,14.14299488067627,19.334999084472656,19.559999465942383,19.014999389648438,19.420000076293945,37641000
2011-02-24,14.069847106933594,19.235000610351562,19.5049991607666,18.969999313354492,19.325000762939453,28453000
2011-02-25,14.278319358825684,19.520000457763672,19.545000076293945,19.3799991607666,19.405000686645508,16706200
2011-02-28,14.431928634643555,19.729999542236328,19.729999542236328,19.5049991607666,19.594999313354492,15915800
2011-03-01,14.077165603637695,19.2450008392334,19.81999969482422,19.235000610351562,19.774999618530273,36178400
2011-03-02,14.128373146057129,19.315000534057617,19.440000534057617,19.190000534057617,19.219999313354492,22439800
2011-03-03,14.413640975952148,19.704999923706055,19.704999923706055,19.5049991607666,19.540000915527344,17416400
2011-03-04,14.281978607177734,19.524999618530273,19.729999542236328,19.375,19.725000381469727,23102200
2011-03-07,14.036931991577148,19.190000534057617,19.719999313354492,19.094999313354492,19.674999237060547,36593000
2011-03-08,14.197857856750488,19.40999984741211,19.479999542236328,19.03499984741211,19.235000610351562,20951800
2011-03-09,13.96744155883789,19.094999313354492,19.315000534057617,19.0,19.315000534057617,35285400
2011-03-10,13.663885116577148,18.68000030517578,18.915000915527344,18.59000015258789,18.81999969482422,62013600
2011-03-11,13.865038871765137,18.954999923706055,19.014999389648438,18.530000686645508,18.604999542236328,29383200
2011-03-14,13.813836097717285,18.885000228881836,19.049999237060547,18.690000534057617,18.8799991607666,35194600
2011-03-15,13.813836097717285,18.885000228881836,18.979999542236328,18.219999313354492,18.299999237060547,45739400
2011-03-16,13.535871505737305,18.5049991607666,18.915000915527344,18.280000686645508,18.864999771118164,46770000
2011-03-17,13.777261734008789,18.834999084472656,19.0049991607666,18.725000381469727,18.8700008392334,44856600
2011-03-18,13.84477424621582,18.864999771118164,19.094999313354492,18.81999969482422,19.045000076293945,29813000
2011-03-21,14.083291053771973,19.190000534057617,19.229999542236328,19.030000686645508,19.155000686645508,16934800
2011-03-22,14.050267219543457,19.145000457763672,19.229999542236328,19.03499984741211,19.174999237060547,15172800
2011-03-23,14.255757331848145,19.424999237060547,19.479999542236328,19.040000915527344,19.155000686645508,26321800
2011-03-24,14.318131446838379,19.510000228881836,19.59000015258789,19.315000534057617,19.559999465942383,23093000
2011-03-25,14.395191192626953,19.614999771118164,19.770000457763672,19.524999618530273,19.604999542236328,21089800
2011-03-28,14.329143524169922,19.524999618530273,19.760000228881836,19.5049991607666,19.610000610351562,23835200
2011-03-29,14.479589462280273,19.729999542236328,19.729999542236328,19.395000457763672,19.530000686645508,19443600
2011-03-30,14.630041122436523,19.934999465942383,19.979999542236328,19.665000915527344,19.93000030517578,30180400
2011-03-31,14.685075759887695,20.010000228881836,20.114999771118164,19.899999618530273,19.915000915527344,21048200
2011-04-01,14.740120887756348,20.084999084472656,20.184999465942383,20.0,20.125,18529000
2011-04-04,14.835525512695312,20.21500015258789,20.280000686645508,20.155000686645508,20.184999465942383,14013200
2011-04-05,15.011658668518066,20.454999923706055,20.53499984741211,20.1200008392334,20.200000762939453,18749400
2011-04-06,14.886900901794434,20.28499984741211,20.639999389648438,20.225000381469727,20.6200008392334,30197400
2011-04-07,14.857540130615234,20.2450008392334,20.475000381469727,20.149999618530273,20.344999313354492,26134800
2011-04-08,14.751130104064941,20.100000381469727,20.459999084472656,20.014999389648438,20.399999618530273,17302600
2011-04-11,14.586004257202148,19.875,20.2450008392334,19.78499984741211,20.155000686645508,20734400
2011-04-12,14.387856483459473,19.604999542236328,19.760000228881836,19.530000686645508,19.649999618530273,26711400
2011-04-13,14.303455352783203,19.489999771118164,19.764999389648438,19.34000015258789,19.7450008392334,32170200
2011-04-14,14.347491264343262,19.549999237060547,19.614999771118164,19.360000610351562,19.360000610351562,31580200
2011-04-15,14.442899703979492,19.68000030517578,19.71500015258789,19.489999771118164,19.639999389648438,22683000
2011-04-18,14.241077423095703,19.405000686645508,19.5049991607666,19.219999313354492,19.450000762939453,22494400
2011-04-19,14.494272232055664,19.75,19.770000457763672,19.46500015258789,19.485000610351562,32250000
2011-04-20,14.685075759887695,20.010000228881836,20.149999618530273,19.94499969482422,20.084999084472656,26455400
2011-04-21,14.842870712280273,20.225000381469727,20.225000381469727,20.05500030517578,20.1200008392334,15329200
2011-04-25,14.729107856750488,20.06999969482422,20.2450008392334,19.975000381469727,20.170000076293945,12109400
2011-04-26,14.894235610961914,20.295000076293945,20.3700008392334,20.06999969482422,20.155000686645508,17400000
2011-04-27,14.941940307617188,20.360000610351562,20.360000610351562,19.94499969482422,20.325000762939453,26244200
2011-04-28,14.93826675415039,20.354999542236328,20.510000228881836,20.260000228881836,20.334999084472656,27603200
2011-04-29,14.996979713439941,20.434999465942383,20.5,20.295000076293945,20.44499969482422,26800000
2011-05-02,14.89056396484375,20.290000915527344,20.584999084472656,20.2450008392334,20.510000228881836,20484200
2011-05-03,14.754798889160156,20.104999542236328,20.299999237060547,19.940000534057617,20.274999618530273,30488800
2011-05-04,14.494272232055664,19.75,20.110000610351562,19.614999771118164,20.084999084472656,42692200
2011-05-05,14.32180404663086,19.514999389648438,19.875,19.415000915527344,19.610000610351562,49810600
2011-05-06,14.439227104187012,19.674999237060547,19.959999084472656,19.559999465942383,19.864999771118164,39226200
2011-05-09,14.648384094238281,19.959999084472656,20.020000457763672,19.69499969482422,19.71500015258789,26753000
2011-05-10,14.77314567565918,20.1299991607666,20.170000076293945,19.90999984741211,20.040000915527344,24373200
2011-05-11,14.380508422851562,19.594999313354492,20.09000015258789,19.510000228881836,20.075000762939453,36163200
2011-05-12,14.365839004516602,19.575000762939453,19.69499969482422,19.334999084472656,19.53499984741211,36135800
2011-05-13,14.182364463806152,19.325000762939453,19.684999465942383,19.264999389648438,19.649999618530273,39318400
2011-05-16,14.130990028381348,19.2549991607666,19.625,19.190000534057617,19.2549991607666,39154200
2011-05-17,13.965863227844238,19.030000686645508,19.229999542236328,18.915000915527344,19.145000457763672,46415600
2011-05-18,14.277769088745117,19.454999923706055,19.475000381469727,19.020000457763672,19.1200008392334,35216000
2011-05-19,14.274102210998535,19.450000762939453,19.655000686645508,19.364999771118164,19.475000381469727,25611800
2011-05-20,14.130990028381348,19.2549991607666,19.454999923706055,19.104999542236328,19.399999618530273,35574800
2011-05-23,13.984216690063477,19.05500030517578,19.1200008392334,18.864999771118164,18.94499969482422,26600000
2011-05-24,14.053934097290039,19.149999618530273,19.375,19.045000076293945,19.190000534057617,33186400
2011-05-25,14.252087593078613,19.420000076293945,19.530000686645508,19.075000762939453,19.114999771118164,32158200
2011-05-26,14.285117149353027,19.46500015258789,19.530000686645508,19.260000228881836,19.364999771118164,20333400
2011-05-27,14.439227104187012,19.674999237060547,19.7549991607666,19.575000762939453,19.6200008392334,21204400
2011-05-31,14.586004257202148,19.875,19.934999465942383,19.579999923706055,19.854999542236328,32114400
2011-06-01,14.130990028381348,19.2549991607666,19.81999969482422,19.229999542236328,19.78499984741211,35499000
2011-06-02,14.153011322021484,19.28499984741211,19.4950008392334,19.05500030517578,19.290000915527344,40104400
2011-06-03,13.973206520080566,19.040000915527344,19.174999237060547,18.940000534057617,18.979999542236328,32958000
2011-06-06,13.83376693725586,18.850000381469727,19.165000915527344,18.815000534057617,19.040000915527344,28586000
2011-06-07,13.885140419006348,18.920000076293945,19.114999771118164,18.864999771118164,18.989999771118164,23020200
2011-06-08,13.742037773132324,18.725000381469727,18.875,18.665000915527344,18.864999771118164,34934200
2011-06-09,13.969539642333984,19.03499984741211,19.139999389648438,18.774999618530273,18.809999465942383,35140800
2011-06-10,13.793404579162598,18.795000076293945,19.049999237060547,18.75,18.920000076293945,30926400
2011-06-13,13.712685585021973,18.684999465942383,18.940000534057617,18.549999237060547,18.8700008392334,26704000
2011-06-14,13.976882934570312,19.045000076293945,19.1299991607666,18.854999542236328,18.934999465942383,37155600
2011-06-15,13.653963088989258,18.604999542236328,18.959999084472656,18.524999618530273,18.850000381469727,47199400
2011-06-16,13.521871566772461,18.424999237060547,18.674999237060547,18.184999465942383,18.59000015258789,52688400
2011-06-17,13.520024299621582,18.31999969482422,18.545000076293945,18.239999771118164,18.4950008392334,38382400
2011-06-20,13.634410858154297,18.475000381469727,18.549999237060547,18.219999313354492,18.219999313354492,31123200
2011-06-21,13.984962463378906,18.950000762939453,18.979999542236328,18.6200008392334,18.6200008392334,29506200
2011-06-22,13.925917625427246,18.8700008392334,19.09000015258789,18.829999923706055,18.850000381469727,26860800
2011-06-23,13.914850234985352,18.854999542236328,18.8799991607666,18.3700008392334,18.55500030517578,35531600
2011-06-24,13.826289176940918,18.735000610351562,18.979999542236328,18.670000076293945,18.934999465942383,25527000
2011-06-27,13.855812072753906,18.774999618530273,18.844999313354492,18.5,18.639999389648438,20235200
2011-06-28,14.125177383422852,19.139999389648438,19.139999389648438,18.809999465942383,18.885000228881836,20732600
2011-06-29,14.350266456604004,19.44499969482422,19.524999618530273,19.200000762939453,19.270000457763672,28885600
2011-06-30,14.527384757995605,19.684999465942383,19.760000228881836,19.415000915527344,19.479999542236328,24759200
2011-07-01,14.660226821899414,19.864999771118164,19.895000457763672,19.55500030517578,19.690000534057617,26882800
2011-07-05,14.678669929504395,19.889999389648438,19.954999923706055,19.780000686645508,19.850000381469727,21081000
2011-07-06,14.737704277038574,19.969999313354492,20.045000076293945,19.75,19.81999969482422,29273800
2011-07-07,14.959112167358398,20.270000457763672,20.360000610351562,20.125,20.200000762939453,23141200
2011-07-08,14.844722747802734,20.114999771118164,20.1299991607666,19.899999618530273,19.959999084472656,22743200
2011-07-11,14.545831680297852,19.709999084472656,19.90999984741211,19.600000381469727,19.81999969482422,23123800
2011-07-12,14.486791610717773,19.6299991607666,19.829999923706055,19.56999969482422,19.56999969482422,17070200
2011-07-13,14.612248420715332,19.799999237060547,20.010000228881836,19.719999313354492,19.760000228881836,20591000
2011-07-14,14.472033500671387,19.610000610351562,19.959999084472656,19.559999465942383,19.844999313354492,21614800
2011-07-15,14.601184844970703,19.78499984741211,19.809999465942383,19.610000610351562,19.704999923706055,26862800
2011-07-18,14.427753448486328,19.549999237060547,19.799999237060547,19.459999084472656,19.735000610351562,32278400
2011-07-19,14.645459175109863,19.844999313354492,19.860000610351562,19.709999084472656,19.709999084472656,19083200
2011-07-20,14.634393692016602,19.829999923706055,19.899999618530273,19.739999771118164,19.895000457763672,13646800
2011-07-21,14.811505317687988,20.06999969482422,20.100000381469727,19.834999084472656,19.93000030517578,19496200
2011-07-22,14.741402626037598,19.975000381469727,20.065000534057617,19.90999984741211,20.059999465942383,14452800
2011-07-25,14.70450210571289,19.924999237060547,20.059999465942383,19.739999771118164,19.774999618530273,11050400
2011-07-26,14.545831680297852,19.709999084472656,19.924999237060547,19.674999237060547,19.920000076293945,14344200
2011-07-27,14.213736534118652,19.260000228881836,19.725000381469727,19.229999542236328,19.645000457763672,31927800
2011-07-28,14.184210777282715,19.219999313354492,19.520000457763672,19.19499969482422,19.31999969482422,20092200
2011-07-29,14.02554702758789,19.0049991607666,19.200000762939453,18.815000534057617,18.934999465942383,26653000
2011-08-01,13.977579116821289,18.940000534057617,19.3700008392334,18.760000228881836,19.354999542236328,29084800
2011-08-02,13.545849800109863,18.354999542236328,18.989999771118164,18.354999542236328,18.790000915527344,41598200
2011-08-03,13.615959167480469,18.450000762939453,18.5049991607666,17.975000381469727,18.3799991607666,38959600
2011-08-04,12.69347095489502,17.200000762939453,18.170000076293945,17.200000762939453,18.149999618530273,78015800
2011-08-05,12.663948059082031,17.15999984741211,17.639999389648438,16.68000030517578,17.479999542236328,66010000
2011-08-08,11.737770080566406,15.904999732971191,16.895000457763672,15.8100004196167,16.665000915527344,75544800
2011-08-09,12.461006164550781,16.885000228881836,16.895000457763672,15.805000305175781,16.15999984741211,62942000
2011-08-10,12.032967567443848,16.30500030517578,16.94499969482422,16.2549991607666,16.510000228881836,65754600
2011-08-11,12.62705135345459,17.110000610351562,17.34000015258789,16.405000686645508,16.4950008392334,55098600
2011-08-12,12.708230972290039,17.219999313354492,17.399999618530273,17.079999923706055,17.21500015258789,29769400
2011-08-15,12.91118335723877,17.4950008392334,17.5,17.219999313354492,17.325000762939453,55693600
2011-08-16,12.704541206359863,17.21500015258789,17.450000762939453,17.06999969482422,17.344999313354492,32716000
2011-08-17,12.741437911987305,17.264999389648438,17.549999237060547,17.184999465942383,17.315000534057617,27525200
2011-08-18,11.999757766723633,16.260000228881836,16.825000762939453,16.114999771118164,16.815000534057617,53075400
2011-08-19,11.807880401611328,16.0,16.549999237060547,15.989999771118164,16.040000915527344,38924800
2011-08-22,11.807880401611328,16.0,16.454999923706055,15.944999694824219,16.44499969482422,24809400
2011-08-23,12.224846839904785,16.565000534057617,16.56999969482422,16.010000228881836,16.125,31366800
2011-08-24,12.398269653320312,16.799999237060547,16.80500030517578,16.40999984741211,16.5049991607666,19027400
2011-08-25,12.261746406555176,16.614999771118164,16.94499969482422,16.530000686645508,16.815000534057617,22707400
2011-08-26,12.520041465759277,16.96500015258789,17.0049991607666,16.184999465942383,16.4950008392334,29035600
2011-08-29,12.900110244750977,17.479999542236328,17.489999771118164,17.110000610351562,17.155000686645508,25578800
2011-08-30,13.007120132446289,17.625,17.735000610351562,17.354999542236328,17.405000686645508,26398200
2011-08-31,13.040331840515137,17.670000076293945,17.959999084472656,17.514999389648438,17.770000457763672,24743600
2011-09-01,12.863205909729004,17.43000030517578,17.854999542236328,17.415000915527344,17.655000686645508,25240800
2011-09-02,12.534804344177246,16.985000610351562,17.19499969482422,16.915000915527344,17.049999237060547,26353200
2011-09-06,12.46838092803955,16.895000457763672,16.924999237060547,16.479999542236328,16.5049991607666,27213200
2011-09-07,12.826311111450195,17.3799991607666,17.3799991607666,17.084999084472656,17.18000030517578,25526200
2011-09-08,12.656570434570312,17.149999618530273,17.424999237060547,17.079999923706055,17.260000228881836,23190600
2011-09-09,12.239606857299805,16.584999084472656,16.94499969482422,16.485000610351562,16.94499969482422,37833400
2011-09-12,12.158426284790039,16.475000381469727,16.65999984741211,16.1299991607666,16.395000457763672,27529200
2011-09-13,12.357680320739746,16.7450008392334,16.809999465942383,16.3799991607666,16.520000457763672,27030600
2011-09-14,12.549560546875,17.0049991607666,17.209999084472656,16.520000457763672,16.799999237060547,36008000
2011-09-15,12.76357650756836,17.295000076293945,17.315000534057617,17.014999389648438,17.229999542236328,25961800
2011-09-16,12.805501937866211,17.260000228881836,17.399999618530273,17.09000015258789,17.260000228881836,24808800
2011-09-19,12.616311073303223,17.0049991607666,17.079999923706055,16.704999923706055,16.899999618530273,22188000
2011-09-20,12.467925071716309,16.80500030517578,17.190000534057617,16.795000076293945,17.030000686645508,28351400
2011-09-21,11.904068946838379,16.045000076293945,16.780000686645508,16.020000457763672,16.760000228881836,54034400
2011-09-22,11.236342430114746,15.145000457763672,15.479999542236328,14.914999961853027,15.46500015258789,61758800
2011-09-23,11.217796325683594,15.119999885559082,15.345000267028809,14.975000381469727,15.055000305175781,47446400
2011-09-26,11.577621459960938,15.604999542236328,15.604999542236328,14.904999732971191,15.260000228881836,37981200
2011-09-27,11.818748474121094,15.930000305175781,16.28499984741211,15.819999694824219,16.1200008392334,40351200
2011-09-28,11.295698165893555,15.225000381469727,16.0049991607666,15.199999809265137,16.0049991607666,44932200
2011-09-29,11.30682373046875,15.239999771118164,15.585000038146973,14.949999809265137,15.5649995803833,40137800
2011-09-30,10.891348838806152,14.680000305175781,15.095000267028809,14.65999984741211,14.994999885559082,36225000
2011-10-03,10.583457946777344,14.265000343322754,14.925000190734863,14.265000343322754,14.515000343322754,38647200
2011-10-04,10.995220184326172,14.819999694824219,14.835000038146973,13.885000228881836,14.055000305175781,50182600
2011-10-05,11.432947158813477,15.40999984741211,15.460000038146973,14.739999771118164,14.850000381469727,42067600
2011-10-06,11.722297668457031,15.800000190734863,15.824999809265137,15.354999542236328,15.454999923706055,41753400
2011-10-07,11.544238090515137,15.5600004196167,15.9350004196167,15.359999656677246,15.925000190734863,35341400
2011-10-10,12.030197143554688,16.21500015258789,16.21500015258789,15.829999923706055,15.835000038146973,21385200
2011-10-11,12.04503345489502,16.235000610351562,16.364999771118164,15.989999771118164,16.020000457763672,20205200
2011-10-12,12.163741111755371,16.395000457763672,16.604999542236328,16.28499984741211,16.350000381469727,24895600
2011-10-13,12.100676536560059,16.309999465942383,16.3700008392334,16.0,16.239999771118164,18488600
2011-10-14,12.419700622558594,16.739999771118164,16.739999771118164,16.43000030517578,16.594999313354492,18898000
2011-10-17,11.996806144714355,16.170000076293945,16.665000915527344,16.15999984741211,16.655000686645508,19232000
2011-10-18,12.304701805114746,16.584999084472656,16.674999237060547,15.880000114440918,16.125,34612800
2011-10-19,11.948582649230957,16.104999542236328,16.55500030517578,16.03499984741211,16.55500030517578,22415800
2011-10-20,12.059869766235352,16.2549991607666,16.329999923706055,15.920000076293945,16.09000015258789,30128400
2011-10-21,12.378897666931152,16.684999465942383,16.684999465942383,16.440000534057617,16.485000610351562,25566600
2011-10-24,12.67566204071045,17.084999084472656,17.09000015258789,16.780000686645508,16.854999542236328,19921000
2011-10-25,12.352931022644043,16.649999618530273,17.05500030517578,16.6200008392334,17.010000228881836,26084200
2011-10-26,12.575505256652832,16.950000762939453,17.06999969482422,16.524999618530273,16.915000915527344,25712000
2011-10-27,13.258070945739746,17.8700008392334,18.040000915527344,17.43000030517578,17.549999237060547,41625600
2011-10-28,13.350809097290039,17.9950008392334,18.06999969482422,17.655000686645508,17.69499969482422,19874200
2011-10-31,12.779532432556152,17.225000381469727,17.670000076293945,17.204999923706055,17.65999984741211,28058800
2011-11-01,12.43824577331543,16.764999389648438,17.110000610351562,16.399999618530273,16.549999237060547,46077800
2011-11-02,12.746145248413086,17.18000030517578,17.290000915527344,16.899999618530273,17.09000015258789,26117200
2011-11-03,13.005820274353027,17.530000686645508,17.549999237060547,17.05500030517578,17.440000534057617,30003600
2011-11-04,12.976140975952148,17.489999771118164,17.55500030517578,17.145000457763672,17.375,20282000
2011-11-07,13.08742618560791,17.639999389648438,17.655000686645508,17.290000915527344,17.5,18733400
2011-11-08,13.243228912353516,17.850000381469727,17.864999771118164,17.4950008392334,17.674999237060547,30361400
2011-11-09,12.597758293151855,16.979999542236328,17.475000381469727,16.940000534057617,17.3799991607666,45993000
2011-11-10,12.74985408782959,17.184999465942383,17.325000762939453,16.899999618530273,17.2450008392334,25496600
2011-11-11,13.046619415283203,17.584999084472656,17.645000457763672,17.385000228881836,17.399999618530273,21089800
2011-11-14,12.909367561340332,17.399999618530273,17.594999313354492,17.28499984741211,17.420000076293945,19156800
2011-11-15,12.935332298278809,17.434999465942383,17.55500030517578,17.209999084472656,17.325000762939453,18233400
2011-11-16,12.631148338317871,17.024999618530273,17.375,17.010000228881836,17.209999084472656,23883200
2011-11-17,12.271319389343262,16.540000915527344,17.05500030517578,16.424999237060547,17.0049991607666,40011000
2011-11-18,12.338093757629395,16.6299991607666,16.81999969482422,16.514999389648438,16.69499969482422,27961600
2011-11-21,12.122937202453613,16.34000015258789,16.450000762939453,16.165000915527344,16.28499984741211,31661400
2011-11-22,12.030197143554688,16.21500015258789,16.46500015258789,16.155000686645508,16.350000381469727,30041200
2011-11-23,11.711169242858887,15.78499984741211,16.079999923706055,15.770000457763672,16.03499984741211,28925200
2011-11-25,11.651817321777344,15.704999923706055,15.9399995803833,15.704999923706055,15.720000267028809,8887000
2011-11-28,12.089550018310547,16.295000076293945,16.40999984741211,16.149999618530273,16.30500030517578,24770400
2011-11-29,12.111808776855469,16.325000762939453,16.475000381469727,16.239999771118164,16.360000610351562,23199400
2011-11-30,12.805501937866211,17.260000228881836,17.274999618530273,16.93000030517578,16.954999923706055,40087200
2011-12-01,12.723886489868164,17.149999618530273,17.399999618530273,17.05500030517578,17.170000076293945,24472000
2011-12-02,12.612597465515137,17.0,17.3799991607666,16.985000610351562,17.34000015258789,20996000
2011-12-05,12.760981559753418,17.200000762939453,17.385000228881836,17.06999969482422,17.270000457763672,21637000
2011-12-06,12.879693031311035,17.360000610351562,17.5049991607666,17.110000610351562,17.170000076293945,21469600
2011-12-07,12.890820503234863,17.375,17.434999465942383,17.145000457763672,17.225000381469727,23834400
2011-12-08,12.490182876586914,16.834999084472656,17.2450008392334,16.790000915527344,17.21500015258789,27528800
2011-12-09,12.649693489074707,17.049999237060547,17.139999389648438,16.649999618530273,16.69499969482422,27346800
2011-12-12,12.349217414855957,16.645000457763672,16.774999618530273,16.520000457763672,16.75,34151000
2011-12-13,12.14148235321045,16.364999771118164,16.950000762939453,16.264999389648438,16.78499984741211,33684800
2011-12-14,11.9931001663208,16.165000915527344,16.415000915527344,16.110000610351562,16.280000686645508,38940800
2011-12-15,12.074708938598633,16.274999618530273,16.44499969482422,16.15999984741211,16.40999984741211,22521400
2011-12-16,12.151284217834473,16.264999389648438,16.485000610351562,16.15999984741211,16.354999542236328,32362400
2011-12-19,11.93463134765625,15.975000381469727,16.385000228881836,15.930000305175781,16.315000534057617,25961400
2011-12-20,12.405292510986328,16.604999542236328,16.635000228881836,16.2549991607666,16.31999969482422,32500800
2011-12-21,12.423970222473145,16.6299991607666,16.68000030517578,16.424999237060547,16.56999969482422,19222600
2011-12-22,12.547240257263184,16.795000076293945,16.84000015258789,16.625,16.684999465942383,15224600
2011-12-23,12.66677188873291,16.954999923706055,16.954999923706055,16.78499984741211,16.81999969482422,10832600
2011-12-27,12.663039207458496,16.950000762939453,17.014999389648438,16.8799991607666,16.8799991607666,5847000
2011-12-28,12.360466003417969,16.545000076293945,16.959999084472656,16.540000915527344,16.94499969482422,12608600
2011-12-29,12.521088600158691,16.760000228881836,16.770000457763672,16.520000457763672,16.540000915527344,8553600
2011-12-30,12.513622283935547,16.75,16.834999084472656,16.719999313354492,16.719999313354492,7210200
2012-01-03,12.86100959777832,17.21500015258789,17.295000076293945,17.114999771118164,17.1200008392334,22427600
2012-01-04,12.969343185424805,17.360000610351562,17.375,17.125,17.19499969482422,17544800
2012-01-05,13.006693840026855,17.40999984741211,17.475000381469727,17.15999984741211,17.209999084472656,15567400
2012-01-06,12.988018989562988,17.385000228881836,17.44499969482422,17.274999618530273,17.350000381469727,14437400
2012-01-09,13.014167785644531,17.420000076293945,17.485000610351562,17.34000015258789,17.40999984741211,18409200
2012-01-10,13.256966590881348,17.7450008392334,17.81999969482422,17.670000076293945,17.690000534057617,19925200
2012-01-11,13.387711524963379,17.920000076293945,17.94499969482422,17.65999984741211,17.690000534057617,14130600
2012-01-12,13.57447624206543,18.170000076293945,18.174999237060547,17.875,18.014999389648438,22305200
2012-01-13,13.484830856323242,18.049999237060547,18.075000762939453,17.84000015258789,18.0,16838800
2012-01-17,13.559532165527344,18.149999618530273,18.31999969482422,18.079999923706055,18.270000457763672,23761200
2012-01-18,13.71268367767334,18.354999542236328,18.354999542236328,18.065000534057617,18.149999618530273,15646400
2012-01-19,13.723889350891113,18.3700008392334,18.385000228881836,18.229999542236328,18.3799991607666,16385200
2012-01-20,13.664119720458984,18.290000915527344,18.389999389648438,18.229999542236328,18.30500030517578,11145200
2012-01-23,13.656656265258789,18.280000686645508,18.415000915527344,18.229999542236328,18.31999969482422,13986600
2012-01-24,13.656656265258789,18.280000686645508,18.295000076293945,18.049999237060547,18.110000610351562,13192800
2012-01-25,13.873311996459961,18.56999969482422,18.625,18.079999923706055,18.170000076293945,16779600
2012-01-26,13.869576454162598,18.565000534057617,18.864999771118164,18.459999084472656,18.690000534057617,17239600
2012-01-27,13.888253211975098,18.59000015258789,18.649999618530273,18.424999237060547,18.524999618530273,12301000
2012-01-30,13.873311996459961,18.56999969482422,18.639999389648438,18.270000457763672,18.309999465942383,18451400
2012-01-31,13.888253211975098,18.59000015258789,18.764999389648438,18.40999984741211,18.719999313354492,22727600
2012-02-01,14.026464462280273,18.774999618530273,18.895000457763672,18.729999542236328,18.739999771118164,30380400
2012-02-02,13.95923137664795,18.684999465942383,18.885000228881836,18.674999237060547,18.825000762939453,15186400
2012-02-03,14.149731636047363,18.940000534057617,18.985000610351562,18.809999465942383,18.93000030517578,19755800
2012-02-06,14.071287155151367,18.834999084472656,18.860000610351562,18.75,18.799999237060547,11370400
2012-02-07,14.056343078613281,18.815000534057617,18.905000686645508,18.649999618530273,18.825000762939453,23581200
2012-02-08,14.071287155151367,18.834999084472656,18.940000534057617,18.709999084472656,18.850000381469727,12089800
2012-02-09,14.086228370666504,18.854999542236328,18.924999237060547,18.709999084472656,18.899999618530273,15299400
2012-02-10,13.839692115783691,18.524999618530273,18.604999542236328,18.420000076293945,18.594999313354492,22533200
2012-02-13,13.877046585083008,18.575000762939453,18.704999923706055,18.540000915527344,18.655000686645508,12850200
2012-02-14,13.697746276855469,18.334999084472656,18.520000457763672,18.200000762939453,18.514999389648438,22075000
2012-02-15,13.708953857421875,18.350000381469727,18.479999542236328,18.299999237060547,18.440000534057617,22110000
2012-02-16,13.951752662658691,18.674999237060547,18.69499969482422,18.280000686645508,18.364999771118164,20444000
2012-02-17,13.95923137664795,18.684999465942383,18.7549991607666,18.614999771118164,18.719999313354492,14894800
2012-02-21,14.041401863098145,18.795000076293945,18.93000030517578,18.709999084472656,18.80500030517578,16203600
2012-02-22,14.018990516662598,18.764999389648438,18.854999542236328,18.670000076293945,18.790000915527344,11424000
2012-02-23,14.033931732177734,18.78499984741211,18.81999969482422,18.639999389648438,18.770000457763672,9831600
2012-02-24,14.026464462280273,18.774999618530273,18.889999389648438,18.735000610351562,18.84000015258789,8853200
2012-02-27,14.030196189880371,18.780000686645508,18.850000381469727,18.579999923706055,18.670000076293945,15543000
2012-02-28,14.075019836425781,18.84000015258789,18.905000686645508,18.7549991607666,18.78499984741211,17826000
2012-02-29,13.80980396270752,18.485000610351562,18.905000686645508,18.450000762939453,18.854999542236328,36796000
2012-03-01,13.962960243225098,18.690000534057617,18.760000228881836,18.56999969482422,18.594999313354492,23216800
2012-03-02,13.929342269897461,18.645000457763672,18.790000915527344,18.53499984741211,18.6299991607666,17912000
2012-03-05,13.705219268798828,18.344999313354492,18.575000762939453,18.239999771118164,18.56999969482422,22498200
2012-03-06,13.42506217956543,17.969999313354492,18.065000534057617,17.899999618530273,18.065000534057617,29573200
2012-03-07,13.458680152893066,18.014999389648438,18.084999084472656,17.905000686645508,18.065000534057617,28667000
2012-03-08,13.682801246643066,18.315000534057617,18.350000381469727,18.1200008392334,18.229999542236328,16481200
2012-03-09,13.686535835266113,18.31999969482422,18.4950008392334,18.260000228881836,18.364999771118164,14640400
2012-03-12,13.611832618713379,18.219999313354492,18.415000915527344,18.190000534057617,18.315000534057617,11160000
2012-03-13,13.835958480834961,18.520000457763672,18.540000915527344,18.295000076293945,18.329999923706055,20667200
2012-03-14,13.783660888671875,18.450000762939453,18.545000076293945,18.375,18.520000457763672,16214400
2012-03-15,13.884514808654785,18.584999084472656,18.584999084472656,18.420000076293945,18.475000381469727,14111000
2012-03-16,13.911138534545898,18.549999237060547,18.655000686645508,18.530000686645508,18.549999237060547,23286000
2012-03-19,13.997379302978516,18.665000915527344,18.770000457763672,18.540000915527344,18.549999237060547,15412000
2012-03-20,13.918642044067383,18.559999465942383,18.584999084472656,18.385000228881836,18.4950008392334,14358000
2012-03-21,13.918642044067383,18.559999465942383,18.635000228881836,18.475000381469727,18.584999084472656,12128000
2012-03-22,13.693659782409668,18.260000228881836,18.395000457763672,18.15999984741211,18.350000381469727,24702600
2012-03-23,13.839897155761719,18.454999923706055,18.4950008392334,18.15999984741211,18.325000762939453,18311400
2012-03-26,14.019877433776855,18.69499969482422,18.69499969482422,18.53499984741211,18.625,11457000
2012-03-27,13.989879608154297,18.655000686645508,18.825000762939453,18.655000686645508,18.75,9252000
2012-03-28,13.79489803314209,18.395000457763672,18.649999618530273,18.25,18.6200008392334,23142600
2012-03-29,13.81364631652832,18.420000076293945,18.434999465942383,18.165000915527344,18.229999542236328,21611800
2012-03-30,13.862394332885742,18.485000610351562,18.584999084472656,18.3700008392334,18.575000762939453,14499200
2012-04-02,14.057380676269531,18.7450008392334,18.815000534057617,18.44499969482422,18.459999084472656,36440400
2012-04-03,13.952387809753418,18.604999542236328,18.719999313354492,18.459999084472656,18.69499969482422,18684600
2012-04-04,13.757408142089844,18.344999313354492,18.450000762939453,18.239999771118164,18.389999389648438,15975800
2012-04-05,13.678658485412598,18.239999771118164,18.540000915527344,18.190000534057617,18.329999923706055,23070400
2012-04-09,13.47993278503418,17.975000381469727,18.084999084472656,17.90999984741211,18.0049991607666,20801000
2012-04-10,13.202458381652832,17.604999542236328,17.969999313354492,17.549999237060547,17.924999237060547,34071400
2012-04-11,13.34494400024414,17.795000076293945,17.90999984741211,17.739999771118164,17.8700008392334,22649600
2012-04-12,13.708658218383789,18.280000686645508,18.325000762939453,17.829999923706055,17.84000015258789,26485000
2012-04-13,13.5474214553833,18.065000534057617,18.260000228881836,18.049999237060547,18.209999084472656,21583600
2012-04-16,13.588668823242188,18.1200008392334,18.239999771118164,18.0,18.200000762939453,26686600
2012-04-17,13.772401809692383,18.364999771118164,18.485000610351562,18.204999923706055,18.25,16225800
2012-04-18,13.73490047454834,18.315000534057617,18.40999984741211,18.25,18.334999084472656,14543200
2012-04-19,13.6861572265625,18.25,18.420000076293945,18.1299991607666,18.375,17504600
2012-04-20,13.678658485412598,18.239999771118164,18.389999389648438,18.239999771118164,18.360000610351562,14919000
2012-04-23,13.509925842285156,18.014999389648438,18.024999618530273,17.780000686645508,18.020000457763672,20618800
2012-04-24,13.509925842285156,18.014999389648438,18.079999923706055,17.899999618530273,18.014999389648438,16401200
2012-04-25,13.79489803314209,18.395000457763672,18.40999984741211,18.200000762939453,18.209999084472656,19560000
2012-04-26,13.779902458190918,18.375,18.440000534057617,18.219999313354492,18.270000457763672,11820800
2012-04-27,13.847395896911621,18.46500015258789,18.524999618530273,18.364999771118164,18.46500015258789,11870200
2012-04-30,13.749902725219727,18.334999084472656,18.434999465942383,18.2450008392334,18.420000076293945,18136600
2012-05-01,13.832392692565918,18.44499969482422,18.549999237060547,18.274999618530273,18.334999084472656,16598400
2012-05-02,13.764899253845215,18.354999542236328,18.3700008392334,18.204999923706055,18.334999084472656,13233000
2012-05-03,13.607418060302734,18.145000457763672,18.3700008392334,18.09000015258789,18.334999084472656,19123800
2012-05-04,13.378690719604492,17.84000015258789,18.059999465942383,17.799999237060547,18.014999389648438,24304400
2012-05-07,13.389944076538086,17.854999542236328,17.934999465942383,17.719999313354492,17.7549991607666,22107800
2012-05-08,13.326194763183594,17.770000457763672,17.78499984741211,17.469999313354492,17.719999313354492,24091400
2012-05-09,13.206204414367676,17.610000610351562,17.825000762939453,17.44499969482422,17.479999542236328,28805200
2012-05-10,13.164963722229004,17.55500030517578,17.825000762939453,17.510000228881836,17.790000915527344,15880200
2012-05-11,13.127466201782227,17.5049991607666,17.670000076293945,17.40999984741211,17.420000076293945,12205000
2012-05-14,12.947482109069824,17.264999389648438,17.420000076293945,17.190000534057617,17.299999237060547,25746400
2012-05-15,12.7524995803833,17.0049991607666,17.344999313354492,16.975000381469727,17.264999389648438,23015200
2012-05-16,12.613762855529785,16.81999969482422,17.235000610351562,16.809999465942383,17.06999969482422,24199000
2012-05-17,12.336297988891602,16.450000762939453,16.899999618530273,16.450000762939453,16.895000457763672,27461600
2012-05-18,12.287548065185547,16.385000228881836,16.670000076293945,16.325000762939453,16.540000915527344,29058200
2012-05-21,12.647509574890137,16.864999771118164,16.895000457763672,16.399999618530273,16.399999618530273,17148400
2012-05-22,12.568768501281738,16.760000228881836,17.049999237060547,16.655000686645508,16.90999984741211,17223400
2012-05-23,12.71875286102295,16.959999084472656,16.989999771118164,16.434999465942383,16.610000610351562,21292600
2012-05-24,12.797496795654297,17.065000534057617,17.104999542236328,16.84000015258789,17.075000762939453,23003200
2012-05-25,12.745003700256348,16.9950008392334,17.125,16.934999465942383,17.049999237060547,13711600
2012-05-29,12.966230392456055,17.290000915527344,17.350000381469727,17.1200008392334,17.19499969482422,19128400
2012-05-30,12.733750343322754,16.979999542236328,17.170000076293945,16.959999084472656,17.100000381469727,14651400
2012-05-31,12.681258201599121,16.90999984741211,17.024999618530273,16.684999465942383,16.954999923706055,19872000
2012-06-01,12.411286354064941,16.549999237060547,16.7549991607666,16.540000915527344,16.614999771118164,24646200
2012-06-04,12.42253589630127,16.565000534057617,16.604999542236328,16.295000076293945,16.59000015258789,26895600
2012-06-05,12.542523384094238,16.725000381469727,16.7450008392334,16.4950008392334,16.514999389648438,15261000
2012-06-06,12.857492446899414,17.145000457763672,17.145000457763672,16.864999771118164,16.864999771118164,16657000
2012-06-07,12.879988670349121,17.174999237060547,17.469999313354492,17.114999771118164,17.350000381469727,18561600
2012-06-08,12.966230392456055,17.290000915527344,17.299999237060547,16.959999084472656,17.084999084472656,12725200
2012-06-11,12.726258277893066,16.969999313354492,17.5,16.950000762939453,17.434999465942383,19767200
2012-06-12,12.962478637695312,17.28499984741211,17.28499984741211,16.954999923706055,17.05500030517578,20855600
2012-06-13,12.763748168945312,17.020000457763672,17.274999618530273,16.969999313354492,17.184999465942383,17328800
2012-06-14,12.868735313415527,17.15999984741211,17.184999465942383,16.96500015258789,17.05500030517578,16883200
2012-06-15,13.017651557922363,17.264999389648438,17.280000686645508,17.09000015258789,17.149999618530273,21953400
2012-06-18,13.08551025390625,17.354999542236328,17.399999618530273,17.1299991607666,17.204999923706055,13385800
2012-06-19,13.334330558776855,17.684999465942383,17.764999389648438,17.450000762939453,17.46500015258789,16423400
2012-06-20,13.258933067321777,17.584999084472656,17.770000457763672,17.46500015258789,17.645000457763672,16677200
2012-06-21,12.825383186340332,17.010000228881836,17.59000015258789,16.989999771118164,17.579999923706055,19803000
2012-06-22,12.893247604370117,17.100000381469727,17.165000915527344,16.915000915527344,17.104999542236328,17983000
2012-06-25,12.731138229370117,16.885000228881836,16.989999771118164,16.790000915527344,16.899999618530273,13185200
2012-06-26,12.772605895996094,16.940000534057617,17.03499984741211,16.790000915527344,16.940000534057617,10923800
2012-06-27,12.912094116210938,17.125,17.155000686645508,16.959999084472656,17.030000686645508,18311800
2012-06-28,12.915864944458008,17.1299991607666,17.149999618530273,16.864999771118164,16.954999923706055,17354000
2012-06-29,13.304170608520508,17.645000457763672,17.645000457763672,17.405000686645508,17.559999465942383,25274000
2012-07-02,13.236315727233887,17.55500030517578,17.645000457763672,17.360000610351562,17.604999542236328,34248000
2012-07-03,13.424808502197266,17.80500030517578,17.854999542236328,17.600000381469727,17.625,11767400
2012-07-05,13.405963897705078,17.780000686645508,17.885000228881836,17.649999618530273,17.725000381469727,11539800
2012-07-06,13.251394271850586,17.575000762939453,17.604999542236328,17.46500015258789,17.565000534057617,14664400
2012-07-09,13.16845703125,17.46500015258789,17.584999084472656,17.395000457763672,17.55500030517578,28865400
2012-07-10,12.972411155700684,17.204999923706055,17.6200008392334,17.110000610351562,17.55500030517578,23114200
2012-07-11,12.930943489074707,17.149999618530273,17.264999389648438,17.040000915527344,17.264999389648438,22074200
2012-07-12,12.866852760314941,17.065000534057617,17.170000076293945,16.84000015258789,16.950000762939453,24692000
2012-07-13,13.096823692321777,17.3700008392334,17.415000915527344,17.114999771118164,17.114999771118164,17216800
2012-07-16,13.04781436920166,17.30500030517578,17.3700008392334,17.165000915527344,17.334999084472656,9459200
2012-07-17,13.2136869430542,17.524999618530273,17.559999465942383,17.260000228881836,17.405000686645508,22981200
2012-07-18,13.29286003112793,17.6299991607666,17.65999984741211,17.415000915527344,17.43000030517578,18015400
2012-07-19,13.43612003326416,17.81999969482422,17.860000610351562,17.594999313354492,17.704999923706055,19209400
2012-07-20,13.353182792663574,17.709999084472656,17.760000228881836,17.6200008392334,17.665000915527344,22186600
2012-07-23,13.142057418823242,17.43000030517578,17.469999313354492,17.25,17.385000228881836,21264800
2012-07-24,12.938480377197266,17.15999984741211,17.46500015258789,17.049999237060547,17.434999465942383,17418200
2012-07-25,12.938480377197266,17.15999984741211,17.295000076293945,17.059999465942383,17.290000915527344,19121200
2012-07-26,12.998805046081543,17.239999771118164,17.415000915527344,17.114999771118164,17.360000610351562,18970600
2012-07-27,13.236315727233887,17.55500030517578,17.604999542236328,17.290000915527344,17.334999084472656,18521000
2012-07-30,13.225004196166992,17.540000915527344,17.655000686645508,17.459999084472656,17.53499984741211,19071200
2012-07-31,13.134519577026367,17.420000076293945,17.540000915527344,17.40999984741211,17.469999313354492,10924000
2012-08-01,13.138290405273438,17.424999237060547,17.649999618530273,17.420000076293945,17.510000228881836,16126400
2012-08-02,12.983726501464844,17.219999313354492,17.399999618530273,17.084999084472656,17.264999389648438,22312000
2012-08-03,13.240082740783691,17.559999465942383,17.6299991607666,17.450000762939453,17.46500015258789,20226200
2012-08-06,13.360721588134766,17.719999313354492,17.815000534057617,17.594999313354492,17.6200008392334,17345800
2012-08-07,13.515288352966309,17.924999237060547,17.979999542236328,17.790000915527344,17.790000915527344,19681600
2012-08-08,13.530366897583008,17.94499969482422,18.020000457763672,17.834999084472656,17.860000610351562,9726200
2012-08-09,13.605769157409668,18.045000076293945,18.135000228881836,17.915000915527344,17.94499969482422,10711200
2012-08-10,13.594460487365723,18.030000686645508,18.049999237060547,17.895000457763672,17.93000030517578,8358400
2012-08-13,13.519058227539062,17.93000030517578,18.05500030517578,17.834999084472656,17.985000610351562,7057600
2012-08-14,13.458736419677734,17.850000381469727,18.03499984741211,17.790000915527344,17.985000610351562,13274600
2012-08-15,13.48136043548584,17.8799991607666,17.920000076293945,17.770000457763672,17.780000686645508,8503400
2012-08-16,13.681160926818848,18.145000457763672,18.18000030517578,17.90999984741211,17.93000030517578,14496800
2012-08-17,13.662313461303711,18.1200008392334,18.204999923706055,18.079999923706055,18.170000076293945,16835600
2012-08-20,13.635927200317383,18.084999084472656,18.110000610351562,17.96500015258789,18.094999313354492,8280600
2012-08-21,13.654779434204102,18.110000610351562,18.315000534057617,18.040000915527344,18.184999465942383,10673800
2012-08-22,13.76787281036377,18.260000228881836,18.260000228881836,17.940000534057617,18.024999618530273,17880800
2012-08-23,13.537910461425781,17.954999923706055,18.219999313354492,17.940000534057617,18.219999313354492,10351000
2012-08-24,13.511523246765137,17.920000076293945,17.96500015258789,17.825000762939453,17.895000457763672,8279600
2012-08-27,13.432351112365723,17.815000534057617,17.969999313354492,17.790000915527344,17.94499969482422,8729600
2012-08-28,13.402191162109375,17.774999618530273,17.850000381469727,17.729999542236328,17.780000686645508,7643000
2012-08-29,13.432351112365723,17.815000534057617,17.8700008392334,17.69499969482422,17.799999237060547,8450600
2012-08-30,13.311710357666016,17.655000686645508,17.770000457763672,17.645000457763672,17.7549991607666,16120200
2012-08-31,13.43989086151123,17.825000762939453,17.885000228881836,17.665000915527344,17.809999465942383,14618800
2012-09-04,13.266469955444336,17.594999313354492,17.844999313354492,17.545000076293945,17.844999313354492,13390000
2012-09-05,13.326787948608398,17.674999237060547,17.704999923706055,17.53499984741211,17.584999084472656,14138400
2012-09-06,13.662313461303711,18.1200008392334,18.145000457763672,17.78499984741211,17.799999237060547,17197400
2012-09-07,13.929988861083984,18.475000381469727,18.489999771118164,18.229999542236328,18.2450008392334,22890200
2012-09-10,13.907360076904297,18.44499969482422,18.6200008392334,18.415000915527344,18.415000915527344,15600400
2012-09-11,13.95637321472168,18.510000228881836,18.625,18.440000534057617,18.5,13273600
2012-09-12,13.937522888183594,18.485000610351562,18.600000381469727,18.375,18.575000762939453,14826200
2012-09-13,14.280585289001465,18.940000534057617,19.03499984741211,18.434999465942383,18.479999542236328,26310400
2012-09-14,14.457775115966797,19.174999237060547,19.28499984741211,19.06999969482422,19.09000015258789,18989800
2012-09-17,14.23534870147705,18.8799991607666,19.05500030517578,18.825000762939453,19.049999237060547,12097400
2012-09-18,14.19764518737793,18.829999923706055,18.8700008392334,18.709999084472656,18.834999084472656,17400200
2012-09-19,14.276817321777344,18.934999465942383,19.010000228881836,18.860000610351562,18.915000915527344,13202800
2012-09-20,14.254199981689453,18.905000686645508,18.924999237060547,18.65999984741211,18.7549991607666,10375600
2012-09-21,14.192427635192871,18.725000381469727,19.0,18.674999237060547,18.954999923706055,19133000
2012-09-24,14.150738716125488,18.670000076293945,18.735000610351562,18.530000686645508,18.559999465942383,9998800
2012-09-25,13.923358917236328,18.3700008392334,18.75,18.360000610351562,18.75,14794800
2012-09-26,13.855145454406738,18.280000686645508,18.3799991607666,18.155000686645508,18.295000076293945,11496800
2012-09-27,14.025675773620605,18.5049991607666,18.540000915527344,18.299999237060547,18.440000534057617,9074000
2012-09-28,13.946094512939453,18.399999618530273,18.434999465942383,18.299999237060547,18.395000457763672,9339400
2012-10-01,13.991571426391602,18.459999084472656,18.665000915527344,18.405000686645508,18.520000457763672,11266800
2012-10-02,13.91578197479248,18.360000610351562,18.520000457763672,18.2450008392334,18.4950008392334,10951000
2012-10-03,13.851353645324707,18.274999618530273,18.3700008392334,18.190000534057617,18.334999084472656,16077000
2012-10-04,14.02946949005127,18.510000228881836,18.575000762939453,18.3700008392334,18.40999984741211,11995400
2012-10-05,14.097684860229492,18.600000381469727,18.760000228881836,18.540000915527344,18.604999542236328,12349000
2012-10-08,14.071155548095703,18.565000534057617,18.625,18.450000762939453,18.475000381469727,7318800
2012-10-09,13.938522338867188,18.389999389648438,18.665000915527344,18.375,18.575000762939453,17186800
2012-10-10,13.7869291305542,18.190000534057617,18.3799991607666,18.145000457763672,18.360000610351562,17248600
2012-10-11,13.84377384185791,18.264999389648438,18.450000762939453,18.264999389648438,18.354999542236328,13240800
2012-10-12,13.7831392288208,18.184999465942383,18.3799991607666,18.1299991607666,18.274999618530273,12197000
2012-10-15,13.90062141418457,18.34000015258789,18.354999542236328,18.1299991607666,18.19499969482422,11264800
2012-10-16,14.234112739562988,18.780000686645508,18.795000076293945,18.405000686645508,18.415000915527344,24575800
2012-10-17,14.351591110229492,18.934999465942383,18.950000762939453,18.760000228881836,18.844999313354492,24277600
2012-10-18,14.35538101196289,18.940000534057617,19.024999618530273,18.809999465942383,18.850000381469727,13783600
2012-10-19,14.055998802185059,18.545000076293945,18.850000381469727,18.485000610351562,18.850000381469727,18354000
2012-10-22,14.120421409606934,18.6299991607666,18.65999984741211,18.399999618530273,18.5,17946200
2012-10-23,13.695974349975586,18.06999969482422,18.235000610351562,17.94499969482422,18.184999465942383,30907600
2012-10-24,13.688398361206055,18.059999465942383,18.239999771118164,18.024999618530273,18.21500015258789,20232600
2012-10-25,13.65807819366455,18.020000457763672,18.200000762939453,17.899999618530273,18.190000534057617,15850000
2012-10-26,13.68460464477539,18.05500030517578,18.100000381469727,17.889999389648438,17.985000610351562,17973800
2012-10-31,13.654288291931152,18.014999389648438,18.170000076293945,17.850000381469727,18.040000915527344,28240600
2012-11-01,13.91956615447998,18.364999771118164,18.3799991607666,18.020000457763672,18.05500030517578,12119800
2012-11-02,13.669451713562012,18.03499984741211,18.5,18.020000457763672,18.4950008392334,13352200
2012-11-05,13.764192581176758,18.15999984741211,18.200000762939453,17.96500015258789,17.985000610351562,10595800
2012-11-06,13.908195495605469,18.350000381469727,18.459999084472656,18.174999237060547,18.2450008392334,11293600
2012-11-07,13.688398361206055,18.059999465942383,18.19499969482422,17.8799991607666,18.135000228881836,19381200
2012-11-08,13.502703666687012,17.815000534057617,18.1200008392334,17.770000457763672,18.094999313354492,13864800
2012-11-09,13.476177215576172,17.780000686645508,18.020000457763672,17.719999313354492,17.735000610351562,17836000
2012-11-12,13.476177215576172,17.780000686645508,17.895000457763672,17.7549991607666,17.864999771118164,9278600
2012-11-13,13.453436851501465,17.75,17.915000915527344,17.625,17.68000030517578,11490600
2012-11-14,13.226058006286621,17.450000762939453,17.795000076293945,17.415000915527344,17.75,20691000
2012-11-15,13.180571556091309,17.389999389648438,17.530000686645508,17.260000228881836,17.450000762939453,16355600
2012-11-16,13.210890769958496,17.43000030517578,17.4950008392334,17.219999313354492,17.450000762939453,17520000
2012-11-19,13.586074829101562,17.924999237060547,17.94499969482422,17.684999465942383,17.75,35596600
2012-11-20,13.59744930267334,17.940000534057617,18.040000915527344,17.815000534057617,17.864999771118164,13507000
2012-11-21,13.620183944702148,17.969999313354492,17.989999771118164,17.875,17.920000076293945,9457800
2012-11-23,13.794509887695312,18.200000762939453,18.209999084472656,18.024999618530273,18.06999969482422,6250600
2012-11-26,13.805877685546875,18.21500015258789,18.21500015258789,18.040000915527344,18.155000686645508,11571400
2012-11-27,13.745241165161133,18.135000228881836,18.295000076293945,18.1299991607666,18.204999923706055,10179200
2012-11-28,13.802083015441895,18.209999084472656,18.219999313354492,17.864999771118164,17.969999313354492,17816200
2012-11-29,13.896827697753906,18.334999084472656,18.395000457763672,18.2450008392334,18.28499984741211,12355400
2012-11-30,13.908195495605469,18.350000381469727,18.405000686645508,18.295000076293945,18.309999465942383,11346800
2012-12-03,13.650506019592285,18.010000228881836,18.46500015258789,17.985000610351562,18.405000686645508,37776200
2012-12-04,13.677030563354492,18.045000076293945,18.19499969482422,17.979999542236328,18.040000915527344,15629000
2012-12-05,13.514074325561523,17.829999923706055,17.969999313354492,17.719999313354492,17.815000534057617,25849200
2012-12-06,13.548181533813477,17.875,17.889999389648438,17.729999542236328,17.864999771118164,9275000
2012-12-07,13.661866188049316,18.024999618530273,18.030000686645508,17.90999984741211,17.975000381469727,12330000
2012-12-10,13.749029159545898,18.139999389648438,18.18000030517578,18.0,18.024999618530273,13683200
2012-12-11,13.858926773071289,18.28499984741211,18.329999923706055,18.184999465942383,18.200000762939453,11097600
2012-12-12,13.8248291015625,18.239999771118164,18.405000686645508,18.190000534057617,18.375,23637800
2012-12-13,13.7869291305542,18.190000534057617,18.344999313354492,18.100000381469727,18.219999313354492,12723600
2012-12-14,13.889252662658691,18.325000762939453,18.405000686645508,18.174999237060547,18.184999465942383,12194600
2012-12-17,14.02946949005127,18.510000228881836,18.514999389648438,18.350000381469727,18.389999389648438,13023400
2012-12-18,14.196219444274902,18.729999542236328,18.75,18.4950008392334,18.540000915527344,16687000
2012-12-19,14.135586738586426,18.649999618530273,18.780000686645508,18.645000457763672,18.760000228881836,14353800
2012-12-20,14.272006034851074,18.829999923706055,18.84000015258789,18.579999923706055,18.635000228881836,10974600
2012-12-21,14.145845413208008,18.5,18.565000534057617,18.350000381469727,18.3700008392334,19480800
2012-12-24,14.218487739562988,18.594999313354492,18.649999618530273,18.420000076293945,18.559999465942383,19279000
2012-12-26,14.306418418884277,18.709999084472656,18.790000915527344,18.655000686645508,18.674999237060547,20367200
2012-12-27,14.256715774536133,18.645000457763672,18.770000457763672,18.40999984741211,18.7549991607666,17532400
2012-12-28,14.0770263671875,18.40999984741211,18.594999313354492,18.375,18.520000457763672,13281600
2012-12-31,14.35229206085205,18.770000457763672,18.795000076293945,18.354999542236328,18.3799991607666,28667000
2013-01-02,14.711678504943848,19.239999771118164,19.299999237060547,19.094999313354492,19.204999923706055,25338000
2013-01-03,14.604631423950195,19.100000381469727,19.295000076293945,19.040000915527344,19.219999313354492,15286800
2013-01-04,14.784320831298828,19.334999084472656,19.360000610351562,19.139999389648438,19.155000686645508,11508800
2013-01-07,14.753730773925781,19.295000076293945,19.315000534057617,19.18000030517578,19.2450008392334,10614400
2013-01-08,14.7766695022583,19.325000762939453,19.3700008392334,19.18000030517578,19.350000381469727,12000600
2013-01-09,14.872255325317383,19.450000762939453,19.469999313354492,19.350000381469727,19.3799991607666,14343600
2013-01-10,14.937243461608887,19.53499984741211,19.59000015258789,19.354999542236328,19.559999465942383,14768200
2013-01-11,14.914310455322266,19.5049991607666,19.530000686645508,19.375,19.530000686645508,9722000
2013-01-14,14.918133735656738,19.510000228881836,19.575000762939453,19.475000381469727,19.540000915527344,14479600
2013-01-15,14.933425903320312,19.530000686645508,19.55500030517578,19.415000915527344,19.420000076293945,18528800
2013-01-16,14.826374053955078,19.389999389648438,19.530000686645508,19.360000610351562,19.40999984741211,14970200
2013-01-17,14.941067695617676,19.540000915527344,19.614999771118164,19.489999771118164,19.549999237060547,13419400
2013-01-18,15.040474891662598,19.670000076293945,19.674999237060547,19.5049991607666,19.5049991607666,17216600
2013-01-22,15.185755729675293,19.860000610351562,19.875,19.670000076293945,19.670000076293945,16223800
2013-01-23,15.101642608642578,19.75,19.825000762939453,19.684999465942383,19.809999465942383,14509200
2013-01-24,15.147525787353516,19.809999465942383,19.920000076293945,19.735000610351562,19.75,23181600
2013-01-25,15.201041221618652,19.8799991607666,19.934999465942383,19.75,19.920000076293945,14509400
2013-01-28,15.055768966674805,19.690000534057617,19.895000457763672,19.625,19.8799991607666,24875200
2013-01-29,15.139875411987305,19.799999237060547,19.829999923706055,19.670000076293945,19.684999465942383,15957600
2013-01-30,15.055768966674805,19.690000534057617,19.885000228881836,19.655000686645508,19.790000915527344,12627800
2013-01-31,14.918133735656738,19.510000228881836,19.65999984741211,19.475000381469727,19.514999389648438,13928600
2013-02-01,15.101642608642578,19.75,19.780000686645508,19.56999969482422,19.614999771118164,13209000
2013-02-04,14.956367492675781,19.559999465942383,19.674999237060547,19.545000076293945,19.614999771118164,10722000
2013-02-05,15.032828330993652,19.65999984741211,19.7549991607666,19.6299991607666,19.639999389648438,9513200
2013-02-06,15.048117637634277,19.68000030517578,19.700000762939453,19.59000015258789,19.6200008392334,12951600
2013-02-07,14.967832565307617,19.575000762939453,19.690000534057617,19.43000030517578,19.65999984741211,15772600
2013-02-08,15.055768966674805,19.690000534057617,19.704999923706055,19.579999923706055,19.625,11451000
2013-02-11,15.036656379699707,19.665000915527344,19.709999084472656,19.594999313354492,19.709999084472656,7181600
2013-02-12,15.044295310974121,19.674999237060547,19.704999923706055,19.575000762939453,19.614999771118164,14062600
2013-02-13,15.097819328308105,19.7450008392334,19.799999237060547,19.68000030517578,19.739999771118164,12298400
2013-02-14,15.048117637634277,19.68000030517578,19.71500015258789,19.614999771118164,19.690000534057617,13491000
2013-02-15,15.044295310974121,19.674999237060547,19.7450008392334,19.594999313354492,19.725000381469727,26719600
2013-02-19,14.979302406311035,19.59000015258789,19.739999771118164,19.579999923706055,19.665000915527344,12003800
2013-02-20,14.55875015258789,19.040000915527344,19.559999465942383,19.03499984741211,19.549999237060547,23073400
2013-02-21,14.424942016601562,18.864999771118164,19.0049991607666,18.75,18.989999771118164,27031400
2013-02-22,14.616101264953613,19.114999771118164,19.114999771118164,18.93000030517578,18.959999084472656,14467400
2013-02-25,14.279650688171387,18.674999237060547,19.219999313354492,18.674999237060547,19.209999084472656,26640400
2013-02-26,14.432581901550293,18.875,18.90999984741211,18.69499969482422,18.829999923706055,24047200
2013-02-27,14.688738822937012,19.209999084472656,19.280000686645508,18.81999969482422,18.825000762939453,25826000
2013-02-28,14.71550178527832,19.2450008392334,19.354999542236328,19.174999237060547,19.200000762939453,19415200
2013-03-01,14.723150253295898,19.2549991607666,19.325000762939453,19.0049991607666,19.1200008392334,21107600
2013-03-04,14.74226188659668,19.280000686645508,19.28499984741211,19.100000381469727,19.174999237060547,18059800
2013-03-05,14.841668128967285,19.40999984741211,19.55500030517578,19.364999771118164,19.43000030517578,17910800
2013-03-06,14.971656799316406,19.579999923706055,19.639999389648438,19.5,19.53499984741211,16515600
2013-03-07,15.01370906829834,19.635000228881836,19.684999465942383,19.604999542236328,19.625,8929600
2013-03-08,15.136054992675781,19.795000076293945,19.825000762939453,19.68000030517578,19.709999084472656,11842600
2013-03-11,15.220166206359863,19.905000686645508,19.924999237060547,19.709999084472656,19.760000228881836,16001000
2013-03-12,15.231629371643066,19.920000076293945,20.020000457763672,19.860000610351562,19.90999984741211,11976400
2013-03-13,15.193402290344238,19.8700008392334,19.934999465942383,19.81999969482422,19.899999618530273,11204200
2013-03-14,15.285155296325684,19.989999771118164,20.010000228881836,19.885000228881836,19.93000030517578,12385000
2013-03-15,15.298210144042969,19.924999237060547,19.979999542236328,19.854999542236328,19.854999542236328,16119200
2013-03-18,15.190720558166504,19.78499984741211,19.850000381469727,19.684999465942383,19.729999542236328,10095600
2013-03-19,15.125460624694824,19.700000762939453,19.81999969482422,19.524999618530273,19.81999969482422,15217600
2013-03-20,15.240626335144043,19.850000381469727,19.885000228881836,19.770000457763672,19.809999465942383,8694600
2013-03-21,14.979585647583008,19.510000228881836,19.725000381469727,19.510000228881836,19.670000076293945,13185600
2013-03-22,14.998773574829102,19.53499984741211,19.614999771118164,19.475000381469727,19.55500030517578,9632600
2013-03-25,14.883602142333984,19.385000228881836,19.604999542236328,19.290000915527344,19.579999923706055,12186400
2013-03-26,14.987256050109863,19.520000457763672,19.53499984741211,19.415000915527344,19.440000534057617,10985200
2013-03-27,14.983417510986328,19.514999389648438,19.530000686645508,19.315000534057617,19.405000686645508,8253000
2013-03-28,15.040999412536621,19.59000015258789,19.639999389648438,19.479999542236328,19.479999542236328,15021200
2013-04-01,14.910475730895996,19.420000076293945,19.610000610351562,19.375,19.575000762939453,12671400
2013-04-02,14.76459789276123,19.229999542236328,19.4950008392334,19.190000534057617,19.454999923706055,19017200
2013-04-03,14.64175033569336,19.06999969482422,19.31999969482422,18.979999542236328,19.229999542236328,29741600
2013-04-04,14.768440246582031,19.235000610351562,19.31999969482422,19.094999313354492,19.100000381469727,18316400
2013-04-05,14.70700740814209,19.155000686645508,19.170000076293945,18.975000381469727,18.975000381469727,15292600
2013-04-08,14.753084182739258,19.21500015258789,19.225000381469727,19.065000534057617,19.200000762939453,8234800
2013-04-09,14.925832748413086,19.440000534057617,19.510000228881836,19.2450008392334,19.2450008392334,18229800
2013-04-10,15.029484748840332,19.575000762939453,19.584999084472656,19.420000076293945,19.4950008392334,12413000
2013-04-11,15.094746589660645,19.65999984741211,19.75,19.545000076293945,19.55500030517578,14885000
2013-04-12,14.872087478637695,19.3700008392334,19.614999771118164,19.280000686645508,19.545000076293945,24984400
2013-04-15,14.323116302490234,18.655000686645508,19.219999313354492,18.6299991607666,19.174999237060547,41257200
2013-04-16,14.5841703414917,18.9950008392334,19.0049991607666,18.815000534057617,18.815000534057617,19212400
2013-04-17,14.369183540344238,18.71500015258789,18.864999771118164,18.614999771118164,18.825000762939453,19687600
2013-04-18,14.326955795288086,18.65999984741211,18.834999084472656,18.549999237060547,18.78499984741211,34676200
2013-04-19,14.495866775512695,18.8799991607666,18.885000228881836,18.725000381469727,18.770000457763672,21525000
2013-04-22,14.634072303771973,19.059999465942383,19.1299991607666,18.780000686645508,18.975000381469727,14351200
2013-04-23,14.760756492614746,19.225000381469727,19.25,19.030000686645508,19.110000610351562,18191200
2013-04-24,14.983417510986328,19.514999389648438,19.55500030517578,19.274999618530273,19.299999237060547,14128800
2013-04-25,15.148493766784668,19.729999542236328,19.885000228881836,19.625,19.684999465942383,12718000
2013-04-26,14.933514595031738,19.450000762939453,19.71500015258789,19.3799991607666,19.71500015258789,15537800
2013-04-29,15.160006523132324,19.7450008392334,19.764999389648438,19.440000534057617,19.5049991607666,13888400
2013-04-30,15.183045387268066,19.774999618530273,19.78499984741211,19.565000534057617,19.709999084472656,21362000
2013-05-01,14.91431713104248,19.424999237060547,19.71500015258789,19.40999984741211,19.670000076293945,20681600
2013-05-02,15.021805763244629,19.565000534057617,19.610000610351562,19.334999084472656,19.520000457763672,12347000
2013-05-03,15.286696434020996,19.90999984741211,20.0049991607666,19.764999389648438,19.844999313354492,11660800
2013-05-06,15.3289213180542,19.96500015258789,19.9950008392334,19.864999771118164,19.96500015258789,9310200
2013-05-07,15.474811553955078,20.155000686645508,20.184999465942383,19.950000762939453,20.020000457763672,12165000
2013-05-08,15.609169960021973,20.329999923706055,20.334999084472656,20.104999542236328,20.135000228881836,10268000
2013-05-09,15.589970588684082,20.30500030517578,20.405000686645508,20.2450008392334,20.344999313354492,11918800
2013-05-10,15.574617385864258,20.28499984741211,20.329999923706055,20.135000228881836,20.290000915527344,9758400
2013-05-13,15.463287353515625,20.139999389648438,20.280000686645508,20.084999084472656,20.264999389648438,8912000
2013-05-14,15.655238151550293,20.389999389648438,20.395000457763672,20.100000381469727,20.100000381469727,10128000
2013-05-15,15.743529319763184,20.5049991607666,20.575000762939453,20.295000076293945,20.315000534057617,10600600
2013-05-16,15.670587539672852,20.40999984741211,20.575000762939453,20.364999771118164,20.415000915527344,9174000
2013-05-17,15.83950138092041,20.6299991607666,20.65999984741211,20.450000762939453,20.450000762939453,14090600
2013-05-20,15.854859352111816,20.649999618530273,20.75,20.549999237060547,20.594999313354492,10508200
2013-05-21,15.835659980773926,20.625,20.739999771118164,20.59000015258789,20.704999923706055,9087600
2013-05-22,15.620681762695312,20.344999313354492,20.80500030517578,20.270000457763672,20.6299991607666,24585000
2013-05-23,15.628358840942383,20.354999542236328,20.399999618530273,20.030000686645508,20.125,13802400
2013-05-24,15.574617385864258,20.28499984741211,20.309999465942383,20.135000228881836,20.264999389648438,11565200
2013-05-28,15.716658592224121,20.469999313354492,20.549999237060547,20.399999618530273,20.524999618530273,11206600
2013-05-29,15.666752815246582,20.405000686645508,20.450000762939453,20.209999084472656,20.375,12415400
2013-05-30,15.716658592224121,20.469999313354492,20.549999237060547,20.364999771118164,20.440000534057617,9859400
2013-05-31,15.470963478088379,20.149999618530273,20.489999771118164,20.139999389648438,20.334999084472656,15553600
2013-06-03,15.547748565673828,20.25,20.260000228881836,20.014999389648438,20.204999923706055,12528800
2013-06-04,15.528547286987305,20.225000381469727,20.364999771118164,20.110000610351562,20.25,12653800
2013-06-05,15.183045387268066,19.774999618530273,20.170000076293945,19.774999618530273,20.170000076293945,17420400
2013-06-06,15.282858848571777,19.905000686645508,19.915000915527344,19.68000030517578,19.770000457763672,14445200
2013-06-07,15.424894332885742,20.09000015258789,20.114999771118164,19.885000228881836,19.959999084472656,19875400
2013-06-10,15.497831344604492,20.184999465942383,20.239999771118164,20.104999542236328,20.15999984741211,9267000
2013-06-11,15.282858848571777,19.905000686645508,20.110000610351562,19.844999313354492,19.954999923706055,12122800
2013-06-12,15.206077575683594,19.80500030517578,20.114999771118164,19.790000915527344,20.05500030517578,15458400
2013-06-13,15.48631477355957,20.170000076293945,20.204999923706055,19.729999542236328,19.7549991607666,18771200
2013-06-14,15.374992370605469,20.024999618530273,20.264999389648438,19.975000381469727,20.104999542236328,10058000
2013-06-17,15.505512237548828,20.19499969482422,20.235000610351562,20.06999969482422,20.19499969482422,8976600
2013-06-18,15.574617385864258,20.28499984741211,20.315000534057617,20.149999618530273,20.18000030517578,8319400
2013-06-19,15.455606460571289,20.1299991607666,20.3700008392334,20.1299991607666,20.2450008392334,16845600
2013-06-20,15.056360244750977,19.610000610351562,19.924999237060547,19.540000915527344,19.825000762939453,26383000
2013-06-21,15.005293846130371,19.395000457763672,19.645000457763672,19.190000534057617,19.635000228881836,22138800
2013-06-24,14.765454292297363,19.084999084472656,19.229999542236328,18.889999389648438,19.110000610351562,24849000
2013-06-25,14.85443115234375,19.200000762939453,19.30500030517578,19.079999923706055,19.30500030517578,10672400
2013-06-26,14.924059867858887,19.290000915527344,19.34000015258789,19.104999542236328,19.280000686645508,10216800
2013-06-27,14.91632080078125,19.280000686645508,19.415000915527344,19.264999389648438,19.415000915527344,9348000
2013-06-28,14.835084915161133,19.174999237060547,19.329999923706055,19.125,19.204999923706055,16275800
2013-07-01,14.920186996459961,19.28499984741211,19.485000610351562,19.25,19.385000228881836,22407200
2013-07-02,14.873772621154785,19.225000381469727,19.3799991607666,19.1200008392334,19.209999084472656,8471000
2013-07-03,14.877638816833496,19.229999542236328,19.270000457763672,19.094999313354492,19.110000610351562,6622400
2013-07-05,14.978218078613281,19.360000610351562,19.3700008392334,19.190000534057617,19.360000610351562,7051000
2013-07-08,15.063316345214844,19.469999313354492,19.520000457763672,19.389999389648438,19.44499969482422,7845800
2013-07-09,15.295427322387695,19.770000457763672,19.815000534057617,19.604999542236328,19.604999542236328,9598000
2013-07-10,15.291556358337402,19.764999389648438,19.84000015258789,19.655000686645508,19.75,7579400
2013-07-11,15.53913402557373,20.084999084472656,20.125,19.985000610351562,20.020000457763672,10641000
2013-07-12,15.484965324401855,20.014999389648438,20.125,19.93000030517578,20.1200008392334,7575800
2013-07-15,15.523651123046875,20.065000534057617,20.100000381469727,19.985000610351562,20.014999389648438,14742800
2013-07-16,15.407602310180664,19.915000915527344,20.110000610351562,19.829999923706055,20.079999923706055,11726200
2013-07-17,15.55073356628418,20.100000381469727,20.155000686645508,19.969999313354492,20.020000457763672,13953200
2013-07-18,15.558465957641602,20.110000610351562,20.219999313354492,20.065000534057617,20.06999969482422,7518800
2013-07-19,15.65904712677002,20.239999771118164,20.239999771118164,20.059999465942383,20.09000015258789,12111000
2013-07-22,15.674520492553711,20.260000228881836,20.350000381469727,20.229999542236328,20.229999542236328,9854200
2013-07-23,15.720941543579102,20.31999969482422,20.540000915527344,20.280000686645508,20.440000534057617,9694000
2013-07-24,15.573939323425293,20.1299991607666,20.405000686645508,20.045000076293945,20.405000686645508,11482200
2013-07-25,15.720941543579102,20.31999969482422,20.344999313354492,19.979999542236328,20.049999237060547,8061200
2013-07-26,15.662915229797363,20.2450008392334,20.270000457763672,20.075000762939453,20.200000762939453,8402600
2013-07-29,15.751884460449219,20.360000610351562,20.385000228881836,20.135000228881836,20.165000915527344,14709600
2013-07-30,15.713194847106934,20.309999465942383,20.350000381469727,20.079999923706055,20.165000915527344,9645000
2013-07-31,15.65904712677002,20.239999771118164,20.43000030517578,20.209999084472656,20.325000762939453,11675200
2013-08-01,15.77509880065918,20.389999389648438,20.4950008392334,20.34000015258789,20.375,9188000
2013-08-02,15.864063262939453,20.5049991607666,20.520000457763672,20.299999237060547,20.360000610351562,5676200
2013-08-05,15.82151985168457,20.450000762939453,20.524999618530273,20.415000915527344,20.450000762939453,5078000
2013-08-06,15.674520492553711,20.260000228881836,20.46500015258789,20.209999084472656,20.450000762939453,6742600
2013-08-07,15.682257652282715,20.270000457763672,20.334999084472656,20.190000534057617,20.190000534057617,5889200
2013-08-08,15.914353370666504,20.56999969482422,20.645000457763672,20.399999618530273,20.44499969482422,8398600
2013-08-09,16.007198333740234,20.690000534057617,20.7549991607666,20.514999389648438,20.514999389648438,14766200
2013-08-12,15.983985900878906,20.65999984741211,20.719999313354492,20.604999542236328,20.649999618530273,8093200
2013-08-13,16.042015075683594,20.735000610351562,20.795000076293945,20.600000381469727,20.71500015258789,7943400
2013-08-14,16.007198333740234,20.690000534057617,20.84000015258789,20.68000030517578,20.7450008392334,7915200
2013-08-15,15.89115047454834,20.540000915527344,20.575000762939453,20.364999771118164,20.5,11201800
2013-08-16,15.767356872558594,20.3799991607666,20.514999389648438,20.325000762939453,20.510000228881836,14141000
2013-08-19,15.643573760986328,20.219999313354492,20.420000076293945,20.204999923706055,20.360000610351562,9289000
2013-08-20,15.732539176940918,20.334999084472656,20.395000457763672,20.18000030517578,20.219999313354492,6542200
2013-08-21,15.61262321472168,20.18000030517578,20.375,20.145000457763672,20.274999618530273,9701400
2013-08-22,15.798297882080078,20.420000076293945,20.450000762939453,20.229999542236328,20.260000228881836,9234600
2013-08-23,15.925962448120117,20.584999084472656,20.625,20.364999771118164,20.454999923706055,8925800
2013-08-26,15.925962448120117,20.584999084472656,20.78499984741211,20.565000534057617,20.639999389648438,11374000
2013-08-27,15.647440910339355,20.225000381469727,20.479999542236328,20.18000030517578,20.420000076293945,11786400
2013-08-28,15.616494178771973,20.184999465942383,20.290000915527344,20.149999618530273,20.200000762939453,6990000
2013-08-29,15.666788101196289,20.25,20.3700008392334,20.09000015258789,20.114999771118164,8171200
2013-08-30,15.639703750610352,20.21500015258789,20.309999465942383,20.170000076293945,20.264999389648438,11200600
2013-09-03,15.732539176940918,20.334999084472656,20.56999969482422,20.2549991607666,20.514999389648438,8722600
2013-09-04,15.879541397094727,20.524999618530273,20.549999237060547,20.239999771118164,20.290000915527344,8638200
2013-09-05,15.9066162109375,20.559999465942383,20.625,20.5049991607666,20.53499984741211,11009000
2013-09-06,15.887279510498047,20.53499984741211,20.729999542236328,20.450000762939453,20.71500015258789,9974400
2013-09-09,16.127111434936523,20.844999313354492,20.8700008392334,20.594999313354492,20.600000381469727,10876400
2013-09-10,16.270246505737305,21.030000686645508,21.104999542236328,20.915000915527344,20.9950008392334,14503200
2013-09-11,16.37082862854004,21.15999984741211,21.174999237060547,20.94499969482422,21.040000915527344,12347800
2013-09-12,16.200613021850586,20.940000534057617,21.125,20.905000686645508,21.065000534057617,11921600
2013-09-13,16.308929443359375,21.079999923706055,21.114999771118164,20.934999465942383,21.0,14828800
2013-09-16,16.490741729736328,21.315000534057617,21.415000915527344,21.2450008392334,21.385000228881836,16706000
2013-09-17,16.444313049316406,21.2549991607666,21.350000381469727,21.21500015258789,21.28499984741211,9300800
2013-09-18,16.823413848876953,21.7450008392334,21.774999618530273,21.204999923706055,21.28499984741211,20269000
2013-09-19,16.765390396118164,21.670000076293945,21.889999389648438,21.6200008392334,21.829999923706055,12408200
2013-09-20,16.569446563720703,21.309999465942383,21.614999771118164,21.28499984741211,21.614999771118164,21981000
2013-09-23,16.44504165649414,21.149999618530273,21.315000534057617,21.139999389648438,21.25,13112600
2013-09-24,16.43726921081543,21.139999389648438,21.299999237060547,21.09000015258789,21.145000457763672,6976800
2013-09-25,16.480026245117188,21.19499969482422,21.334999084472656,21.114999771118164,21.19499969482422,8518000
2013-09-26,16.588891983032227,21.334999084472656,21.424999237060547,21.225000381469727,21.28499984741211,11690400
2013-09-27,16.390615463256836,21.079999923706055,21.2450008392334,21.059999465942383,21.18000030517578,7592600
2013-09-30,16.33229637145996,21.0049991607666,21.079999923706055,20.815000534057617,20.875,11345200
2013-10-01,16.40227699279785,21.094999313354492,21.110000610351562,20.895000457763672,21.0049991607666,10030000
2013-10-02,16.44504165649414,21.149999618530273,21.155000686645508,20.905000686645508,20.975000381469727,8556200
2013-10-03,16.305084228515625,20.969999313354492,21.1200008392334,20.81999969482422,21.1200008392334,14168600
2013-10-04,16.542232513427734,21.274999618530273,21.28499984741211,20.93000030517578,20.975000381469727,10334000
2013-10-07,16.340076446533203,21.014999389648438,21.209999084472656,21.0,21.030000686645508,11989200
2013-10-08,16.07960319519043,20.68000030517578,21.024999618530273,20.665000915527344,21.024999618530273,17206400
2013-10-09,16.102920532226562,20.709999084472656,20.825000762939453,20.540000915527344,20.739999771118164,12397000
2013-10-10,16.44504165649414,21.149999618530273,21.184999465942383,20.94499969482422,20.9950008392334,10849400
2013-10-11,16.542232513427734,21.274999618530273,21.280000686645508,21.079999923706055,21.155000686645508,10120600
2013-10-14,16.60054588317871,21.350000381469727,21.375,21.104999542236328,21.104999542236328,12320600
2013-10-15,16.499465942382812,21.219999313354492,21.3799991607666,21.170000076293945,21.280000686645508,10734400
2013-10-16,16.666645050048828,21.434999465942383,21.5,21.270000457763672,21.350000381469727,8541600
2013-10-17,16.88435935974121,21.71500015258789,21.735000610351562,21.364999771118164,21.364999771118164,9282000
2013-10-18,16.93489646911621,21.780000686645508,21.854999542236328,21.68000030517578,21.854999542236328,14809600
2013-10-21,16.931005477905273,21.774999618530273,21.81999969482422,21.69499969482422,21.795000076293945,7798200
2013-10-22,17.175935745239258,22.09000015258789,22.139999389648438,21.875,21.889999389648438,11038200
2013-10-23,17.06318473815918,21.94499969482422,22.014999389648438,21.915000915527344,22.0,10782200
2013-10-24,17.148714065551758,22.05500030517578,22.06999969482422,21.850000381469727,21.969999313354492,6482600
2013-10-25,17.199260711669922,22.1200008392334,22.1200008392334,21.90999984741211,22.100000381469727,11542800
2013-10-28,17.11373519897461,22.010000228881836,22.145000457763672,21.94499969482422,22.104999542236328,12629400
2013-10-29,17.148714065551758,22.05500030517578,22.059999465942383,21.915000915527344,22.010000228881836,8566400
2013-10-30,17.04374885559082,21.920000076293945,22.18000030517578,21.78499984741211,22.040000915527344,10999200
2013-10-31,17.016529083251953,21.885000228881836,22.03499984741211,21.8700008392334,21.915000915527344,11151400
2013-11-01,16.9776611328125,21.834999084472656,21.954999923706055,21.71500015258789,21.90999984741211,10335000
2013-11-04,17.047639846801758,21.924999237060547,21.934999465942383,21.815000534057617,21.93000030517578,11139400
2013-11-05,16.973772048950195,21.829999923706055,21.8799991607666,21.7450008392334,21.84000015258789,5941400
2013-11-06,17.090408325195312,21.979999542236328,22.030000686645508,21.8799991607666,21.96500015258789,7946000
2013-11-07,16.86492156982422,21.690000534057617,22.030000686645508,21.670000076293945,22.020000457763672,11869000
2013-11-08,17.179821014404297,22.094999313354492,22.094999313354492,21.635000228881836,21.635000228881836,10621600
2013-11-11,17.172039031982422,22.084999084472656,22.100000381469727,22.010000228881836,22.09000015258789,4991600
2013-11-12,17.117618560791016,22.014999389648438,22.075000762939453,21.954999923706055,21.975000381469727,8569600
2013-11-13,17.210920333862305,22.135000228881836,22.139999389648438,21.905000686645508,21.934999465942383,9382400
2013-11-14,17.354764938354492,22.31999969482422,22.329999923706055,22.1299991607666,22.200000762939453,10359400
2013-11-15,17.467517852783203,22.46500015258789,22.479999542236328,22.334999084472656,22.334999084472656,9128000
2013-11-18,17.35865592956543,22.325000762939453,22.53499984741211,22.2549991607666,22.514999389648438,11379800
2013-11-19,17.304229736328125,22.2549991607666,22.350000381469727,22.184999465942383,22.270000457763672,7167600
2013-11-20,17.164278030395508,22.075000762939453,22.295000076293945,22.024999618530273,22.229999542236328,9419400
2013-11-21,17.304229736328125,22.2549991607666,22.270000457763672,22.1200008392334,22.239999771118164,6653800
2013-11-22,17.39365005493164,22.3700008392334,22.3799991607666,22.184999465942383,22.28499984741211,4761800
2013-11-25,17.284791946411133,22.229999542236328,22.395000457763672,22.18000030517578,22.299999237060547,11304600
2013-11-26,17.242019653320312,22.174999237060547,22.2549991607666,22.104999542236328,22.2549991607666,4147000
2013-11-27,17.253686904907227,22.190000534057617,22.260000228881836,22.15999984741211,22.184999465942383,5666200
2013-11-29,17.238136291503906,22.170000076293945,22.299999237060547,22.125,22.219999313354492,7344200
2013-12-02,17.195375442504883,22.114999771118164,22.295000076293945,22.100000381469727,22.239999771118164,10381000
2013-12-03,16.993207931518555,21.854999542236328,22.049999237060547,21.7549991607666,22.040000915527344,11644600
2013-12-04,17.074851989746094,21.959999084472656,22.05500030517578,21.790000915527344,21.809999465942383,19670600
2013-12-05,16.9776611328125,21.834999084472656,21.940000534057617,21.790000915527344,21.905000686645508,9393200
2013-12-06,17.210920333862305,22.135000228881836,22.18000030517578,22.0,22.075000762939453,9807600
2013-12-09,17.30034065246582,22.25,22.270000457763672,22.149999618530273,22.19499969482422,7368200
2013-12-10,17.350881576538086,22.315000534057617,22.385000228881836,22.25,22.25,7237800
2013-12-11,17.055404663085938,21.934999465942383,22.344999313354492,21.899999618530273,22.329999923706055,11090800
2013-12-12,17.02042007446289,21.889999389648438,21.96500015258789,21.81999969482422,21.899999618530273,7484600
2013-12-13,17.102067947387695,21.9950008392334,22.049999237060547,21.924999237060547,21.969999313354492,5965400
2013-12-16,17.172039031982422,22.084999084472656,22.19499969482422,22.03499984741211,22.1299991607666,8775600
2013-12-17,17.284791946411133,22.229999542236328,22.2450008392334,21.979999542236328,21.989999771118164,17176800
2013-12-18,17.494733810424805,22.5,22.5,22.010000228881836,22.28499984741211,27273200
2013-12-19,17.521940231323242,22.53499984741211,22.56999969482422,22.350000381469727,22.540000915527344,15142800
2013-12-20,17.577499389648438,22.46500015258789,22.545000076293945,22.395000457763672,22.454999923706055,15678400
2013-12-23,17.663558959960938,22.575000762939453,22.604999542236328,22.489999771118164,22.575000762939453,8223000
2013-12-24,17.855257034301758,22.81999969482422,22.81999969482422,22.559999465942383,22.59000015258789,3774200
2013-12-26,17.95306396484375,22.94499969482422,22.96500015258789,22.829999923706055,22.850000381469727,3992600
2013-12-27,18.007835388183594,23.014999389648438,23.049999237060547,22.94499969482422,23.049999237060547,3677800
2013-12-30,18.019569396972656,23.030000686645508,23.065000534057617,22.975000381469727,23.020000457763672,4201000
2013-12-31,18.082162857055664,23.110000610351562,23.110000610351562,22.9950008392334,23.065000534057617,6357000
2014-01-02,17.93741226196289,22.924999237060547,23.065000534057617,22.864999771118164,22.969999313354492,13883800
2014-01-03,17.89438247680664,22.8700008392334,22.975000381469727,22.860000610351562,22.954999923706055,8685400
2014-01-06,17.79657554626465,22.7450008392334,22.924999237060547,22.690000534057617,22.920000076293945,8856200
2014-01-07,17.765274047851562,22.704999923706055,22.889999389648438,22.639999389648438,22.75,7766200
2014-01-08,17.870906829833984,22.84000015258789,22.8700008392334,22.649999618530273,22.739999771118164,8240800
2014-01-09,17.800493240356445,22.75,22.924999237060547,22.65999984741211,22.850000381469727,8838000
2014-01-10,17.855257034301758,22.81999969482422,22.844999313354492,22.684999465942383,22.795000076293945,6199800
2014-01-13,17.612701416015625,22.510000228881836,22.80500030517578,22.479999542236328,22.735000610351562,10068000
2014-01-14,17.859167098999023,22.825000762939453,22.850000381469727,22.549999237060547,22.575000762939453,7624000
2014-01-15,17.96870994567871,22.96500015258789,23.010000228881836,22.834999084472656,22.834999084472656,7056200
2014-01-16,18.011747360229492,23.020000457763672,23.024999618530273,22.905000686645508,22.924999237060547,9846000
2014-01-17,17.96870994567871,22.96500015258789,23.065000534057617,22.93000030517578,23.030000686645508,14686200
2014-01-21,18.0782527923584,23.104999542236328,23.28499984741211,22.989999771118164,23.200000762939453,14739800
2014-01-22,17.902202606201172,22.8799991607666,23.125,22.815000534057617,23.079999923706055,11189400
2014-01-23,17.63618278503418,22.540000915527344,22.81999969482422,22.385000228881836,22.795000076293945,12997600
2014-01-24,17.16279411315918,21.934999465942383,22.360000610351562,21.924999237060547,22.344999313354492,20200600
2014-01-27,17.09238052368164,21.844999313354492,22.040000915527344,21.684999465942383,21.96500015258789,11904400
2014-01-28,17.190183639526367,21.969999313354492,22.020000457763672,21.889999389648438,21.979999542236328,9693200
2014-01-29,17.260601043701172,22.059999465942383,22.280000686645508,21.799999237060547,21.799999237060547,20632200
2014-01-30,17.3427677154541,22.165000915527344,22.2549991607666,21.989999771118164,22.174999237060547,16087400
2014-01-31,17.22930908203125,22.020000457763672,22.200000762939453,21.834999084472656,21.885000228881836,12475400
2014-02-03,16.826343536376953,21.5049991607666,22.114999771118164,21.479999542236328,21.985000610351562,39679600
2014-02-04,16.975021362304688,21.69499969482422,21.834999084472656,21.520000457763672,21.625,14826800
2014-02-05,16.99457550048828,21.719999313354492,21.774999618530273,21.389999389648438,21.614999771118164,15797000
2014-02-06,17.24886703491211,22.045000076293945,22.075000762939453,21.75,21.764999389648438,17781600
2014-02-07,17.487516403198242,22.350000381469727,22.385000228881836,22.059999465942383,22.125,10363200
2014-02-10,17.57358169555664,22.459999084472656,22.4950008392334,22.28499984741211,22.350000381469727,30500000
2014-02-11,17.77701187133789,22.719999313354492,22.795000076293945,22.479999542236328,22.514999389648438,13961400
2014-02-12,17.745718002319336,22.68000030517578,22.825000762939453,22.6299991607666,22.69499969482422,7544400
2014-02-13,17.898286819458008,22.875,22.950000762939453,22.5049991607666,22.530000686645508,13428400
2014-02-14,18.04304313659668,23.059999465942383,23.084999084472656,22.834999084472656,22.915000915527344,10243400
2014-02-18,18.05477523803711,23.075000762939453,23.1299991607666,22.954999923706055,23.049999237060547,11380200
2014-02-19,17.929594039916992,22.915000915527344,23.260000228881836,22.895000457763672,23.059999465942383,15784600
2014-02-20,18.11737823486328,23.155000686645508,23.184999465942383,22.844999313354492,22.979999542236328,13432600
2014-02-21,18.070423126220703,23.094999313354492,23.260000228881836,23.094999313354492,23.19499969482422,7973800
2014-02-24,18.007835388183594,23.014999389648438,23.225000381469727,23.0049991607666,23.014999389648438,29419600
2014-02-25,18.0743465423584,23.100000381469727,23.204999923706055,22.954999923706055,23.030000686645508,12785600
2014-02-26,18.211273193359375,23.274999618530273,23.344999313354492,23.100000381469727,23.139999389648438,13506200
2014-02-27,18.356016159057617,23.459999084472656,23.459999084472656,23.219999313354492,23.235000610351562,9697800
2014-02-28,18.41861343383789,23.540000915527344,23.625,23.405000686645508,23.44499969482422,11785200
2014-03-03,18.375581741333008,23.485000610351562,23.59000015258789,23.299999237060547,23.350000381469727,20375600
2014-03-04,18.665082931518555,23.854999542236328,23.895000457763672,23.68000030517578,23.84000015258789,15331200
2014-03-05,18.708126068115234,23.90999984741211,23.940000534057617,23.774999618530273,23.864999771118164,8155600
2014-03-06,18.778532028198242,24.0,24.1299991607666,23.985000610351562,23.989999771118164,12570400
2014-03-07,18.696386337280273,23.895000457763672,24.059999465942383,23.81999969482422,24.05500030517578,18069200
2014-03-10,18.68073081970215,23.875,23.889999389648438,23.665000915527344,23.825000762939453,9716000
2014-03-11,18.48903465270996,23.6299991607666,23.934999465942383,23.6200008392334,23.934999465942383,13294800
2014-03-12,18.481218338012695,23.6200008392334,23.674999237060547,23.514999389648438,23.584999084472656,10690600
2014-03-13,18.348194122314453,23.450000762939453,23.795000076293945,23.3700008392334,23.709999084472656,15848600
2014-03-14,18.348194122314453,23.450000762939453,23.584999084472656,23.40999984741211,23.450000762939453,12554600
2014-03-17,18.496864318847656,23.639999389648438,23.78499984741211,23.53499984741211,23.594999313354492,10527800
2014-03-18,18.60249137878418,23.774999618530273,23.795000076293945,23.635000228881836,23.68000030517578,9598600
2014-03-19,18.438180923461914,23.565000534057617,23.815000534057617,23.43000030517578,23.729999542236328,15781200
2014-03-20,18.68464469909668,23.8799991607666,23.8799991607666,23.450000762939453,23.450000762939453,11611400
2014-03-21,18.60608673095703,23.684999465942383,23.84000015258789,23.639999389648438,23.799999237060547,17540000
2014-03-24,18.460758209228516,23.5,23.825000762939453,23.415000915527344,23.774999618530273,9651200
2014-03-25,18.562891006469727,23.6299991607666,23.75,23.540000915527344,23.6299991607666,10764600
2014-03-26,18.295795440673828,23.290000915527344,23.7549991607666,23.28499984741211,23.75,12096800
2014-03-27,18.244731903076172,23.225000381469727,23.354999542236328,23.1299991607666,23.350000381469727,9977200
2014-03-28,18.37041664123535,23.385000228881836,23.5,23.235000610351562,23.299999237060547,13364200
2014-03-31,18.570737838745117,23.639999389648438,23.670000076293945,23.469999313354492,23.575000762939453,9714600
2014-04-01,18.67286491394043,23.770000457763672,23.795000076293945,23.6200008392334,23.75,11566400
2014-04-02,18.810338973999023,23.94499969482422,24.0,23.71500015258789,23.825000762939453,8664400
2014-04-03,18.83390235900879,23.975000381469727,24.1299991607666,23.885000228881836,24.03499984741211,9284600
2014-04-04,18.59430503845215,23.670000076293945,24.170000076293945,23.610000610351562,24.135000228881836,18759400
2014-04-07,18.323280334472656,23.325000762939453,23.690000534057617,23.239999771118164,23.594999313354492,14806000
2014-04-08,18.393983840942383,23.415000915527344,23.510000228881836,23.25,23.354999542236328,9622200
2014-04-09,18.67286491394043,23.770000457763672,23.825000762939453,23.3799991607666,23.524999618530273,8225800
2014-04-10,18.299713134765625,23.295000076293945,23.78499984741211,23.25,23.764999389648438,10944400
2014-04-11,18.07975959777832,23.014999389648438,23.315000534057617,23.014999389648438,23.204999923706055,10436600
2014-04-14,18.22509002685547,23.200000762939453,23.290000915527344,23.045000076293945,23.225000381469727,9917200
2014-04-15,18.335065841674805,23.34000015258789,23.354999542236328,22.959999084472656,23.21500015258789,9726400
2014-04-16,18.60608673095703,23.684999465942383,23.704999923706055,23.434999465942383,23.46500015258789,11622400
2014-04-17,18.66500473022461,23.760000228881836,23.799999237060547,23.65999984741211,23.674999237060547,9443200
2014-04-21,18.66893196105957,23.764999389648438,23.875,23.690000534057617,23.799999237060547,6638000
2014-04-22,18.735708236694336,23.850000381469727,23.934999465942383,23.71500015258789,23.799999237060547,9998200
2014-04-23,18.73963737487793,23.854999542236328,23.924999237060547,23.815000534057617,23.864999771118164,7951800
2014-04-24,18.657148361206055,23.75,23.975000381469727,23.704999923706055,23.920000076293945,6920000
2014-04-25,18.523597717285156,23.579999923706055,23.725000381469727,23.5049991607666,23.704999923706055,7001000
2014-04-28,18.445045471191406,23.479999542236328,23.684999465942383,23.30500030517578,23.68000030517578,19147000
2014-04-29,18.574670791625977,23.645000457763672,23.709999084472656,23.524999618530273,23.524999618530273,9954600
2014-04-30,18.723922729492188,23.834999084472656,23.850000381469727,23.565000534057617,23.575000762939453,12036600
2014-05-01,18.60608673095703,23.684999465942383,23.809999465942383,23.635000228881836,23.809999465942383,8340800
2014-05-02,18.676788330078125,23.774999618530273,23.90999984741211,23.670000076293945,23.719999313354492,9966400
2014-05-05,18.778913497924805,23.905000686645508,23.920000076293945,23.655000686645508,23.69499969482422,4798000
2014-05-06,18.684648513793945,23.78499984741211,23.915000915527344,23.704999923706055,23.834999084472656,6856600
2014-05-07,18.829975128173828,23.969999313354492,23.989999771118164,23.709999084472656,23.864999771118164,8585000
2014-05-08,18.75534439086914,23.875,24.110000610351562,23.774999618530273,23.93000030517578,9689200
2014-05-09,18.75534439086914,23.875,23.905000686645508,23.725000381469727,23.774999618530273,7954800
2014-05-12,18.994945526123047,24.18000030517578,24.200000762939453,24.0049991607666,24.014999389648438,8871400
2014-05-13,19.010656356811523,24.200000762939453,24.295000076293945,24.155000686645508,24.155000686645508,6821600
2014-05-14,19.01458168029785,24.204999923706055,24.334999084472656,24.149999618530273,24.200000762939453,9659000
2014-05-15,18.747486114501953,23.864999771118164,24.155000686645508,23.725000381469727,24.139999389648438,13088000
2014-05-16,18.81426239013672,23.950000762939453,23.959999084472656,23.684999465942383,23.8799991607666,8752800
2014-05-19,18.892820358276367,24.049999237060547,24.174999237060547,23.895000457763672,23.905000686645508,5481400
2014-05-20,18.790700912475586,23.920000076293945,24.100000381469727,23.860000610351562,24.024999618530273,9361200
2014-05-21,18.87710952758789,24.030000686645508,24.09000015258789,23.94499969482422,23.985000610351562,5028000
2014-05-22,18.920316696166992,24.084999084472656,24.15999984741211,24.0,24.040000915527344,6447200
2014-05-23,19.08135986328125,24.290000915527344,24.299999237060547,24.084999084472656,24.114999771118164,4489000
2014-05-27,19.08135986328125,24.290000915527344,24.389999389648438,24.260000228881836,24.34000015258789,4343600
2014-05-28,19.08921241760254,24.299999237060547,24.385000228881836,24.25,24.270000457763672,7973000
2014-05-29,19.281673431396484,24.545000076293945,24.559999465942383,24.235000610351562,24.31999969482422,5513800
2014-05-30,19.277746200561523,24.540000915527344,24.549999237060547,24.420000076293945,24.44499969482422,6847600
2014-06-02,19.356300354003906,24.639999389648438,24.69499969482422,24.514999389648438,24.579999923706055,6841000
2014-06-03,19.313098907470703,24.584999084472656,24.655000686645508,24.510000228881836,24.53499984741211,5275400
2014-06-04,19.344524383544922,24.625,24.700000762939453,24.46500015258789,24.540000915527344,5742200
2014-06-05,19.434858322143555,24.739999771118164,24.78499984741211,24.450000762939453,24.68000030517578,9723200
2014-06-06,19.52912712097168,24.860000610351562,24.875,24.739999771118164,24.78499984741211,5849800
2014-06-09,19.478063583374023,24.795000076293945,24.895000457763672,24.75,24.815000534057617,14639600
2014-06-10,19.505563735961914,24.829999923706055,24.834999084472656,24.649999618530273,24.739999771118164,5317000
2014-06-11,19.39557456970215,24.690000534057617,24.799999237060547,24.645000457763672,24.75,4695000
2014-06-12,19.230615615844727,24.479999542236328,24.735000610351562,24.424999237060547,24.690000534057617,6802600
2014-06-13,19.305246353149414,24.575000762939453,24.604999542236328,24.43000030517578,24.489999771118164,4893800
2014-06-16,19.262027740478516,24.520000457763672,24.56999969482422,24.399999618530273,24.510000228881836,15921800
2014-06-17,19.30130958557129,24.56999969482422,24.6200008392334,24.350000381469727,24.360000610351562,12232200
2014-06-18,19.50948715209961,24.834999084472656,24.850000381469727,24.559999465942383,24.59000015258789,16087600
2014-06-19,19.4702091217041,24.78499984741211,24.875,24.739999771118164,24.864999771118164,11532800
2014-06-20,19.5889892578125,24.81999969482422,24.834999084472656,24.665000915527344,24.700000762939453,8435800
2014-06-23,19.616613388061523,24.854999542236328,24.93000030517578,24.7450008392334,24.850000381469727,5905400
2014-06-24,19.431142807006836,24.6200008392334,24.934999465942383,24.6200008392334,24.795000076293945,8749800
2014-06-25,19.585052490234375,24.815000534057617,24.934999465942383,24.665000915527344,24.665000915527344,13433600
2014-06-26,19.581098556518555,24.809999465942383,24.915000915527344,24.674999237060547,24.864999771118164,10903800
2014-06-27,19.521907806396484,24.735000610351562,24.7450008392334,24.579999923706055,24.6299991607666,12705200
2014-06-30,19.5889892578125,24.81999969482422,24.860000610351562,24.645000457763672,24.729999542236328,26147400
2014-07-01,19.6363468170166,24.8799991607666,24.979999542236328,24.795000076293945,24.850000381469727,13985800
2014-07-02,19.660017013549805,24.90999984741211,24.975000381469727,24.860000610351562,24.899999618530273,7745000
2014-07-03,19.786300659179688,25.06999969482422,25.094999313354492,24.959999084472656,24.96500015258789,5619400
2014-07-07,19.62055778503418,24.860000610351562,25.05500030517578,24.815000534057617,25.03499984741211,9971200
2014-07-08,19.569263458251953,24.795000076293945,24.860000610351562,24.725000381469727,24.844999313354492,8553200
2014-07-09,19.6363468170166,24.8799991607666,24.915000915527344,24.809999465942383,24.875,8361800
2014-07-10,19.549530029296875,24.770000457763672,24.875,24.635000228881836,24.65999984741211,8062600
2014-07-11,19.585052490234375,24.815000534057617,24.84000015258789,24.709999084472656,24.760000228881836,6975600
2014-07-14,19.573198318481445,24.799999237060547,24.940000534057617,24.790000915527344,24.940000534057617,5030600
2014-07-15,19.533742904663086,24.75,24.975000381469727,24.68000030517578,24.815000534057617,5648000
2014-07-16,19.66791534423828,24.920000076293945,24.940000534057617,24.81999969482422,24.829999923706055,7690200
2014-07-17,19.585052490234375,24.815000534057617,24.959999084472656,24.770000457763672,24.834999084472656,11014400
2014-07-18,19.707380294799805,24.969999313354492,25.014999389648438,24.815000534057617,24.834999084472656,9729600
2014-07-21,19.65212631225586,24.899999618530273,24.940000534057617,24.799999237060547,24.885000228881836,9859200
2014-07-22,19.679746627807617,24.934999465942383,25.010000228881836,24.924999237060547,24.975000381469727,5637400
2014-07-23,19.762622833251953,25.040000915527344,25.09000015258789,24.875,24.940000534057617,4522600
2014-07-24,19.73893928527832,25.010000228881836,25.094999313354492,24.959999084472656,25.040000915527344,5000800
2014-07-25,19.77446174621582,25.05500030517578,25.139999389648438,24.950000762939453,24.950000762939453,4778400
2014-07-28,19.825763702392578,25.1200008392334,25.184999465942383,24.975000381469727,25.05500030517578,21347400
2014-07-29,19.68370819091797,24.940000534057617,25.170000076293945,24.93000030517578,25.149999618530273,7769200
2014-07-30,19.581098556518555,24.809999465942383,25.065000534057617,24.760000228881836,25.0049991607666,10548000
2014-07-31,19.198314666748047,24.325000762939453,24.700000762939453,24.325000762939453,24.625,12917600
2014-08-01,19.214099884033203,24.344999313354492,24.43000030517578,24.190000534057617,24.274999618530273,11244000
2014-08-04,19.442983627319336,24.635000228881836,24.65999984741211,24.28499984741211,24.415000915527344,9932600
2014-08-05,19.241722106933594,24.3799991607666,24.59000015258789,24.309999465942383,24.424999237060547,10275200
2014-08-06,19.3837890625,24.559999465942383,24.594999313354492,24.270000457763672,24.31999969482422,12717400
2014-08-07,19.214099884033203,24.344999313354492,24.7450008392334,24.280000686645508,24.670000076293945,10167400
2014-08-08,19.415355682373047,24.600000381469727,24.614999771118164,24.309999465942383,24.399999618530273,8538200
2014-08-11,19.395627975463867,24.575000762939453,24.760000228881836,24.565000534057617,24.665000915527344,10983400
2014-08-12,19.45876693725586,24.655000686645508,24.684999465942383,24.520000457763672,24.56999969482422,14594400
2014-08-13,19.56531524658203,24.790000915527344,24.815000534057617,24.635000228881836,24.764999389648438,8602600
2014-08-14,19.56531524658203,24.790000915527344,24.844999313354492,24.764999389648438,24.829999923706055,7214600
2014-08-15,19.62450408935547,24.864999771118164,24.975000381469727,24.665000915527344,24.8799991607666,8879000
2014-08-18,19.81787109375,25.110000610351562,25.110000610351562,24.96500015258789,24.96500015258789,10696200
2014-08-19,19.877059936523438,25.184999465942383,25.225000381469727,25.1200008392334,25.149999618530273,6270000
2014-08-20,19.904685974121094,25.219999313354492,25.25,25.125,25.149999618530273,9600800
2014-08-21,19.877059936523438,25.184999465942383,25.264999389648438,25.114999771118164,25.2549991607666,2725800
2014-08-22,19.798137664794922,25.084999084472656,25.18000030517578,25.03499984741211,25.18000030517578,3614400
2014-08-25,19.87312126159668,25.18000030517578,25.229999542236328,25.135000228881836,25.229999542236328,3126200
2014-08-26,19.892850875854492,25.204999923706055,25.264999389648438,25.184999465942383,25.19499969482422,3818400
2014-08-27,19.892850875854492,25.204999923706055,25.264999389648438,25.155000686645508,25.2450008392334,6599200
2014-08-28,19.90863800048828,25.225000381469727,25.2549991607666,25.06999969482422,25.15999984741211,3672200
2014-08-29,19.940200805664062,25.264999389648438,25.299999237060547,25.19499969482422,25.274999618530273,5321000
2014-09-02,19.87312126159668,25.18000030517578,25.30500030517578,25.1299991607666,25.260000228881836,13216800
2014-09-03,19.904685974121094,25.219999313354492,25.329999923706055,25.204999923706055,25.280000686645508,6255600
2014-09-04,19.904685974121094,25.219999313354492,25.3799991607666,25.15999984741211,25.239999771118164,11554000
2014-09-05,19.991504669189453,25.329999923706055,25.334999084472656,25.1299991607666,25.200000762939453,6153600
2014-09-08,19.912572860717773,25.229999542236328,25.3700008392334,25.184999465942383,25.28499984741211,4607600
2014-09-09,19.750782012939453,25.024999618530273,25.204999923706055,24.969999313354492,25.200000762939453,6321000
2014-09-10,19.750782012939453,25.024999618530273,25.040000915527344,24.80500030517578,24.979999542236328,12728000
2014-09-11,19.723159790039062,24.989999771118164,25.045000076293945,24.895000457763672,24.90999984741211,8525400
2014-09-12,19.63239860534668,24.875,25.03499984741211,24.780000686645508,24.96500015258789,7705000
2014-09-15,19.660017013549805,24.90999984741211,24.975000381469727,24.78499984741211,24.895000457763672,6382000
2014-09-16,19.750782012939453,25.024999618530273,25.1299991607666,24.829999923706055,24.850000381469727,6635000
2014-09-17,19.86916732788086,25.174999237060547,25.309999465942383,25.075000762939453,25.15999984741211,10319800
2014-09-18,20.00334358215332,25.344999313354492,25.385000228881836,25.25,25.274999618530273,8969800
2014-09-19,19.996994018554688,25.219999313354492,25.415000915527344,25.174999237060547,25.329999923706055,12151000
2014-09-22,19.989063262939453,25.209999084472656,25.43000030517578,25.190000534057617,25.354999542236328,7674400
2014-09-23,19.885990142822266,25.079999923706055,25.229999542236328,25.06999969482422,25.184999465942383,5931000
2014-09-24,20.092145919799805,25.34000015258789,25.364999771118164,25.065000534057617,25.094999313354492,8558200
2014-09-25,19.786882400512695,24.954999923706055,25.2549991607666,24.954999923706055,25.2450008392334,9410000
2014-09-26,19.981143951416016,25.200000762939453,25.225000381469727,24.954999923706055,24.975000381469727,9455000
2014-09-29,19.897886276245117,25.094999313354492,25.165000915527344,24.93000030517578,25.084999084472656,18208000
2014-09-30,19.660015106201172,24.795000076293945,25.114999771118164,24.75,25.06999969482422,15665800
2014-10-01,19.1961669921875,24.209999084472656,24.75,24.149999618530273,24.75,22576200
2014-10-02,19.148588180541992,24.149999618530273,24.21500015258789,23.815000534057617,24.155000686645508,18147000
2014-10-03,19.204097747802734,24.219999313354492,24.344999313354492,24.18000030517578,24.290000915527344,10886200
2014-10-06,19.20013427734375,24.21500015258789,24.375,24.135000228881836,24.315000534057617,9574800
2014-10-07,18.863149642944336,23.790000915527344,24.145000457763672,23.78499984741211,24.145000457763672,12121400
2014-10-08,19.108949661254883,24.100000381469727,24.135000228881836,23.524999618530273,23.790000915527344,21046800
2014-10-09,18.641136169433594,23.510000228881836,24.110000610351562,23.434999465942383,24.100000381469727,29256400
2014-10-10,18.355688095092773,23.149999618530273,23.600000381469727,23.145000457763672,23.514999389648438,30357400
2014-10-13,17.88391876220703,22.55500030517578,23.31999969482422,22.520000457763672,23.125,33150600
2014-10-14,17.93941307067871,22.625,22.950000762939453,22.475000381469727,22.704999923706055,22002600
2014-10-15,18.062313079833984,22.780000686645508,22.875,22.045000076293945,22.21500015258789,37910800
2014-10-16,18.240718841552734,23.0049991607666,23.135000228881836,22.34000015258789,22.3799991607666,40441000
2014-10-17,18.482559204101562,23.309999465942383,23.485000610351562,23.200000762939453,23.25,22297400
2014-10-20,18.764041900634766,23.665000915527344,23.68000030517578,23.165000915527344,23.260000228881836,34382600
2014-10-21,19.16841697692871,24.174999237060547,24.209999084472656,23.799999237060547,23.80500030517578,14263600
2014-10-22,19.01380157470703,23.979999542236328,24.399999618530273,23.96500015258789,24.350000381469727,18426400
2014-10-23,18.99793815612793,23.959999084472656,24.225000381469727,23.895000457763672,24.155000686645508,59893600
2014-10-24,19.140663146972656,24.139999389648438,24.165000915527344,23.78499984741211,24.0049991607666,13400600
2014-10-27,18.740245819091797,23.635000228881836,23.975000381469727,23.540000915527344,23.924999237060547,70286800
2014-10-28,18.92658805847168,23.8700008392334,23.889999389648438,23.690000534057617,23.78499984741211,15180600
2014-10-29,18.692672729492188,23.575000762939453,23.899999618530273,23.415000915527344,23.864999771118164,47813800
2014-10-30,18.835391998291016,23.7549991607666,23.8799991607666,23.485000610351562,23.485000610351562,13382800
2014-10-31,19.1882381439209,24.200000762939453,24.209999084472656,23.8700008392334,23.954999923706055,16805200
2014-11-03,19.053443908691406,24.030000686645508,24.299999237060547,23.94499969482422,24.209999084472656,41656400
2014-11-04,18.855222702026367,23.780000686645508,24.020000457763672,23.670000076293945,23.96500015258789,26076200
2014-11-05,19.03759002685547,24.010000228881836,24.05500030517578,23.815000534057617,23.829999923706055,12231800
2014-11-06,19.19220542907715,24.204999923706055,24.2549991607666,23.93000030517578,23.93000030517578,7653000
2014-11-07,19.283382415771484,24.31999969482422,24.360000610351562,24.21500015258789,24.229999542236328,10205000
2014-11-10,19.334928512573242,24.385000228881836,24.399999618530273,24.25,24.309999465942383,7286000
2014-11-11,19.430078506469727,24.5049991607666,24.524999618530273,24.344999313354492,24.375,7220400
2014-11-12,19.47764778137207,24.565000534057617,24.625,24.450000762939453,24.485000610351562,7708000
2014-11-13,19.481616973876953,24.56999969482422,24.764999389648438,24.434999465942383,24.59000015258789,8238600
2014-11-14,19.54108238220215,24.645000457763672,24.69499969482422,24.540000915527344,24.600000381469727,6337400
2014-11-17,19.5371150970459,24.639999389648438,24.670000076293945,24.549999237060547,24.625,5254200
2014-11-18,19.771024703979492,24.934999465942383,24.954999923706055,24.645000457763672,24.645000457763672,10036200
2014-11-19,19.743268966674805,24.899999618530273,24.979999542236328,24.815000534057617,24.915000915527344,9681800
2014-11-20,19.84635353088379,25.030000686645508,25.030000686645508,24.700000762939453,24.774999618530273,7717000
2014-11-21,20.08818244934082,25.334999084472656,25.5049991607666,25.239999771118164,25.350000381469727,19118400
2014-11-24,19.996994018554688,25.219999313354492,25.375,25.18000030517578,25.375,4283800
2014-11-25,19.92563819885254,25.1299991607666,25.299999237060547,25.110000610351562,25.225000381469727,4812800
2014-11-26,19.941492080688477,25.149999618530273,25.165000915527344,24.959999084472656,25.05500030517578,3762000
2014-11-28,19.489547729492188,24.579999923706055,24.93000030517578,24.524999618530273,24.905000686645508,9735400
2014-12-01,19.287355422973633,24.325000762939453,24.614999771118164,24.19499969482422,24.5049991607666,24024600
2014-12-02,19.40232276916504,24.469999313354492,24.524999618530273,24.270000457763672,24.325000762939453,11861000
2014-12-03,19.687768936157227,24.829999923706055,24.864999771118164,24.46500015258789,24.524999618530273,14694400
2014-12-04,19.747238159179688,24.905000686645508,24.96500015258789,24.7450008392334,24.764999389648438,11708000
2014-12-05,19.731372833251953,24.885000228881836,25.05500030517578,24.84000015258789,24.899999618530273,6722200
2014-12-08,19.41817855834961,24.489999771118164,24.860000610351562,24.454999923706055,24.854999542236328,11003800
2014-12-09,19.469711303710938,24.55500030517578,24.56999969482422,24.260000228881836,24.360000610351562,12046800
2014-12-10,19.069299697875977,24.049999237060547,24.479999542236328,23.989999771118164,24.454999923706055,15161200
2014-12-11,19.085166931152344,24.06999969482422,24.329999923706055,24.020000457763672,24.125,7843600
2014-12-12,18.553916931152344,23.399999618530273,23.959999084472656,23.385000228881836,23.825000762939453,17337800
2014-12-15,18.454803466796875,23.274999618530273,23.55500030517578,23.18000030517578,23.485000610351562,17990000
2014-12-16,18.31208038330078,23.094999313354492,23.670000076293945,23.09000015258789,23.190000534057617,19044000
2014-12-17,18.811607360839844,23.725000381469727,23.790000915527344,23.18000030517578,23.18000030517578,21216000
2014-12-18,19.239776611328125,24.264999389648438,24.280000686645508,23.8799991607666,24.094999313354492,14030200
2014-12-19,19.476755142211914,24.40999984741211,24.4950008392334,24.219999313354492,24.325000762939453,10772600
2014-12-22,19.488727569580078,24.424999237060547,24.485000610351562,24.28499984741211,24.485000610351562,6613400
2014-12-23,19.64032554626465,24.614999771118164,24.684999465942383,24.475000381469727,24.524999618530273,14191200
2014-12-24,19.5725040435791,24.530000686645508,24.6200008392334,24.489999771118164,24.524999618530273,3757600
2014-12-26,19.64032554626465,24.614999771118164,24.69499969482422,24.579999923706055,24.68000030517578,2594000
2014-12-29,19.64032554626465,24.614999771118164,24.684999465942383,24.55500030517578,24.55500030517578,4346400
2014-12-30,19.5725040435791,24.530000686645508,24.639999389648438,24.520000457763672,24.559999465942383,4335200
2014-12-31,19.38100814819336,24.290000915527344,24.584999084472656,24.28499984741211,24.584999084472656,5968800
2015-01-02,19.408939361572266,24.325000762939453,24.434999465942383,24.18000030517578,24.290000915527344,10469600
2015-01-05,18.914228439331055,23.704999923706055,24.209999084472656,23.600000381469727,24.139999389648438,10877600
2015-01-06,18.746675491333008,23.4950008392334,23.850000381469727,23.3700008392334,23.774999618530273,10109000
2015-01-07,18.958118438720703,23.760000228881836,23.829999923706055,23.579999923706055,23.670000076293945,7120600
2015-01-08,19.408939361572266,24.325000762939453,24.389999389648438,23.940000534057617,24.0,15281000
2015-01-09,19.3091983795166,24.200000762939453,24.489999771118164,24.09000015258789,24.434999465942383,13701600
2015-01-12,19.26531410217285,24.145000457763672,24.2450008392334,23.875,24.084999084472656,9316200
2015-01-13,19.04987335205078,23.875,24.350000381469727,23.684999465942383,24.280000686645508,11710000
2015-01-14,18.826467514038086,23.594999313354492,23.6299991607666,23.219999313354492,23.454999923706055,13568600
2015-01-15,18.790563583374023,23.549999237060547,23.915000915527344,23.549999237060547,23.700000762939453,11710800
2015-01-16,19.08976936340332,23.924999237060547,23.96500015258789,23.514999389648438,23.584999084472656,10920400
2015-01-20,19.121685028076172,23.96500015258789,24.1200008392334,23.735000610351562,24.09000015258789,8123200
2015-01-21,19.3091983795166,24.200000762939453,24.225000381469727,23.854999542236328,23.915000915527344,9423200
2015-01-22,19.552560806274414,24.5049991607666,24.545000076293945,24.155000686645508,24.31999969482422,11556600
2015-01-23,19.24934959411621,24.125,24.454999923706055,24.110000610351562,24.454999923706055,10073400
2015-01-26,19.333133697509766,24.229999542236328,24.260000228881836,24.0049991607666,24.110000610351562,6202200
2015-01-27,19.201478958129883,24.065000534057617,24.239999771118164,23.790000915527344,23.895000457763672,9032800
2015-01-28,18.85439109802246,23.6299991607666,24.145000457763672,23.59000015258789,24.100000381469727,11557000
2015-01-29,19.10174560546875,23.940000534057617,23.979999542236328,23.5049991607666,23.65999984741211,11916800
2015-01-30,19.025943756103516,23.844999313354492,24.1299991607666,23.674999237060547,23.739999771118164,15617400
2015-02-02,19.19748878479004,24.059999465942383,24.125,23.709999084472656,23.8700008392334,13251000
2015-02-03,19.620372772216797,24.59000015258789,24.604999542236328,24.190000534057617,24.225000381469727,12252200
2015-02-04,19.492712020874023,24.43000030517578,24.614999771118164,24.375,24.440000534057617,11367200
2015-02-05,19.963478088378906,25.020000457763672,25.045000076293945,24.510000228881836,24.510000228881836,11729000
2015-02-06,19.915597915649414,24.959999084472656,25.06999969482422,24.889999389648438,25.030000686645508,11220200
2015-02-09,19.89166259765625,24.93000030517578,25.075000762939453,24.825000762939453,24.825000762939453,7411200
2015-02-10,20.03927230834961,25.114999771118164,25.139999389648438,24.854999542236328,25.09000015258789,6491000
2015-02-11,20.00735855102539,25.075000762939453,25.165000915527344,24.93000030517578,25.049999237060547,6447800
2015-02-12,20.350452423095703,25.5049991607666,25.579999923706055,25.225000381469727,25.225000381469727,9801200
2015-02-13,20.522008895874023,25.719999313354492,25.764999389648438,25.524999618530273,25.575000762939453,5802800
2015-02-17,20.54593849182129,25.75,25.850000381469727,25.559999465942383,25.604999542236328,6542400
2015-02-18,20.601797103881836,25.81999969482422,25.81999969482422,25.56999969482422,25.674999237060547,5948400
2015-02-19,20.65764617919922,25.889999389648438,25.950000762939453,25.639999389648438,25.7549991607666,6011400
2015-02-20,20.717496871948242,25.96500015258789,26.0049991607666,25.635000228881836,25.84000015258789,7145800
2015-02-23,20.693553924560547,25.934999465942383,25.985000610351562,25.764999389648438,25.8799991607666,5530200
2015-02-24,20.781322479248047,26.045000076293945,26.079999923706055,25.899999618530273,26.0049991607666,4613600
2015-02-25,20.72147560119629,25.969999313354492,26.110000610351562,25.924999237060547,26.030000686645508,3915200
2015-02-26,20.589820861816406,25.80500030517578,26.020000457763672,25.729999542236328,25.96500015258789,5456000
2015-02-27,20.541950225830078,25.7450008392334,25.8799991607666,25.735000610351562,25.774999618530273,6721200
2015-03-02,20.67759895324707,25.915000915527344,25.924999237060547,25.635000228881836,25.7549991607666,6564600
2015-03-03,20.56588363647461,25.774999618530273,25.90999984741211,25.690000534057617,25.81999969482422,6416600
2015-03-04,20.494077682495117,25.684999465942383,25.7450008392334,25.510000228881836,25.6299991607666,6586200
2015-03-05,20.40631103515625,25.575000762939453,25.75,25.485000610351562,25.75,3874800
2015-03-06,20.131027221679688,25.229999542236328,25.46500015258789,25.18000030517578,25.459999084472656,8790000
2015-03-09,20.158952713012695,25.264999389648438,25.344999313354492,25.209999084472656,25.25,5047400
2015-03-10,19.851768493652344,24.8799991607666,25.065000534057617,24.844999313354492,25.065000534057617,10305200
2015-03-11,19.82783317565918,24.850000381469727,24.969999313354492,24.809999465942383,24.924999237060547,5070400
2015-03-12,20.075180053710938,25.15999984741211,25.18000030517578,24.875,24.875,6201200
2015-03-13,19.88368797302246,24.920000076293945,25.06999969482422,24.760000228881836,25.049999237060547,8384400
2015-03-16,19.851768493652344,24.8799991607666,25.030000686645508,24.770000457763672,25.030000686645508,8025200
2015-03-17,19.63234519958496,24.604999542236328,24.764999389648438,24.5,24.704999923706055,15766000
2015-03-18,19.931554794311523,24.979999542236328,25.1299991607666,24.354999542236328,24.485000610351562,12978400
2015-03-19,19.58846664428711,24.549999237060547,24.889999389648438,24.524999618530273,24.854999542236328,7913600
2015-03-20,19.71460723876953,24.614999771118164,24.774999618530273,24.440000534057617,24.520000457763672,9535000
2015-03-23,19.71460723876953,24.614999771118164,24.71500015258789,24.549999237060547,24.584999084472656,6741200
2015-03-24,19.650531768798828,24.53499984741211,24.649999618530273,24.450000762939453,24.565000534057617,4460200
2015-03-25,19.430280685424805,24.260000228881836,24.674999237060547,24.260000228881836,24.579999923706055,7364200
2015-03-26,19.474328994750977,24.315000534057617,24.405000686645508,24.19499969482422,24.225000381469727,8144800
2015-03-27,19.46632194519043,24.30500030517578,24.450000762939453,24.270000457763672,24.3700008392334,7369200
2015-03-30,19.73063087463379,24.635000228881836,24.71500015258789,24.454999923706055,24.454999923706055,5590200
2015-03-31,19.53439712524414,24.389999389648438,24.575000762939453,24.389999389648438,24.520000457763672,6928000
2015-04-01,19.5904598236084,24.459999084472656,24.5,24.239999771118164,24.440000534057617,8416000
2015-04-02,19.61048698425293,24.485000610351562,24.55500030517578,24.350000381469727,24.350000381469727,4940800
2015-04-06,19.766672134399414,24.68000030517578,24.75,24.295000076293945,24.454999923706055,5381800
2015-04-07,19.734630584716797,24.639999389648438,24.844999313354492,24.600000381469727,24.600000381469727,3673600
2015-04-08,19.790685653686523,24.709999084472656,24.80500030517578,24.584999084472656,24.7549991607666,4251200
2015-04-09,19.846759796142578,24.780000686645508,24.84000015258789,24.649999618530273,24.674999237060547,3810600
2015-04-10,19.90281867980957,24.850000381469727,24.854999542236328,24.735000610351562,24.80500030517578,3340000
2015-04-13,19.822731018066406,24.75,24.8700008392334,24.739999771118164,24.760000228881836,3009200
2015-04-14,19.906829833984375,24.854999542236328,24.895000457763672,24.690000534057617,24.700000762939453,4350600
2015-04-15,20.099048614501953,25.094999313354492,25.190000534057617,24.90999984741211,24.90999984741211,6234400
2015-04-16,20.054990768432617,25.040000915527344,25.174999237060547,24.959999084472656,25.100000381469727,4335000
2015-04-17,19.870786666870117,24.809999465942383,24.979999542236328,24.719999313354492,24.899999618530273,7655800
2015-04-20,20.014949798583984,24.989999771118164,25.024999618530273,24.850000381469727,24.850000381469727,4301400
2015-04-21,19.866777420043945,24.80500030517578,25.05500030517578,24.709999084472656,25.05500030517578,7943800
2015-04-22,19.906829833984375,24.854999542236328,24.8799991607666,24.655000686645508,24.864999771118164,5424800
2015-04-23,19.95888900756836,24.920000076293945,25.024999618530273,24.795000076293945,24.885000228881836,9665600
2015-04-24,20.127079010009766,25.1299991607666,25.139999389648438,25.0,25.045000076293945,6189200
2015-04-27,20.303274154663086,25.350000381469727,25.459999084472656,25.19499969482422,25.204999923706055,7235800
2015-04-28,20.331310272216797,25.385000228881836,25.420000076293945,25.204999923706055,25.344999313354492,6369000
2015-04-29,20.31930160522461,25.3700008392334,25.459999084472656,25.174999237060547,25.25,6888600
2015-04-30,20.191144943237305,25.209999084472656,25.399999618530273,25.114999771118164,25.280000686645508,8893400
2015-05-01,20.523534774780273,25.625,25.690000534057617,25.31999969482422,25.364999771118164,13499800
2015-05-04,20.46746826171875,25.55500030517578,25.7450008392334,25.545000076293945,25.700000762939453,8300400
2015-05-05,20.235197067260742,25.264999389648438,25.69499969482422,25.204999923706055,25.5,7522600
2015-05-06,20.23921012878418,25.270000457763672,25.459999084472656,25.18000030517578,25.40999984741211,10031200
2015-05-07,20.327306747436523,25.3799991607666,25.405000686645508,25.059999465942383,25.1299991607666,12460800
2015-05-08,20.651681900024414,25.78499984741211,25.889999389648438,25.670000076293945,25.674999237060547,9262000
2015-05-11,20.55556869506836,25.665000915527344,25.809999465942383,25.625,25.770000457763672,8234400
2015-05-12,20.339324951171875,25.395000457763672,25.56999969482422,25.3799991607666,25.56999969482422,7549600
2015-05-13,20.315288543701172,25.364999771118164,25.475000381469727,25.270000457763672,25.325000762939453,7628000
2015-05-14,20.52753257751465,25.6299991607666,25.649999618530273,25.489999771118164,25.489999771118164,6319000
2015-05-15,20.627649307250977,25.7549991607666,25.7549991607666,25.545000076293945,25.604999542236328,6259800
2015-05-18,20.535547256469727,25.639999389648438,25.725000381469727,25.584999084472656,25.645000457763672,5381000
2015-05-19,20.435428619384766,25.514999389648438,25.649999618530273,25.440000534057617,25.604999542236328,5429000
2015-05-20,20.42340850830078,25.5,25.584999084472656,25.434999465942383,25.559999465942383,4407400
2015-05-21,20.495502471923828,25.59000015258789,25.645000457763672,25.434999465942383,25.510000228881836,3818800
2015-05-22,20.471471786499023,25.559999465942383,25.610000610351562,25.514999389648438,25.575000762939453,3509000
2015-05-26,20.215181350708008,25.239999771118164,25.434999465942383,25.145000457763672,25.43000030517578,7575200
2015-05-27,20.347332000732422,25.405000686645508,25.44499969482422,25.209999084472656,25.239999771118164,5586000
2015-05-28,20.39938735961914,25.469999313354492,25.485000610351562,25.315000534057617,25.364999771118164,3484200
2015-05-29,20.267240524291992,25.30500030517578,25.46500015258789,25.239999771118164,25.459999084472656,6502400
2015-06-01,20.275245666503906,25.315000534057617,25.385000228881836,25.139999389648438,25.364999771118164,8735800
2015-06-02,20.339324951171875,25.395000457763672,25.510000228881836,25.225000381469727,25.280000686645508,7311600
2015-06-03,20.359338760375977,25.420000076293945,25.575000762939453,25.375,25.479999542236328,5260400
2015-06-04,20.11906623840332,25.1200008392334,25.270000457763672,25.0,25.270000457763672,7545400
2015-06-05,20.026968002319336,25.0049991607666,25.125,24.899999618530273,25.03499984741211,5924400
2015-06-08,19.954879760742188,24.915000915527344,25.05500030517578,24.90999984741211,25.0049991607666,7849000
2015-06-09,19.96689796447754,24.93000030517578,25.065000534057617,24.899999618530273,24.899999618530273,5217600
2015-06-10,20.175132751464844,25.190000534057617,25.280000686645508,25.065000534057617,25.079999923706055,5454400
2015-06-11,20.223182678222656,25.25,25.299999237060547,25.18000030517578,25.21500015258789,3716400
2015-06-12,20.103044509887695,25.100000381469727,25.219999313354492,25.049999237060547,25.209999084472656,4747000
2015-06-15,19.978910446166992,24.94499969482422,25.040000915527344,24.815000534057617,24.90999984741211,6711800
2015-06-16,20.08302879333496,25.075000762939453,25.09000015258789,24.8799991607666,24.895000457763672,4290400
2015-06-17,20.167129516601562,25.18000030517578,25.235000610351562,24.940000534057617,25.125,7079200
2015-06-18,20.33531379699707,25.389999389648438,25.454999923706055,25.2549991607666,25.270000457763672,7331200
2015-06-19,20.198936462402344,25.104999542236328,25.31999969482422,25.104999542236328,25.235000610351562,7395000
2015-06-22,20.275373458862305,25.200000762939453,25.239999771118164,25.125,25.239999771118164,3962600
2015-06-23,20.219057083129883,25.1299991607666,25.239999771118164,25.079999923706055,25.209999084472656,4503200
2015-06-24,19.961593627929688,24.809999465942383,25.09000015258789,24.80500030517578,25.075000762939453,6282600
2015-06-25,19.94550132751465,24.790000915527344,24.90999984741211,24.71500015258789,24.81999969482422,4896200
2015-06-26,19.869064331054688,24.69499969482422,24.885000228881836,24.65999984741211,24.84000015258789,5812000
2015-06-29,19.40643310546875,24.1200008392334,24.584999084472656,24.094999313354492,24.5049991607666,12405400
2015-06-30,19.466773986816406,24.19499969482422,24.399999618530273,24.139999389648438,24.329999923706055,12598400
2015-07-01,19.575395584106445,24.329999923706055,24.44499969482422,24.264999389648438,24.434999465942383,10832600
2015-07-02,19.515050888061523,24.2549991607666,24.420000076293945,24.165000915527344,24.364999771118164,10276600
2015-07-06,19.354135513305664,24.05500030517578,24.28499984741211,23.920000076293945,24.05500030517578,12870600
2015-07-07,19.289770126342773,23.975000381469727,24.05500030517578,23.565000534057617,24.0,13718200
2015-07-08,18.86736297607422,23.450000762939453,23.844999313354492,23.43000030517578,23.774999618530273,14981600
2015-07-09,18.923683166503906,23.520000457763672,23.825000762939453,23.514999389648438,23.795000076293945,9807600
2015-07-10,19.189199447631836,23.850000381469727,23.899999618530273,23.725000381469727,23.78499984741211,7608400
2015-07-13,19.398386001586914,24.110000610351562,24.135000228881836,23.959999084472656,24.0,5799800
2015-07-14,19.507001876831055,24.2450008392334,24.295000076293945,24.040000915527344,24.040000915527344,4889000
2015-07-15,19.354135513305664,24.05500030517578,24.260000228881836,23.9950008392334,24.25,6131800
2015-07-16,19.305856704711914,23.9950008392334,24.06999969482422,23.915000915527344,23.9950008392334,9163400
2015-07-17,19.173105239868164,23.829999923706055,23.985000610351562,23.704999923706055,23.920000076293945,14497000
2015-07-20,19.01218605041504,23.6299991607666,23.834999084472656,23.584999084472656,23.834999084472656,8895400
2015-07-21,18.895524978637695,23.485000610351562,23.799999237060547,23.415000915527344,23.610000610351562,6918600
2015-07-22,18.815065383911133,23.385000228881836,23.5049991607666,23.329999923706055,23.434999465942383,11785000
2015-07-23,18.541507720947266,23.045000076293945,23.5,22.985000610351562,23.440000534057617,9715200
2015-07-24,18.13520050048828,22.540000915527344,23.049999237060547,22.395000457763672,23.040000915527344,14524400
2015-07-27,17.934057235717773,22.290000915527344,22.559999465942383,22.235000610351562,22.30500030517578,18553800
2015-07-28,18.308183670043945,22.7549991607666,22.815000534057617,22.21500015258789,22.325000762939453,28776400
2015-07-29,18.44093894958496,22.920000076293945,22.989999771118164,22.68000030517578,22.790000915527344,19170800
2015-07-30,18.533462524414062,23.03499984741211,23.06999969482422,22.899999618530273,22.924999237060547,11191600
2015-07-31,18.485191345214844,22.975000381469727,23.19499969482422,22.93000030517578,23.19499969482422,9396000
2015-08-03,18.340364456176758,22.795000076293945,23.059999465942383,22.674999237060547,22.954999923706055,11408400
2015-08-04,18.420822143554688,22.895000457763672,23.024999618530273,22.80500030517578,22.809999465942383,13195600
2015-08-05,18.513349533081055,23.010000228881836,23.2549991607666,22.934999465942383,23.059999465942383,11673400
2015-08-06,18.4489803314209,22.93000030517578,23.09000015258789,22.895000457763672,23.0049991607666,12226800
2015-08-07,18.191516876220703,22.610000610351562,22.924999237060547,22.53499984741211,22.780000686645508,11703000
2015-08-10,18.638057708740234,23.165000915527344,23.18000030517578,22.684999465942383,22.825000762939453,10623000
2015-08-11,18.292089462280273,22.735000610351562,22.915000915527344,22.639999389648438,22.799999237060547,11703800
2015-08-12,18.360475540161133,22.81999969482422,22.850000381469727,22.485000610351562,22.549999237060547,13284600
2015-08-13,18.308183670043945,22.7549991607666,22.854999542236328,22.674999237060547,22.75,6056000
2015-08-14,18.392669677734375,22.860000610351562,22.8799991607666,22.719999313354492,22.780000686645508,4275600
2015-08-17,18.497257232666016,22.989999771118164,23.0,22.704999923706055,22.80500030517578,5095800
2015-08-18,18.37656593322754,22.84000015258789,22.985000610351562,22.815000534057617,22.94499969482422,5708000
2015-08-19,18.151288986206055,22.559999465942383,22.735000610351562,22.46500015258789,22.725000381469727,8573200
2015-08-20,17.809345245361328,22.135000228881836,22.485000610351562,22.135000228881836,22.420000076293945,11617400
2015-08-21,17.37487030029297,21.594999313354492,22.045000076293945,21.594999313354492,22.0049991607666,25100400
2015-08-24,16.6467227935791,20.690000534057617,21.43000030517578,19.674999237060547,20.31999969482422,55362200
2015-08-25,16.38524055480957,20.364999771118164,21.469999313354492,20.329999923706055,21.020000457763672,26679000
2015-08-26,16.827762603759766,20.915000915527344,20.959999084472656,20.44499969482422,20.790000915527344,48975800
2015-08-27,17.43924331665039,21.674999237060547,21.780000686645508,21.225000381469727,21.25,23275400
2015-08-28,17.539812088012695,21.799999237060547,21.8799991607666,21.549999237060547,21.6200008392334,12740600
2015-08-31,17.443260192871094,21.68000030517578,21.84000015258789,21.440000534057617,21.719999313354492,17998800
2015-09-01,16.9122371673584,21.020000457763672,21.3799991607666,20.889999389648438,21.110000610351562,17978400
2015-09-02,17.153610229492188,21.31999969482422,21.344999313354492,20.9950008392334,21.274999618530273,14753000
2015-09-03,17.258209228515625,21.450000762939453,21.690000534057617,21.354999542236328,21.375,9719000
2015-09-04,16.91626739501953,21.024999618530273,21.219999313354492,20.989999771118164,21.114999771118164,14536000
2015-09-08,17.33866310119629,21.549999237060547,21.56999969482422,21.290000915527344,21.405000686645508,13149600
2015-09-09,17.20591163635254,21.385000228881836,21.864999771118164,21.350000381469727,21.68000030517578,13668800
2015-09-10,17.246135711669922,21.434999465942383,21.579999923706055,21.264999389648438,21.264999389648438,10947400
2015-09-11,17.222003936767578,21.405000686645508,21.415000915527344,21.21500015258789,21.2450008392334,5799000
2015-09-14,17.016830444335938,21.149999618530273,21.3799991607666,21.100000381469727,21.375,6685800
2015-09-15,17.141544342041016,21.30500030517578,21.364999771118164,21.139999389648438,21.190000534057617,7124000
2015-09-16,17.38693618774414,21.610000610351562,21.6299991607666,21.299999237060547,21.325000762939453,8727000
2015-09-17,17.306482315063477,21.510000228881836,21.8700008392334,21.46500015258789,21.56999969482422,18276000
2015-09-18,16.941598892211914,20.940000534057617,21.174999237060547,20.8700008392334,21.045000076293945,20257200
2015-09-21,16.99823760986328,21.010000228881836,21.174999237060547,20.934999465942383,21.09000015258789,12034600
2015-09-22,16.68270492553711,20.6200008392334,20.71500015258789,20.440000534057617,20.69499969482422,13189600
2015-09-23,16.32672119140625,20.18000030517578,20.65999984741211,20.149999618530273,20.649999618530273,13856200
2015-09-24,16.282217025756836,20.125,20.190000534057617,19.729999542236328,20.0049991607666,18589000
2015-09-25,16.261993408203125,20.100000381469727,20.315000534057617,19.979999542236328,20.315000534057617,14634200
2015-09-28,15.756332397460938,19.475000381469727,20.014999389648438,19.424999237060547,20.010000228881836,24683600
2015-09-29,15.817011833190918,19.549999237060547,19.725000381469727,19.415000915527344,19.56999969482422,26944200
2015-09-30,16.148723602294922,19.959999084472656,20.0,19.700000762939453,19.790000915527344,15304400
2015-10-01,16.33075714111328,20.184999465942383,20.184999465942383,19.780000686645508,20.040000915527344,19226200
2015-10-02,16.731243133544922,20.68000030517578,20.68000030517578,19.844999313354492,19.844999313354492,46276000
2015-10-05,17.168128967285156,21.219999313354492,21.225000381469727,20.719999313354492,20.899999618530273,27824000
2015-10-06,17.390625,21.4950008392334,21.65999984741211,21.325000762939453,21.350000381469727,28153200
2015-10-07,17.621206283569336,21.780000686645508,21.844999313354492,21.44499969482422,21.55500030517578,31866000
2015-10-08,17.867963790893555,22.084999084472656,22.149999618530273,21.690000534057617,21.690000534057617,27989800
2015-10-09,17.859874725341797,22.075000762939453,22.280000686645508,21.9950008392334,22.264999389648438,18153200
2015-10-12,17.706153869628906,21.885000228881836,22.1200008392334,21.780000686645508,22.1200008392334,14825600
2015-10-13,17.637380599975586,21.799999237060547,21.959999084472656,21.635000228881836,21.735000610351562,17327000
2015-10-14,17.778968811035156,21.975000381469727,22.09000015258789,21.760000228881836,21.80500030517578,13386000
2015-10-15,17.8275146484375,22.03499984741211,22.145000457763672,21.75,21.9950008392334,9153000
2015-10-16,17.835599899291992,22.045000076293945,22.19499969482422,21.889999389648438,22.139999389648438,14481000
2015-10-19,17.710203170776367,21.889999389648438,21.979999542236328,21.780000686645508,21.895000457763672,7810000
2015-10-20,17.73851776123047,21.924999237060547,22.114999771118164,21.825000762939453,21.864999771118164,7618400
2015-10-21,17.580751419067383,21.729999542236328,21.9950008392334,21.690000534057617,21.924999237060547,11033000
2015-10-22,18.062143325805664,22.325000762939453,22.344999313354492,21.934999465942383,21.989999771118164,14518000
2015-10-23,18.211814880371094,22.510000228881836,22.600000381469727,22.389999389648438,22.53499984741211,13013000
2015-10-26,18.062143325805664,22.325000762939453,22.540000915527344,22.31999969482422,22.475000381469727,7989200
2015-10-27,17.985279083251953,22.229999542236328,22.334999084472656,22.045000076293945,22.19499969482422,12333400
2015-10-28,18.256311416625977,22.565000534057617,22.610000610351562,22.19499969482422,22.19499969482422,15291000
2015-10-29,18.29271697998047,22.610000610351562,22.65999984741211,22.440000534057617,22.454999923706055,10736200
2015-10-30,18.31698989868164,22.639999389648438,22.829999923706055,22.575000762939453,22.600000381469727,12850200
2015-11-02,18.43025779724121,22.780000686645508,22.889999389648438,22.6200008392334,22.674999237060547,22701400
2015-11-03,18.50307273864746,22.8700008392334,23.045000076293945,22.704999923706055,22.719999313354492,15207800
2015-11-04,18.381711959838867,22.719999313354492,22.989999771118164,22.709999084472656,22.829999923706055,13682400
2015-11-05,18.288673400878906,22.604999542236328,22.690000534057617,22.424999237060547,22.690000534057617,20570000
2015-11-06,18.337221145629883,22.665000915527344,22.700000762939453,22.385000228881836,22.420000076293945,9202800
2015-11-09,18.211814880371094,22.510000228881836,22.65999984741211,22.309999465942383,22.559999465942383,10764200
2015-11-10,18.078325271606445,22.344999313354492,22.5,22.209999084472656,22.43000030517578,9809200
2015-11-11,18.098548889160156,22.3700008392334,22.440000534057617,22.235000610351562,22.395000457763672,12558800
2015-11-12,17.734474182128906,21.920000076293945,22.170000076293945,21.920000076293945,22.139999389648438,18044400
2015-11-13,17.961000442504883,22.200000762939453,22.315000534057617,21.8700008392334,21.905000686645508,14164800
2015-11-16,18.191585540771484,22.485000610351562,22.5,22.165000915527344,22.2450008392334,15463000
2015-11-17,18.17136001586914,22.459999084472656,22.684999465942383,22.399999618530273,22.524999618530273,25502200
2015-11-18,18.4949893951416,22.860000610351562,22.8799991607666,22.479999542236328,22.540000915527344,15760600
2015-11-19,18.47475814819336,22.834999084472656,22.96500015258789,22.795000076293945,22.80500030517578,10586200
2015-11-20,18.41812515258789,22.764999389648438,22.9950008392334,22.709999084472656,22.889999389648438,7459400
2015-11-23,18.442394256591797,22.795000076293945,22.969999313354492,22.760000228881836,22.799999237060547,7656200
2015-11-24,18.596118927001953,22.985000610351562,23.045000076293945,22.614999771118164,22.614999771118164,12506800
2015-11-25,18.478801727294922,22.84000015258789,23.024999618530273,22.809999465942383,22.985000610351562,8317200
2015-11-27,18.454530715942383,22.809999465942383,22.854999542236328,22.704999923706055,22.809999465942383,2541600
2015-11-30,18.499032974243164,22.864999771118164,22.969999313354492,22.78499984741211,22.8700008392334,13122600
2015-12-01,18.628477096557617,23.024999618530273,23.030000686645508,22.799999237060547,22.8799991607666,15433400
2015-12-02,18.377670288085938,22.71500015258789,23.010000228881836,22.639999389648438,22.954999923706055,16011800
2015-12-03,18.215852737426758,22.514999389648438,22.864999771118164,22.399999618530273,22.825000762939453,11657600
2015-12-04,18.535430908203125,22.90999984741211,22.969999313354492,22.4950008392334,22.565000534057617,11214400
2015-12-07,18.203723907470703,22.5,22.895000457763672,22.354999542236328,22.78499984741211,12326200
2015-12-08,17.859874725341797,22.075000762939453,22.454999923706055,22.045000076293945,22.264999389648438,14852400
2015-12-09,18.397897720336914,22.739999771118164,23.030000686645508,22.5049991607666,22.645000457763672,25922800
2015-12-10,18.260358810424805,22.56999969482422,22.78499984741211,22.420000076293945,22.600000381469727,10571600
2015-12-11,17.774921417236328,21.969999313354492,22.235000610351562,21.940000534057617,21.985000610351562,19088400
2015-12-14,17.540292739868164,21.68000030517578,21.93000030517578,21.485000610351562,21.854999542236328,17774400
2015-12-15,17.637380599975586,21.799999237060547,22.030000686645508,21.7549991607666,21.899999618530273,10093200
2015-12-16,17.81941795349121,22.024999618530273,22.045000076293945,21.614999771118164,21.915000915527344,16132800
2015-12-17,17.463438034057617,21.584999084472656,22.059999465942383,21.584999084472656,22.059999465942383,18393000
2015-12-18,17.22746467590332,21.135000228881836,21.524999618530273,21.135000228881836,21.3799991607666,28498400
2015-12-21,17.3823299407959,21.325000762939453,21.385000228881836,21.145000457763672,21.280000686645508,11774200
2015-12-22,17.6024112701416,21.594999313354492,21.69499969482422,21.364999771118164,21.434999465942383,10536200
2015-12-23,18.01811981201172,22.104999542236328,22.139999389648438,21.75,21.75,11639200
2015-12-24,17.977375030517578,22.05500030517578,22.145000457763672,22.010000228881836,22.05500030517578,7434000
2015-12-28,17.851030349731445,21.899999618530273,21.959999084472656,21.770000457763672,21.959999084472656,8323200
2015-12-29,18.01811981201172,22.104999542236328,22.184999465942383,22.014999389648438,22.024999618530273,7770800
2015-12-30,17.851030349731445,21.899999618530273,22.104999542236328,21.8700008392334,22.03499984741211,6678200
2015-12-31,17.696149826049805,21.709999084472656,21.96500015258789,21.709999084472656,21.850000381469727,9359000
2016-01-04,17.41901969909668,21.3700008392334,21.43000030517578,21.1299991607666,21.360000610351562,28860400
2016-01-05,17.410863876342773,21.360000610351562,21.459999084472656,21.200000762939453,21.459999084472656,18998000
2016-01-06,16.954397201538086,20.799999237060547,21.09000015258789,20.684999465942383,21.06999969482422,18614800
2016-01-07,16.493864059448242,20.235000610351562,20.625,20.125,20.420000076293945,25159400
2016-01-08,16.326759338378906,20.030000686645508,20.450000762939453,19.975000381469727,20.43000030517578,17400400
2016-01-11,16.049623489379883,19.690000534057617,20.139999389648438,19.53499984741211,20.135000228881836,20131400
2016-01-12,16.07407569885254,19.719999313354492,19.979999542236328,19.475000381469727,19.979999542236328,14540600
2016-01-13,15.703191757202148,19.264999389648438,19.905000686645508,19.239999771118164,19.864999771118164,21619200
2016-01-14,15.915128707885742,19.524999618530273,19.670000076293945,19.104999542236328,19.34000015258789,20744400
2016-01-15,15.589077949523926,19.125,19.2549991607666,18.875,19.125,18717800
2016-01-19,15.39752197265625,18.889999389648438,19.364999771118164,18.645000457763672,19.299999237060547,19731200
2016-01-20,15.283414840698242,18.75,18.90999984741211,18.145000457763672,18.469999313354492,25650800
2016-01-21,15.4179048538208,18.915000915527344,19.05500030517578,18.584999084472656,18.84000015258789,23401400
2016-01-22,15.695042610168457,19.2549991607666,19.540000915527344,19.075000762939453,19.270000457763672,19075200
2016-01-25,15.193750381469727,18.639999389648438,19.110000610351562,18.610000610351562,19.06999969482422,22283400
2016-01-26,15.454586029052734,18.959999084472656,19.010000228881836,18.639999389648438,18.84000015258789,15175400
2016-01-27,15.332322120666504,18.809999465942383,19.25,18.760000228881836,18.924999237060547,15628600
2016-01-28,15.356769561767578,18.84000015258789,19.010000228881836,18.670000076293945,18.979999542236328,13311000
2016-01-29,15.801010131835938,19.385000228881836,19.399999618530273,18.850000381469727,18.9950008392334,16002000
2016-02-01,15.866225242614746,19.46500015258789,19.514999389648438,19.040000915527344,19.274999618530273,27190800
2016-02-02,15.760255813598633,19.334999084472656,19.434999465942383,19.110000610351562,19.389999389648438,23018800
2016-02-03,16.290082931518555,19.985000610351562,19.985000610351562,19.315000534057617,19.565000534057617,28828400
2016-02-04,16.742467880249023,20.540000915527344,20.674999237060547,20.049999237060547,20.065000534057617,29180400
2016-02-05,16.550918579101562,20.30500030517578,20.594999313354492,20.235000610351562,20.385000228881836,22863800
2016-02-08,16.114831924438477,19.770000457763672,20.15999984741211,19.485000610351562,20.0,23207400
2016-02-09,16.314531326293945,20.014999389648438,20.114999771118164,19.579999923706055,19.579999923706055,20513600
2016-02-10,16.1596622467041,19.825000762939453,20.30500030517578,19.774999618530273,20.100000381469727,22744400
2016-02-11,15.809160232543945,19.395000457763672,19.674999237060547,19.235000610351562,19.420000076293945,27070000
2016-02-12,16.27785301208496,19.969999313354492,19.969999313354492,19.450000762939453,19.670000076293945,17192000
2016-02-16,16.526464462280273,20.274999618530273,20.299999237060547,19.915000915527344,20.170000076293945,13573600
2016-02-17,16.852500915527344,20.674999237060547,20.790000915527344,20.434999465942383,20.440000534057617,14988400
2016-02-18,16.80360221862793,20.614999771118164,20.704999923706055,20.46500015258789,20.704999923706055,10820400
2016-02-19,16.607967376708984,20.375,20.520000457763672,20.290000915527344,20.5049991607666,11860800
2016-02-22,16.925870895385742,20.764999389648438,20.834999084472656,20.575000762939453,20.604999542236328,10721000
2016-02-23,16.510160446166992,20.2549991607666,20.610000610351562,20.219999313354492,20.600000381469727,13067400
2016-02-24,16.68133544921875,20.46500015258789,20.489999771118164,19.954999923706055,20.049999237060547,20284800
2016-02-25,16.8973388671875,20.729999542236328,20.7450008392334,20.334999084472656,20.514999389648438,10271400
2016-02-26,17.14187240600586,21.030000686645508,21.145000457763672,20.899999618530273,20.899999618530273,13506200
2016-02-29,17.03590965270996,20.899999618530273,21.280000686645508,20.889999389648438,21.06999969482422,13677600
2016-03-01,17.47199821472168,21.434999465942383,21.489999771118164,21.014999389648438,21.149999618530273,24185000
2016-03-02,17.402713775634766,21.350000381469727,21.395000457763672,21.1299991607666,21.19499969482422,19728600
2016-03-03,17.508676528930664,21.479999542236328,21.53499984741211,21.264999389648438,21.30500030517578,17211000
2016-03-04,17.712461471557617,21.729999542236328,21.8700008392334,21.434999465942383,21.5049991607666,19815600
2016-03-07,17.91623306274414,21.979999542236328,22.030000686645508,21.735000610351562,21.739999771118164,15768800
2016-03-08,17.565736770629883,21.549999237060547,21.80500030517578,21.424999237060547,21.799999237060547,12577800
2016-03-09,17.6757755279541,21.684999465942383,21.790000915527344,21.53499984741211,21.665000915527344,11225600
2016-03-10,17.769512176513672,21.799999237060547,21.93000030517578,21.549999237060547,21.739999771118164,15157800
2016-03-11,18.09556007385254,22.200000762939453,22.260000228881836,22.014999389648438,22.014999389648438,10040000
2016-03-14,17.97329330444336,22.049999237060547,22.170000076293945,21.96500015258789,22.059999465942383,10944000
2016-03-15,18.014049530029297,22.100000381469727,22.100000381469727,21.719999313354492,21.850000381469727,9968600
2016-03-16,18.164838790893555,22.28499984741211,22.28499984741211,21.75,21.75,14579400
2016-03-17,18.499048233032227,22.69499969482422,22.764999389648438,22.2450008392334,22.2450008392334,15561800
2016-03-18,18.575523376464844,22.709999084472656,22.8700008392334,22.584999084472656,22.7549991607666,15260400
2016-03-21,18.661407470703125,22.815000534057617,22.815000534057617,22.3799991607666,22.65999984741211,10149400
2016-03-22,18.44873809814453,22.55500030517578,22.639999389648438,22.34000015258789,22.375,8192200
2016-03-23,18.21971321105957,22.274999618530273,22.434999465942383,22.235000610351562,22.364999771118164,11327200
2016-03-24,18.21971321105957,22.274999618530273,22.28499984741211,21.9950008392334,22.09000015258789,7524200
2016-03-28,18.297420501708984,22.3700008392334,22.450000762939453,22.229999542236328,22.25,7898600
2016-03-29,18.399662017822266,22.4950008392334,22.5,22.139999389648438,22.21500015258789,8191200
2016-03-30,18.481456756591797,22.594999313354492,22.690000534057617,22.5,22.594999313354492,8072600
2016-03-31,18.3260555267334,22.405000686645508,22.649999618530273,22.329999923706055,22.6200008392334,11115600
2016-04-01,18.501903533935547,22.6200008392334,22.6200008392334,22.079999923706055,22.2450008392334,17181000
2016-04-04,18.2606143951416,22.325000762939453,22.604999542236328,22.28499984741211,22.475000381469727,11321200
2016-04-05,18.146106719970703,22.184999465942383,22.295000076293945,22.1299991607666,22.15999984741211,10966400
2016-04-06,18.354673385620117,22.440000534057617,22.440000534057617,21.985000610351562,22.1299991607666,11345400
2016-04-07,18.088842391967773,22.114999771118164,22.30500030517578,22.020000457763672,22.270000457763672,10134200
2016-04-08,18.207447052001953,22.260000228881836,22.510000228881836,22.235000610351562,22.235000610351562,8811400
2016-04-11,18.28923988342285,22.360000610351562,22.594999313354492,22.360000610351562,22.459999084472656,7691400
2016-04-12,18.542800903320312,22.670000076293945,22.709999084472656,22.3700008392334,22.4950008392334,9409800
2016-04-13,18.726844787597656,22.895000457763672,22.969999313354492,22.795000076293945,22.815000534057617,9651800
2016-04-14,18.739105224609375,22.90999984741211,23.03499984741211,22.860000610351562,22.9950008392334,7076600
2016-04-15,18.82499122619629,23.014999389648438,23.030000686645508,22.825000762939453,22.969999313354492,6874800
2016-04-18,18.910877227783203,23.1200008392334,23.125,22.815000534057617,22.899999618530273,8931400
2016-04-19,19.31576156616211,23.614999771118164,23.6299991607666,23.174999237060547,23.209999084472656,12652200
2016-04-20,19.258502960205078,23.545000076293945,23.65999984741211,23.485000610351562,23.645000457763672,13013400
2016-04-21,19.172618865966797,23.440000534057617,23.704999923706055,23.434999465942383,23.614999771118164,12141200
2016-04-22,19.307580947875977,23.604999542236328,23.68000030517578,23.475000381469727,23.514999389648438,10859600
2016-04-25,19.24214744567871,23.524999618530273,23.579999923706055,23.344999313354492,23.579999923706055,9203800
2016-04-26,19.397552490234375,23.71500015258789,23.7450008392334,23.524999618530273,23.545000076293945,10080000
2016-04-27,19.561145782470703,23.915000915527344,23.940000534057617,23.670000076293945,23.774999618530273,11411600
2016-04-28,19.377103805541992,23.690000534057617,23.954999923706055,23.59000015258789,23.735000610351562,11328200
2016-04-29,19.262598037719727,23.549999237060547,23.770000457763672,23.389999389648438,23.610000610351562,12743800
2016-05-02,19.332115173339844,23.635000228881836,23.649999618530273,23.405000686645508,23.645000457763672,12408000
2016-05-03,19.013124465942383,23.2450008392334,23.43000030517578,23.145000457763672,23.415000915527344,18644400
2016-05-04,18.82089614868164,23.010000228881836,23.184999465942383,22.860000610351562,23.040000915527344,16141200
2016-05-05,18.726844787597656,22.895000457763672,23.190000534057617,22.854999542236328,23.155000686645508,13942000
2016-05-06,18.87816047668457,23.079999923706055,23.100000381469727,22.770000457763672,22.844999313354492,13554600
2016-05-09,18.649141311645508,22.799999237060547,22.940000534057617,22.770000457763672,22.905000686645508,13138200
2016-05-10,18.9599552154541,23.18000030517578,23.200000762939453,22.8700008392334,22.915000915527344,13576400
2016-05-11,18.894519805908203,23.100000381469727,23.299999237060547,23.084999084472656,23.219999313354492,11365000
2016-05-12,18.976318359375,23.200000762939453,23.594999313354492,23.1200008392334,23.520000457763672,19875200
2016-05-13,18.792280197143555,22.975000381469727,23.309999465942383,22.889999389648438,23.190000534057617,11247800
2016-05-16,19.11536407470703,23.3700008392334,23.395000457763672,23.014999389648438,23.024999618530273,11674200
2016-05-17,19.017213821411133,23.25,23.485000610351562,23.200000762939453,23.2549991607666,12844800
2016-05-18,18.726844787597656,22.895000457763672,23.290000915527344,22.790000915527344,23.1200008392334,19165600
2016-05-19,18.792280197143555,22.975000381469727,23.0049991607666,22.709999084472656,22.850000381469727,12529800
2016-05-20,18.927242279052734,23.139999389648438,23.235000610351562,23.05500030517578,23.06999969482422,9825200
2016-05-23,19.1480770111084,23.40999984741211,23.514999389648438,23.239999771118164,23.25,8569400
2016-05-24,19.27486228942871,23.565000534057617,23.6200008392334,23.44499969482422,23.485000610351562,9029400
2016-05-25,19.512062072753906,23.854999542236328,24.010000228881836,23.700000762939453,24.010000228881836,11174200
2016-05-26,19.303489685058594,23.600000381469727,24.09000015258789,23.584999084472656,23.93000030517578,6667200
2016-05-27,19.295318603515625,23.59000015258789,23.674999237060547,23.5,23.5,8625600
2016-05-31,19.19715690612793,23.469999313354492,23.700000762939453,23.434999465942383,23.700000762939453,8903800
2016-06-01,19.221694946289062,23.5,23.545000076293945,23.184999465942383,23.424999237060547,9823600
2016-06-02,19.328027725219727,23.6299991607666,23.645000457763672,23.3700008392334,23.475000381469727,6764000
2016-06-03,19.491622924804688,23.829999923706055,23.885000228881836,23.584999084472656,23.735000610351562,9948400
2016-06-06,19.69200897216797,24.075000762939453,24.100000381469727,23.895000457763672,23.934999465942383,13869400
2016-06-07,19.7001953125,24.084999084472656,24.165000915527344,23.979999542236328,24.094999313354492,7281400
2016-06-08,19.814708709716797,24.225000381469727,24.299999237060547,24.139999389648438,24.239999771118164,7884400
2016-06-09,19.671567916870117,24.049999237060547,24.110000610351562,23.940000534057617,24.100000381469727,7931200
2016-06-10,19.524337768554688,23.8700008392334,24.010000228881836,23.809999465942383,23.899999618530273,9617800
2016-06-13,19.307580947875977,23.604999542236328,23.96500015258789,23.600000381469727,23.8799991607666,10488000
2016-06-14,19.16444206237793,23.43000030517578,23.610000610351562,23.274999618530273,23.53499984741211,15125000
2016-06-15,19.250322341918945,23.53499984741211,23.700000762939453,23.479999542236328,23.520000457763672,8335800
2016-06-16,19.31576156616211,23.614999771118164,23.625,23.229999542236328,23.434999465942383,11745400
2016-06-17,19.40001678466797,23.600000381469727,23.649999618530273,23.395000457763672,23.450000762939453,11854200
2016-06-20,19.510997772216797,23.735000610351562,24.030000686645508,23.719999313354492,23.825000762939453,11932000
2016-06-21,19.457561492919922,23.670000076293945,23.790000915527344,23.584999084472656,23.7549991607666,6126800
2016-06-22,19.478113174438477,23.69499969482422,23.780000686645508,23.655000686645508,23.690000534057617,6083400
2016-06-23,19.778160095214844,24.059999465942383,24.06999969482422,23.899999618530273,23.93000030517578,7116400
2016-06-24,18.915010452270508,23.010000228881836,23.53499984741211,22.950000762939453,23.239999771118164,24895000
2016-06-27,18.277938842773438,22.235000610351562,22.834999084472656,22.110000610351562,22.834999084472656,17979600
2016-06-28,18.434131622314453,22.424999237060547,22.559999465942383,22.190000534057617,22.415000915527344,20741200
2016-06-29,18.746496200561523,22.80500030517578,22.8799991607666,22.645000457763672,22.700000762939453,13311000
2016-06-30,19.046541213989258,23.170000076293945,23.18000030517578,22.7450008392334,22.8700008392334,11955600
2016-07-01,19.054765701293945,23.18000030517578,23.329999923706055,23.104999542236328,23.170000076293945,9928200
2016-07-05,18.70951271057129,22.760000228881836,23.149999618530273,22.68000030517578,23.059999465942383,11140200
2016-07-06,18.78348731994629,22.850000381469727,22.8799991607666,22.5049991607666,22.68000030517578,11675600
2016-07-07,18.83281135559082,22.90999984741211,23.094999313354492,22.770000457763672,22.770000457763672,8517200
2016-07-08,19.301376342773438,23.479999542236328,23.524999618530273,23.06999969482422,23.06999969482422,10483000
2016-07-11,19.39590835571289,23.594999313354492,23.65999984741211,23.5,23.559999465942383,9244600
2016-07-12,19.74938201904297,24.024999618530273,24.155000686645508,23.760000228881836,23.774999618530273,13508400
2016-07-13,19.802814483642578,24.09000015258789,24.125,23.94499969482422,24.065000534057617,7860800
2016-07-14,19.979557037353516,24.30500030517578,24.350000381469727,24.15999984741211,24.184999465942383,9951000
2016-07-15,20.049428939819336,24.389999389648438,24.459999084472656,24.325000762939453,24.389999389648438,7262200
2016-07-18,20.180959701538086,24.549999237060547,24.575000762939453,24.235000610351562,24.389999389648438,5911000
2016-07-19,20.06175994873047,24.405000686645508,24.510000228881836,24.30500030517578,24.420000076293945,7029600
2016-07-20,20.069982528686523,24.415000915527344,24.479999542236328,24.235000610351562,24.344999313354492,8024400
2016-07-21,19.94666862487793,24.264999389648438,24.434999465942383,24.174999237060547,24.43000030517578,7250600
2016-07-22,20.00010871887207,24.329999923706055,24.385000228881836,24.225000381469727,24.290000915527344,7778800
2016-07-25,19.967227935791016,24.290000915527344,24.30500030517578,24.125,24.30500030517578,9678400
2016-07-26,20.11930274963379,24.475000381469727,24.489999771118164,24.264999389648438,24.28499984741211,8344000
2016-07-27,20.143962860107422,24.5049991607666,24.59000015258789,24.325000762939453,24.4950008392334,8514200
2016-07-28,20.115188598632812,24.469999313354492,24.549999237060547,24.329999923706055,24.450000762939453,7331000
2016-07-29,20.012435913085938,24.344999313354492,24.420000076293945,24.174999237060547,24.399999618530273,8545600
2016-08-01,19.90145492553711,24.209999084472656,24.350000381469727,24.110000610351562,24.344999313354492,7131600
2016-08-02,19.84803009033203,24.145000457763672,24.260000228881836,23.985000610351562,24.190000534057617,12103200
2016-08-03,19.897350311279297,24.204999923706055,24.299999237060547,24.030000686645508,24.184999465942383,6950800
2016-08-04,19.979557037353516,24.30500030517578,24.3700008392334,24.155000686645508,24.204999923706055,7105000
2016-08-05,20.045318603515625,24.385000228881836,24.434999465942383,24.299999237060547,24.34000015258789,6312000
2016-08-08,20.086421966552734,24.434999465942383,24.5049991607666,24.375,24.40999984741211,9463600
2016-08-09,20.02476692199707,24.360000610351562,24.530000686645508,24.309999465942383,24.44499969482422,7983000
2016-08-10,20.028871536254883,24.364999771118164,24.475000381469727,24.329999923706055,24.405000686645508,4510600
2016-08-11,20.115188598632812,24.469999313354492,24.514999389648438,24.34000015258789,24.485000610351562,5391400
2016-08-12,19.90145492553711,24.209999084472656,24.4950008392334,24.15999984741211,24.469999313354492,6764400
2016-08-15,20.102859497070312,24.454999923706055,24.514999389648438,24.280000686645508,24.295000076293945,4634000
2016-08-16,19.99599838256836,24.325000762939453,24.59000015258789,24.315000534057617,24.4950008392334,6769200
2016-08-17,19.979557037353516,24.30500030517578,24.360000610351562,24.104999542236328,24.30500030517578,6152800
2016-08-18,20.106971740722656,24.459999084472656,24.459999084472656,24.30500030517578,24.315000534057617,6755800
2016-08-19,20.135746002197266,24.4950008392334,24.530000686645508,24.2549991607666,24.399999618530273,9812200
2016-08-22,20.106971740722656,24.459999084472656,24.4950008392334,24.274999618530273,24.405000686645508,6100000
2016-08-23,20.27959632873535,24.670000076293945,24.78499984741211,24.614999771118164,24.674999237060547,8259400
2016-08-24,20.045318603515625,24.385000228881836,24.635000228881836,24.354999542236328,24.635000228881836,7807800
2016-08-25,20.143962860107422,24.5049991607666,24.53499984741211,24.354999542236328,24.360000610351562,6776400
2016-08-26,20.028871536254883,24.364999771118164,24.760000228881836,24.264999389648438,24.600000381469727,11969600
2016-08-29,20.20972442626953,24.584999084472656,24.639999389648438,24.325000762939453,24.329999923706055,5967600
2016-08-30,20.160398483276367,24.524999618530273,24.704999923706055,24.479999542236328,24.575000762939453,7531600
2016-08-31,19.95900535583496,24.280000686645508,24.440000534057617,24.225000381469727,24.399999618530273,8380400
2016-09-01,20.041202545166016,24.3799991607666,24.40999984741211,24.200000762939453,24.354999542236328,9463600
2016-09-02,20.242603302001953,24.625,24.625,24.489999771118164,24.565000534057617,6608600
2016-09-06,20.197391510009766,24.56999969482422,24.71500015258789,24.46500015258789,24.649999618530273,6408600
2016-09-07,20.16861915588379,24.53499984741211,24.604999542236328,24.3799991607666,24.514999389648438,11484200
2016-09-08,20.082307815551758,24.43000030517578,24.545000076293945,24.354999542236328,24.489999771118164,5730200
2016-09-09,19.4986629486084,23.719999313354492,24.264999389648438,23.69499969482422,24.25,17347400
2016-09-12,19.683622360229492,23.94499969482422,24.010000228881836,23.53499984741211,23.579999923706055,13025600
2016-09-13,19.317811965942383,23.5,23.795000076293945,23.344999313354492,23.700000762939453,20948000
2016-09-14,19.272605895996094,23.44499969482422,23.59000015258789,23.375,23.5,15579600
2016-09-15,19.39590835571289,23.594999313354492,23.645000457763672,23.354999542236328,23.40999984741211,11751200
2016-09-16,19.318239212036133,23.3799991607666,23.420000076293945,23.274999618530273,23.315000534057617,17158000
2016-09-19,19.34716033935547,23.415000915527344,23.56999969482422,23.375,23.485000610351562,7353000
2016-09-20,19.28931999206543,23.344999313354492,23.6200008392334,23.34000015258789,23.59000015258789,7998800
2016-09-21,19.5826473236084,23.700000762939453,23.729999542236328,23.43000030517578,23.475000381469727,11192400
2016-09-22,19.64461326599121,23.774999618530273,23.979999542236328,23.71500015258789,23.8700008392334,5991400
2016-09-23,19.545467376708984,23.655000686645508,23.809999465942383,23.649999618530273,23.69499969482422,8620400
2016-09-26,19.454574584960938,23.545000076293945,23.704999923706055,23.514999389648438,23.670000076293945,7515600
2016-09-27,19.51241683959961,23.614999771118164,23.635000228881836,23.424999237060547,23.46500015258789,6643200
2016-09-28,19.735509872436523,23.885000228881836,23.90999984741211,23.559999465942383,23.670000076293945,9133200
2016-09-29,19.5826473236084,23.700000762939453,23.950000762939453,23.625,23.790000915527344,9322800
2016-09-30,19.727251052856445,23.875,23.959999084472656,23.770000457763672,23.844999313354492,9390600
2016-10-03,19.70245361328125,23.844999313354492,23.954999923706055,23.815000534057617,23.889999389648438,16199400
2016-10-04,19.433914184570312,23.520000457763672,23.924999237060547,23.479999542236328,23.8799991607666,11833600
2016-10-05,19.56612205505371,23.68000030517578,23.78499984741211,23.565000534057617,23.565000534057617,13485600
2016-10-06,19.727251052856445,23.875,23.889999389648438,23.59000015258789,23.625,10459600
2016-10-07,19.359554290771484,23.43000030517578,23.905000686645508,23.350000381469727,23.905000686645508,11781800
2016-10-10,19.475234985351562,23.56999969482422,23.739999771118164,23.520000457763672,23.56999969482422,6183800
2016-10-11,19.210824966430664,23.25,23.43000030517578,23.100000381469727,23.405000686645508,22701000
2016-10-12,19.173643112182617,23.204999923706055,23.290000915527344,23.09000015258789,23.270000457763672,8116400
2016-10-13,19.07448959350586,23.084999084472656,23.139999389648438,22.780000686645508,22.954999923706055,9894200
2016-10-14,19.136463165283203,23.15999984741211,23.325000762939453,23.135000228881836,23.184999465942383,9537400
2016-10-17,19.152986526489258,23.18000030517578,23.264999389648438,23.135000228881836,23.170000076293945,6538200
2016-10-18,19.326505661010742,23.389999389648438,23.459999084472656,23.309999465942383,23.40999984741211,5839600
2016-10-19,19.466968536376953,23.559999465942383,23.600000381469727,23.354999542236328,23.44499969482422,5369600
2016-10-20,19.450448989868164,23.540000915527344,23.6200008392334,23.3799991607666,23.530000686645508,5456400
2016-10-21,19.442180633544922,23.530000686645508,23.545000076293945,23.299999237060547,23.540000915527344,7725800
2016-10-24,19.487628936767578,23.584999084472656,23.65999984741211,23.524999618530273,23.6200008392334,6041400
2016-10-25,19.309978485107422,23.3700008392334,23.575000762939453,23.31999969482422,23.479999542236328,6744000
2016-10-26,19.28106117248535,23.334999084472656,23.375,23.229999542236328,23.34000015258789,6690200
2016-10-27,19.25626564025879,23.30500030517578,23.434999465942383,23.200000762939453,23.395000457763672,9517200
2016-10-28,19.30584144592285,23.364999771118164,23.559999465942383,23.239999771118164,23.375,10611400
2016-10-31,19.31410789489746,23.375,23.44499969482422,23.329999923706055,23.3700008392334,14324200
2016-11-01,19.202560424804688,23.239999771118164,23.520000457763672,23.110000610351562,23.424999237060547,28453800
2016-11-02,19.099279403686523,23.114999771118164,23.31999969482422,23.114999771118164,23.274999618530273,11679600
2016-11-03,19.10340690612793,23.1200008392334,23.239999771118164,23.059999465942383,23.100000381469727,8482800
2016-11-04,19.169519424438477,23.200000762939453,23.325000762939453,23.084999084472656,23.1200008392334,8831400
2016-11-07,19.462839126586914,23.55500030517578,23.55500030517578,23.395000457763672,23.469999313354492,14197000
2016-11-08,19.524808883666992,23.6299991607666,23.704999923706055,23.44499969482422,23.4950008392334,10583600
2016-11-09,19.937942504882812,24.1299991607666,24.184999465942383,23.424999237060547,23.614999771118164,29530200
2016-11-10,20.1693058013916,24.40999984741211,24.530000686645508,24.229999542236328,24.239999771118164,40670600
2016-11-11,19.892499923706055,24.075000762939453,24.399999618530273,23.924999237060547,24.375,13428000
2016-11-14,19.937942504882812,24.1299991607666,24.209999084472656,23.979999542236328,24.184999465942383,16677400
2016-11-15,20.02056884765625,24.229999542236328,24.235000610351562,23.94499969482422,24.114999771118164,13921400
2016-11-16,19.98338508605957,24.184999465942383,24.270000457763672,24.104999542236328,24.174999237060547,7433000
2016-11-17,19.991649627685547,24.19499969482422,24.280000686645508,24.06999969482422,24.260000228881836,8271800
2016-11-18,19.96273422241211,24.15999984741211,24.190000534057617,24.09000015258789,24.190000534057617,7788400
2016-11-21,20.198219299316406,24.44499969482422,24.454999923706055,24.19499969482422,24.19499969482422,7598200
2016-11-22,20.322162628173828,24.594999313354492,24.645000457763672,24.440000534057617,24.510000228881836,10270200
2016-11-23,20.413049697875977,24.704999923706055,24.719999313354492,24.479999542236328,24.549999237060547,6997600
2016-11-25,20.475021362304688,24.780000686645508,24.795000076293945,24.690000534057617,24.729999542236328,3205200
2016-11-28,20.39240074157715,24.68000030517578,24.795000076293945,24.625,24.795000076293945,9059400
2016-11-29,20.413049697875977,24.704999923706055,24.80500030517578,24.5,24.594999313354492,6861400
2016-11-30,20.632015228271484,24.969999313354492,25.030000686645508,24.7549991607666,24.834999084472656,14855000
2016-12-01,20.640268325805664,24.979999542236328,25.165000915527344,24.905000686645508,25.05500030517578,16413400
2016-12-02,20.648542404174805,24.989999771118164,25.06999969482422,24.844999313354492,24.959999084472656,12528200
2016-12-05,20.809656143188477,25.184999465942383,25.270000457763672,25.030000686645508,25.09000015258789,10625800
2016-12-06,20.834449768066406,25.21500015258789,25.219999313354492,25.024999618530273,25.184999465942383,13429600
2016-12-07,21.131908416748047,25.575000762939453,25.59000015258789,25.21500015258789,25.264999389648438,14901400
2016-12-08,21.27237892150879,25.7450008392334,25.844999313354492,25.594999313354492,25.604999542236328,14014200
2016-12-09,21.27650260925293,25.75,25.809999465942383,25.6200008392334,25.809999465942383,8984800
2016-12-12,21.181486129760742,25.635000228881836,25.844999313354492,25.6200008392334,25.78499984741211,9475000
2016-12-13,21.14842987060547,25.594999313354492,25.7450008392334,25.440000534057617,25.729999542236328,9274600
2016-12-14,20.896419525146484,25.290000915527344,25.6299991607666,25.2450008392334,25.59000015258789,18738400
2016-12-15,21.03275489807129,25.454999923706055,25.520000457763672,25.155000686645508,25.200000762939453,12862000
2016-12-16,20.967876434326172,25.209999084472656,25.395000457763672,25.145000457763672,25.395000457763672,10354600
2016-12-19,20.926292419433594,25.15999984741211,25.229999542236328,25.065000534057617,25.135000228881836,6404600
2016-12-20,20.94292640686035,25.18000030517578,25.200000762939453,25.045000076293945,25.1299991607666,8852800
2016-12-21,20.95124626159668,25.190000534057617,25.295000076293945,25.149999618530273,25.274999618530273,6560200
2016-12-22,20.863916397094727,25.084999084472656,25.19499969482422,25.010000228881836,25.165000915527344,6630800
2016-12-23,20.905506134033203,25.135000228881836,25.155000686645508,24.985000610351562,25.155000686645508,4314800
2016-12-27,21.01778221130371,25.270000457763672,25.299999237060547,25.104999542236328,25.204999923706055,7773000
2016-12-28,20.80569076538086,25.014999389648438,25.485000610351562,24.9950008392334,25.364999771118164,6155600
2016-12-29,20.80569076538086,25.014999389648438,25.1200008392334,24.975000381469727,25.0049991607666,5727000
2016-12-30,20.668455123901367,24.850000381469727,25.09000015258789,24.75,25.049999237060547,9859800
2017-01-03,20.789058685302734,24.9950008392334,25.135000228881836,24.815000534057617,24.915000915527344,15475000
2017-01-04,21.09263801574707,25.360000610351562,25.405000686645508,25.094999313354492,25.094999313354492,9084600
2017-01-05,21.030258178710938,25.28499984741211,25.424999237060547,25.200000762939453,25.329999923706055,7806000
2017-01-06,21.05105209350586,25.309999465942383,25.329999923706055,25.165000915527344,25.28499984741211,5894200
2017-01-09,21.046897888183594,25.30500030517578,25.545000076293945,25.264999389648438,25.290000915527344,14201200
2017-01-10,21.059371948242188,25.31999969482422,25.415000915527344,25.209999084472656,25.31999969482422,5688400
2017-01-11,21.229873657226562,25.524999618530273,25.540000915527344,25.274999618530273,25.274999618530273,13199800
2017-01-12,21.188283920288086,25.475000381469727,25.524999618530273,25.315000534057617,25.524999618530273,6312000
2017-01-13,21.15501594543457,25.434999465942383,25.5049991607666,25.3700008392334,25.479999542236328,4896800
2017-01-17,21.059371948242188,25.31999969482422,25.43000030517578,25.239999771118164,25.3700008392334,7363400
2017-01-18,21.19244956970215,25.479999542236328,25.5049991607666,25.30500030517578,25.389999389648438,6073400
2017-01-19,21.059371948242188,25.31999969482422,25.565000534057617,25.225000381469727,25.510000228881836,6606400
2017-01-20,21.246509552001953,25.545000076293945,25.59000015258789,25.389999389648438,25.40999984741211,10013800
2017-01-23,21.28809356689453,25.594999313354492,25.635000228881836,25.450000762939453,25.545000076293945,8322200
2017-01-24,21.837034225463867,26.2549991607666,26.315000534057617,25.690000534057617,25.690000534057617,15962000
2017-01-25,21.982589721679688,26.43000030517578,26.454999923706055,26.200000762939453,26.364999771118164,16441800
2017-01-26,22.040809631347656,26.5,26.6299991607666,26.3700008392334,26.434999465942383,10641200
2017-01-27,21.961801528930664,26.405000686645508,26.485000610351562,26.350000381469727,26.434999465942383,9305200
2017-01-30,21.737226486206055,26.135000228881836,26.309999465942383,26.024999618530273,26.309999465942383,12086200
2017-01-31,21.608306884765625,25.979999542236328,26.145000457763672,25.875,26.125,11053400
2017-02-01,21.7164363861084,26.110000610351562,26.15999984741211,25.895000457763672,25.969999313354492,20149800
2017-02-02,21.620784759521484,25.9950008392334,26.100000381469727,25.905000686645508,26.100000381469727,10131400
2017-02-03,21.658212661743164,26.040000915527344,26.079999923706055,25.954999923706055,26.03499984741211,11083600
2017-02-06,21.599992752075195,25.969999313354492,26.0049991607666,25.860000610351562,25.979999542236328,5445200
2017-02-07,21.429489135742188,25.764999389648438,25.940000534057617,25.725000381469727,25.899999618530273,8401600
2017-02-08,21.479393005371094,25.825000762939453,25.834999084472656,25.665000915527344,25.75,9378400
2017-02-09,21.471073150634766,25.815000534057617,25.895000457763672,25.760000228881836,25.825000762939453,16234800
2017-02-10,21.666536331176758,26.049999237060547,26.09000015258789,25.915000915527344,25.93000030517578,6955000
2017-02-13,21.84535789489746,26.264999389648438,26.334999084472656,26.149999618530273,26.149999618530273,7428200
2017-02-14,21.841197967529297,26.260000228881836,26.274999618530273,26.09000015258789,26.219999313354492,7324600
2017-02-15,21.812084197998047,26.225000381469727,26.309999465942383,26.174999237060547,26.190000534057617,6209800
2017-02-16,21.812084197998047,26.225000381469727,26.375,26.139999389648438,26.25,6408800
2017-02-17,21.749706268310547,26.149999618530273,26.209999084472656,26.05500030517578,26.174999237060547,7928200
2017-02-21,21.82040023803711,26.235000610351562,26.309999465942383,26.09000015258789,26.135000228881836,14751800
2017-02-22,21.87862205505371,26.30500030517578,26.450000762939453,26.114999771118164,26.1299991607666,10228800
2017-02-23,21.758018493652344,26.15999984741211,26.454999923706055,26.135000228881836,26.360000610351562,7070200
2017-02-24,21.803760528564453,26.21500015258789,26.235000610351562,26.010000228881836,26.049999237060547,9624600
2017-02-27,21.749706268310547,26.149999618530273,26.364999771118164,26.110000610351562,26.21500015258789,12595600
2017-02-28,21.728912353515625,26.125,26.25,26.084999084472656,26.1299991607666,7724400
2017-03-01,22.153099060058594,26.635000228881836,26.719999313354492,26.364999771118164,26.364999771118164,11802200
2017-03-02,21.916051864624023,26.350000381469727,26.625,26.350000381469727,26.614999771118164,9149400
2017-03-03,21.8994140625,26.329999923706055,26.434999465942383,26.260000228881836,26.350000381469727,5924200
2017-03-06,21.758018493652344,26.15999984741211,26.30500030517578,26.1200008392334,26.235000610351562,7113400
2017-03-07,21.637426376342773,26.014999389648438,26.200000762939453,26.0049991607666,26.174999237060547,7676200
2017-03-08,21.637426376342773,26.014999389648438,26.28499984741211,25.975000381469727,26.03499984741211,10178200
2017-03-09,21.57088279724121,25.934999465942383,26.084999084472656,25.809999465942383,26.049999237060547,9039600
2017-03-10,21.67068862915039,26.05500030517578,26.139999389648438,25.934999465942383,26.075000762939453,9538200
2017-03-13,21.733070373535156,26.1299991607666,26.135000228881836,26.014999389648438,26.084999084472656,7070400
2017-03-14,21.545936584472656,25.905000686645508,26.045000076293945,25.875,26.024999618530273,11313000
2017-03-15,21.891101837158203,26.31999969482422,26.364999771118164,25.9950008392334,26.014999389648438,11398000
2017-03-16,21.741390228271484,26.139999389648438,26.415000915527344,26.100000381469727,26.3799991607666,13080200
2017-03-17,21.834835052490234,26.170000076293945,26.264999389648438,26.145000457763672,26.18000030517578,10261200
2017-03-20,21.95581817626953,26.315000534057617,26.329999923706055,26.09000015258789,26.190000534057617,5510400
2017-03-21,21.588703155517578,25.875,26.389999389648438,25.834999084472656,26.334999084472656,14679400
2017-03-22,21.651273727416992,25.950000762939453,25.969999313354492,25.684999465942383,25.854999542236328,11302800
2017-03-23,21.743053436279297,26.059999465942383,26.139999389648438,25.850000381469727,25.90999984741211,9532800
2017-03-24,21.551158905029297,25.829999923706055,26.114999771118164,25.719999313354492,26.045000076293945,12040600
2017-03-27,21.597042083740234,25.885000228881836,25.934999465942383,25.520000457763672,25.584999084472656,8577800
2017-03-28,21.84735107421875,26.184999465942383,26.274999618530273,25.854999542236328,25.920000076293945,7867200
2017-03-29,21.86403465270996,26.204999923706055,26.274999618530273,26.114999771118164,26.145000457763672,6022800
2017-03-30,21.868206024169922,26.209999084472656,26.350000381469727,26.18000030517578,26.190000534057617,5983200
2017-03-31,21.86403465270996,26.204999923706055,26.350000381469727,26.18000030517578,26.229999542236328,7425400
2017-04-03,21.780601501464844,26.104999542236328,26.31999969482422,25.895000457763672,26.21500015258789,9031000
2017-04-04,21.859861373901367,26.200000762939453,26.209999084472656,26.014999389648438,26.084999084472656,6526600
2017-04-05,21.843172073364258,26.18000030517578,26.4950008392334,26.155000686645508,26.280000686645508,10009800
2017-04-06,21.95998764038086,26.31999969482422,26.420000076293945,26.1200008392334,26.204999923706055,6164000
2017-04-07,21.939123153686523,26.295000076293945,26.385000228881836,26.21500015258789,26.2450008392334,5061800
2017-04-10,21.94329833984375,26.299999237060547,26.375,26.200000762939453,26.295000076293945,6923000
2017-04-11,21.88490104675293,26.229999542236328,26.280000686645508,26.079999923706055,26.219999313354492,7831400
2017-04-12,21.613733291625977,25.905000686645508,26.239999771118164,25.889999389648438,26.19499969482422,7779600
2017-04-13,21.4051456451416,25.655000686645508,25.905000686645508,25.635000228881836,25.854999542236328,8387000
2017-04-17,21.559494018554688,25.84000015258789,25.850000381469727,25.674999237060547,25.725000381469727,7702000
2017-04-18,21.534473419189453,25.809999465942383,25.889999389648438,25.69499969482422,25.725000381469727,5073800
2017-04-19,21.56367301940918,25.844999313354492,25.975000381469727,25.799999237060547,25.899999618530273,6260400
2017-04-20,21.80145835876465,26.1299991607666,26.235000610351562,25.940000534057617,25.959999084472656,8138800
2017-04-21,21.776424407958984,26.100000381469727,26.170000076293945,26.030000686645508,26.110000610351562,7183200
2017-04-24,22.0267333984375,26.399999618530273,26.469999313354492,26.34000015258789,26.385000228881836,11133600
2017-04-25,22.381328582763672,26.825000762939453,26.860000610351562,26.614999771118164,26.6299991607666,15884600
2017-04-26,22.37715721130371,26.81999969482422,26.90999984741211,26.719999313354492,26.78499984741211,6333800
2017-04-27,22.327096939086914,26.760000228881836,26.84000015258789,26.584999084472656,26.78499984741211,9210000
2017-04-28,22.139368057250977,26.53499984741211,26.78499984741211,26.53499984741211,26.704999923706055,8080000
2017-05-01,22.15188980102539,26.549999237060547,26.65999984741211,26.475000381469727,26.65999984741211,7949600
2017-05-02,22.189434051513672,26.594999313354492,26.635000228881836,26.475000381469727,26.559999465942383,6931600
2017-05-03,21.972501754760742,26.334999084472656,26.545000076293945,26.260000228881836,26.485000610351562,13197800
2017-05-04,21.997533798217773,26.364999771118164,26.43000030517578,26.280000686645508,26.40999984741211,7487000
2017-05-05,22.31041145324707,26.739999771118164,26.760000228881836,26.415000915527344,26.415000915527344,11447400
2017-05-08,22.13102149963379,26.524999618530273,26.71500015258789,26.469999313354492,26.68000030517578,10216200
2017-05-09,21.964155197143555,26.325000762939453,26.549999237060547,26.290000915527344,26.5,9386400
2017-05-10,22.035078048706055,26.40999984741211,26.44499969482422,26.299999237060547,26.364999771118164,6388000
2017-05-11,22.00170135498047,26.3700008392334,26.43000030517578,26.1299991607666,26.34000015258789,6680600
2017-05-12,21.947471618652344,26.30500030517578,26.385000228881836,26.28499984741211,26.350000381469727,4718400
2017-05-15,22.139368057250977,26.53499984741211,26.614999771118164,26.385000228881836,26.385000228881836,6526200
2017-05-16,22.143543243408203,26.540000915527344,26.604999542236328,26.5049991607666,26.545000076293945,6068800
2017-05-17,21.67630386352539,25.979999542236328,26.375,25.975000381469727,26.354999542236328,16264800
2017-05-18,21.688817977905273,25.9950008392334,26.059999465942383,25.674999237060547,25.8799991607666,13926600
2017-05-19,21.876550674438477,26.219999313354492,26.329999923706055,26.040000915527344,26.045000076293945,9978600
2017-05-22,21.901586532592773,26.25,26.375,26.174999237060547,26.309999465942383,5743200
2017-05-23,21.91826820373535,26.270000457763672,26.3700008392334,26.235000610351562,26.30500030517578,7096000
2017-05-24,22.06427764892578,26.44499969482422,26.5049991607666,26.31999969482422,26.325000762939453,6011400
2017-05-25,22.03925132751465,26.415000915527344,26.604999542236328,26.354999542236328,26.540000915527344,9707600
2017-05-26,22.08096694946289,26.46500015258789,26.489999771118164,26.344999313354492,26.375,4240200
2017-05-30,22.07679557800293,26.459999084472656,26.510000228881836,26.3700008392334,26.424999237060547,5597600
2017-05-31,22.143543243408203,26.540000915527344,26.545000076293945,26.28499984741211,26.4950008392334,12339000
2017-06-01,22.41053581237793,26.860000610351562,26.889999389648438,26.520000457763672,26.524999618530273,15808200
2017-06-02,22.464771270751953,26.924999237060547,26.985000610351562,26.795000076293945,26.850000381469727,9810800
2017-06-05,22.393850326538086,26.84000015258789,26.954999923706055,26.80500030517578,26.899999618530273,5658600
2017-06-06,22.406360626220703,26.854999542236328,26.93000030517578,26.704999923706055,26.764999389648438,8257200
2017-06-07,22.43556022644043,26.889999389648438,26.985000610351562,26.80500030517578,26.940000534057617,8331200
2017-06-08,22.50231170654297,26.969999313354492,27.05500030517578,26.84000015258789,26.844999313354492,7152400
2017-06-09,22.7901611328125,27.315000534057617,27.344999313354492,27.030000686645508,27.030000686645508,14996600
2017-06-12,22.702550888061523,27.209999084472656,27.43000030517578,27.149999618530273,27.280000686645508,11520800
2017-06-13,22.986228942871094,27.549999237060547,27.559999465942383,27.19499969482422,27.19499969482422,6725000
2017-06-14,22.7442684173584,27.260000228881836,27.610000610351562,27.184999465942383,27.59000015258789,11182400
2017-06-15,22.544021606445312,27.020000457763672,27.170000076293945,26.905000686645508,27.06999969482422,9720200
2017-06-16,22.641265869140625,27.010000228881836,27.024999618530273,26.860000610351562,27.020000457763672,9150200
2017-06-19,22.821487426757812,27.225000381469727,27.260000228881836,27.110000610351562,27.145000457763672,5012800
2017-06-20,22.69575309753418,27.075000762939453,27.170000076293945,27.06999969482422,27.170000076293945,6916800
2017-06-21,22.456851959228516,26.790000915527344,27.135000228881836,26.7549991607666,27.110000610351562,9522600
2017-06-22,22.48199462890625,26.81999969482422,26.920000076293945,26.770000457763672,26.790000915527344,6704200
2017-06-23,22.57002067565918,26.924999237060547,27.0049991607666,26.780000686645508,26.885000228881836,6690800
2017-06-26,22.63707733154297,27.0049991607666,27.049999237060547,26.895000457763672,27.014999389648438,8108200
2017-06-27,22.49876594543457,26.84000015258789,27.094999313354492,26.829999923706055,27.059999465942383,7226400
2017-06-28,22.704133987426758,27.084999084472656,27.149999618530273,26.985000610351562,27.03499984741211,6592000
2017-06-29,22.431699752807617,26.760000228881836,27.1200008392334,26.690000534057617,27.075000762939453,8811600
2017-06-30,22.553251266479492,26.905000686645508,27.024999618530273,26.799999237060547,26.80500030517578,6258400
2017-07-03,22.750242233276367,27.139999389648438,27.209999084472656,26.94499969482422,26.969999313354492,6217000
2017-07-05,22.674793243408203,27.049999237060547,27.18000030517578,26.959999084472656,27.170000076293945,11411400
2017-07-06,22.574201583862305,26.93000030517578,27.075000762939453,26.850000381469727,26.899999618530273,9858800
2017-07-07,22.69156265258789,27.06999969482422,27.100000381469727,26.8700008392334,26.975000381469727,5246800
2017-07-10,22.834068298339844,27.239999771118164,27.350000381469727,26.954999923706055,27.065000534057617,7711800
2017-07-11,22.800537109375,27.200000762939453,27.270000457763672,27.03499984741211,27.239999771118164,4017200
2017-07-12,23.064584732055664,27.514999389648438,27.540000915527344,27.299999237060547,27.344999313354492,5802400
2017-07-13,23.0394344329834,27.485000610351562,27.59000015258789,27.44499969482422,27.540000915527344,4266000
2017-07-14,23.15678596496582,27.625,27.68000030517578,27.510000228881836,27.584999084472656,6508800
2017-07-17,23.20288848876953,27.68000030517578,27.75,27.579999923706055,27.639999389648438,5979600
2017-07-18,23.10649299621582,27.565000534057617,27.610000610351562,27.459999084472656,27.604999542236328,4634600
2017-07-19,23.32863426208496,27.829999923706055,27.850000381469727,27.575000762939453,27.575000762939453,6846200
2017-07-20,23.15678596496582,27.625,27.774999618530273,27.540000915527344,27.764999389648438,9041000
2017-07-21,23.160987854003906,27.6299991607666,27.635000228881836,27.5049991607666,27.545000076293945,5447000
2017-07-24,23.1400203704834,27.604999542236328,27.645000457763672,27.489999771118164,27.600000381469727,5522200
2017-07-25,23.387313842773438,27.899999618530273,27.959999084472656,27.809999465942383,27.844999313354492,9110400
2017-07-26,23.24481201171875,27.729999542236328,27.8799991607666,27.690000534057617,27.8799991607666,7624000
2017-07-27,23.160987854003906,27.6299991607666,27.809999465942383,27.5,27.760000228881836,7578600
2017-07-28,23.077163696289062,27.530000686645508,27.739999771118164,27.424999237060547,27.655000686645508,9382400
2017-07-31,22.901121139526367,27.31999969482422,27.625,27.30500030517578,27.59000015258789,9019600
2017-08-01,22.917888641357422,27.34000015258789,27.434999465942383,27.204999923706055,27.434999465942383,21064400
2017-08-02,22.938844680786133,27.364999771118164,27.405000686645508,27.139999389648438,27.260000228881836,6439000
2017-08-03,22.76700210571289,27.15999984741211,27.454999923706055,27.1299991607666,27.454999923706055,7983600
2017-08-04,22.875978469848633,27.290000915527344,27.31999969482422,27.225000381469727,27.239999771118164,5272600
2017-08-07,22.8885498046875,27.30500030517578,27.405000686645508,27.28499984741211,27.329999923706055,5056200
2017-08-08,22.708328247070312,27.09000015258789,27.274999618530273,27.03499984741211,27.25,8324000
2017-08-09,22.729284286499023,27.114999771118164,27.149999618530273,27.024999618530273,27.06999969482422,6909800
2017-08-10,22.469425201416016,26.80500030517578,27.059999465942383,26.780000686645508,27.014999389648438,12957600
2017-08-11,22.414936065673828,26.739999771118164,26.84000015258789,26.704999923706055,26.725000381469727,7830000
2017-08-14,22.624502182006836,26.989999771118164,27.03499984741211,26.8799991607666,26.8799991607666,7159600
2017-08-15,22.628694534301758,26.9950008392334,27.045000076293945,26.915000915527344,27.010000228881836,3973000
2017-08-16,22.850828170776367,27.260000228881836,27.260000228881836,27.079999923706055,27.084999084472656,10653400
2017-08-17,22.502948760986328,26.844999313354492,27.21500015258789,26.84000015258789,27.170000076293945,8904000
2017-08-18,22.511335372924805,26.854999542236328,26.975000381469727,26.735000610351562,26.75,7537400
2017-08-21,22.532289505004883,26.8799991607666,26.954999923706055,26.815000534057617,26.899999618530273,5403200
2017-08-22,22.825674057006836,27.229999542236328,27.229999542236328,26.954999923706055,26.954999923706055,6240800
2017-08-23,22.783775329589844,27.18000030517578,27.270000457763672,27.079999923706055,27.110000610351562,8219200
2017-08-24,22.741853713989258,27.1299991607666,27.225000381469727,27.094999313354492,27.174999237060547,5330400
2017-08-25,22.81310272216797,27.21500015258789,27.274999618530273,27.15999984741211,27.229999542236328,5828800
2017-08-28,22.846641540527344,27.2549991607666,27.315000534057617,27.139999389648438,27.315000534057617,4621600
2017-08-29,22.737667083740234,27.125,27.15999984741211,27.020000457763672,27.09000015258789,6019600
2017-08-30,22.90531349182129,27.325000762939453,27.354999542236328,27.030000686645508,27.104999542236328,10283800
2017-08-31,23.08135414123535,27.53499984741211,27.594999313354492,27.424999237060547,27.450000762939453,9280600
2017-09-01,23.23223114013672,27.71500015258789,27.7450008392334,27.565000534057617,27.6299991607666,10567400
2017-09-05,22.968185424804688,27.399999618530273,27.809999465942383,27.3700008392334,27.739999771118164,13656000
2017-09-06,23.0268611907959,27.469999313354492,27.510000228881836,27.270000457763672,27.424999237060547,12517000
2017-09-07,23.064584732055664,27.514999389648438,27.530000686645508,27.34000015258789,27.5049991607666,8885200
2017-09-08,23.05620002746582,27.5049991607666,27.53499984741211,27.385000228881836,27.4950008392334,5438400
2017-09-11,23.357969284057617,27.864999771118164,27.940000534057617,27.604999542236328,27.655000686645508,10144600
2017-09-12,23.55496597290039,28.100000381469727,28.19499969482422,27.985000610351562,27.989999771118164,13287400
2017-09-13,23.546585083007812,28.09000015258789,28.114999771118164,27.950000762939453,28.104999542236328,8780600
2017-09-14,23.6262149810791,28.184999465942383,28.229999542236328,28.024999618530273,28.09000015258789,8557600
2017-09-15,23.62705421447754,28.03499984741211,28.084999084472656,27.940000534057617,28.014999389648438,9401800
2017-09-18,23.7576904296875,28.190000534057617,28.219999313354492,28.040000915527344,28.09000015258789,8851400
2017-09-19,23.879886627197266,28.334999084472656,28.350000381469727,28.15999984741211,28.280000686645508,6064000
2017-09-20,23.96416473388672,28.434999465942383,28.4950008392334,28.280000686645508,28.424999237060547,8864800
2017-09-21,23.913599014282227,28.375,28.479999542236328,28.3700008392334,28.3799991607666,6344800
2017-09-22,23.829326629638672,28.274999618530273,28.364999771118164,28.229999542236328,28.325000762939453,5887200
2017-09-25,23.871461868286133,28.325000762939453,28.325000762939453,28.125,28.2549991607666,10978000
2017-09-26,23.766117095947266,28.200000762939453,28.385000228881836,28.190000534057617,28.350000381469727,5490600
2017-09-27,23.766117095947266,28.200000762939453,28.274999618530273,27.9950008392334,28.235000610351562,7937200
2017-09-28,23.93467140197754,28.399999618530273,28.405000686645508,28.100000381469727,28.174999237060547,8713400
2017-09-29,23.93467140197754,28.399999618530273,28.440000534057617,28.264999389648438,28.3799991607666,8288800
2017-10-02,24.1959285736084,28.709999084472656,28.709999084472656,28.354999542236328,28.364999771118164,15031800
2017-10-03,24.297061920166016,28.829999923706055,28.844999313354492,28.670000076293945,28.75,7337600
2017-10-04,24.30548667907715,28.84000015258789,28.924999237060547,28.81999969482422,28.860000610351562,7681000
2017-10-05,24.45296859741211,29.014999389648438,29.014999389648438,28.860000610351562,28.899999618530273,7340000
2017-10-06,24.398197174072266,28.950000762939453,28.96500015258789,28.834999084472656,28.889999389648438,5262400
2017-10-09,24.39398193359375,28.94499969482422,28.9950008392334,28.850000381469727,28.979999542236328,3339000
2017-10-10,24.410831451416016,28.96500015258789,29.05500030517578,28.864999771118164,29.05500030517578,5144000
2017-10-11,24.42347526550293,28.979999542236328,28.979999542236328,28.829999923706055,28.950000762939453,4033600
2017-10-12,24.469823837280273,29.03499984741211,29.075000762939453,28.90999984741211,28.920000076293945,6376200
2017-10-13,24.58781623840332,29.174999237060547,29.25,29.15999984741211,29.219999313354492,6715800
2017-10-16,24.570960998535156,29.155000686645508,29.31999969482422,29.06999969482422,29.30500030517578,6626200
2017-10-17,24.507747650146484,29.079999923706055,29.139999389648438,29.0049991607666,29.1200008392334,5482200
2017-10-18,24.448759078979492,29.010000228881836,29.110000610351562,28.985000610351562,29.09000015258789,8878600
2017-10-19,24.541461944580078,29.1200008392334,29.1200008392334,28.850000381469727,28.950000762939453,5450800
2017-10-20,24.752155303955078,29.3700008392334,29.3700008392334,29.219999313354492,29.229999542236328,9474800
2017-10-23,24.705806732177734,29.315000534057617,29.584999084472656,29.299999237060547,29.459999084472656,6293000
2017-10-24,24.84485626220703,29.479999542236328,29.524999618530273,29.3700008392334,29.389999389648438,8450400
2017-10-25,24.714237213134766,29.325000762939453,29.514999389648438,29.19499969482422,29.479999542236328,11317800
2017-10-26,25.04291343688965,29.71500015258789,29.809999465942383,29.46500015258789,29.575000762939453,13985800
2017-10-27,24.912273406982422,29.559999465942383,29.690000534057617,29.389999389648438,29.690000534057617,10382200
2017-10-30,24.79429054260254,29.420000076293945,29.690000534057617,29.360000610351562,29.690000534057617,10491400
2017-10-31,24.861719131469727,29.5,29.575000762939453,29.44499969482422,29.454999923706055,8011800
2017-11-01,24.983917236328125,29.645000457763672,29.739999771118164,29.53499984741211,29.649999618530273,11202000
2017-11-02,24.802719116210938,29.43000030517578,29.684999465942383,29.364999771118164,29.684999465942383,25637600
2017-11-03,24.790077209472656,29.415000915527344,29.450000762939453,29.274999618530273,29.450000762939453,7582000
2017-11-06,24.684734344482422,29.290000915527344,29.5,29.260000228881836,29.375,7396600
2017-11-07,24.71001434326172,29.31999969482422,29.3799991607666,29.229999542236328,29.334999084472656,7251600
2017-11-08,24.735305786132812,29.350000381469727,29.405000686645508,29.270000457763672,29.364999771118164,5133400
2017-11-09,24.52461051940918,29.100000381469727,29.25,29.010000228881836,29.200000762939453,9454200
2017-11-10,24.48668098449707,29.05500030517578,29.135000228881836,28.9950008392334,29.0049991607666,5700000
2017-11-13,24.613100051879883,29.204999923706055,29.2450008392334,28.850000381469727,28.94499969482422,5408400
2017-11-14,24.389768600463867,28.940000534057617,29.059999465942383,28.864999771118164,29.030000686645508,7373400
2017-11-15,24.242280960083008,28.764999389648438,28.84000015258789,28.6299991607666,28.764999389648438,10961200
2017-11-16,24.53725242614746,29.114999771118164,29.149999618530273,28.84000015258789,28.864999771118164,7014800
2017-11-17,24.570960998535156,29.155000686645508,29.25,29.014999389648438,29.040000915527344,5651800
2017-11-20,24.60467529296875,29.19499969482422,29.280000686645508,29.09000015258789,29.1299991607666,8318200
2017-11-21,24.735305786132812,29.350000381469727,29.4950008392334,29.315000534057617,29.360000610351562,6200400
2017-11-22,24.667882919311523,29.270000457763672,29.389999389648438,29.270000457763672,29.3799991607666,4751600
2017-11-24,24.79429054260254,29.420000076293945,29.454999923706055,29.31999969482422,29.334999084472656,2446400
2017-11-27,24.646808624267578,29.2450008392334,29.434999465942383,29.239999771118164,29.434999465942383,7602400
2017-11-28,24.92070960998535,29.56999969482422,29.584999084472656,29.280000686645508,29.295000076293945,8801400
2017-11-29,24.958633422851562,29.614999771118164,29.635000228881836,29.510000228881836,29.604999542236328,7738200
2017-11-30,25.097692489624023,29.780000686645508,29.985000610351562,29.625,29.68000030517578,15017200
2017-12-01,24.891206741333008,29.53499984741211,29.875,29.309999465942383,29.834999084472656,16367800
2017-12-04,25.148256301879883,29.84000015258789,30.084999084472656,29.735000610351562,29.7450008392334,13046800
2017-12-05,25.02184295654297,29.690000534057617,29.899999618530273,29.68000030517578,29.850000381469727,16453600
2017-12-06,24.87435531616211,29.514999389648438,29.700000762939453,29.5049991607666,29.635000228881836,8077400
2017-12-07,25.04291343688965,29.71500015258789,29.719999313354492,29.424999237060547,29.485000610351562,7160600
2017-12-08,25.04291343688965,29.71500015258789,29.850000381469727,29.649999618530273,29.75,10270400
2017-12-11,25.07662010192871,29.7549991607666,29.8799991607666,29.709999084472656,29.795000076293945,10457400
2017-12-12,25.08083724975586,29.760000228881836,29.854999542236328,29.729999542236328,29.815000534057617,12029000
2017-12-13,25.148256301879883,29.84000015258789,29.8799991607666,29.770000457763672,29.780000686645508,8363400
2017-12-14,24.870145797729492,29.510000228881836,29.915000915527344,29.4950008392334,29.915000915527344,8369000
2017-12-15,25.01750946044922,29.540000915527344,29.625,29.434999465942383,29.479999542236328,10058000
2017-12-18,25.38590431213379,29.975000381469727,30.0,29.71500015258789,29.735000610351562,9742600
2017-12-19,25.356266021728516,29.940000534057617,30.045000076293945,29.915000915527344,29.9950008392334,6309600
2017-12-20,25.36473274230957,29.950000762939453,30.094999313354492,29.950000762939453,30.079999923706055,9517000
2017-12-21,25.453662872314453,30.05500030517578,30.1200008392334,29.940000534057617,30.084999084472656,6423800
2017-12-22,25.551055908203125,30.170000076293945,30.19499969482422,30.045000076293945,30.104999542236328,6011200
2017-12-26,25.52988052368164,30.145000457763672,30.219999313354492,30.125,30.184999465942383,3319600
2017-12-27,25.563758850097656,30.184999465942383,30.2450008392334,30.15999984741211,30.200000762939453,8373200
2017-12-28,25.678091049194336,30.31999969482422,30.325000762939453,30.155000686645508,30.219999313354492,3130800
2017-12-29,25.631505966186523,30.264999389648438,30.434999465942383,30.235000610351562,30.434999465942383,4969600
2018-01-02,25.995677947998047,30.69499969482422,30.704999923706055,30.344999313354492,30.424999237060547,17958400
2018-01-03,26.17776107788086,30.90999984741211,30.94499969482422,30.704999923706055,30.774999618530273,9904600
2018-01-04,26.406423568725586,31.18000030517578,31.2450008392334,31.024999618530273,31.040000915527344,8240200
2018-01-05,26.618152618408203,31.43000030517578,31.46500015258789,31.2450008392334,31.315000534057617,9344000
2018-01-08,26.65625762939453,31.475000381469727,31.5049991607666,31.31999969482422,31.459999084472656,9078200
2018-01-09,26.61391830444336,31.424999237060547,31.65999984741211,31.405000686645508,31.514999389648438,9511000
2018-01-10,26.45301055908203,31.235000610351562,31.3700008392334,31.170000076293945,31.364999771118164,8440800
2018-01-11,26.80023765563965,31.645000457763672,31.645000457763672,31.334999084472656,31.360000610351562,11642600
2018-01-12,26.842575073242188,31.69499969482422,31.78499984741211,31.584999084472656,31.764999389648438,9097400
2018-01-16,26.529226303100586,31.325000762939453,31.829999923706055,31.1299991607666,31.790000915527344,17025800
2018-01-17,26.652027130126953,31.469999313354492,31.610000610351562,31.34000015258789,31.549999237060547,21698800
2018-01-18,26.635086059570312,31.450000762939453,31.565000534057617,31.264999389648438,31.375,11787400
2018-01-19,26.796003341674805,31.639999389648438,31.655000686645508,31.46500015258789,31.594999313354492,9866400
2018-01-22,26.73248291015625,31.565000534057617,31.594999313354492,31.395000457763672,31.594999313354492,11438000
2018-01-23,26.728252410888672,31.559999465942383,31.584999084472656,31.334999084472656,31.5,8043000
2018-01-24,26.842575073242188,31.69499969482422,31.854999542236328,31.559999465942383,31.639999389648438,11488400
2018-01-25,27.020427703857422,31.905000686645508,32.040000915527344,31.774999618530273,31.84000015258789,15536600
2018-01-26,27.138996124267578,32.04499816894531,32.084999084472656,31.69499969482422,31.924999237060547,7762600
2018-01-29,26.829875946044922,31.68000030517578,32.060001373291016,31.65999984741211,32.02000045776367,10662200
2018-01-30,26.635086059570312,31.450000762939453,31.69499969482422,31.3799991607666,31.545000076293945,17635000
2018-01-31,26.65625762939453,31.475000381469727,31.579999923706055,31.264999389648438,31.549999237060547,19825200
2018-02-01,26.292098999023438,31.045000076293945,31.459999084472656,30.989999771118164,31.2549991607666,18972200
2018-02-02,25.601865768432617,30.229999542236328,30.920000076293945,30.204999923706055,30.875,19349400
2018-02-05,24.62369728088379,29.075000762939453,30.434999465942383,29.075000762939453,30.104999542236328,37141400
2018-02-06,25.42824935913086,30.024999618530273,30.075000762939453,28.56999969482422,28.649999618530273,38680600
2018-02-07,25.199586868286133,29.7549991607666,30.299999237060547,29.7549991607666,29.889999389648438,33502000
2018-02-08,24.314577102661133,28.709999084472656,29.864999771118164,28.700000762939453,29.799999237060547,25600000
2018-02-09,24.738025665283203,29.209999084472656,29.405000686645508,28.309999465942383,29.024999618530273,52835000
2018-02-12,25.237703323364258,29.799999237060547,29.975000381469727,29.354999542236328,29.440000534057617,20940400
2018-02-13,25.17418098449707,29.725000381469727,29.860000610351562,29.610000610351562,29.68000030517578,13552600
2018-02-14,25.5129451751709,30.125,30.184999465942383,29.420000076293945,29.479999542236328,15999400
2018-02-15,25.70349884033203,30.350000381469727,30.3700008392334,29.979999542236328,30.34000015258789,12298200
2018-02-16,25.61034393310547,30.239999771118164,30.53499984741211,30.104999542236328,30.209999084472656,16917000
2018-02-20,25.49599838256836,30.104999542236328,30.329999923706055,29.9950008392334,30.110000610351562,10487400
2018-02-21,25.407081604003906,30.0,30.53499984741211,29.9950008392334,30.1299991607666,9994600
2018-02-22,25.576459884643555,30.200000762939453,30.479999542236328,30.09000015258789,30.1299991607666,9058800
2018-02-23,25.95332908630371,30.645000457763672,30.655000686645508,30.219999313354492,30.375,7064000
2018-02-26,26.06766700744629,30.780000686645508,30.799999237060547,30.475000381469727,30.774999618530273,6509000
2018-02-27,25.70772933959961,30.354999542236328,30.795000076293945,30.354999542236328,30.75,11837200
2018-02-28,25.25040626525879,29.815000534057617,30.469999313354492,29.809999465942383,30.440000534057617,11141400
2018-03-01,24.99209976196289,29.510000228881836,29.924999237060547,29.290000915527344,29.799999237060547,19925000
2018-03-02,24.96668815612793,29.479999542236328,29.559999465942383,29.184999465942383,29.334999084472656,16019400
2018-03-05,25.29698371887207,29.8700008392334,29.954999923706055,29.30500030517578,29.344999313354492,13161200
2018-03-06,25.576459884643555,30.200000762939453,30.424999237060547,29.860000610351562,30.0049991607666,17615000
2018-03-07,25.483295440673828,30.09000015258789,30.170000076293945,29.829999923706055,29.8799991607666,16786600
2018-03-08,25.50447654724121,30.114999771118164,30.21500015258789,29.90999984741211,30.155000686645508,10334600
2018-03-09,25.966033935546875,30.65999984741211,30.674999237060547,30.190000534057617,30.30500030517578,11726400
2018-03-12,25.90251922607422,30.584999084472656,30.844999313354492,30.524999618530273,30.69499969482422,9550400
2018-03-13,25.79665184020996,30.459999084472656,30.8700008392334,30.424999237060547,30.75,12138400
2018-03-14,25.479061126708984,30.084999084472656,30.600000381469727,30.024999618530273,30.594999313354492,10858800
2018-03-15,25.144540786743164,29.690000534057617,30.149999618530273,29.684999465942383,30.125,10470600
2018-03-16,25.142837524414062,29.575000762939453,29.735000610351562,29.46500015258789,29.520000457763672,11053000
2018-03-19,24.78152847290039,29.149999618530273,29.510000228881836,28.934999465942383,29.489999771118164,12682400
2018-03-20,24.756031036376953,29.1200008392334,29.350000381469727,29.059999465942383,29.2549991607666,7228800
2018-03-21,25.03657341003418,29.450000762939453,29.71500015258789,29.09000015258789,29.190000534057617,9707400
2018-03-22,24.2884521484375,28.56999969482422,29.31999969482422,28.55500030517578,29.21500015258789,15399400
2018-03-23,23.812376022338867,28.010000228881836,28.71500015258789,27.985000610351562,28.635000228881836,15817800
2018-03-26,24.301198959350586,28.584999084472656,28.610000610351562,28.075000762939453,28.34000015258789,11684200
2018-03-27,24.054670333862305,28.295000076293945,28.84000015258789,28.149999618530273,28.65999984741211,14582000
2018-03-28,23.748615264892578,27.934999465942383,28.450000762939453,27.844999313354492,28.344999313354492,23688400
2018-03-29,24.20343589782715,28.469999313354492,28.6200008392334,28.040000915527344,28.065000534057617,12421400
2018-04-02,23.676355361938477,27.850000381469727,28.514999389648438,27.604999542236328,28.375,18658800
2018-04-03,24.012155532836914,28.2450008392334,28.325000762939453,27.739999771118164,27.915000915527344,13572800
2018-04-04,24.169435501098633,28.43000030517578,28.454999923706055,27.614999771118164,27.774999618530273,12873400
2018-04-05,24.620004653930664,28.959999084472656,29.059999465942383,28.520000457763672,28.565000534057617,15388600
2018-04-06,24.020660400390625,28.2549991607666,28.809999465942383,28.075000762939453,28.674999237060547,15822800
2018-04-09,24.152423858642578,28.40999984741211,28.75,28.209999084472656,28.40999984741211,12578400
2018-04-10,24.64975929260254,28.9950008392334,29.155000686645508,28.75,28.790000915527344,25605200
2018-04-11,24.466978073120117,28.780000686645508,28.899999618530273,28.670000076293945,28.78499984741211,12914800
2018-04-12,24.726268768310547,29.084999084472656,29.204999923706055,28.834999084472656,28.90999984741211,7073600
2018-04-13,24.700769424438477,29.05500030517578,29.325000762939453,28.950000762939453,29.2450008392334,8643600
2018-04-16,25.03232192993164,29.44499969482422,29.489999771118164,29.1200008392334,29.270000457763672,12664200
2018-04-17,25.317119598388672,29.780000686645508,29.864999771118164,29.5049991607666,29.635000228881836,9562400
2018-04-18,25.49989891052246,29.9950008392334,30.125,29.8799991607666,29.950000762939453,9472400
2018-04-19,25.215106964111328,29.65999984741211,30.030000686645508,29.549999237060547,30.030000686645508,11639200
2018-04-20,25.079078674316406,29.5,29.7549991607666,29.375,29.665000915527344,8702200
2018-04-23,25.006816864013672,29.415000915527344,29.53499984741211,29.334999084472656,29.440000534057617,6195400
2018-04-24,24.33095932006836,28.6200008392334,29.524999618530273,28.31999969482422,29.524999618530273,17448400
2018-04-25,24.46272850036621,28.774999618530273,28.864999771118164,28.40999984741211,28.670000076293945,15901000
2018-04-26,24.615758895874023,28.954999923706055,29.075000762939453,28.7450008392334,28.90999984741211,9875200
2018-04-27,24.5519962310791,28.8799991607666,29.03499984741211,28.674999237060547,28.959999084472656,15796800
2018-04-30,24.233192443847656,28.5049991607666,29.024999618530273,28.475000381469727,28.924999237060547,9750400
2018-05-01,24.211938858032227,28.479999542236328,28.489999771118164,28.110000610351562,28.350000381469727,12562200
2018-05-02,24.15667724609375,28.415000915527344,28.635000228881836,28.360000610351562,28.524999618530273,12740600
2018-05-03,24.267196655273438,28.545000076293945,28.729999542236328,28.145000457763672,28.450000762939453,19521600
2018-05-04,24.568998336791992,28.899999618530273,29.059999465942383,28.344999313354492,28.360000610351562,8905800
2018-05-07,24.56049346923828,28.889999389648438,29.06999969482422,28.790000915527344,28.93000030517578,9891600
2018-05-08,24.509489059448242,28.829999923706055,28.950000762939453,28.674999237060547,28.81999969482422,7349200
2018-05-09,24.86229133605957,29.2450008392334,29.28499984741211,28.940000534057617,28.940000534057617,24065800
2018-05-10,25.040822982788086,29.454999923706055,29.625,29.25,29.270000457763672,9666000
2018-05-11,25.03232192993164,29.44499969482422,29.684999465942383,29.405000686645508,29.475000381469727,7105000
2018-05-14,25.130083084106445,29.559999465942383,29.655000686645508,29.44499969482422,29.530000686645508,5571600
2018-05-15,25.053577423095703,29.469999313354492,29.520000457763672,29.229999542236328,29.40999984741211,14327600
2018-05-16,25.351123809814453,29.81999969482422,29.860000610351562,29.469999313354492,29.469999313354492,6724800
2018-05-17,25.410634994506836,29.889999389648438,30.0,29.75,29.75,20734600
2018-05-18,25.44463348388672,29.93000030517578,30.014999389648438,29.84000015258789,29.854999542236328,6550800
2018-05-21,25.580656051635742,30.09000015258789,30.15999984741211,29.985000610351562,30.09000015258789,10592000
2018-05-22,25.368125915527344,29.84000015258789,30.18000030517578,29.809999465942383,30.09000015258789,7705000
2018-05-23,25.308618545532227,29.770000457763672,29.780000686645508,29.5049991607666,29.645000457763672,7298800
2018-05-24,25.219348907470703,29.665000915527344,29.81999969482422,29.514999389648438,29.709999084472656,7098800
2018-05-25,25.083328247070312,29.5049991607666,29.594999313354492,29.399999618530273,29.540000915527344,8115400
2018-05-29,24.64975929260254,28.9950008392334,29.43000030517578,28.899999618530273,29.2549991607666,11699800
2018-05-30,24.938804626464844,29.334999084472656,29.424999237060547,29.114999771118164,29.204999923706055,8706200
2018-05-31,24.730518341064453,29.09000015258789,29.415000915527344,29.075000762939453,29.3700008392334,11556600
2018-06-01,25.10883140563965,29.53499984741211,29.6299991607666,29.30500030517578,29.30500030517578,7605400
2018-06-04,25.253358840942383,29.704999923706055,29.764999389648438,29.6299991607666,29.649999618530273,9079800
2018-06-05,25.44463348388672,29.93000030517578,30.03499984741211,29.700000762939453,29.739999771118164,6651400
2018-06-06,25.916467666625977,30.485000610351562,30.4950008392334,29.8799991607666,29.96500015258789,16384800
2018-06-07,25.784696578979492,30.329999923706055,30.524999618530273,30.19499969482422,30.5,10314600
2018-06-08,25.856962203979492,30.415000915527344,30.469999313354492,30.135000228881836,30.299999237060547,7572000
2018-06-11,25.89521026611328,30.459999084472656,30.53499984741211,30.31999969482422,30.375,5773600
2018-06-12,25.929222106933594,30.5,30.604999542236328,30.385000228881836,30.5049991607666,8955800
2018-06-13,25.64867401123047,30.170000076293945,30.549999237060547,30.135000228881836,30.53499984741211,8118400
2018-06-14,25.686931610107422,30.21500015258789,30.364999771118164,30.094999313354492,30.295000076293945,5079400
2018-06-15,25.507572174072266,29.864999771118164,29.96500015258789,29.655000686645508,29.8799991607666,13055200
2018-06-18,25.443519592285156,29.790000915527344,29.844999313354492,29.600000381469727,29.635000228881836,17983000
2018-06-19,24.978031158447266,29.2450008392334,29.5,28.9950008392334,29.440000534057617,14423400
2018-06-20,24.896888732910156,29.149999618530273,29.364999771118164,29.030000686645508,29.364999771118164,10670400
2018-06-21,24.63212013244629,28.84000015258789,29.110000610351562,28.790000915527344,29.079999923706055,14373000
2018-06-22,24.9908447265625,29.260000228881836,29.329999923706055,29.05500030517578,29.05500030517578,14228400
2018-06-25,24.60222625732422,28.80500030517578,29.114999771118164,28.56999969482422,29.114999771118164,19581200
2018-06-26,24.6961727142334,28.915000915527344,29.0049991607666,28.795000076293945,28.854999542236328,7416200
2018-06-27,24.619314193725586,28.825000762939453,29.375,28.815000534057617,29.06999969482422,11575600
2018-06-28,24.713258743286133,28.934999465942383,29.0049991607666,28.6299991607666,28.834999084472656,11778800
2018-06-29,24.79866600036621,29.03499984741211,29.385000228881836,28.9950008392334,28.9950008392334,10085800
2018-07-02,24.666284561157227,28.8799991607666,28.94499969482422,28.674999237060547,28.825000762939453,15365800
2018-07-03,24.62358283996582,28.829999923706055,29.2450008392334,28.764999389648438,29.065000534057617,6778800
2018-07-05,24.837099075317383,29.079999923706055,29.104999542236328,28.80500030517578,29.030000686645508,11118400
2018-07-06,24.96095085144043,29.225000381469727,29.309999465942383,28.895000457763672,29.030000686645508,9061800
2018-07-09,25.183013916015625,29.485000610351562,29.5,29.34000015258789,29.364999771118164,9075600
2018-07-10,25.39653205871582,29.735000610351562,29.75,29.475000381469727,29.475000381469727,11946600
2018-07-11,24.96949005126953,29.235000610351562,29.510000228881836,29.104999542236328,29.424999237060547,22691200
2018-07-12,25.029277801513672,29.30500030517578,29.440000534057617,29.184999465942383,29.415000915527344,13238000
2018-07-13,25.016460418701172,29.290000915527344,29.395000457763672,29.209999084472656,29.2549991607666,6924000
2018-07-16,24.815753936767578,29.05500030517578,29.364999771118164,28.989999771118164,29.30500030517578,8983200
2018-07-17,25.140310287475586,29.434999465942383,29.53499984741211,28.969999313354492,29.079999923706055,15364000
2018-07-18,24.905426025390625,29.15999984741211,29.56999969482422,29.15999984741211,29.399999618530273,11774400
2018-07-19,24.995113372802734,29.264999389648438,29.299999237060547,29.059999465942383,29.264999389648438,12835000
2018-07-20,24.892621994018555,29.145000457763672,29.25,29.010000228881836,29.145000457763672,14633600
2018-07-23,24.755966186523438,28.985000610351562,29.145000457763672,28.959999084472656,29.135000228881836,8299000
2018-07-24,25.07625389099121,29.360000610351562,29.524999618530273,29.190000534057617,29.190000534057617,14233600
2018-07-25,25.272695541381836,29.59000015258789,29.6299991607666,29.170000076293945,29.375,9467200
2018-07-26,25.417892456054688,29.760000228881836,29.815000534057617,29.489999771118164,29.584999084472656,12395400
2018-07-27,25.32394027709961,29.649999618530273,29.875,29.575000762939453,29.850000381469727,11041400
2018-07-30,25.276962280273438,29.594999313354492,29.864999771118164,29.545000076293945,29.68000030517578,6944400
2018-07-31,25.507572174072266,29.864999771118164,29.940000534057617,29.649999618530273,29.65999984741211,10475200
2018-08-01,25.247066497802734,29.559999465942383,29.864999771118164,29.5049991607666,29.799999237060547,12120800
2018-08-02,25.080520629882812,29.364999771118164,29.3799991607666,29.030000686645508,29.315000534057617,18536200
2018-08-03,25.319669723510742,29.645000457763672,29.65999984741211,29.44499969482422,29.46500015258789,10659200
2018-08-06,25.311128616333008,29.635000228881836,29.75,29.31999969482422,29.415000915527344,9262200
2018-08-07,25.39653205871582,29.735000610351562,29.90999984741211,29.704999923706055,29.719999313354492,9514800
2018-08-08,25.289775848388672,29.610000610351562,29.844999313354492,29.594999313354492,29.760000228881836,13012400
2018-08-09,25.426433563232422,29.770000457763672,29.934999465942383,29.704999923706055,29.704999923706055,8488200
2018-08-10,25.059165954589844,29.34000015258789,29.625,29.30500030517578,29.56999969482422,12104600
2018-08-13,24.807207107543945,29.045000076293945,29.485000610351562,28.934999465942383,29.364999771118164,10872200
2018-08-14,25.016460418701172,29.290000915527344,29.44499969482422,29.145000457763672,29.165000915527344,8272000
2018-08-15,24.619314193725586,28.825000762939453,29.010000228881836,28.510000228881836,29.0,16990400
2018-08-16,24.768779754638672,29.0,29.15999984741211,28.934999465942383,28.934999465942383,12689400
2018-08-17,24.95240592956543,29.21500015258789,29.270000457763672,28.934999465942383,28.94499969482422,10518000
2018-08-20,25.127490997314453,29.420000076293945,29.475000381469727,29.270000457763672,29.270000457763672,9683000
2018-08-21,25.2257137298584,29.53499984741211,29.670000076293945,29.43000030517578,29.479999542236328,9916000
2018-08-22,25.09760093688965,29.385000228881836,29.56999969482422,29.350000381469727,29.520000457763672,10865400
2018-08-23,24.92678451538086,29.184999465942383,29.325000762939453,29.104999542236328,29.325000762939453,8884000
2018-08-24,25.251340866088867,29.565000534057617,29.604999542236328,29.309999465942383,29.34000015258789,9903200
2018-08-27,25.597246170043945,29.969999313354492,30.065000534057617,29.625,29.625,11218200
2018-08-28,25.49903106689453,29.854999542236328,30.149999618530273,29.760000228881836,30.014999389648438,7686200
2018-08-29,25.69120216369629,30.079999923706055,30.135000228881836,29.729999542236328,29.860000610351562,8557000
2018-08-30,25.387996673583984,29.725000381469727,30.079999923706055,29.635000228881836,29.940000534057617,11678600
2018-08-31,25.311128616333008,29.635000228881836,29.8700008392334,29.56999969482422,29.68000030517578,8561400
2018-09-04,25.13603401184082,29.43000030517578,29.56999969482422,29.280000686645508,29.55500030517578,11944400
2018-09-05,25.30258560180664,29.625,29.68000030517578,29.31999969482422,29.405000686645508,9280800
2018-09-06,25.353832244873047,29.684999465942383,29.860000610351562,29.479999542236328,29.65999984741211,12008200
2018-09-07,25.187286376953125,29.489999771118164,29.600000381469727,29.295000076293945,29.46500015258789,14598200
2018-09-10,25.217178344726562,29.524999618530273,29.684999465942383,29.510000228881836,29.56999969482422,9543000
2018-09-11,25.268421173095703,29.584999084472656,29.65999984741211,29.204999923706055,29.309999465942383,15498000
2018-09-12,25.281232833862305,29.600000381469727,29.735000610351562,29.46500015258789,29.579999923706055,12482600
2018-09-13,25.37945556640625,29.71500015258789,29.934999465942383,29.700000762939453,29.834999084472656,8205800
2018-09-14,25.370912551879883,29.704999923706055,29.834999084472656,29.6299991607666,29.780000686645508,9707400
2018-09-17,25.460596084594727,29.809999465942383,29.985000610351562,29.69499969482422,29.69499969482422,7766800
2018-09-18,25.48621368408203,29.84000015258789,30.0,29.735000610351562,29.895000457763672,8157000
2018-09-19,25.763797760009766,30.165000915527344,30.290000915527344,29.8700008392334,29.8700008392334,15854400
2018-09-20,26.0413761138916,30.489999771118164,30.579999923706055,30.364999771118164,30.375,11195200
2018-09-21,25.985170364379883,30.280000686645508,30.524999618530273,30.200000762939453,30.469999313354492,16272400
2018-09-24,25.620452880859375,29.854999542236328,30.219999313354492,29.80500030517578,30.18000030517578,9201400
2018-09-25,25.48743438720703,29.700000762939453,29.954999923706055,29.665000915527344,29.924999237060547,10138000
2018-09-26,25.234277725219727,29.405000686645508,29.684999465942383,29.344999313354492,29.55500030517578,17022600
2018-09-27,25.015445709228516,29.149999618530273,29.385000228881836,29.114999771118164,29.385000228881836,12559800
2018-09-28,24.856679916381836,28.96500015258789,29.110000610351562,28.90999984741211,29.065000534057617,10761800
2018-10-01,25.10555076599121,29.2549991607666,29.375,29.125,29.125,8773000
2018-10-02,25.21282196044922,29.3799991607666,29.454999923706055,29.229999542236328,29.274999618530273,7347600
2018-10-03,25.032609939575195,29.170000076293945,29.520000457763672,29.145000457763672,29.479999542236328,7870000
2018-10-04,24.916751861572266,29.03499984741211,29.15999984741211,28.80500030517578,29.15999984741211,11157800
2018-10-05,24.732254028320312,28.81999969482422,29.09000015258789,28.700000762939453,28.979999542236328,10704000
2018-10-08,24.719375610351562,28.80500030517578,28.854999542236328,28.584999084472656,28.704999923706055,12580200
2018-10-09,23.899837493896484,27.850000381469727,28.43000030517578,27.80500030517578,28.43000030517578,22714800
2018-10-10,23.27337646484375,27.1200008392334,27.8799991607666,27.110000610351562,27.864999771118164,26403400
2018-10-11,23.003047943115234,26.80500030517578,27.34000015258789,26.709999084472656,27.100000381469727,36573600
2018-10-12,23.067415237426758,26.8799991607666,27.315000534057617,26.684999465942383,27.235000610351562,21301000
2018-10-15,22.990184783935547,26.790000915527344,27.045000076293945,26.780000686645508,26.875,10256000
2018-10-16,23.359193801879883,27.219999313354492,27.280000686645508,26.780000686645508,26.875,11053000
2018-10-17,23.209014892578125,27.045000076293945,27.25,26.8700008392334,27.190000534057617,17070000
2018-10-18,22.947269439697266,26.739999771118164,27.18000030517578,26.594999313354492,26.920000076293945,15387800
2018-10-19,22.784225463867188,26.549999237060547,26.915000915527344,26.5049991607666,26.674999237060547,14211800
2018-10-22,22.604005813598633,26.34000015258789,26.760000228881836,26.25,26.665000915527344,26653000
2018-10-23,22.38088607788086,26.079999923706055,26.21500015258789,25.514999389648438,25.915000915527344,40403800
2018-10-24,21.672897338867188,25.2549991607666,26.114999771118164,25.200000762939453,25.985000610351562,41268000
2018-10-25,21.951801300048828,25.579999923706055,25.774999618530273,25.3700008392334,25.405000686645508,28511600
2018-10-26,21.823083877563477,25.43000030517578,25.69499969482422,25.045000076293945,25.225000381469727,47958600
2018-10-29,21.771587371826172,25.3700008392334,25.940000534057617,25.110000610351562,25.7549991607666,34825400
2018-10-30,22.269323348999023,25.950000762939453,26.0,25.274999618530273,25.299999237060547,46345200
2018-10-31,22.573970794677734,26.30500030517578,26.475000381469727,26.135000228881836,26.2450008392334,26335400
2018-11-01,23.209014892578125,27.045000076293945,27.110000610351562,26.594999313354492,26.78499984741211,27448600
2018-11-02,23.153226852416992,26.979999542236328,27.30500030517578,26.625,27.229999542236328,26879600
2018-11-05,23.221885681152344,27.059999465942383,27.125,26.860000610351562,27.0,15713600
2018-11-06,23.60376739501953,27.5049991607666,27.530000686645508,27.065000534057617,27.139999389648438,13145200
2018-11-07,24.028553009033203,28.0,28.014999389648438,27.545000076293945,27.71500015258789,13562200
2018-11-08,23.925579071044922,27.8799991607666,28.0049991607666,27.735000610351562,27.844999313354492,12894800
2018-11-09,23.590896606445312,27.489999771118164,27.71500015258789,27.28499984741211,27.71500015258789,18024800
2018-11-12,23.24334144592285,27.084999084472656,27.510000228881836,27.030000686645508,27.454999923706055,20119600
2018-11-13,23.1746883392334,27.0049991607666,27.434999465942383,26.96500015258789,27.145000457763672,19012400
2018-11-14,23.148941040039062,26.975000381469727,27.360000610351562,26.834999084472656,27.165000915527344,19452600
2018-11-15,23.466455459594727,27.344999313354492,27.475000381469727,26.885000228881836,26.885000228881836,24067800
2018-11-16,23.70245933532715,27.6200008392334,27.690000534057617,27.184999465942383,27.260000228881836,17462000
2018-11-19,23.363483428955078,27.225000381469727,27.709999084472656,27.149999618530273,27.559999465942383,24568400
2018-11-20,22.938690185546875,26.729999542236328,27.020000457763672,26.610000610351562,26.96500015258789,22518600
2018-11-21,23.123199462890625,26.94499969482422,27.204999923706055,26.81999969482422,26.81999969482422,14026800
2018-11-23,22.874330520629883,26.655000686645508,26.834999084472656,26.575000762939453,26.69499969482422,6302200
2018-11-26,23.13606834411621,26.959999084472656,27.05500030517578,26.799999237060547,26.885000228881836,10714600
2018-11-27,22.85287094116211,26.6299991607666,26.905000686645508,26.450000762939453,26.7549991607666,11742200
2018-11-28,23.20471954345703,27.040000915527344,27.040000915527344,26.34000015258789,26.700000762939453,17062000
2018-11-29,23.372066497802734,27.235000610351562,27.389999389648438,26.975000381469727,27.03499984741211,14276400
2018-11-30,23.432130813598633,27.30500030517578,27.385000228881836,27.014999389648438,27.045000076293945,12116400
2018-12-03,23.844053268432617,27.78499984741211,28.06999969482422,27.489999771118164,27.8700008392334,17150200
2018-12-04,23.13606834411621,26.959999084472656,27.80500030517578,26.915000915527344,27.75,18091600
2018-12-06,22.822839736938477,26.594999313354492,26.594999313354492,25.940000534057617,26.510000228881836,26450600
2018-12-07,22.273609161376953,25.954999923706055,27.0,25.8700008392334,26.56999969482422,28052600
2018-12-10,22.33368492126465,26.024999618530273,26.135000228881836,25.55500030517578,25.96500015258789,23329800
2018-12-11,22.2607421875,25.940000534057617,26.635000228881836,25.834999084472656,26.485000610351562,20142200
2018-12-12,22.453834533691406,26.165000915527344,26.469999313354492,26.149999618530273,26.325000762939453,14902000
2018-12-13,22.192087173461914,25.860000610351562,26.329999923706055,25.764999389648438,26.2450008392334,29257200
2018-12-14,22.02046012878418,25.65999984741211,25.920000076293945,25.565000534057617,25.65999984741211,15958800
2018-12-17,21.642864227294922,25.219999313354492,25.8700008392334,25.05500030517578,25.69499969482422,30503200
2018-12-18,21.76300621032715,25.360000610351562,25.670000076293945,25.204999923706055,25.40999984741211,23365800
2018-12-19,21.46693992614746,25.014999389648438,25.895000457763672,24.899999618530273,25.399999618530273,39400800
2018-12-20,21.17946434020996,24.68000030517578,25.184999465942383,24.43000030517578,24.94499969482422,46346200
2018-12-21,20.98900032043457,24.299999237060547,25.059999465942383,24.274999618530273,24.655000686645508,41112200
2018-12-24,20.444843292236328,23.670000076293945,24.329999923706055,23.655000686645508,24.139999389648438,22656400
2018-12-26,21.360416412353516,24.729999542236328,24.739999771118164,23.524999618530273,23.780000686645508,34232200
2018-12-27,21.753416061401367,25.184999465942383,25.19499969482422,24.31999969482422,24.424999237060547,29847200
2018-12-28,21.636804580688477,25.049999237060547,25.454999923706055,24.954999923706055,25.31999969482422,18906000
2018-12-31,21.818193435668945,25.260000228881836,25.30500030517578,24.979999542236328,25.135000228881836,15596000
2019-01-02,21.930482864379883,25.389999389648438,25.485000610351562,24.75,24.889999389648438,18192600
2019-01-03,21.308589935302734,24.670000076293945,25.2549991607666,24.6200008392334,25.2549991607666,19668000
2019-01-04,22.14641761779785,25.639999389648438,25.739999771118164,25.030000686645508,25.06999969482422,17901200
2019-01-07,22.224163055419922,25.729999542236328,26.03499984741211,25.479999542236328,25.649999618530273,14936600
2019-01-08,22.457365036010742,26.0,26.040000915527344,25.709999084472656,25.854999542236328,20657200
2019-01-09,22.466007232666016,26.010000228881836,26.110000610351562,25.764999389648438,26.065000534057617,16250400
2019-01-10,22.66466522216797,26.239999771118164,26.2549991607666,25.799999237060547,25.825000762939453,16942800
2019-01-11,22.573974609375,26.135000228881836,26.200000762939453,25.96500015258789,26.104999542236328,12372400
2019-01-14,22.401222229003906,25.934999465942383,26.075000762939453,25.774999618530273,25.905000686645508,23006400
2019-01-15,22.2543888092041,25.764999389648438,25.93000030517578,25.604999542236328,25.770000457763672,15094200
2019-01-16,22.34075927734375,25.864999771118164,26.0,25.729999542236328,25.770000457763672,27437400
2019-01-17,22.733766555786133,26.31999969482422,26.3799991607666,25.725000381469727,25.725000381469727,20411000
2019-01-18,23.109495162963867,26.7549991607666,26.8799991607666,26.46500015258789,26.540000915527344,17514800
2019-01-22,22.7899112701416,26.385000228881836,26.674999237060547,26.229999542236328,26.6299991607666,14866800
2019-01-23,22.63443946838379,26.204999923706055,26.4950008392334,25.954999923706055,26.424999237060547,11410000
2019-01-24,22.513513565063477,26.065000534057617,26.225000381469727,25.950000762939453,26.059999465942383,10499400
2019-01-25,22.94106674194336,26.559999465942383,26.704999923706055,26.354999542236328,26.46500015258789,9834000
2019-01-28,22.90651512145996,26.520000457763672,26.540000915527344,26.290000915527344,26.3700008392334,11943600
2019-01-29,23.144044876098633,26.795000076293945,26.8700008392334,26.584999084472656,26.584999084472656,16446000
2019-01-30,23.390213012695312,27.079999923706055,27.295000076293945,26.795000076293945,26.905000686645508,14146600
2019-01-31,23.040393829345703,26.674999237060547,26.790000915527344,26.21500015258789,26.5,24950600
2019-02-01,23.109495162963867,26.7549991607666,26.81999969482422,26.540000915527344,26.65999984741211,11079000
2019-02-04,23.07062339782715,26.709999084472656,26.735000610351562,26.530000686645508,26.704999923706055,7115600
2019-02-05,23.23906135559082,26.905000686645508,26.969999313354492,26.7549991607666,26.770000457763672,8857800
2019-02-06,23.10085678100586,26.7450008392334,26.8799991607666,26.69499969482422,26.774999618530273,9909800
2019-02-07,22.78127098083496,26.375,26.625,26.15999984741211,26.575000762939453,12736000
2019-02-08,22.759675979614258,26.350000381469727,26.354999542236328,26.014999389648438,26.229999542236328,9042800
2019-02-11,22.794227600097656,26.389999389648438,26.479999542236328,26.264999389648438,26.44499969482422,8316600
2019-02-12,23.3038330078125,26.979999542236328,27.014999389648438,26.559999465942383,26.635000228881836,20139600
2019-02-13,23.334064483642578,27.014999389648438,27.209999084472656,27.0049991607666,27.1299991607666,14694200
2019-02-14,23.213144302368164,26.875,27.06999969482422,26.799999237060547,26.889999389648438,9770000
2019-02-15,23.528409957885742,27.239999771118164,27.309999465942383,27.040000915527344,27.170000076293945,15294400
2019-02-19,23.675247192382812,27.40999984741211,27.540000915527344,27.114999771118164,27.139999389648438,24529000
2019-02-20,24.081209182739258,27.8799991607666,28.049999237060547,27.420000076293945,27.459999084472656,22618000
2019-02-21,23.98619842529297,27.770000457763672,27.979999542236328,27.655000686645508,27.915000915527344,17103800
2019-02-22,24.089845657348633,27.889999389648438,27.975000381469727,27.790000915527344,27.90999984741211,9581600
2019-02-25,24.245317459106445,28.06999969482422,28.149999618530273,27.94499969482422,28.0049991607666,12375800
2019-02-26,24.107118606567383,27.90999984741211,28.09000015258789,27.899999618530273,28.0049991607666,12384600
2019-02-27,24.06825065612793,27.864999771118164,27.950000762939453,27.684999465942383,27.850000381469727,9262400
2019-02-28,23.77458381652832,27.524999618530273,27.860000610351562,27.46500015258789,27.834999084472656,17525000
2019-03-01,23.744348526000977,27.489999771118164,27.8700008392334,27.395000457763672,27.725000381469727,19683000
2019-03-04,23.852317810058594,27.614999771118164,27.729999542236328,27.19499969482422,27.549999237060547,15920800
2019-03-05,23.740028381347656,27.485000610351562,27.625,27.454999923706055,27.55500030517578,10463400
2019-03-06,23.791852951049805,27.545000076293945,27.739999771118164,27.5049991607666,27.565000534057617,9231000
2019-03-07,23.597509384155273,27.31999969482422,27.489999771118164,27.114999771118164,27.485000610351562,23923800
2019-03-08,23.636377334594727,27.364999771118164,27.385000228881836,27.030000686645508,27.174999237060547,14289200
2019-03-11,23.973236083984375,27.7549991607666,27.764999389648438,27.440000534057617,27.479999542236328,13715400
2019-03-12,24.063936233520508,27.860000610351562,28.020000457763672,27.795000076293945,27.795000076293945,14432200
2019-03-13,24.1805362701416,27.9950008392334,28.170000076293945,27.940000534057617,28.014999389648438,11036800
2019-03-14,23.99915313720703,27.78499984741211,27.975000381469727,27.719999313354492,27.915000915527344,10079600
2019-03-15,24.02907943725586,27.700000762939453,27.915000915527344,27.594999313354492,27.780000686645508,14518000
2019-03-18,24.08547019958496,27.764999389648438,27.80500030517578,27.55500030517578,27.719999313354492,8691000
2019-03-19,24.055105209350586,27.729999542236328,28.075000762939453,27.604999542236328,27.899999618530273,10542600
2019-03-20,24.033416748046875,27.704999923706055,27.850000381469727,27.440000534057617,27.71500015258789,22470000
2019-03-21,24.289323806762695,28.0,28.104999542236328,27.579999923706055,27.610000610351562,15919400
2019-03-22,23.564979553222656,27.165000915527344,27.760000228881836,27.114999771118164,27.7549991607666,18247400
2019-03-25,23.521604537963867,27.114999771118164,27.360000610351562,27.06999969482422,27.149999618530273,13125400
2019-03-26,23.664737701416016,27.280000686645508,27.364999771118164,27.084999084472656,27.295000076293945,11799600
2019-03-27,23.634376525878906,27.2450008392334,27.344999313354492,27.049999237060547,27.209999084472656,19565200
2019-03-28,23.864261627197266,27.510000228881836,27.524999618530273,27.274999618530273,27.28499984741211,9741600
2019-03-29,24.07245445251465,27.75,27.760000228881836,27.415000915527344,27.540000915527344,12654600
2019-04-01,24.432458877563477,28.165000915527344,28.204999923706055,27.90999984741211,27.94499969482422,12908600
2019-04-02,24.514867782592773,28.260000228881836,28.3799991607666,28.1200008392334,28.235000610351562,14224600
2019-04-03,24.835834503173828,28.6299991607666,28.809999465942383,28.405000686645508,28.489999771118164,34729000
2019-04-04,25.087400436401367,28.920000076293945,28.93000030517578,28.635000228881836,28.649999618530273,12205600
2019-04-05,25.0787296295166,28.90999984741211,29.024999618530273,28.825000762939453,28.924999237060547,7337200
2019-04-08,25.087400436401367,28.920000076293945,28.950000762939453,28.770000457763672,28.889999389648438,13149400
2019-04-09,24.905231475830078,28.709999084472656,28.84000015258789,28.625,28.799999237060547,12221600
2019-04-10,24.89221954345703,28.69499969482422,28.790000915527344,28.584999084472656,28.735000610351562,7594800
2019-04-11,24.87921142578125,28.68000030517578,28.78499984741211,28.600000381469727,28.684999465942383,6989200
2019-04-12,25.208843231201172,29.059999465942383,29.059999465942383,28.825000762939453,28.915000915527344,7217400
2019-04-15,25.091737747192383,28.924999237060547,29.079999923706055,28.875,29.059999465942383,5410200
2019-04-16,25.204513549804688,29.05500030517578,29.059999465942383,28.760000228881836,28.895000457763672,7475000
2019-04-17,25.048368453979492,28.875,29.25,28.864999771118164,29.114999771118164,6740400
2019-04-18,25.0787296295166,28.90999984741211,28.985000610351562,28.760000228881836,28.899999618530273,7268800
2019-04-22,24.909564971923828,28.71500015258789,28.895000457763672,28.674999237060547,28.799999237060547,11976200
2019-04-23,25.022336959838867,28.844999313354492,28.934999465942383,28.600000381469727,28.670000076293945,15290400
2019-04-24,24.866195678710938,28.665000915527344,28.905000686645508,28.665000915527344,28.815000534057617,7616400
2019-04-25,24.5495662689209,28.299999237060547,28.575000762939453,28.209999084472656,28.53499984741211,10360200
2019-04-26,24.75342559814453,28.53499984741211,28.610000610351562,28.2450008392334,28.299999237060547,9900200
2019-04-29,24.70570945739746,28.479999542236328,28.559999465942383,28.375,28.459999084472656,12113000
2019-04-30,24.918245315551758,28.725000381469727,28.760000228881836,28.40999984741211,28.55500030517578,6798400
2019-05-01,24.46715545654297,28.204999923706055,28.764999389648438,28.200000762939453,28.764999389648438,13101800
2019-05-02,24.341373443603516,28.059999465942383,28.219999313354492,27.864999771118164,28.06999969482422,21946200
2019-05-03,24.579925537109375,28.334999084472656,28.350000381469727,28.09000015258789,28.114999771118164,12066800
2019-05-06,24.228601455688477,27.93000030517578,28.040000915527344,27.65999984741211,27.65999984741211,31202200
2019-05-07,23.803543090820312,27.440000534057617,27.71500015258789,27.295000076293945,27.665000915527344,19502000
2019-05-08,23.781848907470703,27.415000915527344,27.545000076293945,27.299999237060547,27.420000076293945,12319400
2019-05-09,23.595346450805664,27.200000762939453,27.30500030517578,26.889999389648438,27.104999542236328,13428800
2019-05-10,23.916309356689453,27.56999969482422,27.670000076293945,27.03499984741211,27.149999618530273,12945800
2019-05-13,23.37847900390625,26.950000762939453,27.549999237060547,26.7450008392334,27.059999465942383,14097600
2019-05-14,23.577999114990234,27.18000030517578,27.385000228881836,26.975000381469727,27.045000076293945,12203800
2019-05-15,23.51727294921875,27.110000610351562,27.30500030517578,26.885000228881836,27.0,10524400
2019-05-16,23.846912384033203,27.489999771118164,27.579999923706055,27.315000534057617,27.315000534057617,9810600
2019-05-17,23.703773498535156,27.325000762939453,27.520000457763672,27.204999923706055,27.280000686645508,12166600
2019-05-20,23.365459442138672,26.934999465942383,27.190000534057617,26.889999389648438,27.079999923706055,10032600
2019-05-21,23.72547149658203,27.350000381469727,27.389999389648438,27.09000015258789,27.1299991607666,8743200
2019-05-22,23.560640335083008,27.15999984741211,27.399999618530273,27.15999984741211,27.299999237060547,10617000
2019-05-23,23.200641632080078,26.7450008392334,26.959999084472656,26.625,26.8700008392334,9845400
2019-05-24,23.330766677856445,26.895000457763672,27.094999313354492,26.75,27.014999389648438,8180800
2019-05-28,23.096540451049805,26.625,26.975000381469727,26.604999542236328,26.889999389648438,9652200
2019-05-29,23.10087776184082,26.6299991607666,26.670000076293945,26.350000381469727,26.420000076293945,17477600
2019-05-30,23.13991928100586,26.674999237060547,26.795000076293945,26.604999542236328,26.639999389648438,8950200
2019-05-31,22.879680633544922,26.375,26.489999771118164,26.260000228881836,26.360000610351562,11983600
2019-06-03,23.599685668945312,27.204999923706055,27.21500015258789,26.375,26.450000762939453,26310800
2019-06-04,24.263296127319336,27.969999313354492,28.024999618530273,27.34000015258789,27.5,35555800
2019-06-05,24.441131591796875,28.174999237060547,28.239999771118164,27.7549991607666,28.145000457763672,39408000
2019-06-06,24.73173713684082,28.510000228881836,28.604999542236328,28.21500015258789,28.315000534057617,39823200
2019-06-07,24.952939987182617,28.764999389648438,28.8700008392334,28.635000228881836,28.69499969482422,46422200
2019-06-10,24.996318817138672,28.815000534057617,28.985000610351562,28.790000915527344,28.94499969482422,28725200
2019-06-11,24.978971481323242,28.795000076293945,29.075000762939453,28.7450008392334,28.96500015258789,15737400
2019-06-12,25.061376571655273,28.889999389648438,28.93000030517578,28.774999618530273,28.809999465942383,7100800
2019-06-13,25.208843231201172,29.059999465942383,29.094999313354492,28.959999084472656,28.9950008392334,14784200
2019-06-14,25.10040855407715,28.934999465942383,29.030000686645508,28.834999084472656,29.0,7875400
2019-06-17,24.87053108215332,28.670000076293945,28.90999984741211,28.6299991607666,28.889999389648438,15014000
2019-06-18,25.065719604492188,28.895000457763672,29.094999313354492,28.795000076293945,28.825000762939453,13775600
2019-06-19,24.926918029785156,28.735000610351562,28.905000686645508,28.584999084472656,28.895000457763672,14332800
2019-06-20,25.243549346923828,29.100000381469727,29.18000030517578,28.850000381469727,29.100000381469727,13487600
2019-06-21,25.16326332092285,28.834999084472656,28.959999084472656,28.80500030517578,28.90999984741211,11652000
2019-06-24,25.259254455566406,28.94499969482422,29.0049991607666,28.719999313354492,28.844999313354492,9203400
2019-06-25,25.2723445892334,28.959999084472656,29.075000762939453,28.864999771118164,28.979999542236328,11431800
2019-06-26,25.22871208190918,28.90999984741211,29.03499984741211,28.8700008392334,28.94499969482422,8369600
2019-06-27,25.311614990234375,29.0049991607666,29.05500030517578,28.934999465942383,28.954999923706055,6878000
2019-06-28,25.52541732788086,29.25,29.290000915527344,29.020000457763672,29.049999237060547,10017000
2019-07-01,25.721763610839844,29.475000381469727,29.479999542236328,29.229999542236328,29.46500015258789,11940200
2019-07-02,25.695585250854492,29.44499969482422,29.475000381469727,29.2549991607666,29.475000381469727,12640200
2019-07-03,25.82648468017578,29.594999313354492,29.594999313354492,29.3700008392334,29.424999237060547,4951600
2019-07-05,25.708677291870117,29.459999084472656,29.459999084472656,29.170000076293945,29.309999465942383,7620200
2019-07-08,25.411972045898438,29.1200008392334,29.405000686645508,29.06999969482422,29.34000015258789,19583600
2019-07-09,25.16326332092285,28.834999084472656,29.05500030517578,28.770000457763672,29.014999389648438,10388200
2019-07-10,25.110902786254883,28.774999618530273,29.06999969482422,28.739999771118164,29.0049991607666,14628200
2019-07-11,25.219985961914062,28.899999618530273,28.905000686645508,28.635000228881836,28.75,22183000
2019-07-12,25.468692779541016,29.184999465942383,29.19499969482422,28.96500015258789,28.979999542236328,8810000
2019-07-15,25.486146926879883,29.204999923706055,29.225000381469727,29.075000762939453,29.170000076293945,9076600
2019-07-16,25.547237396240234,29.274999618530273,29.530000686645508,29.19499969482422,29.225000381469727,9052000
2019-07-17,25.32033920288086,29.014999389648438,29.31999969482422,29.010000228881836,29.280000686645508,14334800
2019-07-18,25.429424285888672,29.139999389648438,29.165000915527344,28.8799991607666,28.915000915527344,7545600
2019-07-19,25.486146926879883,29.204999923706055,29.354999542236328,29.114999771118164,29.114999771118164,7622400
2019-07-22,25.42070198059082,29.1299991607666,29.309999465942383,29.084999084472656,29.270000457763672,5828600
2019-07-23,25.944297790527344,29.729999542236328,29.729999542236328,29.264999389648438,29.264999389648438,8403400
2019-07-24,25.926843643188477,29.709999084472656,29.764999389648438,29.56999969482422,29.639999389648438,7529800
2019-07-25,25.73922348022461,29.4950008392334,29.610000610351562,29.190000534057617,29.610000610351562,12271000
2019-07-26,25.76976203918457,29.530000686645508,29.540000915527344,29.225000381469727,29.420000076293945,15275400
2019-07-29,25.682493209838867,29.43000030517578,29.489999771118164,29.334999084472656,29.434999465942383,5783200
2019-07-30,25.852670669555664,29.625,29.645000457763672,29.165000915527344,29.209999084472656,8028400
2019-07-31,25.45560646057129,29.170000076293945,29.68000030517578,28.905000686645508,29.540000915527344,16205400
2019-08-01,25.311614990234375,29.0049991607666,29.579999923706055,28.875,29.135000228881836,19565800
2019-08-02,25.014909744262695,28.665000915527344,28.885000228881836,28.46500015258789,28.850000381469727,14996000
2019-08-05,24.543672561645508,28.125,28.514999389648438,27.93000030517578,28.415000915527344,20582200
2019-08-06,24.574214935302734,28.15999984741211,28.25,27.81999969482422,28.2450008392334,22989200
2019-08-07,24.914552688598633,28.549999237060547,28.59000015258789,27.895000457763672,27.920000076293945,46538800
2019-08-08,25.390151977539062,29.094999313354492,29.104999542236328,28.69499969482422,28.69499969482422,11470200
2019-08-09,25.189443588256836,28.864999771118164,29.024999618530273,28.709999084472656,28.979999542236328,9249200
2019-08-12,24.79674530029297,28.415000915527344,28.854999542236328,28.360000610351562,28.825000762939453,45067400
2019-08-13,25.062902450561523,28.719999313354492,29.075000762939453,28.274999618530273,28.440000534057617,14111200
2019-08-14,24.26877784729004,27.809999465942383,28.420000076293945,27.78499984741211,28.299999237060547,18258600
2019-08-15,24.277507781982422,27.81999969482422,27.969999313354492,27.6200008392334,27.96500015258789,17831000
2019-08-16,24.705108642578125,28.309999465942383,28.375,27.905000686645508,27.940000534057617,11667600
2019-08-19,24.90146255493164,28.53499984741211,28.639999389648438,28.489999771118164,28.559999465942383,6656000
2019-08-20,24.60912322998047,28.200000762939453,28.44499969482422,28.18000030517578,28.415000915527344,9478000
2019-08-21,24.735654830932617,28.344999313354492,28.454999923706055,28.200000762939453,28.389999389648438,6404600
2019-08-22,24.56985092163086,28.155000686645508,28.530000686645508,28.09000015258789,28.399999618530273,5214800
2019-08-23,23.9764347076416,27.475000381469727,28.149999618530273,27.34000015258789,28.030000686645508,18181200
2019-08-26,24.05497169494629,27.565000534057617,27.739999771118164,27.434999465942383,27.700000762939453,14902600
2019-08-27,24.072431564331055,27.584999084472656,27.84000015258789,27.514999389648438,27.670000076293945,11189800
2019-08-28,24.260051727294922,27.799999237060547,27.860000610351562,27.415000915527344,27.4950008392334,7545000
2019-08-29,24.56985092163086,28.155000686645508,28.280000686645508,28.104999542236328,28.145000457763672,8186800
2019-08-30,24.735654830932617,28.344999313354492,28.489999771118164,28.2549991607666,28.3799991607666,10142600
2019-09-03,24.5393123626709,28.1200008392334,28.184999465942383,27.93000030517578,28.125,11615800
2019-09-04,24.840375900268555,28.46500015258789,28.485000610351562,28.280000686645508,28.3700008392334,11884000
2019-09-05,24.879648208618164,28.510000228881836,28.774999618530273,28.485000610351562,28.670000076293945,11648200
2019-09-06,24.97563934326172,28.6200008392334,28.69499969482422,28.44499969482422,28.565000534057617,7904600
2019-09-09,24.844738006591797,28.469999313354492,28.69499969482422,28.415000915527344,28.68000030517578,13704000
2019-09-10,25.089086532592773,28.75,28.7549991607666,28.395000457763672,28.44499969482422,9959000
2019-09-11,25.32906723022461,29.024999618530273,29.040000915527344,28.6200008392334,28.815000534057617,10816000
2019-09-12,25.52541732788086,29.25,29.3700008392334,29.030000686645508,29.225000381469727,21448400
2019-09-13,25.804670333862305,29.56999969482422,29.65999984741211,29.405000686645508,29.434999465942383,10948000
2019-09-16,25.381425857543945,29.084999084472656,29.59000015258789,29.05500030517578,29.479999542236328,9467600
2019-09-17,25.58650016784668,29.31999969482422,29.3799991607666,28.979999542236328,29.06999969482422,8162200
2019-09-18,25.599592208862305,29.334999084472656,29.3799991607666,29.06999969482422,29.329999923706055,8159200
2019-09-19,25.643224716186523,29.385000228881836,29.55500030517578,29.329999923706055,29.405000686645508,6528200
2019-09-20,25.58359146118164,29.170000076293945,29.399999618530273,29.040000915527344,29.344999313354492,10378400
2019-09-23,25.52219581604004,29.100000381469727,29.190000534057617,28.96500015258789,28.969999313354492,6141600
2019-09-24,25.302927017211914,28.850000381469727,29.225000381469727,28.760000228881836,29.15999984741211,18071400
2019-09-25,25.43448829650879,29.0,29.05500030517578,28.725000381469727,28.850000381469727,9181000
2019-09-26,25.377479553222656,28.934999465942383,29.049999237060547,28.80500030517578,29.03499984741211,8078000
2019-09-27,25.30731773376465,28.854999542236328,29.104999542236328,28.739999771118164,28.979999542236328,12372200
2019-09-30,25.52219581604004,29.100000381469727,29.155000686645508,28.864999771118164,28.8700008392334,7754200
2019-10-01,24.921417236328125,28.415000915527344,29.2450008392334,28.40999984741211,29.145000457763672,14609000
2019-10-02,24.474123001098633,27.905000686645508,28.190000534057617,27.639999389648438,28.149999618530273,23360800
2019-10-03,24.561824798583984,28.0049991607666,28.010000228881836,27.549999237060547,27.834999084472656,16530000
2019-10-04,24.69338607788086,28.155000686645508,28.219999313354492,28.0,28.024999618530273,12585800
2019-10-07,24.605674743652344,28.05500030517578,28.344999313354492,27.969999313354492,28.079999923706055,17257200
2019-10-08,24.175918579101562,27.565000534057617,27.875,27.55500030517578,27.854999542236328,15613800
2019-10-09,24.447805404663086,27.875,27.975000381469727,27.68000030517578,27.834999084472656,17766400
2019-10-10,24.67145347595215,28.1299991607666,28.264999389648438,27.889999389648438,27.96500015258789,13538800
2019-10-11,25.149442672729492,28.674999237060547,28.940000534057617,28.43000030517578,28.46500015258789,20600800
2019-10-14,24.96965217590332,28.469999313354492,28.649999618530273,28.454999923706055,28.575000762939453,9404600
2019-10-15,25.145063400268555,28.670000076293945,28.809999465942383,28.520000457763672,28.614999771118164,9787600
2019-10-16,25.197681427001953,28.729999542236328,28.940000534057617,28.655000686645508,28.674999237060547,7689200
2019-10-17,25.263465881347656,28.80500030517578,29.024999618530273,28.7549991607666,28.8700008392334,6221000
2019-10-18,25.219614028930664,28.7549991607666,28.8799991607666,28.639999389648438,28.729999542236328,6164200
2019-10-21,25.140676498413086,28.665000915527344,28.975000381469727,28.665000915527344,28.885000228881836,5849800
2019-10-22,25.03542709350586,28.545000076293945,28.739999771118164,28.420000076293945,28.645000457763672,8107000
2019-10-23,25.19330406188965,28.725000381469727,28.850000381469727,28.6200008392334,28.649999618530273,7993000
2019-10-24,25.27223777770996,28.815000534057617,28.9950008392334,28.65999984741211,28.834999084472656,9324600
2019-10-25,25.548503875732422,29.1299991607666,29.200000762939453,28.790000915527344,28.81999969482422,8075000
2019-10-28,25.62744140625,29.219999313354492,29.3700008392334,29.125,29.2450008392334,6809000
2019-10-29,25.785310745239258,29.399999618530273,29.53499984741211,29.024999618530273,29.09000015258789,8291000
2019-10-30,25.807239532470703,29.424999237060547,29.469999313354492,29.170000076293945,29.309999465942383,12694400
2019-10-31,25.517812728881836,29.094999313354492,29.450000762939453,28.934999465942383,29.389999389648438,14273400
2019-11-01,25.877399444580078,29.5049991607666,29.5049991607666,29.21500015258789,29.2450008392334,9332600
2019-11-04,26.079118728637695,29.735000610351562,29.795000076293945,29.579999923706055,29.725000381469727,6178600
2019-11-05,26.122974395751953,29.78499984741211,29.950000762939453,29.670000076293945,29.725000381469727,7481000
2019-11-06,26.10543441772461,29.764999389648438,29.844999313354492,29.655000686645508,29.760000228881836,7988600
2019-11-07,26.280841827392578,29.96500015258789,29.9950008392334,29.850000381469727,29.93000030517578,8387800
2019-11-08,26.386089324951172,30.084999084472656,30.09000015258789,29.875,29.899999618530273,5760200
2019-11-11,26.346622467041016,30.040000915527344,30.075000762939453,29.8700008392334,29.924999237060547,8242600
2019-11-12,26.482566833496094,30.19499969482422,30.299999237060547,30.040000915527344,30.135000228881836,9920600
2019-11-13,26.329082489013672,30.020000457763672,30.18000030517578,29.96500015258789,30.06999969482422,10682000
2019-11-14,26.491336822509766,30.204999923706055,30.229999542236328,29.934999465942383,29.950000762939453,7162400
2019-11-15,26.46940803527832,30.18000030517578,30.405000686645508,30.100000381469727,30.354999542236328,6821800
2019-11-18,26.403627395629883,30.104999542236328,30.19499969482422,30.020000457763672,30.05500030517578,5833200
2019-11-19,26.346622467041016,30.040000915527344,30.235000610351562,29.940000534057617,30.235000610351562,7262400
2019-11-20,26.01772689819336,29.665000915527344,29.979999542236328,29.6299991607666,29.924999237060547,11225400
2019-11-21,25.973873138427734,29.614999771118164,29.700000762939453,29.540000915527344,29.655000686645508,6347200
2019-11-22,26.01772689819336,29.665000915527344,29.795000076293945,29.6299991607666,29.684999465942383,5749400
2019-11-25,26.188756942749023,29.860000610351562,29.8700008392334,29.725000381469727,29.764999389648438,6228600
2019-11-26,26.320314407348633,30.010000228881836,30.045000076293945,29.770000457763672,29.84000015258789,7871200
2019-11-27,26.425554275512695,30.1299991607666,30.155000686645508,29.905000686645508,30.065000534057617,10083000
2019-11-29,26.329082489013672,30.020000457763672,30.114999771118164,29.920000076293945,30.024999618530273,7067200
2019-12-02,26.06596565246582,29.719999313354492,30.024999618530273,29.719999313354492,29.969999313354492,13946400
2019-12-03,25.899328231811523,29.530000686645508,29.565000534057617,29.309999465942383,29.459999084472656,17312600
2019-12-04,25.95633888244629,29.594999313354492,29.924999237060547,29.530000686645508,29.725000381469727,11218600
2019-12-05,26.087890625,29.7450008392334,29.764999389648438,29.4950008392334,29.645000457763672,10409200
2019-12-06,26.355392456054688,30.049999237060547,30.100000381469727,29.915000915527344,29.989999771118164,13194400
2019-12-09,26.30276870727539,29.989999771118164,30.155000686645508,29.950000762939453,30.079999923706055,5500400
2019-12-10,26.144906997680664,29.809999465942383,29.985000610351562,29.7549991607666,29.940000534057617,7099600
2019-12-11,26.342241287231445,30.03499984741211,30.065000534057617,29.889999389648438,29.950000762939453,6985400
2019-12-12,26.71059799194336,30.454999923706055,30.4950008392334,30.0,30.06999969482422,14450800
2019-12-13,26.50448989868164,30.219999313354492,30.6200008392334,30.209999084472656,30.4950008392334,10166800
2019-12-16,26.618511199951172,30.350000381469727,30.524999618530273,30.31999969482422,30.4950008392334,17986000
2019-12-17,26.65797996520996,30.395000457763672,30.530000686645508,30.295000076293945,30.399999618530273,10051600
2019-12-18,26.62289047241211,30.354999542236328,30.424999237060547,30.125,30.424999237060547,7347400
2019-12-19,26.71497917175293,30.459999084472656,30.5049991607666,30.350000381469727,30.3799991607666,6191200
2019-12-20,26.844621658325195,30.440000534057617,30.485000610351562,30.30500030517578,30.30500030517578,8337800
2019-12-23,26.91958236694336,30.524999618530273,30.549999237060547,30.350000381469727,30.424999237060547,6288000
2019-12-24,26.95044708251953,30.559999465942383,30.6299991607666,30.489999771118164,30.540000915527344,2901400
2019-12-26,27.069501876831055,30.69499969482422,30.69499969482422,30.520000457763672,30.625,5604800
2019-12-27,26.968088150024414,30.579999923706055,30.80500030517578,30.565000534057617,30.80500030517578,13605400
2019-12-30,26.884309768676758,30.485000610351562,30.649999618530273,30.450000762939453,30.645000457763672,6015400
2019-12-31,27.082731246948242,30.709999084472656,30.739999771118164,30.434999465942383,30.479999542236328,5390000
2020-01-02,26.765254974365234,30.350000381469727,30.969999313354492,30.315000534057617,30.915000915527344,14714800
2020-01-03,26.3331298828125,29.860000610351562,30.219999313354492,29.850000381469727,30.040000915527344,24846400
2020-01-06,26.218486785888672,29.729999542236328,29.915000915527344,29.704999923706055,29.774999618530273,31528800
2020-01-07,26.187620162963867,29.69499969482422,29.899999618530273,29.600000381469727,29.68000030517578,40533800
2020-01-08,26.28021240234375,29.799999237060547,29.920000076293945,29.600000381469727,29.700000762939453,16159200
2020-01-09,26.377220153808594,29.90999984741211,29.96500015258789,29.815000534057617,29.895000457763672,7572400
2020-01-10,26.27139663696289,29.790000915527344,30.05500030517578,29.739999771118164,29.979999542236328,11274800
2020-01-13,26.610918045043945,30.174999237060547,30.184999465942383,29.78499984741211,29.815000534057617,8818600
2020-01-14,26.500688552856445,30.049999237060547,30.235000610351562,29.985000610351562,30.145000457763672,11010200
2020-01-15,26.681467056274414,30.2549991607666,30.395000457763672,30.040000915527344,30.045000076293945,7797000
2020-01-16,26.840213775634766,30.434999465942383,30.485000610351562,30.260000228881836,30.360000610351562,18799800
2020-01-17,26.959266662597656,30.56999969482422,30.575000762939453,30.389999389648438,30.469999313354492,10894400
2020-01-21,26.668249130249023,30.239999771118164,30.415000915527344,30.19499969482422,30.360000610351562,7614800
2020-01-22,26.56241798400879,30.1200008392334,30.329999923706055,30.104999542236328,30.30500030517578,5475000
2020-01-23,26.53154754638672,30.084999084472656,30.114999771118164,29.665000915527344,29.8799991607666,6925200
2020-01-24,26.341943740844727,29.8700008392334,30.145000457763672,29.7450008392334,30.1299991607666,10493400
2020-01-27,25.773134231567383,29.225000381469727,29.434999465942383,29.225000381469727,29.34000015258789,13869200
2020-01-28,26.064157485961914,29.55500030517578,29.649999618530273,29.30500030517578,29.3700008392334,8982200
2020-01-29,26.147932052612305,29.649999618530273,29.815000534057617,29.635000228881836,29.655000686645508,7138400
2020-01-30,25.98478126525879,29.46500015258789,29.5049991607666,29.06999969482422,29.260000228881836,17398200
2020-01-31,25.41156005859375,28.815000534057617,29.21500015258789,28.719999313354492,29.19499969482422,22041400
2020-02-03,25.945100784301758,29.420000076293945,29.549999237060547,28.899999618530273,28.924999237060547,24321200
2020-02-04,26.403682708740234,29.940000534057617,30.100000381469727,29.65999984741211,29.780000686645508,27190200
2020-02-05,26.893125534057617,30.4950008392334,30.549999237060547,29.985000610351562,30.200000762939453,34300800
2020-02-06,26.879899978637695,30.479999542236328,30.645000457763672,30.3700008392334,30.645000457763672,24751800
2020-02-07,26.496278762817383,30.045000076293945,30.290000915527344,29.940000534057617,30.290000915527344,15666600
2020-02-10,26.483047485351562,30.030000686645508,30.110000610351562,29.934999465942383,30.0,9051200
2020-02-11,26.628557205200195,30.19499969482422,30.469999313354492,30.174999237060547,30.190000534057617,8116800
2020-02-12,26.774072647094727,30.360000610351562,30.420000076293945,30.260000228881836,30.399999618530273,6487000
2020-02-13,26.67706298828125,30.25,30.440000534057617,30.170000076293945,30.31999969482422,8235600
2020-02-14,26.681467056274414,30.2549991607666,30.3700008392334,30.174999237060547,30.260000228881836,7255000
2020-02-18,26.615331649780273,30.18000030517578,30.28499984741211,30.040000915527344,30.209999084472656,9416200
2020-02-19,26.68588638305664,30.260000228881836,30.375,30.229999542236328,30.25,13654800
2020-02-20,26.7299747467041,30.309999465942383,30.514999389648438,30.09000015258789,30.149999618530273,10361200
2020-02-21,26.606515884399414,30.170000076293945,30.280000686645508,30.100000381469727,30.184999465942383,13041000
2020-02-24,25.85691261291504,29.31999969482422,29.540000915527344,29.184999465942383,29.405000686645508,18589800
2020-02-25,24.741321563720703,28.05500030517578,29.350000381469727,27.979999542236328,29.325000762939453,40124000
2020-02-26,24.657541275024414,27.959999084472656,28.579999923706055,27.915000915527344,28.204999923706055,28607200
2020-02-27,23.502267837524414,26.649999618530273,27.81999969482422,26.649999618530273,27.5,41394400
2020-02-28,23.24652862548828,26.360000610351562,26.405000686645508,25.575000762939453,25.80500030517578,61483400
2020-03-02,24.24305534362793,27.489999771118164,27.4950008392334,26.315000534057617,26.610000610351562,33634600
2020-03-03,24.031404495239258,27.25,28.06999969482422,26.885000228881836,27.579999923706055,56780400
2020-03-04,25.02793312072754,28.3799991607666,28.395000457763672,27.344999313354492,27.729999542236328,28159600
2020-03-05,24.23423957824707,27.479999542236328,27.8700008392334,27.309999465942383,27.559999465942383,28354600
2020-03-06,23.603694915771484,26.764999389648438,26.989999771118164,26.2450008392334,26.764999389648438,37882200
2020-03-09,21.39456558227539,24.260000228881836,25.764999389648438,24.18000030517578,24.84000015258789,28490000
2020-03-10,22.263225555419922,25.2450008392334,25.280000686645508,24.020000457763672,25.170000076293945,33436000
2020-03-11,21.2049560546875,24.045000076293945,24.594999313354492,23.709999084472656,24.524999618530273,29909600
2020-03-12,19.16339111328125,21.729999542236328,23.2549991607666,21.184999465942383,22.28499984741211,30731600
2020-03-13,20.508268356323242,23.2549991607666,23.270000457763672,21.600000381469727,23.135000228881836,24228000
2020-03-16,18.250638961791992,20.69499969482422,21.614999771118164,18.844999313354492,18.844999313354492,28854200
2020-03-17,19.37944984436035,21.975000381469727,22.200000762939453,20.415000915527344,21.014999389648438,22089800
2020-03-18,18.140405654907227,20.56999969482422,21.395000457763672,19.209999084472656,20.549999237060547,19751800
2020-03-19,18.603395462036133,21.094999313354492,21.424999237060547,19.78499984741211,20.21500015258789,17973800
2020-03-20,17.937572479248047,20.34000015258789,21.30500030517578,20.010000228881836,21.274999618530273,30497400
2020-03-23,17.02315902709961,19.174999237060547,20.219999313354492,19.079999923706055,20.079999923706055,37354800
2020-03-24,19.025096893310547,21.43000030517578,21.56999969482422,20.21500015258789,20.385000228881836,23758600
2020-03-25,19.46898651123047,21.93000030517578,22.815000534057617,21.1299991607666,21.350000381469727,27152800
2020-03-26,20.383394241333008,22.959999084472656,23.06999969482422,22.145000457763672,22.190000534057617,26767800
2020-03-27,19.64654541015625,22.1299991607666,22.604999542236328,21.934999465942383,22.104999542236328,28151200
2020-03-30,20.272428512573242,22.834999084472656,22.924999237060547,22.219999313354492,22.405000686645508,19508400
2020-03-31,19.992780685424805,22.520000457763672,23.084999084472656,22.43000030517578,22.764999389648438,17017400
2020-04-01,19.09168243408203,21.5049991607666,22.1200008392334,21.44499969482422,21.69499969482422,20480800
2020-04-02,19.38020896911621,21.829999923706055,22.364999771118164,21.434999465942383,21.479999542236328,23569200
2020-04-03,18.91412353515625,21.30500030517578,22.125,21.209999084472656,21.68000030517578,18531600
2020-04-06,20.32125473022461,22.889999389648438,23.059999465942383,22.219999313354492,22.219999313354492,20933400
2020-04-07,20.8627986907959,23.5,24.315000534057617,23.385000228881836,23.735000610351562,22422600
2020-04-08,21.883745193481445,24.649999618530273,24.760000228881836,23.485000610351562,23.75,32927200
2020-04-09,22.82478904724121,25.709999084472656,25.850000381469727,24.895000457763672,24.920000076293945,61476000
2020-04-13,22.323198318481445,25.145000457763672,25.579999923706055,24.795000076293945,25.510000228881836,31714600
2020-04-14,22.61172103881836,25.469999313354492,25.834999084472656,25.209999084472656,25.670000076293945,16524000
2020-04-15,21.573017120361328,24.299999237060547,24.684999465942383,24.104999542236328,24.65999984741211,11401200
2020-04-16,21.44873809814453,24.15999984741211,24.395000457763672,23.760000228881836,24.344999313354492,9255800
2020-04-17,22.30988121032715,25.1299991607666,25.209999084472656,24.725000381469727,24.729999542236328,12609200
2020-04-20,21.759458541870117,24.510000228881836,25.09000015258789,24.440000534057617,24.690000534057617,9686400
2020-04-21,21.22235107421875,23.905000686645508,24.174999237060547,23.795000076293945,23.885000228881836,11975400
2020-04-22,21.639606475830078,24.375,24.559999465942383,24.135000228881836,24.395000457763672,7665200
2020-04-23,21.790523529052734,24.545000076293945,25.045000076293945,24.514999389648438,24.514999389648438,12767200
2020-04-24,22.13232421875,24.93000030517578,25.0,24.475000381469727,24.7450008392334,8291400
2020-04-27,22.722694396972656,25.594999313354492,25.690000534057617,24.969999313354492,25.0049991607666,9722200
2020-04-28,23.14438819885254,26.06999969482422,26.225000381469727,25.75,26.014999389648438,13503800
2020-04-29,23.73476219177246,26.735000610351562,26.8700008392334,26.5,26.610000610351562,11752600
2020-04-30,23.02898406982422,25.940000534057617,26.315000534057617,25.899999618530273,26.315000534057617,10813600
2020-05-01,22.545141220092773,25.395000457763672,25.600000381469727,25.15999984741211,25.489999771118164,10134000
2020-05-04,22.625043869018555,25.485000610351562,25.520000457763672,24.950000762939453,25.200000762939453,10141000
2020-05-05,22.68274688720703,25.549999237060547,25.895000457763672,25.4950008392334,25.709999084472656,9034000
2020-05-06,22.292125701904297,25.110000610351562,25.815000534057617,25.084999084472656,25.6200008392334,7506400
2020-05-07,22.749330520629883,25.625,25.854999542236328,25.325000762939453,25.360000610351562,8245800
2020-05-08,23.295312881469727,26.239999771118164,26.274999618530273,25.915000915527344,25.9950008392334,7567000
2020-05-11,22.940202713012695,25.84000015258789,25.959999084472656,25.575000762939453,25.80500030517578,8857200
2020-05-12,22.58953094482422,25.44499969482422,26.09000015258789,25.44499969482422,25.924999237060547,8400000
2020-05-13,22.114564895629883,24.90999984741211,25.424999237060547,24.68000030517578,25.31999969482422,10532200
2020-05-14,22.385339736938477,25.21500015258789,25.21500015258789,24.15999984741211,24.450000762939453,10842000
2020-05-15,22.580646514892578,25.434999465942383,25.454999923706055,24.93000030517578,25.05500030517578,9761200
2020-05-18,23.6104736328125,26.594999313354492,26.80500030517578,26.2450008392334,26.309999465942383,8851400
2020-05-19,23.38408851623535,26.34000015258789,26.709999084472656,26.315000534057617,26.4950008392334,9785800
2020-05-20,23.756959915161133,26.760000228881836,27.049999237060547,26.684999465942383,26.690000534057617,7598600
2020-05-21,23.530576705932617,26.5049991607666,26.825000762939453,26.405000686645508,26.68000030517578,10491400
2020-05-22,23.495067596435547,26.46500015258789,26.514999389648438,26.260000228881836,26.475000381469727,7465200
2020-05-26,24.138704299926758,27.190000534057617,27.334999084472656,26.969999313354492,27.065000534057617,8228800
2020-05-27,24.382841110229492,27.46500015258789,27.645000457763672,27.114999771118164,27.5,13983400
2020-05-28,24.609224319458008,27.719999313354492,27.94499969482422,27.450000762939453,27.850000381469727,10969400
2020-05-29,24.613666534423828,27.725000381469727,27.81999969482422,27.395000457763672,27.725000381469727,14772600
2020-06-01,24.782344818115234,27.915000915527344,28.014999389648438,27.69499969482422,27.735000610351562,6466800
2020-06-02,25.23067283630371,28.420000076293945,28.459999084472656,27.975000381469727,28.0049991607666,8655400
2020-06-03,25.803287506103516,29.065000534057617,29.274999618530273,28.739999771118164,28.774999618530273,9448200
2020-06-04,25.896507263183594,29.170000076293945,29.25,28.899999618530273,28.94499969482422,9007400
2020-06-05,26.55790138244629,29.915000915527344,30.145000457763672,29.81999969482422,29.934999465942383,11260000
2020-06-08,26.593412399291992,29.954999923706055,30.125,29.690000534057617,30.030000686645508,10513000
2020-06-09,26.26937484741211,29.59000015258789,29.78499984741211,29.415000915527344,29.610000610351562,12017800
2020-06-10,25.971965789794922,29.2549991607666,29.71500015258789,29.135000228881836,29.71500015258789,10384800
2020-06-11,23.965585708618164,26.9950008392334,28.510000228881836,26.8799991607666,28.424999237060547,58196800
2020-06-12,24.431671142578125,27.520000457763672,28.045000076293945,27.0,27.93000030517578,27863800
2020-06-15,24.689128875732422,27.809999465942383,27.975000381469727,26.645000457763672,26.795000076293945,13771400
2020-06-16,25.20403480529785,28.389999389648438,28.895000457763672,27.954999923706055,28.770000457763672,19004800
2020-06-17,24.99541664123535,28.155000686645508,28.600000381469727,28.075000762939453,28.56999969482422,8050800
2020-06-18,25.01316261291504,28.174999237060547,28.334999084472656,28.0,28.049999237060547,7135200
2020-06-19,24.937702178955078,28.09000015258789,28.69499969482422,27.889999389648438,28.645000457763672,14837000
2020-06-22,25.03009033203125,28.040000915527344,28.155000686645508,27.684999465942383,27.93000030517578,6738800
2020-06-23,25.088117599487305,28.104999542236328,28.485000610351562,28.094999313354492,28.459999084472656,6232000
2020-06-24,24.356136322021484,27.28499984741211,27.834999084472656,27.204999923706055,27.80500030517578,11306000
2020-06-25,24.65964126586914,27.625,27.655000686645508,26.96500015258789,27.209999084472656,10509400
2020-06-26,24.320432662963867,27.2450008392334,27.56999969482422,27.079999923706055,27.520000457763672,16345800
2020-06-29,24.79353904724121,27.774999618530273,27.895000457763672,27.40999984741211,27.475000381469727,9878200
2020-06-30,25.150596618652344,28.174999237060547,28.34000015258789,27.600000381469727,27.68000030517578,7877800
2020-07-01,25.20416259765625,28.235000610351562,28.329999923706055,27.850000381469727,28.204999923706055,16292200
2020-07-02,25.677268981933594,28.764999389648438,29.0,28.56999969482422,28.6299991607666,16065800
2020-07-06,26.04326057434082,29.174999237060547,29.34000015258789,28.799999237060547,29.309999465942383,15728400
2020-07-07,26.052183151245117,29.184999465942383,29.270000457763672,28.94499969482422,28.96500015258789,14897400
2020-07-08,25.681734085083008,28.770000457763672,29.389999389648438,28.44499969482422,29.235000610351562,18333600
2020-07-09,25.440719604492188,28.5,28.94499969482422,28.18000030517578,28.905000686645508,31458800
2020-07-10,25.882583618164062,28.9950008392334,29.030000686645508,28.545000076293945,28.565000534057617,9314200
2020-07-13,25.882583618164062,28.9950008392334,29.584999084472656,28.975000381469727,29.295000076293945,18069200
2020-07-14,26.53421974182129,29.725000381469727,29.764999389648438,28.899999618530273,28.934999465942383,18868200
2020-07-15,26.98055076599121,30.225000381469727,30.350000381469727,30.020000457763672,30.2450008392334,16457200
2020-07-16,27.06981658935547,30.325000762939453,30.55500030517578,30.174999237060547,30.28499984741211,11128800
2020-07-17,27.297443389892578,30.579999923706055,30.65999984741211,30.43000030517578,30.540000915527344,8155600
2020-07-20,27.060888290405273,30.315000534057617,30.645000457763672,30.264999389648438,30.565000534057617,7186400
2020-07-21,27.297443389892578,30.579999923706055,30.729999542236328,30.5049991607666,30.5049991607666,7554200
2020-07-22,27.614334106445312,30.934999465942383,30.94499969482422,30.520000457763672,30.530000686645508,5899400
2020-07-23,27.529531478881836,30.84000015258789,31.145000457763672,30.625,30.90999984741211,8828000
2020-07-24,27.435802459716797,30.735000610351562,30.895000457763672,30.559999465942383,30.729999542236328,11727000
2020-07-27,27.833036422729492,31.18000030517578,31.295000076293945,30.834999084472656,30.934999465942383,7281800
2020-07-28,27.22156524658203,30.4950008392334,31.084999084472656,30.46500015258789,31.084999084472656,9140200
2020-07-29,27.44472885131836,30.7450008392334,30.834999084472656,30.545000076293945,30.594999313354492,8223000
2020-07-30,26.91360092163086,30.149999618530273,30.375,29.899999618530273,30.28499984741211,14042200
2020-07-31,26.940378189086914,30.18000030517578,30.2549991607666,29.799999237060547,30.204999923706055,10541400
2020-08-03,26.788625717163086,30.010000228881836,30.344999313354492,30.0049991607666,30.334999084472656,11077800
2020-08-04,27.168004989624023,30.434999465942383,30.5049991607666,29.829999923706055,29.889999389648438,15835000
2020-08-05,27.565235137939453,30.8799991607666,31.204999923706055,30.635000228881836,30.719999313354492,11793000
2020-08-06,27.449193954467773,30.75,30.920000076293945,30.6299991607666,30.84000015258789,13939400
2020-08-07,27.542919158935547,30.854999542236328,30.860000610351562,30.44499969482422,30.59000015258789,7971600
2020-08-10,27.81072235107422,31.155000686645508,31.155000686645508,30.84000015258789,30.885000228881836,6678200
2020-08-11,27.761621475219727,31.100000381469727,31.604999542236328,31.040000915527344,31.424999237060547,8975200
2020-08-12,27.92676544189453,31.28499984741211,31.510000228881836,31.209999084472656,31.475000381469727,7929000
2020-08-13,27.922304153442383,31.280000686645508,31.399999618530273,31.094999313354492,31.135000228881836,16852000
2020-08-14,27.95354461669922,31.315000534057617,31.440000534057617,31.100000381469727,31.139999389648438,5179600
2020-08-17,28.078519821166992,31.454999923706055,31.68000030517578,31.325000762939453,31.559999465942383,3719600
2020-08-18,27.96246910095215,31.325000762939453,31.614999771118164,31.295000076293945,31.55500030517578,4764000
2020-08-19,27.88213539123535,31.235000610351562,31.520000457763672,31.145000457763672,31.44499969482422,6209400
2020-08-20,27.7839412689209,31.125,31.145000457763672,30.915000915527344,31.0,4662400
2020-08-21,27.623262405395508,30.94499969482422,31.0,30.774999618530273,30.889999389648438,5512600
2020-08-24,28.109760284423828,31.489999771118164,31.4950008392334,31.235000610351562,31.34000015258789,7063200
2020-08-25,27.9981746673584,31.364999771118164,31.704999923706055,31.229999542236328,31.600000381469727,5754800
2020-08-26,28.292757034301758,31.69499969482422,31.75,31.2549991607666,31.334999084472656,4762800
2020-08-27,28.216875076293945,31.610000610351562,31.8700008392334,31.514999389648438,31.80500030517578,7297600
2020-08-28,28.551624298095703,31.985000610351562,32.01499938964844,31.6200008392334,31.764999389648438,4845800
2020-08-31,28.114219665527344,31.4950008392334,32.005001068115234,31.4950008392334,31.93000030517578,6109400
2020-09-01,28.904226303100586,32.380001068115234,32.415000915527344,31.3700008392334,31.4950008392334,18465600
2020-09-02,29.560331344604492,33.1150016784668,33.165000915527344,32.30500030517578,32.51499938964844,22911200
2020-09-03,28.743545532226562,32.20000076293945,33.06999969482422,31.860000610351562,33.06999969482422,28891200
2020-09-04,28.761402130126953,32.220001220703125,32.560001373291016,31.735000610351562,32.38999938964844,27926400
2020-09-08,28.221342086791992,31.614999771118164,31.924999237060547,31.375,31.899999618530273,16465800
2020-09-09,28.9488582611084,32.43000030517578,32.64500045776367,31.985000610351562,32.005001068115234,13236200
2020-09-10,28.67659568786621,32.125,32.709999084472656,32.064998626708984,32.59000015258789,14234600
2020-09-11,29.042583465576172,32.53499984741211,32.69499969482422,32.22999954223633,32.380001068115234,19443800
2020-09-14,29.462135314941406,33.005001068115234,33.099998474121094,32.67499923706055,32.80500030517578,11562800
2020-09-15,29.604965209960938,33.165000915527344,33.3849983215332,33.150001525878906,33.16999816894531,8611200
2020-09-16,29.627269744873047,33.189998626708984,33.56999969482422,33.095001220703125,33.2400016784668,19141200
2020-09-17,29.84597396850586,33.435001373291016,33.505001068115234,32.665000915527344,32.84000015258789,23226600
2020-09-18,29.33270263671875,32.86000061035156,33.540000915527344,32.82500076293945,33.540000915527344,18910000
2020-09-21,28.345251083374023,31.604999542236328,32.07500076293945,31.239999771118164,32.04499816894531,16070800
2020-09-22,28.399063110351562,31.665000915527344,31.7450008392334,31.405000686645508,31.6299991607666,11727400
2020-09-23,27.564987182617188,30.735000610351562,31.635000228881836,30.709999084472656,31.604999542236328,14883600
2020-09-24,27.762300491333008,30.954999923706055,31.270000457763672,30.46500015258789,30.719999313354492,22009400
2020-09-25,28.008930206298828,31.229999542236328,31.329999923706055,30.55500030517578,30.665000915527344,8869000
2020-09-28,28.461851119995117,31.735000610351562,31.9950008392334,31.545000076293945,31.674999237060547,8570600
2020-09-29,28.251083374023438,31.5,31.854999542236328,31.415000915527344,31.7549991607666,11333400
2020-09-30,28.5380802154541,31.81999969482422,32.08000183105469,31.56999969482422,31.639999389648438,12347200
2020-10-01,28.134492874145508,31.3700008392334,32.119998931884766,31.264999389648438,31.969999313354492,29154800
2020-10-02,28.3856201171875,31.649999618530273,31.895000457763672,30.920000076293945,31.014999389648438,27853200
2020-10-05,28.928218841552734,32.255001068115234,32.470001220703125,31.895000457763672,31.905000686645508,18641400
2020-10-06,28.564987182617188,31.850000381469727,32.68000030517578,31.790000915527344,32.415000915527344,31358800
2020-10-07,29.3004093170166,32.66999816894531,32.755001068115234,32.20500183105469,32.255001068115234,14277800
2020-10-08,29.596378326416016,33.0,33.125,32.83000183105469,32.91999816894531,12583200
2020-10-09,29.825077056884766,33.255001068115234,33.400001525878906,33.04999923706055,33.275001525878906,9547600
2020-10-12,29.7757511138916,33.20000076293945,33.48500061035156,33.18000030517578,33.44499969482422,8131200
2020-10-13,29.511173248291016,32.904998779296875,33.150001525878906,32.779998779296875,32.96500015258789,10341200
2020-10-14,29.596378326416016,33.0,33.21500015258789,32.89500045776367,32.939998626708984,8767000
2020-10-15,29.511173248291016,32.904998779296875,32.94499969482422,32.5,32.540000915527344,8749800
2020-10-16,29.71744728088379,33.1349983215332,33.290000915527344,33.005001068115234,33.099998474121094,20165000
2020-10-19,29.372161865234375,32.75,33.36000061035156,32.650001525878906,33.244998931884766,10827600
2020-10-20,29.43942642211914,32.82500076293945,33.17499923706055,32.724998474121094,32.94499969482422,8399800
2020-10-21,29.327314376831055,32.70000076293945,33.20500183105469,32.70000076293945,32.81999969482422,7800400
2020-10-22,29.488754272460938,32.880001068115234,32.91999816894531,32.36000061035156,32.685001373291016,7066400
2020-10-23,29.596378326416016,33.0,33.2400016784668,32.834999084472656,33.1150016784668,8233000
2020-10-26,28.856464385986328,32.17499923706055,32.59000015258789,31.924999237060547,32.584999084472656,14833600
2020-10-27,28.582923889160156,31.8700008392334,32.22999954223633,31.850000381469727,32.185001373291016,9313000
2020-10-28,27.77574920654297,30.969999313354492,31.395000457763672,30.850000381469727,31.09000015258789,15424600
2020-10-29,28.349740982055664,31.610000610351562,31.854999542236328,30.770000457763672,30.8799991607666,15086800
2020-10-30,28.33180046081543,31.59000015258789,31.719999313354492,31.09000015258789,31.479999542236328,14679800
2020-11-02,29.27350616455078,32.63999938964844,32.755001068115234,31.979999542236328,32.064998626708984,15868400
2020-11-03,29.730905532836914,33.150001525878906,33.31999969482422,32.80500030517578,33.029998779296875,17784200
2020-11-04,29.224184036254883,32.584999084472656,33.20500183105469,32.28499984741211,32.994998931884766,22194600
2020-11-05,30.41700553894043,33.915000915527344,34.16999816894531,33.310001373291016,33.334999084472656,17707400
2020-11-06,30.49323844909668,34.0,34.30500030517578,33.86000061035156,34.11000061035156,12151400
2020-11-09,31.179330825805664,34.76499938964844,36.20500183105469,34.71500015258789,35.630001068115234,32868400
2020-11-10,31.547048568725586,35.17499923706055,35.255001068115234,34.8650016784668,34.90999984741211,19650600
2020-11-11,31.076194763183594,34.650001525878906,35.20000076293945,34.415000915527344,35.20000076293945,12835400
2020-11-12,30.42148208618164,33.91999816894531,34.52000045776367,33.70000076293945,34.494998931884766,11053200
2020-11-13,30.94615364074707,34.505001068115234,34.60499954223633,34.165000915527344,34.17499923706055,11077200
2020-11-16,31.556015014648438,35.185001373291016,35.22999954223633,34.790000915527344,35.060001373291016,10964200
2020-11-17,31.439422607421875,35.05500030517578,35.1349983215332,34.61000061035156,34.96500015258789,13893800
2020-11-18,31.179330825805664,34.76499938964844,35.275001525878906,34.75,35.16999816894531,9243000
2020-11-19,31.309375762939453,34.90999984741211,34.96500015258789,34.400001525878906,34.67499923706055,7465400
2020-11-20,31.282474517822266,34.880001068115234,35.040000915527344,34.724998474121094,34.900001525878906,8858000
2020-11-23,31.54256820678711,35.16999816894531,35.3849983215332,35.0099983215332,35.154998779296875,8959000
2020-11-24,32.32732009887695,36.04499816894531,36.150001525878906,35.45500183105469,35.494998931884766,12274400
2020-11-25,31.990983963012695,35.66999816894531,35.994998931884766,35.60499954223633,35.97999954223633,7890200
2020-11-27,32.15690612792969,35.85499954223633,35.98500061035156,35.685001373291016,35.83000183105469,4594600
2020-11-30,31.83403205871582,35.494998931884766,35.834999084472656,35.30500030517578,35.80500030517578,9913400
2020-12-01,32.183815002441406,35.8849983215332,36.165000915527344,35.720001220703125,36.099998474121094,10474200
2020-12-02,31.771255493164062,35.42499923706055,35.900001525878906,35.36000061035156,35.775001525878906,10779600
2020-12-03,31.551523208618164,35.18000030517578,35.64500045776367,35.099998474121094,35.525001525878906,11470200
2020-12-04,32.188297271728516,35.88999938964844,35.89500045776367,35.31999969482422,35.33000183105469,11538400
2020-12-07,31.977537155151367,35.654998779296875,35.970001220703125,35.529998779296875,35.8650016784668,8008800
2020-12-08,32.15690612792969,35.85499954223633,35.939998626708984,35.44499969482422,35.459999084472656,7046600
2020-12-09,32.17484664916992,35.875,36.064998626708984,35.53499984741211,35.994998931884766,13517800
2020-12-10,31.977537155151367,35.654998779296875,35.959999084472656,35.53499984741211,35.685001373291016,7156600
2020-12-11,31.79368019104004,35.45000076293945,35.6150016784668,35.185001373291016,35.415000915527344,6851600
2020-12-14,31.39008903503418,35.0,35.814998626708984,34.98500061035156,35.7599983215332,10226400
2020-12-15,31.959592819213867,35.6349983215332,35.724998474121094,35.244998931884766,35.334999084472656,8021400
2020-12-16,31.869916915893555,35.53499984741211,35.76499938964844,35.3849983215332,35.71500015258789,8139200
2020-12-17,32.237632751464844,35.94499969482422,35.974998474121094,35.73500061035156,35.869998931884766,7591400
2020-12-18,32.38111877441406,36.10499954223633,36.19499969482422,35.67499923706055,35.97999954223633,10906600
2020-12-21,32.20941925048828,35.73500061035156,35.82500076293945,35.0,35.290000915527344,10098600
2020-12-22,32.01112747192383,35.51499938964844,35.775001525878906,35.46500015258789,35.72999954223633,6653800
2020-12-23,32.056190490722656,35.564998626708984,35.939998626708984,35.54499816894531,35.709999084472656,8219200
2020-12-24,32.25899887084961,35.790000915527344,35.790000915527344,35.45500183105469,35.595001220703125,2732600
2020-12-28,32.1328125,35.650001525878906,36.16999816894531,35.6349983215332,36.125,5322600
2020-12-29,32.056190490722656,35.564998626708984,35.91999816894531,35.3849983215332,35.84000015258789,6852800
2020-12-30,32.49784469604492,36.05500030517578,36.130001068115234,35.665000915527344,35.685001373291016,5655000
2020-12-31,32.62403869628906,36.19499969482422,36.255001068115234,35.810001373291016,36.10499954223633,6500800
2021-01-04,32.313072204589844,35.849998474121094,36.70000076293945,35.64500045776367,36.51499938964844,18266000
2021-01-05,33.03865432739258,36.654998779296875,36.755001068115234,35.790000915527344,35.790000915527344,26812000
2021-01-06,34.390663146972656,38.154998779296875,38.42499923706055,37.0099983215332,37.04999923706055,48521400
2021-01-07,34.647544860839844,38.439998626708984,38.69499969482422,38.29999923706055,38.3849983215332,18577800
2021-01-08,34.480804443359375,38.255001068115234,38.54499816894531,37.779998779296875,38.5099983215332,16988400
2021-01-11,34.480804443359375,38.255001068115234,38.40999984741211,37.54999923706055,37.689998626708984,12240200
2021-01-12,34.91794967651367,38.7400016784668,38.8849983215332,38.095001220703125,38.220001220703125,17845800
2021-01-13,34.56192398071289,38.345001220703125,38.790000915527344,38.185001373291016,38.70000076293945,9809200
2021-01-14,34.44474411010742,38.21500015258789,38.505001068115234,38.16999816894531,38.470001220703125,11074000
2021-01-15,33.953514099121094,37.66999816894531,37.93000030517578,37.275001525878906,37.86000061035156,19709000
2021-01-19,34.0706901550293,37.79999923706055,38.07500076293945,37.63999938964844,37.974998474121094,9912400
2021-01-20,34.183353424072266,37.92499923706055,38.040000915527344,37.76499938964844,37.98500061035156,10326600
2021-01-21,33.68311309814453,37.369998931884766,37.95500183105469,37.35499954223633,37.880001068115234,12646600
2021-01-22,33.5208625793457,37.189998626708984,37.34000015258789,36.88999938964844,36.95000076293945,12131800
2021-01-25,33.345115661621094,36.994998931884766,37.14500045776367,36.345001220703125,37.040000915527344,24149400
2021-01-26,32.88542175292969,36.48500061035156,37.3650016784668,36.474998474121094,37.224998474121094,13554800
2021-01-27,31.91648292541504,35.40999984741211,35.92499923706055,35.005001068115234,35.92499923706055,24779000
2021-01-28,32.46630859375,36.02000045776367,36.244998931884766,35.66999816894531,35.76499938964844,14483400
2021-01-29,31.835365295410156,35.31999969482422,36.05500030517578,35.13999938964844,35.869998931884766,17979800
2021-02-01,32.20941925048828,35.73500061035156,35.79999923706055,35.15999984741211,35.685001373291016,16012000
2021-02-02,32.633056640625,36.20500183105469,36.3849983215332,35.79999923706055,36.0,15789200
2021-02-03,32.69614791870117,36.275001525878906,36.4900016784668,36.13999938964844,36.30500030517578,12846200
2021-02-04,32.57896041870117,36.14500045776367,36.34000015258789,35.834999084472656,36.16999816894531,12994200
2021-02-05,33.1378059387207,36.76499938964844,36.814998626708984,36.41999816894531,36.494998931884766,12575600
2021-02-08,33.4127082824707,37.06999969482422,37.20000076293945,36.974998474121094,37.08000183105469,12635600
2021-02-09,33.16483688354492,36.79499816894531,37.119998931884766,36.70500183105469,37.09000015258789,14514000
2021-02-10,33.1287841796875,36.755001068115234,37.07500076293945,36.52000045776367,37.03499984741211,10917400
2021-02-11,33.16033935546875,36.790000915527344,37.0,36.474998474121094,36.8650016784668,13346000
2021-02-12,33.502845764160156,37.16999816894531,37.189998626708984,36.65999984741211,36.709999084472656,6575800
2021-02-16,33.43973922729492,37.099998474121094,37.435001373291016,37.04499816894531,37.310001373291016,12385800
2021-02-17,33.42172622680664,37.08000183105469,37.150001525878906,36.599998474121094,36.994998931884766,11821200
2021-02-18,33.21441650390625,36.849998474121094,37.025001525878906,36.68000030517578,36.98500061035156,12117600
2021-02-19,33.82283020019531,37.525001525878906,37.689998626708984,37.04999923706055,37.060001373291016,11360800
2021-02-22,33.953514099121094,37.66999816894531,37.82500076293945,37.35499954223633,37.47999954223633,12198600
2021-02-23,34.0706901550293,37.79999923706055,37.900001525878906,36.97999954223633,37.650001525878906,22024400
2021-02-24,34.36812973022461,38.130001068115234,38.290000915527344,37.68000030517578,37.81999969482422,14763400
2021-02-25,33.574951171875,37.25,38.119998931884766,37.099998474121094,38.05500030517578,20375400
2021-02-26,33.14681625366211,36.775001525878906,37.27000045776367,36.53499984741211,37.154998779296875,16280200
2021-03-01,33.98506164550781,37.70500183105469,37.904998779296875,37.2599983215332,37.2599983215332,15016000
2021-03-02,34.17434310913086,37.915000915527344,38.2599983215332,37.790000915527344,37.814998626708984,15129200
2021-03-03,33.83633804321289,37.540000915527344,38.04499816894531,37.53499984741211,37.775001525878906,17340400
2021-03-04,33.178367614746094,36.810001373291016,37.630001068115234,36.16999816894531,37.47999954223633,37034800
2021-03-05,33.93999099731445,37.654998779296875,37.779998779296875,36.40999984741211,37.189998626708984,23513000
2021-03-08,34.395179748535156,38.15999984741211,38.72999954223633,37.71500015258789,37.779998779296875,29673000
2021-03-09,34.606990814208984,38.39500045776367,38.70500183105469,38.1349983215332,38.415000915527344,15732600
2021-03-10,35.17933654785156,39.029998779296875,39.334999084472656,38.560001373291016,38.584999084472656,14336600
2021-03-11,35.368621826171875,39.2400016784668,39.55500030517578,39.21500015258789,39.38999938964844,9525000
2021-03-12,35.46326446533203,39.345001220703125,39.369998931884766,39.130001068115234,39.23500061035156,9627600
2021-03-15,35.50382995605469,39.38999938964844,39.415000915527344,38.915000915527344,39.345001220703125,9292800
2021-03-16,35.21087646484375,39.064998626708984,39.39500045776367,38.845001220703125,39.35499954223633,13154200
2021-03-17,35.52635955810547,39.415000915527344,39.5099983215332,38.935001373291016,39.029998779296875,11091200
2021-03-18,35.328067779541016,39.19499969482422,39.77000045776367,39.119998931884766,39.31999969482422,13173600
2021-03-19,35.15229034423828,39.0,39.26499938964844,38.540000915527344,39.119998931884766,17836800
2021-03-22,35.17402267456055,38.86000061035156,39.02000045776367,38.54499816894531,38.775001525878906,12876400
2021-03-23,34.440853118896484,38.04999923706055,38.71500015258789,37.915000915527344,38.685001373291016,20470200
2021-03-24,34.68977355957031,38.32500076293945,38.86000061035156,38.220001220703125,38.220001220703125,13470600
2021-03-25,35.19212341308594,38.880001068115234,38.95000076293945,37.95000076293945,38.16999816894531,15393400
2021-03-26,36.06559753417969,39.845001220703125,39.875,39.1150016784668,39.244998931884766,15219200
2021-03-29,35.943397521972656,39.709999084472656,40.084999084472656,39.48500061035156,39.70000076293945,12979600
2021-03-30,35.83931350708008,39.595001220703125,39.80500030517578,39.4900016784668,39.69499969482422,13140600
2021-03-31,35.66280746459961,39.400001525878906,39.790000915527344,39.29999923706055,39.66999816894531,14174400
2021-04-01,35.97507095336914,39.744998931884766,39.775001525878906,39.224998474121094,39.46500015258789,14325800
2021-04-05,36.41859817504883,40.23500061035156,40.380001068115234,39.959999084472656,40.154998779296875,17460600
2021-04-06,36.500064849853516,40.32500076293945,40.470001220703125,40.130001068115234,40.165000915527344,12551800
2021-04-07,35.8709831237793,39.630001068115234,40.33000183105469,39.54499816894531,40.2599983215332,17575600
2021-04-08,35.9162483215332,39.68000030517578,39.7599983215332,39.349998474121094,39.720001220703125,10828600
2021-04-09,36.228519439697266,40.025001525878906,40.03499984741211,39.654998779296875,39.775001525878906,10617600
2021-04-12,36.3552360534668,40.165000915527344,40.209999084472656,39.9900016784668,40.0,8856400
2021-04-13,36.269248962402344,40.06999969482422,40.189998626708984,39.88999938964844,40.099998474121094,9311800
2021-04-14,36.531742095947266,40.36000061035156,40.525001525878906,40.084999084472656,40.099998474121094,9953200
2021-04-15,36.96168518066406,40.834999084472656,40.90999984741211,40.400001525878906,40.560001373291016,10863000
2021-04-16,37.40973663330078,41.33000183105469,41.439998626708984,41.15999984741211,41.23500061035156,12927600
2021-04-19,37.23775863647461,41.13999938964844,41.404998779296875,40.90999984741211,41.33000183105469,12112600
2021-04-20,36.88021469116211,40.744998931884766,41.14500045776367,40.595001220703125,41.064998626708984,10643200
2021-04-21,37.5500373840332,41.48500061035156,41.53499984741211,40.70500183105469,40.755001068115234,10809000
2021-04-22,36.916419982910156,40.78499984741211,41.435001373291016,40.73500061035156,41.435001373291016,16101000
2021-04-23,37.522884368896484,41.45500183105469,41.59000015258789,40.814998626708984,40.96500015258789,9370000
2021-04-26,37.744632720947266,41.70000076293945,41.939998626708984,41.53499984741211,41.619998931884766,8192000
2021-04-27,37.64508056640625,41.59000015258789,41.709999084472656,41.334999084472656,41.51499938964844,8882800
2021-04-28,37.749168395996094,41.70500183105469,41.880001068115234,41.529998779296875,41.61000061035156,7793600
2021-04-29,37.98450469970703,41.96500015258789,41.98500061035156,41.53499984741211,41.959999084472656,11571000
2021-04-30,37.58171081542969,41.52000045776367,41.97999954223633,41.42499923706055,41.78499984741211,10352600
2021-05-03,38.14289474487305,42.13999938964844,42.38999938964844,41.845001220703125,41.875,12405600
2021-05-04,38.55928039550781,42.599998474121094,42.599998474121094,41.83000183105469,41.8650016784668,15622200
2021-05-05,39.04804611206055,43.13999938964844,43.209999084472656,42.77000045776367,42.77000045776367,15113400
2021-05-06,39.37843704223633,43.505001068115234,43.529998779296875,42.79999923706055,43.224998474121094,14774400
2021-05-07,39.767642974853516,43.935001373291016,44.02000045776367,43.32500076293945,43.51499938964844,15089400
2021-05-10,39.59113311767578,43.7400016784668,44.60499954223633,43.73500061035156,44.44499969482422,18238200
2021-05-11,39.72237777709961,43.8849983215332,43.94499969482422,43.09000015258789,43.38999938964844,18997000
2021-05-12,38.722206115722656,42.779998779296875,43.81999969482422,42.72999954223633,43.720001220703125,18269200
2021-05-13,39.31507110595703,43.435001373291016,43.564998626708984,42.744998931884766,42.845001220703125,22130400
2021-05-14,39.78575897216797,43.95500183105469,44.06999969482422,43.59000015258789,43.630001068115234,11112600
2021-05-17,40.13422393798828,44.34000015258789,44.41999816894531,43.7599983215332,43.97999954223633,15624000
2021-05-18,39.690704345703125,43.849998474121094,44.439998626708984,43.81999969482422,44.415000915527344,13594800
2021-05-19,39.08425521850586,43.18000030517578,43.369998931884766,42.689998626708984,43.2400016784668,24960000
2021-05-20,39.10688400268555,43.20500183105469,43.39500045776367,43.03499984741211,43.255001068115234,11750000
2021-05-21,39.192874908447266,43.29999923706055,43.7599983215332,43.275001525878906,43.44499969482422,13533000
2021-05-24,39.54136276245117,43.685001373291016,43.85499954223633,43.375,43.55500030517578,10218400
2021-05-25,39.20645523071289,43.314998626708984,43.869998931884766,43.26499938964844,43.77000045776367,9688800
2021-05-26,39.22003173828125,43.33000183105469,43.46500015258789,43.03499984741211,43.33000183105469,12616400
2021-05-27,39.53230667114258,43.67499923706055,43.88999938964844,43.560001373291016,43.685001373291016,11654600
2021-05-28,39.491580963134766,43.630001068115234,43.82500076293945,43.45500183105469,43.77000045776367,10690800
2021-06-01,40.04370880126953,44.2400016784668,44.310001373291016,43.939998626708984,44.1349983215332,13700800
2021-06-02,39.70880889892578,43.869998931884766,44.310001373291016,43.814998626708984,44.29999923706055,11410200
2021-06-03,39.69975662231445,43.86000061035156,43.880001068115234,43.32500076293945,43.560001373291016,12528600
2021-06-04,39.78575897216797,43.95500183105469,44.11000061035156,43.775001525878906,44.04499816894531,10291600
2021-06-07,39.301490783691406,43.41999816894531,43.974998474121094,43.224998474121094,43.974998474121094,12097600
2021-06-08,39.37390899658203,43.5,43.68000030517578,43.1150016784668,43.439998626708984,11581600
2021-06-09,39.066158294677734,43.15999984741211,43.540000915527344,43.150001525878906,43.415000915527344,19761200
2021-06-10,38.83081817626953,42.900001525878906,43.54999923706055,42.89500045776367,43.4900016784668,12269000
2021-06-11,38.975643157958984,43.060001373291016,43.3650016784668,42.83000183105469,43.20500183105469,8715600
2021-06-14,38.49591827392578,42.529998779296875,43.04499816894531,42.29999923706055,42.939998626708984,12375600
2021-06-15,38.41444396972656,42.439998626708984,42.619998931884766,42.13999938964844,42.595001220703125,20967400
2021-06-16,37.98902893066406,41.970001220703125,42.459999084472656,41.875,42.439998626708984,16649000
2021-06-17,37.14271926879883,41.03499984741211,41.85499954223633,40.53499984741211,41.849998474121094,30323200
2021-06-18,36.540802001953125,40.369998931884766,40.779998779296875,40.369998931884766,40.61000061035156,23531600
2021-06-21,37.29942321777344,41.029998779296875,41.09000015258789,40.650001525878906,40.665000915527344,18014200
2021-06-22,37.44941329956055,41.19499969482422,41.375,40.904998779296875,41.20000076293945,11156800
2021-06-23,37.2085075378418,40.93000030517578,41.41999816894531,40.92499923706055,41.314998626708984,10336800
2021-06-24,37.326698303222656,41.060001373291016,41.29999923706055,40.92499923706055,41.23500061035156,10540600
2021-06-25,37.33123016357422,41.064998626708984,41.45000076293945,41.029998779296875,41.28499984741211,20219000
2021-06-28,37.33123016357422,41.064998626708984,41.22999954223633,40.744998931884766,41.19499969482422,10148200
2021-06-29,37.31305694580078,41.04499816894531,41.46500015258789,40.94499969482422,41.244998931884766,9840000
2021-06-30,37.413047790527344,41.154998779296875,41.21500015258789,40.92499923706055,40.93000030517578,9728400
2021-07-01,37.61759948730469,41.380001068115234,41.540000915527344,41.16999816894531,41.48500061035156,14184600
2021-07-02,37.67214584350586,41.439998626708984,41.4900016784668,41.15999984741211,41.435001373291016,12341200
2021-07-06,37.113059997558594,40.82500076293945,41.435001373291016,40.540000915527344,41.41999816894531,12216600
2021-07-07,37.49941635131836,41.25,41.28499984741211,40.73500061035156,40.834999084472656,13178600
2021-07-08,36.99032974243164,40.689998626708984,40.90999984741211,40.334999084472656,40.57500076293945,15825600
2021-07-09,37.71759033203125,41.4900016784668,41.599998474121094,41.1349983215332,41.21500015258789,14981600
2021-07-12,37.84031295776367,41.625,41.75,41.084999084472656,41.2400016784668,20226200
2021-07-13,37.49488067626953,41.244998931884766,41.64500045776367,41.1150016784668,41.54999923706055,24708800
2021-07-14,37.4175910949707,41.15999984741211,41.625,41.040000915527344,41.29499816894531,12376600
2021-07-15,37.42214584350586,41.165000915527344,41.439998626708984,40.92499923706055,40.95000076293945,12688200
2021-07-16,36.8585205078125,40.54499816894531,41.27000045776367,40.470001220703125,41.2400016784668,19222200
2021-07-19,36.067626953125,39.67499923706055,39.8650016784668,39.34000015258789,39.83000183105469,23013400
2021-07-20,36.47669982910156,40.125,40.415000915527344,39.44499969482422,39.56999969482422,21231400
2021-07-21,36.87669372558594,40.564998626708984,40.69499969482422,40.35499954223633,40.404998779296875,13671200
2021-07-22,36.89033889770508,40.58000183105469,40.70000076293945,40.244998931884766,40.65999984741211,9453400
2021-07-23,37.14942932128906,40.8650016784668,40.904998779296875,40.41999816894531,40.779998779296875,10392800
2021-07-26,37.46305465698242,41.209999084472656,41.25,40.875,40.96500015258789,11820600
2021-07-27,37.5130500793457,41.26499938964844,41.45000076293945,40.564998626708984,40.95500183105469,16864400
2021-07-28,37.62214279174805,41.3849983215332,41.53499984741211,40.98500061035156,41.279998779296875,12214400
2021-07-29,38.03575897216797,41.84000015258789,41.994998931884766,41.57500076293945,41.67499923706055,12574800
2021-07-30,38.1903076171875,42.0099983215332,42.27000045776367,41.7599983215332,41.7599983215332,11172400
2021-08-02,37.726680755615234,41.5,42.45500183105469,41.5,42.209999084472656,17010000
2021-08-03,38.117591857910156,41.93000030517578,41.935001373291016,41.185001373291016,41.540000915527344,13131600
2021-08-04,37.75395965576172,41.529998779296875,41.97999954223633,41.5099983215332,41.755001068115234,10539600
2021-08-05,37.69940948486328,41.470001220703125,42.0099983215332,41.43000030517578,41.72999954223633,13964800
2021-08-06,38.24485397338867,42.06999969482422,42.125,41.67499923706055,41.71500015258789,14054200
2021-08-09,38.199405670166016,42.02000045776367,42.125,41.68000030517578,41.994998931884766,10743600
2021-08-10,38.77667236328125,42.654998779296875,42.81999969482422,42.005001068115234,42.005001068115234,16047400
2021-08-11,39.32211685180664,43.255001068115234,43.290000915527344,42.78499984741211,42.97999954223633,16544800
2021-08-12,39.258480072021484,43.185001373291016,43.29999923706055,42.79999923706055,43.2599983215332,9612600
2021-08-13,39.29484176635742,43.224998474121094,43.314998626708984,43.14500045776367,43.244998931884766,7815800
2021-08-16,39.09939956665039,43.0099983215332,43.064998626708984,42.55500030517578,42.959999084472656,12273400
2021-08-17,38.6494026184082,42.51499938964844,42.82500076293945,42.02000045776367,42.775001525878906,14924000
2021-08-18,38.199405670166016,42.02000045776367,42.619998931884766,41.994998931884766,42.3650016784668,14712800
2021-08-19,37.858497619628906,41.64500045776367,41.83000183105469,41.41999816894531,41.54499816894531,15936200
2021-08-20,38.08122634887695,41.88999938964844,41.97999954223633,41.595001220703125,41.65999984741211,13973600
2021-08-23,38.40848922729492,42.25,42.3650016784668,42.02000045776367,42.125,8095600
2021-08-24,38.6494026184082,42.51499938964844,42.64500045776367,42.3849983215332,42.45000076293945,11059200
2021-08-25,38.82667541503906,42.709999084472656,42.849998474121094,42.23500061035156,42.400001525878906,9824400
2021-08-26,38.55849075317383,42.415000915527344,42.75,42.39500045776367,42.69499969482422,11541800
2021-08-27,39.067569732666016,42.974998474121094,43.099998474121094,42.584999084472656,42.630001068115234,10357400
2021-08-30,39.02665710449219,42.93000030517578,43.22999954223633,42.93000030517578,43.150001525878906,9012600
2021-08-31,38.91303634643555,42.80500030517578,42.904998779296875,42.599998474121094,42.904998779296875,10608800
2021-09-01,38.81303024291992,42.69499969482422,42.8650016784668,42.32500076293945,42.7599983215332,14017600
2021-09-02,39.06303405761719,42.970001220703125,43.05500030517578,42.80500030517578,42.81999969482422,10631000
2021-09-03,38.8039436340332,42.685001373291016,43.04999923706055,42.67499923706055,42.92499923706055,22878200
2021-09-07,38.54940414428711,42.404998779296875,42.564998626708984,42.345001220703125,42.53499984741211,13864600
2021-09-08,38.18122100830078,42.0,42.31999969482422,41.85499954223633,42.279998779296875,12420000
2021-09-09,38.194862365722656,42.01499938964844,42.29999923706055,41.880001068115234,41.880001068115234,9871400
2021-09-10,38.185768127441406,42.005001068115234,42.525001525878906,41.97999954223633,42.209999084472656,17780200
2021-09-13,38.176673889160156,41.994998931884766,42.5,41.72999954223633,42.375,15220000
2021-09-14,37.758506774902344,41.53499984741211,42.16999816894531,41.44499969482422,42.13999938964844,12087400
2021-09-15,38.15849304199219,41.974998474121094,42.025001525878906,41.560001373291016,41.63999938964844,12651600
2021-09-16,37.744876861572266,41.52000045776367,41.85499954223633,41.220001220703125,41.814998626708984,11250600
2021-09-17,36.96760559082031,40.665000915527344,41.3650016784668,40.53499984741211,41.290000915527344,19932000
2021-09-20,36.25725173950195,39.709999084472656,39.89500045776367,39.185001373291016,39.540000915527344,20155600
2021-09-21,36.17051315307617,39.6150016784668,40.025001525878906,39.44499969482422,39.95500183105469,15229000
2021-09-22,36.544864654541016,40.025001525878906,40.42499923706055,39.994998931884766,39.994998931884766,15312200
2021-09-23,37.065303802490234,40.595001220703125,40.869998931884766,40.28499984741211,40.32500076293945,9516600
2021-09-24,37.010520935058594,40.53499984741211,40.75,40.314998626708984,40.40999984741211,7251800
2021-09-27,37.298126220703125,40.849998474121094,41.08000183105469,40.6349983215332,40.63999938964844,10433000
2021-09-28,36.83704376220703,40.345001220703125,40.810001373291016,40.220001220703125,40.75,16570600
2021-09-29,36.6863899230957,40.18000030517578,40.43000030517578,40.099998474121094,40.34000015258789,13939600
2021-09-30,36.11573028564453,39.55500030517578,40.46500015258789,39.54499816894531,40.29999923706055,21458800
2021-10-01,36.69095230102539,40.185001373291016,40.400001525878906,39.44499969482422,39.744998931884766,18500000
2021-10-04,36.53117370605469,40.0099983215332,40.48500061035156,39.724998474121094,40.23500061035156,17111600
2021-10-05,36.85529708862305,40.3650016784668,40.59000015258789,39.849998474121094,40.119998931884766,13584200
2021-10-06,36.786827087402344,40.290000915527344,40.290000915527344,39.529998779296875,39.95500183105469,15448600
2021-10-07,37.26617431640625,40.814998626708984,41.2599983215332,40.6349983215332,40.6349983215332,16938400
2021-10-08,37.06073760986328,40.59000015258789,41.01499938964844,40.51499938964844,40.915000915527344,12798000
2021-10-11,37.065303802490234,40.595001220703125,41.189998626708984,40.59000015258789,40.72999954223633,9673200
2021-10-12,37.11552047729492,40.650001525878906,40.84000015258789,40.5,40.619998931884766,15331400
2021-10-13,37.39399719238281,40.95500183105469,41.13999938964844,40.46500015258789,40.915000915527344,14431400
2021-10-14,38.30248260498047,41.95000076293945,42.0099983215332,41.2400016784668,41.35499954223633,11374200
2021-10-15,38.4166145324707,42.07500076293945,42.290000915527344,41.970001220703125,42.16999816894531,11705000
2021-10-18,38.38922882080078,42.04499816894531,42.125,41.63999938964844,41.71500015258789,12699800
2021-10-19,38.5900993347168,42.26499938964844,42.26499938964844,41.915000915527344,42.23500061035156,9591000
2021-10-20,38.90052795410156,42.60499954223633,42.654998779296875,42.20000076293945,42.29999923706055,9303800
2021-10-21,38.80009460449219,42.494998931884766,42.5099983215332,42.05500030517578,42.43000030517578,13392200
2021-10-22,38.727054595947266,42.415000915527344,42.8650016784668,42.415000915527344,42.57500076293945,11568400
2021-10-25,39.11509704589844,42.84000015258789,43.02000045776367,42.42499923706055,42.685001373291016,10799400
2021-10-26,39.224674224853516,42.959999084472656,43.1349983215332,42.560001373291016,42.915000915527344,11553800
2021-10-27,38.66314697265625,42.345001220703125,42.869998931884766,42.314998626708984,42.79499816894531,11404200
2021-10-28,39.0466194152832,42.76499938964844,42.845001220703125,42.3849983215332,42.39500045776367,8303400
2021-10-29,38.85945129394531,42.560001373291016,42.915000915527344,42.404998779296875,42.60499954223633,8699200
2021-11-01,38.950748443603516,42.65999984741211,42.915000915527344,42.5099983215332,42.630001068115234,11040400
2021-11-02,39.39358901977539,43.14500045776367,43.22999954223633,42.689998626708984,42.77000045776367,13271200
2021-11-03,39.80445861816406,43.595001220703125,43.779998779296875,43.10499954223633,43.220001220703125,19187200
2021-11-04,39.78163146972656,43.56999969482422,43.755001068115234,43.3849983215332,43.65999984741211,10073200
2021-11-05,40.09206771850586,43.90999984741211,44.029998779296875,43.6349983215332,43.68000030517578,11658800
2021-11-08,40.59424591064453,44.459999084472656,44.6150016784668,44.30500030517578,44.38999938964844,10690000
2021-11-09,40.78141784667969,44.665000915527344,44.665000915527344,44.29499816894531,44.474998474121094,15768000
2021-11-10,40.50294876098633,44.36000061035156,44.82500076293945,44.27000045776367,44.619998931884766,12872400
2021-11-11,40.82707595825195,44.71500015258789,44.900001525878906,44.46500015258789,44.560001373291016,8158400
2021-11-12,41.1329345703125,45.04999923706055,45.07500076293945,44.72999954223633,44.834999084472656,8774600
2021-11-15,40.945770263671875,44.845001220703125,45.084999084472656,44.685001373291016,45.064998626708984,8628000
2021-11-16,40.831642150878906,44.720001220703125,44.994998931884766,44.689998626708984,44.869998931884766,8776200
2021-11-17,40.562286376953125,44.42499923706055,44.76499938964844,44.38999938964844,44.650001525878906,10558600
2021-11-18,40.38881301879883,44.23500061035156,44.54499816894531,44.14500045776367,44.459999084472656,10389200
2021-11-19,40.31576156616211,44.154998779296875,44.41999816894531,44.0099983215332,44.08000183105469,10426000
2021-11-22,40.37967300415039,44.224998474121094,44.70000076293945,44.154998779296875,44.17499923706055,13379800
2021-11-23,40.42075729370117,44.27000045776367,44.584999084472656,44.04499816894531,44.2400016784668,15231400
2021-11-24,40.13315200805664,43.95500183105469,44.1349983215332,43.86000061035156,44.03499984741211,10365200
2021-11-26,39.44379806518555,43.20000076293945,43.404998779296875,42.73500061035156,42.95500183105469,14215000
2021-11-29,39.62641143798828,43.400001525878906,43.625,43.1150016784668,43.529998779296875,12280400
2021-11-30,38.64488220214844,42.32500076293945,43.290000915527344,42.244998931884766,43.18000030517578,24004600
2021-12-01,38.25226974487305,41.89500045776367,43.3650016784668,41.875,42.994998931884766,22485600
2021-12-02,39.032928466796875,42.75,42.92499923706055,41.95500183105469,42.03499984741211,17957400
2021-12-03,38.94618225097656,42.654998779296875,43.279998779296875,42.275001525878906,42.81999969482422,19977200
2021-12-06,39.51683807373047,43.279998779296875,43.619998931884766,42.93000030517578,43.084999084472656,16246000
2021-12-07,40.11945343017578,43.939998626708984,44.21500015258789,43.775001525878906,43.779998779296875,11307000
2021-12-08,40.28837585449219,44.125,44.224998474121094,43.869998931884766,44.09000015258789,9216400
2021-12-09,40.06467819213867,43.880001068115234,44.09000015258789,43.70000076293945,43.79499816894531,6601600
2021-12-10,40.31119918823242,44.150001525878906,44.31999969482422,43.86000061035156,44.21500015258789,9585000
2021-12-13,40.06923294067383,43.8849983215332,44.224998474121094,43.7400016784668,44.125,9406600
2021-12-14,40.02814483642578,43.84000015258789,44.209999084472656,43.720001220703125,43.849998474121094,9073600
2021-12-15,40.11489486694336,43.935001373291016,43.9900016784668,43.18000030517578,43.654998779296875,14623000
2021-12-16,40.525760650634766,44.3849983215332,44.66999816894531,44.20000076293945,44.23500061035156,13071200
2021-12-17,40.019020080566406,43.83000183105469,44.35499954223633,43.79999923706055,44.224998474121094,15645800
2021-12-20,39.30414962768555,42.83000183105469,43.01499938964844,42.28499984741211,42.9900016784668,14155400
2021-12-21,39.7996940612793,43.369998931884766,43.540000915527344,43.10499954223633,43.13999938964844,9063600
2021-12-22,40.116302490234375,43.71500015258789,43.75,43.26499938964844,43.31999969482422,6190200
2021-12-23,40.52006912231445,44.154998779296875,44.29999923706055,43.720001220703125,43.78499984741211,5745600
2021-12-27,41.13032150268555,44.81999969482422,44.82500076293945,44.22999954223633,44.29499816894531,4918600
2021-12-28,41.368927001953125,45.08000183105469,45.130001068115234,44.790000915527344,44.79999923706055,8537000
2021-12-29,41.538692474365234,45.26499938964844,45.345001220703125,45.0,45.040000915527344,5153800
2021-12-30,41.39187240600586,45.10499954223633,45.540000915527344,45.06999969482422,45.279998779296875,6340000
2021-12-31,41.575408935546875,45.30500030517578,45.41999816894531,45.01499938964844,45.025001525878906,6457800
2022-01-03,41.03397750854492,44.71500015258789,45.415000915527344,44.61000061035156,45.36000061035156,15088600
2022-01-04,41.538692474365234,45.26499938964844,45.435001373291016,44.82500076293945,44.845001220703125,19937400
2022-01-05,41.53410339355469,45.2599983215332,46.154998779296875,45.244998931884766,45.5,21252800
2022-01-06,41.01102828979492,44.689998626708984,45.3650016784668,44.625,45.3650016784668,17868600
2022-01-07,40.97431945800781,44.650001525878906,44.81999969482422,44.45500183105469,44.744998931884766,16543600
2022-01-10,40.55678939819336,44.19499969482422,44.51499938964844,43.775001525878906,44.40999984741211,16819200
2022-01-11,41.00185012817383,44.68000030517578,44.69499969482422,43.880001068115234,44.2599983215332,13614800
2022-01-12,41.41481399536133,45.130001068115234,45.224998474121094,44.68000030517578,45.05500030517578,10215600
2022-01-13,41.093624114990234,44.779998779296875,45.29499816894531,44.66999816894531,45.060001373291016,12006200
2022-01-14,40.744903564453125,44.400001525878906,44.48500061035156,43.869998931884766,44.28499984741211,14588800
2022-01-18,40.20806121826172,43.814998626708984,43.994998931884766,43.474998474121094,43.91999816894531,15581800
2022-01-19,40.107120513916016,43.70500183105469,44.25,43.685001373291016,44.13999938964844,14832400
2022-01-20,39.52438735961914,43.06999969482422,44.13999938964844,43.02000045776367,43.814998626708984,17147200
2022-01-21,38.56083679199219,42.02000045776367,42.974998474121094,41.880001068115234,42.814998626708984,32542400
2022-01-24,38.58377456665039,42.04499816894531,42.154998779296875,40.45500183105469,41.22999954223633,42454000
2022-01-25,38.23505783081055,41.665000915527344,42.02000045776367,40.70000076293945,41.415000915527344,29311200
2022-01-26,37.83586883544922,41.22999954223633,42.349998474121094,40.814998626708984,42.0,26921600
2022-01-27,37.964332580566406,41.369998931884766,42.23500061035156,40.97999954223633,41.685001373291016,23174600
2022-01-28,38.1845817565918,41.61000061035156,41.625,40.6150016784668,41.189998626708984,22016000
2022-01-31,38.748958587646484,42.224998474121094,42.255001068115234,41.31999969482422,41.38999938964844,14549400
2022-02-01,39.34545135498047,42.875,42.974998474121094,42.209999084472656,42.439998626708984,18608400
2022-02-02,39.469337463378906,43.0099983215332,43.20000076293945,42.6349983215332,42.8650016784668,14158800
2022-02-03,38.78106689453125,42.2599983215332,42.94499969482422,42.189998626708984,42.6349983215332,15542600
2022-02-04,38.138702392578125,41.560001373291016,42.025001525878906,41.314998626708984,41.689998626708984,23376200
2022-02-07,37.95057678222656,41.35499954223633,41.744998931884766,41.21500015258789,41.64500045776367,25255400
2022-02-08,38.53788375854492,41.994998931884766,42.06999969482422,41.435001373291016,41.52000045776367,15501800
2022-02-09,39.3775634765625,42.90999984741211,42.974998474121094,42.39500045776367,42.40999984741211,21469200
2022-02-10,39.14813995361328,42.65999984741211,43.61000061035156,42.45000076293945,42.755001068115234,26622000
2022-02-11,38.542476654052734,42.0,42.834999084472656,41.86000061035156,42.44499969482422,25266400
2022-02-14,38.22587203979492,41.654998779296875,42.06999969482422,41.34000015258789,42.029998779296875,18896800
2022-02-15,38.92790222167969,42.41999816894531,42.48500061035156,41.900001525878906,41.94499969482422,13351000
2022-02-16,39.21238327026367,42.72999954223633,42.81999969482422,42.29499816894531,42.375,15678000
2022-02-17,38.542476654052734,42.0,42.41999816894531,41.85499954223633,42.290000915527344,13083800
2022-02-18,38.478240966796875,41.93000030517578,42.310001373291016,41.69499969482422,42.09000015258789,17929600
2022-02-22,37.93222427368164,41.334999084472656,41.90999984741211,40.994998931884766,41.72999954223633,21308800
2022-02-23,37.44585037231445,40.80500030517578,41.75,40.744998931884766,41.599998474121094,19162200
2022-02-24,37.335731506347656,40.685001373291016,40.79999923706055,39.689998626708984,39.8849983215332,31807000
2022-02-25,38.698482513427734,42.16999816894531,42.189998626708984,40.834999084472656,40.869998931884766,22258400
2022-02-28,38.25799560546875,41.689998626708984,41.974998474121094,41.28499984741211,41.52000045776367,22460400
2022-03-01,37.37702941894531,40.72999954223633,41.89500045776367,40.48500061035156,41.56999969482422,26263800
2022-03-02,38.198341369628906,41.625,41.85499954223633,40.8849983215332,40.97999954223633,19142800
2022-03-03,38.24422836303711,41.67499923706055,42.14500045776367,41.255001068115234,41.994998931884766,19471600
2022-03-04,38.11117172241211,41.529998779296875,41.54999923706055,40.84000015258789,41.165000915527344,17329000
2022-03-07,36.78971481323242,40.09000015258789,41.44499969482422,40.084999084472656,41.415000915527344,21826400
2022-03-08,36.60158920288086,39.8849983215332,40.724998474121094,39.64500045776367,40.14500045776367,25989800
2022-03-09,37.73491287231445,41.119998931884766,41.3650016784668,40.32500076293945,40.54499816894531,20626200
2022-03-10,37.83586883544922,41.22999954223633,41.28499984741211,40.63999938964844,40.69499969482422,15590000
2022-03-11,37.55598068237305,40.92499923706055,41.63999938964844,40.88999938964844,41.28499984741211,13862800
2022-03-14,37.500911712646484,40.8650016784668,41.45500183105469,40.65999984741211,41.189998626708984,15630800
2022-03-15,37.93222427368164,41.334999084472656,41.415000915527344,40.61000061035156,40.8849983215332,18169600
2022-03-16,38.52871322631836,41.98500061035156,42.380001068115234,41.13999938964844,41.79999923706055,23893200
2022-03-17,39.26744079589844,42.790000915527344,42.810001373291016,41.790000915527344,41.845001220703125,14103000
2022-03-18,39.506038665771484,43.04999923706055,43.125,42.46500015258789,42.58000183105469,19242200
2022-03-21,39.83442687988281,43.244998931884766,43.435001373291016,42.959999084472656,43.064998626708984,17759400
2022-03-22,40.05088806152344,43.47999954223633,43.755001068115234,43.31999969482422,43.57500076293945,13931800
2022-03-23,39.866661071777344,43.279998779296875,43.57500076293945,43.224998474121094,43.375,11578800
2022-03-24,40.66804885864258,44.150001525878906,44.16999816894531,43.51499938964844,43.54999923706055,10905200
2022-03-25,41.1240119934082,44.64500045776367,44.66999816894531,44.16999816894531,44.25,10050000
2022-03-28,40.93978500366211,44.44499969482422,44.5099983215332,44.005001068115234,44.47999954223633,10706800
2022-03-29,41.28520965576172,44.81999969482422,44.81999969482422,44.150001525878906,44.48500061035156,15656200
2022-03-30,41.14703369140625,44.66999816894531,44.915000915527344,44.45500183105469,44.834999084472656,8967200
2022-03-31,40.598960876464844,44.07500076293945,44.81999969482422,44.06999969482422,44.48500061035156,10599400
2022-04-01,41.027286529541016,44.540000915527344,44.70500183105469,44.06999969482422,44.33000183105469,12484000
2022-04-04,41.03650665283203,44.54999923706055,44.6150016784668,44.154998779296875,44.6150016784668,11518000
2022-04-05,40.70950698852539,44.19499969482422,44.83000183105469,44.064998626708984,44.525001525878906,11457400
2022-04-06,40.23971939086914,43.685001373291016,43.92499923706055,43.30500030517578,43.90999984741211,16795600
2022-04-07,40.50225067138672,43.970001220703125,44.150001525878906,43.435001373291016,43.7400016784668,11529200
2022-04-08,40.75094223022461,44.2400016784668,44.529998779296875,43.994998931884766,44.224998474121094,10311000
2022-04-11,40.548301696777344,44.02000045776367,44.4900016784668,43.96500015258789,44.095001220703125,12266200
2022-04-12,40.55751037597656,44.029998779296875,44.60499954223633,43.849998474121094,44.23500061035156,14295600
2022-04-13,41.15623474121094,44.68000030517578,44.70000076293945,43.939998626708984,44.1150016784668,17061600
2022-04-14,41.0180778503418,44.529998779296875,45.060001373291016,44.505001068115234,44.72999954223633,12664000
2022-04-18,41.05491638183594,44.56999969482422,44.834999084472656,44.41999816894531,44.5,12443000
2022-04-19,41.441795349121094,44.9900016784668,45.084999084472656,44.334999084472656,44.44499969482422,10121200
2022-04-20,41.70432662963867,45.275001525878906,45.45000076293945,44.974998474121094,45.060001373291016,17289400
2022-04-21,41.02268981933594,44.53499984741211,45.744998931884766,44.40999984741211,45.6150016784668,15328600
2022-04-22,39.48899459838867,42.869998931884766,44.17499923706055,42.790000915527344,44.165000915527344,18824200
2022-04-25,39.37846755981445,42.75,42.86000061035156,41.56999969482422,42.415000915527344,26687800
2022-04-26,38.77051544189453,42.09000015258789,43.18000030517578,42.06999969482422,42.939998626708984,21081400
2022-04-27,39.341617584228516,42.709999084472656,43.19499969482422,42.334999084472656,42.470001220703125,26049200
2022-04-28,39.963375091552734,43.3849983215332,43.53499984741211,42.19499969482422,42.91999816894531,20703000
2022-04-29,39.16199493408203,42.51499938964844,43.8849983215332,42.40999984741211,43.525001525878906,21265600
2022-05-02,39.04224395751953,42.3849983215332,42.75,41.564998626708984,42.56999969482422,32838200
2022-05-03,39.47978591918945,42.86000061035156,43.099998474121094,42.33000183105469,42.415000915527344,22845000
2022-05-04,40.76016616821289,44.25,44.279998779296875,42.744998931884766,43.13999938964844,29811200
2022-05-05,39.49821853637695,42.880001068115234,44.084999084472656,42.415000915527344,43.939998626708984,24543600
2022-05-06,38.93170166015625,42.26499938964844,42.540000915527344,41.564998626708984,42.540000915527344,28715400
2022-05-09,37.701995849609375,40.93000030517578,41.869998931884766,40.814998626708984,41.494998931884766,27881400
2022-05-10,37.46710968017578,40.67499923706055,41.720001220703125,40.189998626708984,41.61000061035156,34030200
2022-05-11,37.48552703857422,40.69499969482422,41.78499984741211,40.60499954223633,40.790000915527344,33836600
2022-05-12,37.41644287109375,40.619998931884766,41.025001525878906,39.880001068115234,40.27000045776367,26458200
2022-05-13,37.992164611816406,41.244998931884766,41.654998779296875,40.94499969482422,40.94499969482422,17295200
2022-05-16,37.923072814941406,41.16999816894531,41.5,40.69499969482422,41.06999969482422,16692600
2022-05-17,38.996192932128906,42.334999084472656,42.400001525878906,41.66999816894531,42.095001220703125,15137400
2022-05-18,37.7849006652832,41.02000045776367,42.025001525878906,40.845001220703125,41.93000030517578,13932400
2022-05-19,38.05203628540039,41.310001373291016,41.79499816894531,40.70000076293945,40.75,16195000
2022-05-20,37.95991897583008,41.209999084472656,41.875,40.310001373291016,41.71500015258789,16114400
2022-05-23,38.65537643432617,41.96500015258789,42.064998626708984,41.45000076293945,41.73500061035156,12760200
2022-05-24,38.43429183959961,41.724998474121094,41.869998931884766,41.0099983215332,41.82500076293945,14059600
2022-05-25,38.60470199584961,41.90999984741211,42.09000015258789,41.41999816894531,41.564998626708984,11071400
2022-05-26,39.31398391723633,42.68000030517578,42.89500045776367,42.119998931884766,42.20000076293945,11073000
2022-05-27,40.23512268066406,43.68000030517578,43.69499969482422,42.970001220703125,43.040000915527344,13588800
2022-05-31,39.622562408447266,43.01499938964844,43.43000030517578,42.869998931884766,43.27000045776367,18490800
2022-06-01,39.22647476196289,42.584999084472656,43.220001220703125,42.16999816894531,43.084999084472656,14350000
2022-06-02,40.308807373046875,43.7599983215332,43.7599983215332,42.94499969482422,43.040000915527344,13050800
2022-06-03,39.917327880859375,43.334999084472656,43.68000030517578,43.18000030517578,43.369998931884766,10651200
2022-06-06,40.29499053955078,43.744998931884766,43.91999816894531,43.5099983215332,43.654998779296875,11184000
2022-06-07,40.58515167236328,44.060001373291016,44.1150016784668,43.2599983215332,43.375,12411400
2022-06-08,39.742313385009766,43.14500045776367,43.974998474121094,43.04999923706055,43.60499954223633,8475600
2022-06-09,38.802757263183594,42.125,42.959999084472656,42.11000061035156,42.814998626708984,10812600
2022-06-10,37.61449432373047,40.834999084472656,41.380001068115234,40.779998779296875,41.310001373291016,16668400
2022-06-13,36.14528274536133,39.2400016784668,39.880001068115234,39.0099983215332,39.790000915527344,20820400
2022-06-14,35.86894226074219,38.939998626708984,39.46500015258789,38.6349983215332,39.22999954223633,15700800
2022-06-15,35.85973358154297,38.93000030517578,39.48500061035156,38.220001220703125,39.435001373291016,20859400
2022-06-16,34.56554412841797,37.525001525878906,37.9900016784668,37.20500183105469,37.8650016784668,18569400
2022-06-17,34.50566864013672,37.459999084472656,37.72999954223633,36.810001373291016,37.470001220703125,25019600
2022-06-21,35.02738571166992,37.76499938964844,37.939998626708984,37.474998474121094,37.78499984741211,11233200
2022-06-22,34.57754898071289,37.279998779296875,37.64500045776367,36.845001220703125,36.95000076293945,16064800
2022-06-23,34.10451889038086,36.77000045776367,37.34000015258789,36.3849983215332,37.130001068115234,18934800
2022-06-24,35.45867919921875,38.22999954223633,38.2400016784668,36.97999954223633,37.02000045776367,22495000
2022-06-27,35.16652297973633,37.915000915527344,38.33000183105469,37.79999923706055,38.20000076293945,13583800
2022-06-28,34.790870666503906,37.5099983215332,38.494998931884766,37.45000076293945,38.13999938964844,9846400
2022-06-29,34.54044723510742,37.2400016784668,37.64500045776367,36.85499954223633,37.58000183105469,10594800
2022-06-30,34.13234329223633,36.79999923706055,37.13999938964844,36.290000915527344,36.65999984741211,13860000
2022-07-01,34.37350845336914,37.060001373291016,37.1150016784668,36.095001220703125,36.494998931884766,16434200
2022-07-05,33.68250274658203,36.314998626708984,36.31999969482422,35.55500030517578,36.084999084472656,19413000
2022-07-06,33.89582061767578,36.54499816894531,36.650001525878906,35.880001068115234,36.275001525878906,16602000
2022-07-07,34.197265625,36.869998931884766,37.25,36.76499938964844,36.994998931884766,9897200
2022-07-08,33.86336898803711,36.5099983215332,36.98500061035156,36.314998626708984,36.92499923706055,8182600
2022-07-11,33.77062225341797,36.40999984741211,36.57500076293945,36.07500076293945,36.13999938964844,8287600
2022-07-12,33.70569610595703,36.34000015258789,36.81999969482422,36.209999084472656,36.255001068115234,13606800
2022-07-13,33.51091766357422,36.130001068115234,36.34000015258789,35.564998626708984,35.744998931884766,19998800
2022-07-14,32.89411926269531,35.46500015258789,35.494998931884766,34.9900016784668,35.45500183105469,15012400
2022-07-15,33.40888977050781,36.02000045776367,36.14500045776367,35.58000183105469,36.040000915527344,10334000
2022-07-18,33.48772048950195,36.10499954223633,36.65999984741211,35.970001220703125,36.4900016784668,7533400
2022-07-19,34.507991790771484,37.20500183105469,37.290000915527344,36.46500015258789,36.505001068115234,11284800
2022-07-20,34.568275451660156,37.27000045776367,37.435001373291016,36.994998931884766,37.154998779296875,9383400
2022-07-21,35.059852600097656,37.79999923706055,37.810001373291016,37.03499984741211,37.20500183105469,9401800
2022-07-22,34.80942916870117,37.529998779296875,38.224998474121094,37.36000061035156,38.029998779296875,10807400
2022-07-25,34.95319366455078,37.685001373291016,37.73500061035156,37.380001068115234,37.630001068115234,7729800
2022-07-26,34.716678619384766,37.43000030517578,37.650001525878906,37.28499984741211,37.4900016784668,7703800
2022-07-27,35.13405990600586,37.880001068115234,38.029998779296875,36.98500061035156,37.165000915527344,11703200
2022-07-28,35.7554817199707,38.54999923706055,38.59000015258789,37.974998474121094,38.060001373291016,11832000
2022-07-29,36.23314666748047,39.064998626708984,39.16999816894531,38.67499923706055,38.82500076293945,9258000
2022-08-01,35.94099044799805,38.75,38.90999984741211,38.470001220703125,38.880001068115234,10411600
2022-08-02,35.574623107910156,38.35499954223633,38.89500045776367,38.13999938964844,38.55500030517578,11367400
2022-08-03,35.61172103881836,38.39500045776367,38.65999984741211,38.06999969482422,38.564998626708984,9597400
2022-08-04,35.63490676879883,38.41999816894531,38.75,38.224998474121094,38.45500183105469,6898800
2022-08-05,35.760128021240234,38.55500030517578,38.720001220703125,38.060001373291016,38.1150016784668,5892000
2022-08-08,35.959537506103516,38.77000045776367,39.31999969482422,38.744998931884766,39.025001525878906,9414200
2022-08-09,35.78330993652344,38.58000183105469,38.849998474121094,38.44499969482422,38.834999084472656,13987200
2022-08-10,36.7989387512207,39.67499923706055,39.900001525878906,39.31999969482422,39.33000183105469,8528200
2022-08-11,36.92414474487305,39.810001373291016,40.314998626708984,39.7599983215332,40.040000915527344,6129200
2022-08-12,37.61977767944336,40.560001373291016,40.56999969482422,39.86000061035156,39.935001373291016,7447200
2022-08-15,37.596588134765625,40.53499984741211,40.595001220703125,39.994998931884766,40.130001068115234,6380200
2022-08-16,37.805274963378906,40.7599983215332,40.935001373291016,40.415000915527344,40.41999816894531,5211400
2022-08-17,37.2858772277832,40.20000076293945,40.39500045776367,39.98500061035156,40.30500030517578,8159600
2022-08-18,37.40181350708008,40.32500076293945,40.42499923706055,40.064998626708984,40.36000061035156,4562800
2022-08-19,36.715457916259766,39.584999084472656,40.10499954223633,39.439998626708984,40.10499954223633,6634400
2022-08-22,36.131126403808594,38.95500183105469,39.16999816894531,38.814998626708984,38.970001220703125,7032000
2022-08-23,36.48822021484375,39.34000015258789,39.53499984741211,38.959999084472656,38.959999084472656,9840000
2022-08-24,36.56706237792969,39.42499923706055,39.56999969482422,39.18000030517578,39.290000915527344,5778200
2022-08-25,37.39717102050781,40.31999969482422,40.334999084472656,39.69499969482422,39.69499969482422,6130800
2022-08-26,36.251705169677734,39.084999084472656,40.44499969482422,39.05500030517578,40.40999984741211,8665800
2022-08-29,35.996639251708984,38.810001373291016,39.130001068115234,38.560001373291016,38.654998779296875,7198800
2022-08-30,35.40766143798828,38.17499923706055,38.935001373291016,37.95000076293945,38.90999984741211,7402600
2022-08-31,34.97174072265625,37.70500183105469,38.2400016784668,37.689998626708984,38.2400016784668,10050800
2022-09-01,34.51262283325195,37.209999084472656,37.314998626708984,36.755001068115234,37.25,11796000
2022-09-02,34.480159759521484,37.17499923706055,38.05500030517578,37.0099983215332,37.7599983215332,14134200
2022-09-06,34.37350845336914,37.060001373291016,37.525001525878906,36.89500045776367,37.38999938964844,12551200
2022-09-07,35.32418441772461,38.084999084472656,38.150001525878906,36.875,36.959999084472656,12192000
2022-09-08,35.66737747192383,38.45500183105469,38.48500061035156,37.56999969482422,37.70500183105469,8796600
2022-09-09,36.20532989501953,39.03499984741211,39.14500045776367,38.73500061035156,38.84000015258789,7296600
2022-09-12,36.54387283325195,39.400001525878906,39.59000015258789,39.15999984741211,39.435001373291016,8099000
2022-09-13,35.240718841552734,37.994998931884766,38.83000183105469,37.900001525878906,38.39500045776367,9404000
2022-09-14,34.80942916870117,37.529998779296875,37.8650016784668,37.165000915527344,37.82500076293945,11562400
2022-09-15,34.35030746459961,37.03499984741211,37.775001525878906,36.970001220703125,37.3849983215332,10417400
2022-09-16,33.807716369628906,36.45000076293945,36.59000015258789,36.05500030517578,36.53499984741211,16265400
2022-09-19,34.367366790771484,36.845001220703125,36.89500045776367,35.80500030517578,35.849998474121094,10323400
2022-09-20,33.71443557739258,36.14500045776367,36.345001220703125,35.875,36.345001220703125,9549600
2022-09-21,32.97755432128906,35.35499954223633,36.47999954223633,35.34000015258789,36.404998779296875,17767400
2022-09-22,32.58115005493164,34.93000030517578,35.599998474121094,34.904998779296875,35.5,11753000
2022-09-23,31.91421890258789,34.21500015258789,34.375,33.70500183105469,34.33000183105469,14010200
2022-09-26,31.39654541015625,33.65999984741211,34.404998779296875,33.4900016784668,33.970001220703125,14978000
2022-09-27,31.46649932861328,33.73500061035156,34.28499984741211,33.42499923706055,34.09000015258789,14157800
2022-09-28,32.27799606323242,34.60499954223633,34.76499938964844,33.78499984741211,33.915000915527344,13507800
2022-09-29,31.80229377746582,34.095001220703125,34.275001525878906,33.599998474121094,34.275001525878906,11454600
2022-09-30,31.718341827392578,34.005001068115234,34.6349983215332,33.900001525878906,34.06999969482422,10820800
2022-10-03,32.7490348815918,35.11000061035156,35.369998931884766,34.35499954223633,34.54999923706055,19858000
2022-10-04,33.95228958129883,36.400001525878906,36.439998626708984,35.755001068115234,35.814998626708984,30250200
2022-10-05,33.56986618041992,35.9900016784668,36.28499984741211,35.584999084472656,35.88999938964844,18429800
2022-10-06,33.21541213989258,35.61000061035156,36.09000015258789,35.52000045776367,35.709999084472656,23953600
2022-10-07,32.39459228515625,34.72999954223633,35.38999938964844,34.505001068115234,35.314998626708984,10183800
2022-10-10,32.46455764770508,34.80500030517578,35.0099983215332,34.57500076293945,34.8650016784668,10391200
2022-10-11,32.212711334228516,34.53499984741211,35.099998474121094,34.290000915527344,34.51499938964844,13918800
2022-10-12,31.970182418823242,34.275001525878906,34.58000183105469,34.255001068115234,34.54499816894531,16029200
2022-10-13,32.907596588134766,35.279998779296875,35.439998626708984,33.43000030517578,33.60499954223633,19446400
2022-10-14,31.797622680664062,34.09000015258789,35.584999084472656,34.029998779296875,35.5099983215332,16595200
2022-10-17,32.5904655456543,34.939998626708984,35.17499923706055,34.73500061035156,34.779998779296875,11471400
2022-10-18,33.22941589355469,35.625,36.0,35.22999954223633,35.779998779296875,15958800
2022-10-19,32.837650299072266,35.20500183105469,35.65999984741211,34.9900016784668,35.3650016784668,8690200
2022-10-20,32.599796295166016,34.95000076293945,35.88999938964844,34.8650016784668,35.255001068115234,11416600
2022-10-21,33.72842788696289,36.15999984741211,36.209999084472656,34.849998474121094,34.8849983215332,16680600
2022-10-24,33.532554626464844,35.95000076293945,36.5,35.880001068115234,36.30500030517578,13474800
2022-10-25,34.362701416015625,36.84000015258789,36.8650016784668,35.93000030517578,35.974998474121094,12002600
2022-10-26,34.605224609375,37.099998474121094,37.48500061035156,36.790000915527344,37.04999923706055,13530600
2022-10-27,34.516597747802734,37.005001068115234,37.44499969482422,36.935001373291016,37.154998779296875,9954000
2022-10-28,34.86172103881836,37.375,37.45000076293945,36.709999084472656,36.88999938964844,9254800
2022-10-31,34.549251556396484,37.040000915527344,37.474998474121094,36.98500061035156,37.16999816894531,9583400
2022-11-01,34.63786315917969,37.1349983215332,37.6349983215332,36.82500076293945,37.595001220703125,23317600
2022-11-02,33.737770080566406,36.16999816894531,37.60499954223633,36.154998779296875,37.28499984741211,31466600
2022-11-03,33.9942626953125,36.44499969482422,36.69499969482422,35.6349983215332,35.720001220703125,17459000
2022-11-04,35.17420196533203,37.709999084472656,37.9900016784668,37.064998626708984,37.375,19279600
2022-11-07,35.449371337890625,38.005001068115234,38.029998779296875,37.54999923706055,37.94499969482422,11153200
2022-11-08,36.06031799316406,38.65999984741211,39.040000915527344,38.119998931884766,38.224998474121094,12313600
2022-11-09,35.47734832763672,38.03499984741211,38.82500076293945,37.95000076293945,38.47999954223633,13207800
2022-11-10,37.44078826904297,40.13999938964844,40.16999816894531,39.38999938964844,39.58000183105469,17436600
2022-11-11,37.893184661865234,40.625,41.09000015258789,40.505001068115234,40.59000015258789,12982400
2022-11-14,37.84188461303711,40.56999969482422,41.130001068115234,40.45000076293945,40.4900016784668,12733800
2022-11-15,37.785911560058594,40.5099983215332,41.040000915527344,40.11000061035156,41.01499938964844,14455000
2022-11-16,37.417476654052734,40.1150016784668,40.48500061035156,40.03499984741211,40.35499954223633,12797800
2022-11-17,37.05836486816406,39.72999954223633,39.755001068115234,39.2400016784668,39.5,9358600
2022-11-18,37.30554962158203,39.994998931884766,40.1349983215332,39.625,40.1349983215332,7491200
2022-11-21,37.43146514892578,40.130001068115234,40.26499938964844,39.619998931884766,39.709999084472656,7238200
2022-11-22,38.280277252197266,41.040000915527344,41.04999923706055,40.34000015258789,40.43000030517578,7214000
2022-11-23,38.42951965332031,41.20000076293945,41.2400016784668,40.89500045776367,41.0,8495800
2022-11-25,38.41552734375,41.185001373291016,41.21500015258789,41.04999923706055,41.13999938964844,2456600
2022-11-28,37.55739212036133,40.26499938964844,40.900001525878906,40.185001373291016,40.8849983215332,6464000
2022-11-29,37.68331527709961,40.400001525878906,40.619998931884766,40.290000915527344,40.415000915527344,5673200
2022-11-30,38.59275436401367,41.375,41.38999938964844,40.040000915527344,40.415000915527344,14624800
2022-12-01,38.63938903808594,41.42499923706055,41.70500183105469,41.064998626708984,41.65999984741211,8215800
2022-12-02,39.06379318237305,41.880001068115234,41.9900016784668,40.8849983215332,40.8849983215332,6825000
2022-12-05,38.28960418701172,41.04999923706055,41.72999954223633,40.98500061035156,41.564998626708984,9452400
2022-12-06,37.949153900146484,40.685001373291016,41.32500076293945,40.38999938964844,41.07500076293945,9495600
2022-12-07,37.865196228027344,40.595001220703125,40.994998931884766,40.494998931884766,40.619998931884766,8167200
2022-12-08,38.14502716064453,40.89500045776367,41.10499954223633,40.76499938964844,40.86000061035156,5523800
2022-12-09,37.76726531982422,40.4900016784668,41.14500045776367,40.47999954223633,40.79499816894531,7872400
2022-12-12,38.093727111816406,40.84000015258789,40.849998474121094,40.369998931884766,40.51499938964844,6385800
2022-12-13,38.620731353759766,41.404998779296875,42.18000030517578,41.11000061035156,42.099998474121094,12576000
2022-12-14,38.205657958984375,40.959999084472656,41.5,40.64500045776367,41.23500061035156,15635200
2022-12-15,37.039710998535156,39.709999084472656,40.30500030517578,39.61000061035156,40.26499938964844,10456800
2022-12-16,36.88114547729492,39.540000915527344,39.65999984741211,39.150001525878906,39.39500045776367,14570600
2022-12-19,36.401885986328125,38.775001525878906,39.435001373291016,38.59000015258789,39.209999084472656,6460000
2022-12-20,36.64127731323242,39.029998779296875,39.2599983215332,38.83000183105469,38.845001220703125,5641800
2022-12-21,36.96047592163086,39.369998931884766,39.53499984741211,39.13999938964844,39.23500061035156,5755400
2022-12-22,36.60373306274414,38.9900016784668,39.09000015258789,38.33000183105469,39.09000015258789,6631200
2022-12-23,36.85721206665039,39.2599983215332,39.27000045776367,38.775001525878906,38.9900016784668,6202200
2022-12-27,36.89006042480469,39.29499816894531,39.55500030517578,39.125,39.35499954223633,4868600
2022-12-28,36.3267822265625,38.69499969482422,39.435001373291016,38.665000915527344,39.28499984741211,5046400
2022-12-29,36.7210807800293,39.1150016784668,39.279998779296875,38.90999984741211,38.90999984741211,6446200
2022-12-30,36.46291732788086,38.84000015258789,38.974998474121094,38.51499938964844,38.83000183105469,5818800
2023-01-03,36.42536163330078,38.79999923706055,39.15999984741211,38.44499969482422,38.904998779296875,10684000
2023-01-04,37.05904006958008,39.474998474121094,39.584999084472656,38.970001220703125,38.994998931884766,9742000
2023-01-05,36.472293853759766,38.849998474121094,39.06999969482422,38.56999969482422,38.86000061035156,8212600
2023-01-06,37.725589752197266,40.185001373291016,40.275001525878906,39.209999084472656,39.209999084472656,8729200
2023-01-09,37.96498107910156,40.439998626708984,40.97999954223633,40.30500030517578,40.51499938964844,16791200
2023-01-10,38.3452033996582,40.845001220703125,40.875,40.22999954223633,40.45500183105469,8049000
2023-01-11,38.94602966308594,41.48500061035156,41.505001068115234,41.029998779296875,41.275001525878906,9845800
2023-01-12,39.09153747558594,41.63999938964844,41.7599983215332,41.165000915527344,41.58000183105469,7787600
2023-01-13,39.33094024658203,41.89500045776367,41.97999954223633,41.3650016784668,41.400001525878906,6965200
2023-01-17,38.936641693115234,41.474998474121094,42.04499816894531,41.435001373291016,41.96500015258789,6943000
2023-01-18,38.3874397277832,40.88999938964844,41.915000915527344,40.869998931884766,41.85499954223633,9444600
2023-01-19,38.09172058105469,40.57500076293945,40.744998931884766,40.255001068115234,40.58000183105469,8159800
2023-01-20,38.85683822631836,41.38999938964844,41.41999816894531,40.46500015258789,40.68000030517578,6897400
2023-01-23,38.98358917236328,41.525001525878906,41.70000076293945,41.1349983215332,41.334999084472656,12497400
2023-01-24,39.007049560546875,41.54999923706055,41.61000061035156,40.95000076293945,41.29499816894531,9361000
2023-01-25,39.08684539794922,41.6349983215332,41.650001525878906,40.95500183105469,41.095001220703125,7203800
2023-01-26,39.27460479736328,41.834999084472656,41.85499954223633,41.154998779296875,41.28499984741211,11506200
2023-01-27,39.14786911010742,41.70000076293945,41.994998931884766,41.5099983215332,41.54999923706055,6839400
2023-01-30,38.88031005859375,41.415000915527344,41.939998626708984,41.36000061035156,41.44499969482422,10421400
2023-01-31,39.734622955322266,42.32500076293945,42.34000015258789,41.44499969482422,41.44499969482422,7742600
2023-02-01,39.99747848510742,42.60499954223633,42.95000076293945,41.80500030517578,42.08000183105469,14447200
2023-02-02,39.87074661254883,42.470001220703125,42.595001220703125,41.834999084472656,42.41999816894531,12327800
2023-02-03,39.15256881713867,41.70500183105469,42.34000015258789,41.64500045776367,42.005001068115234,11875800
2023-02-06,38.72072219848633,41.244998931884766,41.5,41.025001525878906,41.334999084472656,12524600
2023-02-07,39.24174880981445,41.79999923706055,41.904998779296875,41.16999816894531,41.189998626708984,15105800
2023-02-08,38.92725372314453,41.46500015258789,41.97999954223633,41.435001373291016,41.58000183105469,10531800
2023-02-09,38.36397933959961,40.8650016784668,41.875,40.68000030517578,41.78499984741211,16661200
2023-02-10,38.504791259765625,41.01499938964844,41.07500076293945,40.529998779296875,40.775001525878906,7016000
2023-02-13,38.70663070678711,41.22999954223633,41.314998626708984,40.81999969482422,41.084999084472656,5498600
2023-02-14,38.79581832885742,41.32500076293945,41.439998626708984,40.849998474121094,41.05500030517578,8215000
2023-02-15,38.964805603027344,41.505001068115234,41.51499938964844,40.939998626708984,41.04999923706055,7956800
2023-02-16,38.52357482910156,41.03499984741211,41.51499938964844,40.83000183105469,40.93000030517578,8673600
2023-02-17,38.162132263183594,40.650001525878906,40.790000915527344,40.43000030517578,40.75,7452400
2023-02-21,37.533145904541016,39.97999954223633,40.58000183105469,39.91999816894531,40.439998626708984,11800600
2023-02-22,37.81477737426758,40.279998779296875,40.47999954223633,39.95500183105469,40.15999984741211,11868800
2023-02-23,37.85702133178711,40.32500076293945,40.599998474121094,39.72999954223633,40.43000030517578,11192400
2023-02-24,38.11050796508789,40.595001220703125,40.650001525878906,39.435001373291016,39.64500045776367,18648200
2023-02-27,38.23724365234375,40.72999954223633,41.1150016784668,40.689998626708984,40.85499954223633,12939600
2023-02-28,38.41091537475586,40.915000915527344,41.18000030517578,40.64500045776367,40.720001220703125,17093600
2023-03-01,38.71133041381836,41.23500061035156,41.6349983215332,41.0,41.005001068115234,15481600
2023-03-02,39.15256881713867,41.70500183105469,41.80500030517578,40.92499923706055,41.02000045776367,12669800
2023-03-03,39.71114730834961,42.29999923706055,42.32500076293945,41.654998779296875,41.97999954223633,11994600
2023-03-06,39.068077087402344,41.6150016784668,42.1349983215332,41.54499816894531,42.1349983215332,10962800
2023-03-07,38.29825973510742,40.79499816894531,41.459999084472656,40.650001525878906,41.459999084472656,13520600
2023-03-08,38.48601531982422,40.994998931884766,41.095001220703125,40.67499923706055,40.814998626708984,11590400
2023-03-09,37.49558639526367,39.939998626708984,41.15999984741211,39.814998626708984,41.025001525878906,12851800
2023-03-10,36.69760513305664,39.09000015258789,39.96500015258789,38.880001068115234,39.95500183105469,26124800
2023-03-13,36.32209396362305,38.689998626708984,39.220001220703125,38.400001525878906,38.70000076293945,40704800
2023-03-14,36.78680419921875,39.185001373291016,39.63999938964844,38.7599983215332,39.255001068115234,16477200
2023-03-15,35.59452819824219,37.915000915527344,38.2599983215332,37.3849983215332,38.17499923706055,28524400
2023-03-16,36.002906799316406,38.349998474121094,38.400001525878906,37.439998626708984,37.55500030517578,21605600
2023-03-17,35.44431686401367,37.755001068115234,38.224998474121094,37.689998626708984,38.21500015258789,19087000
2023-03-20,36.17362976074219,38.3650016784668,38.3849983215332,37.8849983215332,37.8849983215332,14785800
2023-03-21,36.6120719909668,38.83000183105469,38.994998931884766,38.56999969482422,38.814998626708984,9498000
2023-03-22,35.96148681640625,38.13999938964844,39.05500030517578,38.130001068115234,38.76499938964844,14654600
2023-03-23,35.9190559387207,38.095001220703125,38.86000061035156,37.79999923706055,38.310001373291016,13439600
2023-03-24,36.21134948730469,38.404998779296875,38.494998931884766,37.529998779296875,37.80500030517578,13465200
2023-03-27,36.480072021484375,38.689998626708984,38.96500015258789,38.40999984741211,38.80500030517578,10614000
2023-03-28,36.654502868652344,38.875,38.939998626708984,38.64500045776367,38.685001373291016,10248000
2023-03-29,37.163658142089844,39.415000915527344,39.439998626708984,39.2400016784668,39.375,8270200
2023-03-30,37.41823959350586,39.685001373291016,39.849998474121094,39.540000915527344,39.82500076293945,8433400
2023-03-31,38.026397705078125,40.33000183105469,40.349998474121094,39.689998626708984,39.689998626708984,13526200
2023-04-03,38.26683044433594,40.584999084472656,40.689998626708984,40.28499984741211,40.40999984741211,16128600
2023-04-04,37.715248107910156,40.0,40.505001068115234,39.845001220703125,40.48500061035156,17497400
2023-04-05,37.63038635253906,39.90999984741211,39.96500015258789,39.54999923706055,39.70000076293945,18561000
2023-04-06,37.54081726074219,39.814998626708984,39.85499954223633,39.52000045776367,39.64500045776367,19031400
2023-04-10,37.71995544433594,40.005001068115234,40.07500076293945,39.619998931884766,39.65999984741211,9267200
2023-04-11,38.01224136352539,40.314998626708984,40.53499984741211,40.16999816894531,40.185001373291016,7715400
2023-04-12,38.0405387878418,40.345001220703125,40.685001373291016,40.275001525878906,40.595001220703125,11888000
2023-04-13,38.43183517456055,40.7599983215332,40.89500045776367,40.28499984741211,40.369998931884766,18003000
2023-04-14,38.153682708740234,40.46500015258789,40.94499969482422,40.2599983215332,40.65999984741211,8826200
2023-04-17,38.37525939941406,40.70000076293945,40.709999084472656,40.375,40.48500061035156,7366200
2023-04-18,38.535552978515625,40.869998931884766,41.005001068115234,40.68000030517578,40.85499954223633,6766000
2023-04-19,38.4271125793457,40.755001068115234,40.790000915527344,40.5,40.595001220703125,7309600
2023-04-20,38.38468933105469,40.709999084472656,40.84000015258789,40.45500183105469,40.46500015258789,8052000
2023-04-21,38.04525375366211,40.349998474121094,40.595001220703125,40.125,40.54999923706055,10844200
2023-04-24,38.304542541503906,40.625,40.6349983215332,40.3650016784668,40.415000915527344,7731000
2023-04-25,37.47480773925781,39.744998931884766,40.2400016784668,39.724998474121094,40.20000076293945,11966000
2023-04-26,37.03165817260742,39.275001525878906,39.720001220703125,39.14500045776367,39.584999084472656,11910400
2023-04-27,37.53609085083008,39.810001373291016,39.82500076293945,39.165000915527344,39.38999938964844,11826400
2023-04-28,37.97453308105469,40.275001525878906,40.345001220703125,39.685001373291016,39.79499816894531,10143200
2023-05-01,37.95568084716797,40.255001068115234,40.52000045776367,40.18000030517578,40.32500076293945,8416400
2023-05-02,37.58795166015625,39.8650016784668,39.935001373291016,39.22999954223633,39.880001068115234,11681000
2023-05-03,37.173091888427734,39.42499923706055,40.119998931884766,39.40999984741211,39.92499923706055,12701400
2023-05-04,36.93265151977539,39.16999816894531,39.76499938964844,39.07500076293945,39.5099983215332,16655000
2023-05-05,37.55495834350586,39.83000183105469,39.970001220703125,39.564998626708984,39.599998474121094,10267200
2023-05-08,37.43238830566406,39.70000076293945,40.130001068115234,39.63999938964844,40.07500076293945,7680000
2023-05-09,37.09293746948242,39.34000015258789,39.54499816894531,39.18000030517578,39.47999954223633,15114400
2023-05-10,37.116512298583984,39.3650016784668,39.814998626708984,38.935001373291016,39.814998626708984,11730200
2023-05-11,36.75349807739258,38.97999954223633,39.11000061035156,38.79499816894531,38.9900016784668,12849800
2023-05-12,36.81951141357422,39.04999923706055,39.224998474121094,38.71500015258789,39.154998779296875,8287200
2023-05-15,37.13066482543945,39.380001068115234,39.40999984741211,39.005001068115234,39.25,6487200
2023-05-16,36.51778030395508,38.72999954223633,39.209999084472656,38.71500015258789,39.16999816894531,8346400
2023-05-17,36.75822067260742,38.98500061035156,39.13999938964844,38.73500061035156,38.915000915527344,10505600
2023-05-18,36.97507858276367,39.21500015258789,39.255001068115234,38.619998931884766,38.80500030517578,13352400
2023-05-19,37.06937026977539,39.314998626708984,39.51499938964844,39.099998474121094,39.5,9943000
2023-05-22,36.87608337402344,39.11000061035156,39.505001068115234,39.04499816894531,39.39500045776367,8288600
2023-05-23,36.305633544921875,38.505001068115234,38.93000030517578,38.42499923706055,38.82500076293945,10494200
2023-05-24,35.89076614379883,38.064998626708984,38.375,37.9900016784668,38.34000015258789,14127600
2023-05-25,35.76347732543945,37.93000030517578,38.1150016784668,37.720001220703125,38.11000061035156,11713000
2023-05-26,35.942626953125,38.119998931884766,38.36000061035156,37.95000076293945,38.209999084472656,15882600
2023-05-30,35.74934005737305,37.915000915527344,38.15999984741211,37.625,38.09000015258789,12780600
2023-05-31,35.36746597290039,37.5099983215332,37.82500076293945,37.35499954223633,37.70000076293945,13816800
2023-06-01,35.838905334472656,38.0099983215332,38.119998931884766,37.529998779296875,37.70000076293945,14559600
2023-06-02,37.041080474853516,39.28499984741211,39.375,38.70000076293945,38.7599983215332,17659000
2023-06-05,37.01279830932617,39.255001068115234,39.69499969482422,39.11000061035156,39.3650016784668,14321400
2023-06-06,37.2485237121582,39.505001068115234,39.60499954223633,39.06999969482422,39.095001220703125,15206800
2023-06-07,37.6916618347168,39.974998474121094,40.0099983215332,39.415000915527344,39.415000915527344,13330800
2023-06-08,37.55495834350586,39.83000183105469,40.11000061035156,39.55500030517578,39.994998931884766,11719200
2023-06-09,37.243797302246094,39.5,39.73500061035156,39.349998474121094,39.67499923706055,11621400
2023-06-12,37.41352462768555,39.68000030517578,39.72999954223633,39.26499938964844,39.54499816894531,9691200
2023-06-13,38.28097152709961,40.599998474121094,40.625,39.89500045776367,39.97999954223633,16467200
2023-06-14,38.12068176269531,40.43000030517578,40.95500183105469,40.21500015258789,40.91999816894531,13956600
2023-06-15,38.44598388671875,40.775001525878906,40.935001373291016,40.345001220703125,40.380001068115234,11778200
2023-06-16,38.54025650024414,40.875,40.89500045776367,40.58000183105469,40.84000015258789,16966800
2023-06-20,38.0186653137207,40.125,40.349998474121094,39.900001525878906,40.26499938964844,11739600
2023-06-21,38.14183807373047,40.255001068115234,40.42499923706055,39.814998626708984,39.935001373291016,13355400
2023-06-22,38.051822662353516,40.15999984741211,40.19499969482422,39.779998779296875,40.11000061035156,8650000
2023-06-23,37.7438850402832,39.834999084472656,39.90999984741211,39.53499984741211,39.7400016784668,11953400
2023-06-26,38.13710021972656,40.25,40.30500030517578,39.849998474121094,39.94499969482422,8335800
2023-06-27,38.67718505859375,40.81999969482422,40.849998474121094,40.220001220703125,40.349998474121094,13676200
2023-06-28,38.4118766784668,40.540000915527344,40.720001220703125,40.35499954223633,40.720001220703125,10987000
2023-06-29,38.895103454589844,41.04999923706055,41.06999969482422,40.34000015258789,40.43000030517578,10564000
2023-06-30,39.25989532470703,41.435001373291016,41.540000915527344,41.119998931884766,41.27000045776367,12966600
2023-07-03,39.40675354003906,41.59000015258789,41.77000045776367,41.345001220703125,41.415000915527344,7865600
2023-07-05,38.43556594848633,40.564998626708984,41.17499923706055,40.48500061035156,41.1349983215332,23658800
2023-07-06,38.15605545043945,40.27000045776367,40.29499816894531,39.654998779296875,40.04499816894531,17904200
2023-07-07,38.4876708984375,40.619998931884766,41.025001525878906,40.189998626708984,40.244998931884766,13663000
2023-07-10,38.47819900512695,40.61000061035156,40.85499954223633,40.29499816894531,40.33000183105469,11196200
2023-07-11,38.85719680786133,41.0099983215332,41.040000915527344,40.67499923706055,40.85499954223633,9412000
2023-07-12,39.36886215209961,41.54999923706055,41.67499923706055,41.20500183105469,41.5099983215332,23076800
2023-07-13,39.67679214477539,41.875,41.92499923706055,41.540000915527344,41.689998626708984,9610000
2023-07-14,39.44465637207031,41.630001068115234,41.89500045776367,41.44499969482422,41.89500045776367,11252000
2023-07-17,39.4825553894043,41.66999816894531,41.755001068115234,41.415000915527344,41.4900016784668,9072800
2023-07-18,39.790489196777344,41.994998931884766,42.119998931884766,41.51499938964844,41.51499938964844,11795400
2023-07-19,39.577308654785156,41.77000045776367,42.04999923706055,41.63999938964844,41.939998626708984,10383400
2023-07-20,39.67205810546875,41.869998931884766,41.96500015258789,41.58000183105469,41.904998779296875,9853400
2023-07-21,39.67679214477539,41.875,41.939998626708984,41.540000915527344,41.75,9048000
2023-07-24,39.79997634887695,42.005001068115234,42.08000183105469,41.7400016784668,41.92499923706055,8705600
2023-07-25,40.51533889770508,42.7599983215332,42.91999816894531,42.17499923706055,42.2400016784668,17521000
2023-07-26,40.37795639038086,42.6150016784668,42.72999954223633,42.279998779296875,42.459999084472656,12335200
2023-07-27,40.11738204956055,42.34000015258789,42.88999938964844,42.29999923706055,42.76499938964844,14101400
2023-07-28,40.39690399169922,42.6349983215332,42.80500030517578,42.415000915527344,42.79999923706055,8129600
2023-07-31,40.61008834838867,42.86000061035156,42.93000030517578,42.6150016784668,42.73500061035156,11001200
2023-08-01,40.43006134033203,42.66999816894531,42.845001220703125,42.5,42.650001525878906,15073400
2023-08-02,39.927879333496094,42.13999938964844,42.525001525878906,42.084999084472656,42.279998779296875,20370600
2023-08-03,39.68153381347656,41.880001068115234,42.22999954223633,41.80500030517578,42.01499938964844,18758800
2023-08-04,39.59151840209961,41.78499984741211,42.39500045776367,41.75,42.09000015258789,16990000
2023-08-07,39.85208511352539,42.060001373291016,42.130001068115234,41.755001068115234,41.935001373291016,10322200
2023-08-08,39.430450439453125,41.6150016784668,41.69499969482422,41.16999816894531,41.375,12857600
2023-08-09,39.26936721801758,41.44499969482422,41.86000061035156,41.38999938964844,41.775001525878906,15928200
2023-08-10,39.297794342041016,41.474998474121094,41.88999938964844,41.380001068115234,41.650001525878906,11144800
2023-08-11,39.1888313293457,41.36000061035156,41.56999969482422,41.21500015258789,41.3650016784668,7974600
2023-08-14,39.27410888671875,41.45000076293945,41.45500183105469,41.03499984741211,41.2599983215332,7753400
2023-08-15,38.634544372558594,40.775001525878906,41.13999938964844,40.685001373291016,41.04999923706055,11392600
2023-08-16,38.37398147583008,40.5,40.915000915527344,40.48500061035156,40.709999084472656,10564400
2023-08-17,38.29817581176758,40.41999816894531,41.03499984741211,40.380001068115234,40.779998779296875,10530800
2023-08-18,38.29343795776367,40.415000915527344,40.5099983215332,40.095001220703125,40.185001373291016,9817800
2023-08-21,38.29817581176758,40.41999816894531,40.57500076293945,40.125,40.51499938964844,9705200
2023-08-22,38.26500701904297,40.3849983215332,40.68000030517578,40.26499938964844,40.61000061035156,7218200
2023-08-23,38.32659912109375,40.45000076293945,40.59000015258789,40.279998779296875,40.380001068115234,7004600
2023-08-24,38.165523529052734,40.279998779296875,40.630001068115234,40.224998474121094,40.26499938964844,8140400
2023-08-25,38.279232025146484,40.400001525878906,40.584999084472656,40.060001373291016,40.46500015258789,10757800
2023-08-28,38.55874252319336,40.69499969482422,40.88999938964844,40.4900016784668,40.5099983215332,10101800
2023-08-29,39.198307037353516,41.369998931884766,41.38999938964844,40.58000183105469,40.720001220703125,11751000
2023-08-30,39.28832244873047,41.46500015258789,41.540000915527344,41.29999923706055,41.369998931884766,7597400
2023-08-31,39.26936721801758,41.44499969482422,41.63999938964844,41.400001525878906,41.53499984741211,6560000
2023-09-01,39.70995330810547,41.90999984741211,42.02000045776367,41.75,41.84000015258789,11825400
2023-09-05,38.975643157958984,41.1349983215332,41.880001068115234,41.1349983215332,41.845001220703125,12926400
2023-09-06,38.8903694152832,41.04499816894531,41.23500061035156,40.724998474121094,40.9900016784668,9306200
2023-09-07,38.71508026123047,40.86000061035156,41.025001525878906,40.55500030517578,40.880001068115234,8874400
2023-09-08,38.75297546386719,40.900001525878906,41.07500076293945,40.775001525878906,40.779998779296875,6986400
2023-09-11,38.91878890991211,41.07500076293945,41.3650016784668,40.994998931884766,41.165000915527344,8070600
2023-09-12,38.828773498535156,40.97999954223633,41.16999816894531,40.88999938964844,40.939998626708984,8421400
2023-09-13,38.60137939453125,40.7400016784668,41.04499816894531,40.625,40.959999084472656,9171000
2023-09-14,39.14619064331055,41.314998626708984,41.400001525878906,41.01499938964844,41.165000915527344,8669000
2023-09-15,38.71034240722656,40.85499954223633,41.380001068115234,40.790000915527344,41.20000076293945,13975600
2023-09-18,38.549442291259766,40.4900016784668,40.70000076293945,40.3650016784668,40.61000061035156,7366600
2023-09-19,38.516117095947266,40.45500183105469,40.64500045776367,40.10499954223633,40.46500015258789,8168200
2023-09-20,38.11148452758789,40.029998779296875,40.709999084472656,40.005001068115234,40.61000061035156,9299400
2023-09-21,37.34506607055664,39.224998474121094,39.775001525878906,39.209999084472656,39.7599983215332,13559600
2023-09-22,37.30698776245117,39.185001373291016,39.525001525878906,39.1150016784668,39.33000183105469,12035200
2023-09-25,37.60213088989258,39.494998931884766,39.51499938964844,39.0099983215332,39.03499984741211,8245600
2023-09-26,37.05944061279297,38.92499923706055,39.46500015258789,38.814998626708984,39.255001068115234,10951800
2023-09-27,37.0546760559082,38.91999816894531,39.17499923706055,38.689998626708984,39.119998931884766,11032000
2023-09-28,37.454559326171875,39.34000015258789,39.47999954223633,38.9900016784668,38.9900016784668,9398200
2023-09-29,37.392669677734375,39.275001525878906,39.720001220703125,39.16999816894531,39.71500015258789,11714400
2023-10-02,36.89759063720703,38.755001068115234,39.17499923706055,38.4900016784668,39.119998931884766,22598800
2023-10-03,36.79762649536133,38.650001525878906,39.13999938964844,38.36000061035156,38.36000061035156,26358000
2023-10-04,37.23081588745117,39.10499954223633,39.16999816894531,38.58000183105469,39.04999923706055,17954000
2023-10-05,36.778587341308594,38.630001068115234,39.21500015258789,38.39500045776367,39.005001068115234,20474400
2023-10-06,37.12609100341797,38.994998931884766,39.26499938964844,38.38999938964844,38.529998779296875,16085800
2023-10-09,37.17369079589844,39.04499816894531,39.15999984741211,38.58000183105469,38.77000045776367,12974800
2023-10-10,37.56880187988281,39.459999084472656,39.78499984741211,39.209999084472656,39.26499938964844,13709800
2023-10-11,37.65925216674805,39.55500030517578,39.779998779296875,39.224998474121094,39.619998931884766,9858800
2023-10-12,37.097530364990234,38.96500015258789,39.724998474121094,38.665000915527344,39.724998474121094,12126600
2023-10-13,36.959476470947266,38.81999969482422,39.33000183105469,38.650001525878906,39.15999984741211,11269200
2023-10-16,37.321266174316406,39.20000076293945,39.459999084472656,38.97999954223633,39.11000061035156,12363800
2023-10-17,37.687808990478516,39.584999084472656,39.720001220703125,38.915000915527344,38.915000915527344,11636600
2023-10-18,36.71194076538086,38.560001373291016,39.32500076293945,38.5099983215332,39.32500076293945,13017200
2023-10-19,36.28350830078125,38.11000061035156,38.7400016784668,38.060001373291016,38.41999816894531,18466200
2023-10-20,35.84555435180664,37.650001525878906,38.16999816894531,37.6349983215332,38.095001220703125,14322400
2023-10-23,35.44568634033203,37.22999954223633,37.619998931884766,37.165000915527344,37.28499984741211,18276000
2023-10-24,35.86458969116211,37.66999816894531,37.89500045776367,37.470001220703125,37.53499984741211,14848400
2023-10-25,35.44568634033203,37.22999954223633,37.65999984741211,37.20000076293945,37.595001220703125,12540000
2023-10-26,35.69322204589844,37.4900016784668,37.83000183105469,37.380001068115234,37.5,17553400
2023-10-27,35.67893981933594,37.474998474121094,37.755001068115234,37.3849983215332,37.505001068115234,16473200
2023-10-30,36.04549026489258,37.86000061035156,38.0099983215332,37.59000015258789,37.85499954223633,11954200
2023-10-31,36.20733642578125,38.029998779296875,38.13999938964844,37.70000076293945,37.79499816894531,11162600
2023-11-01,36.226383209228516,38.04999923706055,38.1349983215332,37.65999984741211,37.974998474121094,17561000
2023-11-02,36.9261589050293,38.78499984741211,38.79999923706055,38.275001525878906,38.29999923706055,13101200
2023-11-03,37.50692367553711,39.39500045776367,39.665000915527344,39.10499954223633,39.10499954223633,12129600
2023-11-06,37.321266174316406,39.20000076293945,39.43000030517578,39.1150016784668,39.404998779296875,9337600
2023-11-07,36.59769058227539,38.439998626708984,38.849998474121094,38.38999938964844,38.81999969482422,15016000
2023-11-08,36.71194076538086,38.560001373291016,38.665000915527344,38.310001373291016,38.53499984741211,10941600
2023-11-09,36.39775848388672,38.22999954223633,38.82500076293945,38.20500183105469,38.81999969482422,13878000
2023-11-10,36.826194763183594,38.68000030517578,38.709999084472656,38.21500015258789,38.26499938964844,7248200
2023-11-13,36.77383041381836,38.625,38.78499984741211,38.404998779296875,38.45500183105469,8079400
2023-11-14,37.859188079833984,39.76499938964844,39.94499969482422,39.06999969482422,39.07500076293945,10995800
2023-11-15,38.02579879760742,39.939998626708984,40.30500030517578,39.814998626708984,39.85499954223633,9819800
2023-11-16,38.14004898071289,40.060001373291016,40.10499954223633,39.82500076293945,39.93000030517578,7165600
2023-11-17,38.211448669433594,40.1349983215332,40.27000045776367,40.01499938964844,40.185001373291016,6890000
2023-11-20,38.27810287475586,40.20500183105469,40.33000183105469,39.86000061035156,40.07500076293945,9634600
2023-11-21,38.42567825317383,40.36000061035156,40.5099983215332,40.29499816894531,40.32500076293945,7363000
2023-11-22,38.449466705322266,40.3849983215332,40.44499969482422,40.18000030517578,40.36000061035156,7523000
2023-11-24,38.616085052490234,40.560001373291016,40.69499969482422,40.38999938964844,40.38999938964844,3689800
2023-11-27,38.5684814453125,40.5099983215332,40.55500030517578,40.23500061035156,40.40999984741211,6524600
2023-11-28,38.644649505615234,40.59000015258789,40.810001373291016,40.38999938964844,40.5099983215332,6996200
2023-11-29,38.84458541870117,40.79999923706055,40.98500061035156,40.70500183105469,40.744998931884766,6244400
2023-11-30,39.23017501831055,41.20500183105469,41.2400016784668,40.689998626708984,40.82500076293945,11482400
2023-12-01,39.677642822265625,41.67499923706055,41.81999969482422,41.16999816894531,41.26499938964844,16782800
2023-12-04,39.21589279174805,41.189998626708984,41.630001068115234,41.16999816894531,41.33000183105469,21230000
2023-12-05,38.6779670715332,40.625,41.0099983215332,40.529998779296875,40.98500061035156,17533400
2023-12-06,38.5970458984375,40.540000915527344,40.939998626708984,40.505001068115234,40.80500030517578,16910000
2023-12-07,38.85886001586914,40.814998626708984,40.86000061035156,40.57500076293945,40.69499969482422,8559600
2023-12-08,39.001678466796875,40.96500015258789,41.15999984741211,40.78499984741211,40.78499984741211,8247000
2023-12-11,39.27777862548828,41.255001068115234,41.2599983215332,40.814998626708984,40.88999938964844,9205800
2023-12-12,39.50627136230469,41.494998931884766,41.79999923706055,41.29499816894531,41.63999938964844,20435000
2023-12-13,39.9870719909668,42.0,42.02000045776367,40.939998626708984,41.04499816894531,16392600
2023-12-14,40.64875411987305,42.69499969482422,42.93000030517578,42.255001068115234,42.255001068115234,12713400
2023-12-15,40.544036865234375,42.584999084472656,42.849998474121094,42.459999084472656,42.459999084472656,10811200
2023-12-18,40.60682678222656,42.35499954223633,42.70000076293945,42.32500076293945,42.61000061035156,8052800
2023-12-19,40.98072814941406,42.744998931884766,42.845001220703125,42.584999084472656,42.630001068115234,7285400
2023-12-20,40.3527717590332,42.09000015258789,42.73500061035156,42.08000183105469,42.630001068115234,9358800
2023-12-21,40.77939987182617,42.53499984741211,42.54499816894531,42.25,42.44499969482422,7544400
2023-12-22,41.03346633911133,42.79999923706055,42.89500045776367,42.619998931884766,42.69499969482422,5386600
2023-12-26,41.22520065307617,43.0,43.125,42.79999923706055,42.85499954223633,6731400
2023-12-27,41.32587432861328,43.10499954223633,43.150001525878906,42.869998931884766,42.91999816894531,6819600
2023-12-28,41.16767883300781,42.939998626708984,43.10499954223633,42.904998779296875,43.029998779296875,7214000
2023-12-29,41.00469970703125,42.77000045776367,42.88999938964844,42.685001373291016,42.79499816894531,6992200
2024-01-02,40.93278884887695,42.69499969482422,42.76499938964844,42.400001525878906,42.459999084472656,19924800
2024-01-03,40.491790771484375,42.23500061035156,42.45000076293945,41.939998626708984,42.25,23358600
2024-01-04,40.36235809326172,42.099998474121094,42.36000061035156,42.02000045776367,42.165000915527344,20424200
2024-01-05,40.429466247558594,42.16999816894531,42.404998779296875,41.935001373291016,41.98500061035156,14692800
2024-01-08,40.60203552246094,42.349998474121094,42.36000061035156,41.79999923706055,41.95000076293945,10366200
2024-01-09,40.13705062866211,41.8650016784668,42.08000183105469,41.72999954223633,42.08000183105469,12910400
2024-01-10,40.084327697753906,41.810001373291016,41.849998474121094,41.61000061035156,41.71500015258789,8202800
2024-01-11,39.96449279785156,41.685001373291016,41.86000061035156,41.380001068115234,41.86000061035156,8542200
2024-01-12,40.002830505371094,41.724998474121094,42.02000045776367,41.54499816894531,41.92499923706055,8267800
2024-01-16,39.54264450073242,41.244998931884766,41.54499816894531,41.14500045776367,41.470001220703125,10552800
2024-01-17,39.25502395629883,40.94499969482422,41.09000015258789,40.76499938964844,40.82500076293945,9287600
2024-01-18,39.379661560058594,41.07500076293945,41.1349983215332,40.72999954223633,41.025001525878906,9320800
2024-01-19,39.41800308227539,41.1150016784668,41.189998626708984,40.720001220703125,41.1150016784668,11653600
2024-01-22,39.53306198120117,41.23500061035156,41.310001373291016,40.880001068115234,40.880001068115234,10785200
2024-01-23,39.66248321533203,41.369998931884766,41.55500030517578,41.21500015258789,41.43000030517578,7891600
2024-01-24,39.12559509277344,40.810001373291016,41.5,40.78499984741211,41.39500045776367,10317800
2024-01-25,39.53784942626953,41.2400016784668,41.2599983215332,40.8849983215332,41.005001068115234,9734400
2024-01-26,39.5522346496582,41.255001068115234,41.4900016784668,41.16999816894531,41.38999938964844,7799400
2024-01-29,39.7487678527832,41.459999084472656,41.474998474121094,41.03499984741211,41.224998474121094,7125800
2024-01-30,39.93092727661133,41.650001525878906,41.845001220703125,41.29499816894531,41.375,10851400
2024-01-31,39.408424377441406,41.10499954223633,41.77000045776367,41.064998626708984,41.71500015258789,13478400
2024-02-01,40.06515121459961,41.790000915527344,41.85499954223633,41.23500061035156,41.73500061035156,19793800
2024-02-02,39.830265045166016,41.54499816894531,41.744998931884766,41.09000015258789,41.48500061035156,22920400
2024-02-05,38.81880569458008,40.4900016784668,40.744998931884766,40.369998931884766,40.650001525878906,24886800
2024-02-06,39.50429916381836,41.20500183105469,41.29499816894531,40.81999969482422,40.81999969482422,19053000
2024-02-07,39.8206787109375,41.53499984741211,41.650001525878906,41.41999816894531,41.439998626708984,10820400
2024-02-08,39.7679443359375,41.47999954223633,41.599998474121094,41.185001373291016,41.595001220703125,6798600
2024-02-09,39.85423278808594,41.56999969482422,41.59000015258789,41.26499938964844,41.3849983215332,7636600
2024-02-12,40.170616149902344,41.900001525878906,42.095001220703125,41.6349983215332,41.66999816894531,6796400
2024-02-13,39.60496139526367,41.310001373291016,41.619998931884766,41.0099983215332,41.5,12864600
2024-02-14,39.85902404785156,41.57500076293945,41.654998779296875,41.310001373291016,41.52000045776367,8762000
2024-02-15,40.61162567138672,42.36000061035156,42.42499923706055,41.80500030517578,41.80500030517578,11984000
2024-02-16,40.82733917236328,42.584999084472656,42.875,42.494998931884766,42.540000915527344,9313400
2024-02-20,40.74104690551758,42.494998931884766,42.630001068115234,42.369998931884766,42.560001373291016,9019000
2024-02-21,40.966346740722656,42.72999954223633,42.755001068115234,42.32500076293945,42.48500061035156,8122400
2024-02-22,41.37860870361328,43.15999984741211,43.224998474121094,42.755001068115234,42.810001373291016,9448600
2024-02-23,41.623085021972656,43.415000915527344,43.47999954223633,43.14500045776367,43.25,7079000
2024-02-26,41.37380599975586,43.154998779296875,43.334999084472656,43.10499954223633,43.275001525878906,6653600
2024-02-27,41.52720642089844,43.314998626708984,43.42499923706055,43.189998626708984,43.314998626708984,8254600
2024-02-28,41.65663528442383,43.45000076293945,43.61000061035156,43.07500076293945,43.189998626708984,8994000
2024-02-29,41.97301483154297,43.779998779296875,43.900001525878906,43.564998626708984,43.71500015258789,12247600
2024-03-01,42.164756774902344,43.97999954223633,44.09000015258789,43.744998931884766,43.779998779296875,10401600
2024-03-04,42.471553802490234,44.29999923706055,44.375,43.97999954223633,44.029998779296875,9349200
2024-03-05,42.246253967285156,44.064998626708984,44.435001373291016,43.915000915527344,44.150001525878906,8493800
2024-03-06,42.55783462524414,44.38999938964844,44.54499816894531,44.2400016784668,44.30500030517578,10224000
2024-03-07,43.08034133911133,44.935001373291016,45.14500045776367,44.73500061035156,44.7400016784668,7942200
2024-03-08,42.83107376098633,44.67499923706055,45.099998474121094,44.665000915527344,45.07500076293945,10311200
2024-03-11,43.31523513793945,45.18000030517578,45.369998931884766,44.724998474121094,44.8849983215332,23270600
2024-03-12,43.3104362487793,45.17499923706055,45.23500061035156,44.95500183105469,45.17499923706055,10149400
2024-03-13,43.737064361572266,45.619998931884766,45.83000183105469,45.314998626708984,45.314998626708984,14529200
2024-03-14,43.50697326660156,45.380001068115234,45.599998474121094,45.18000030517578,45.494998931884766,19452000
2024-03-15,43.52614974975586,45.400001525878906,45.599998474121094,45.05500030517578,45.084999084472656,18702600
2024-03-18,43.60552978515625,45.31999969482422,45.68000030517578,45.29999923706055,45.380001068115234,15242400
2024-03-19,43.61034393310547,45.32500076293945,45.404998779296875,45.130001068115234,45.26499938964844,10832800
2024-03-20,44.048126220703125,45.779998779296875,45.94499969482422,45.20000076293945,45.290000915527344,13252400
2024-03-21,44.23093795776367,45.970001220703125,46.040000915527344,45.720001220703125,45.900001525878906,9384200
2024-03-22,43.956722259521484,45.685001373291016,45.97999954223633,45.65999984741211,45.869998931884766,5874600
2024-03-25,43.97115707397461,45.70000076293945,45.8849983215332,45.619998931884766,45.65999984741211,5662600
2024-03-26,43.93747329711914,45.665000915527344,45.86000061035156,45.6349983215332,45.775001525878906,5434400
2024-03-27,44.56769943237305,46.31999969482422,46.334999084472656,45.7400016784668,45.779998779296875,8444400
2024-03-28,44.68797302246094,46.44499969482422,46.60499954223633,46.23500061035156,46.32500076293945,9025200
2024-04-01,44.58212661743164,46.334999084472656,46.665000915527344,46.25,46.665000915527344,7647000
2024-04-02,44.4185676574707,46.165000915527344,46.33000183105469,45.96500015258789,46.290000915527344,9570800
2024-04-03,44.683162689208984,46.439998626708984,46.5,46.17499923706055,46.21500015258789,10022800
2024-04-04,44.23093795776367,45.970001220703125,46.86000061035156,45.8650016784668,46.69499969482422,12658600
2024-04-05,44.6302375793457,46.3849983215332,46.44499969482422,45.92499923706055,45.96500015258789,9804200
2024-04-08,44.663917541503906,46.41999816894531,46.584999084472656,46.29499816894531,46.53499984741211,6522000
2024-04-09,44.76975631713867,46.529998779296875,46.79499816894531,46.05500030517578,46.779998779296875,11350600
2024-04-10,44.072181701660156,45.80500030517578,46.08000183105469,45.63999938964844,45.814998626708984,14113000
2024-04-11,44.03850173950195,45.77000045776367,45.96500015258789,45.53499984741211,45.849998474121094,9900600
2024-04-12,43.259151458740234,44.959999084472656,45.724998474121094,44.7599983215332,45.6349983215332,12113000
2024-04-15,43.052284240722656,44.744998931884766,45.61000061035156,44.59000015258789,45.439998626708984,11506200
2024-04-16,42.720333099365234,44.400001525878906,44.63999938964844,44.244998931884766,44.5,13555600
2024-04-17,42.816551208496094,44.5,44.900001525878906,44.369998931884766,44.70000076293945,9156800
2024-04-18,42.83098220825195,44.51499938964844,44.89500045776367,44.310001373291016,44.86000061035156,7497800
2024-04-19,42.797306060791016,44.47999954223633,44.81999969482422,44.314998626708984,44.630001068115234,10109000
2024-04-22,42.840606689453125,44.525001525878906,44.7599983215332,44.064998626708984,44.23500061035156,8284600
2024-04-23,42.47016525268555,44.13999938964844,44.35499954223633,43.8849983215332,43.970001220703125,11470000
2024-04-24,42.49903869628906,44.16999816894531,44.209999084472656,43.83000183105469,43.959999084472656,9553800
2024-04-25,42.8021125793457,44.48500061035156,44.584999084472656,43.775001525878906,44.16999816894531,9220200
2024-04-26,43.06671142578125,44.7599983215332,44.95000076293945,44.494998931884766,44.505001068115234,6274400
2024-04-29,43.427528381347656,45.1349983215332,45.189998626708984,44.915000915527344,44.959999084472656,5676800
2024-04-30,42.638553619384766,44.314998626708984,44.8650016784668,44.30500030517578,44.7599983215332,9871800
2024-05-01,42.85984802246094,44.54499816894531,45.2599983215332,44.369998931884766,44.47999954223633,15456200
2024-05-02,42.638553619384766,44.314998626708984,44.505001068115234,43.95000076293945,44.30500030517578,15567400
2024-05-03,43.071529388427734,44.76499938964844,44.8849983215332,44.525001525878906,44.685001373291016,8999400
2024-05-06,43.3313102722168,45.03499984741211,45.209999084472656,44.834999084472656,45.040000915527344,6615600
2024-05-07,43.846073150634766,45.56999969482422,45.64500045776367,45.20000076293945,45.20500183105469,8862200
2024-05-08,43.644012451171875,45.36000061035156,45.56999969482422,45.314998626708984,45.400001525878906,6522600
2024-05-09,44.12991714477539,45.8650016784668,45.904998779296875,45.42499923706055,45.47999954223633,7070000
2024-05-10,44.182830810546875,45.91999816894531,46.10499954223633,45.88999938964844,46.060001373291016,5472600
2024-05-13,44.15396499633789,45.88999938964844,46.165000915527344,45.849998474121094,46.005001068115234,5030600
2024-05-14,44.197269439697266,45.935001373291016,46.099998474121094,45.78499984741211,46.01499938964844,7480400
2024-05-15,44.274234771728516,46.01499938964844,46.279998779296875,45.80500030517578,46.25,7922200
2024-05-16,43.956722259521484,45.685001373291016,46.064998626708984,45.65999984741211,46.029998779296875,7245800
2024-05-17,44.331974029541016,46.07500076293945,46.07500076293945,45.78499984741211,45.85499954223633,7256200
2024-05-20,44.39451217651367,46.13999938964844,46.220001220703125,45.88999938964844,46.0099983215332,4544600
2024-05-21,44.39451217651367,46.13999938964844,46.150001525878906,45.935001373291016,46.13999938964844,5425000
2024-05-22,43.96153259277344,45.689998626708984,45.875,45.47999954223633,45.709999084472656,8703200
2024-05-23,43.57185363769531,45.28499984741211,45.79999923706055,45.19499969482422,45.755001068115234,5688000
2024-05-24,43.951908111572266,45.68000030517578,45.7400016784668,45.494998931884766,45.494998931884766,4598000
2024-05-28,43.783531188964844,45.505001068115234,45.75,45.345001220703125,45.689998626708984,4223000
2024-05-29,43.158119201660156,44.85499954223633,45.189998626708984,44.81999969482422,45.07500076293945,8145000
2024-05-30,43.509315490722656,45.220001220703125,45.244998931884766,44.76499938964844,44.76499938964844,6599400
2024-05-31,44.033695220947266,45.76499938964844,45.775001525878906,44.94499969482422,45.26499938964844,8203000
2024-06-03,43.77391052246094,45.494998931884766,45.775001525878906,45.10499954223633,45.755001068115234,11900200
2024-06-04,43.28801345825195,44.9900016784668,45.21500015258789,44.72999954223633,45.130001068115234,6779000
2024-06-05,43.58628845214844,45.29999923706055,45.31999969482422,44.810001373291016,45.0,6820800
2024-06-06,43.634395599365234,45.349998474121094,45.36000061035156,45.099998474121094,45.29999923706055,4238800
2024-06-07,43.19660949707031,44.89500045776367,45.27000045776367,44.70000076293945,44.880001068115234,8359000
2024-06-10,43.1533088684082,44.849998474121094,44.89500045776367,44.67499923706055,44.775001525878906,5223600
2024-06-11,43.13888168334961,44.834999084472656,44.834999084472656,44.41999816894531,44.599998474121094,6457200
2024-06-12,43.220664978027344,44.91999816894531,45.5099983215332,44.80500030517578,45.375,8174200
2024-06-13,43.20623016357422,44.904998779296875,44.959999084472656,44.505001068115234,44.66999816894531,7937200
2024-06-14,42.80693054199219,44.4900016784668,44.720001220703125,44.209999084472656,44.64500045776367,5694400
2024-06-17,43.12444305419922,44.81999969482422,44.89500045776367,44.224998474121094,44.33000183105469,7631200
2024-06-18,43.076332092285156,44.77000045776367,44.994998931884766,44.564998626708984,44.83000183105469,6872200
2024-06-20,43.11963653564453,44.814998626708984,45.03499984741211,44.709999084472656,44.744998931884766,6441000
2024-06-21,43.12444305419922,44.81999969482422,44.904998779296875,44.48500061035156,44.69499969482422,8209800
2024-06-24,43.40239334106445,44.89500045776367,45.08000183105469,44.66999816894531,44.79499816894531,8065200
2024-06-25,42.85133743286133,44.32500076293945,44.81999969482422,44.18000030517578,44.810001373291016,7292200
2024-06-26,42.822330474853516,44.29499816894531,44.334999084472656,43.974998474121094,44.10499954223633,6474600
2024-06-27,42.70149230957031,44.16999816894531,44.310001373291016,44.060001373291016,44.290000915527344,16279600
2024-06-28,42.68698501586914,44.154998779296875,44.47999954223633,44.02000045776367,44.17499923706055,7750600
2024-07-01,42.02959442138672,43.474998474121094,44.35499954223633,43.34000015258789,44.189998626708984,8647400
2024-07-02,42.106937408447266,43.55500030517578,43.67499923706055,43.20500183105469,43.369998931884766,13117200
2024-07-03,42.42113494873047,43.880001068115234,43.9900016784668,43.65999984741211,43.70000076293945,4591200
2024-07-05,42.48880386352539,43.95000076293945,44.005001068115234,43.61000061035156,43.85499954223633,8846800
2024-07-08,42.61448669433594,44.08000183105469,44.23500061035156,43.92499923706055,44.08000183105469,10496800
2024-07-09,42.179443359375,43.630001068115234,43.974998474121094,43.619998931884766,43.8849983215332,5951000
2024-07-10,42.744998931884766,44.21500015258789,44.2400016784668,43.779998779296875,43.849998474121094,7915400
2024-07-11,43.32988357543945,44.81999969482422,44.8849983215332,44.404998779296875,44.435001373291016,11914000
2024-07-12,43.74559020996094,45.25,45.46500015258789,44.95500183105469,45.07500076293945,9796000
2024-07-15,43.63440704345703,45.1349983215332,45.439998626708984,45.029998779296875,45.255001068115234,6485200
2024-07-16,44.480316162109375,46.0099983215332,46.04999923706055,45.07500076293945,45.095001220703125,7465600
2024-07-17,44.38847732543945,45.915000915527344,46.189998626708984,45.89500045776367,45.98500061035156,8790400
2024-07-18,43.9485969543457,45.459999084472656,46.14500045776367,45.404998779296875,45.64500045776367,8910200
2024-07-19,43.557064056396484,45.05500030517578,45.345001220703125,44.91999816894531,45.244998931884766,9365200
2024-07-22,43.702083587646484,45.20500183105469,45.2599983215332,44.83000183105469,45.16999816894531,7526200
2024-07-23,43.87609100341797,45.3849983215332,45.46500015258789,45.064998626708984,45.34000015258789,6493400
2024-07-24,43.31537628173828,44.80500030517578,45.52000045776367,44.7599983215332,45.46500015258789,8549000
2024-07-25,43.436222076416016,44.93000030517578,45.474998474121094,44.560001373291016,44.599998474121094,10052000
2024-07-26,44.14678955078125,45.665000915527344,45.84000015258789,45.119998931884766,45.224998474121094,7069800
2024-07-29,44.22412872314453,45.744998931884766,45.869998931884766,45.494998931884766,45.69499969482422,7049600
2024-07-30,44.07911682128906,45.595001220703125,45.93000030517578,45.5,45.584999084472656,8502200
2024-07-31,44.5383186340332,46.06999969482422,46.494998931884766,45.834999084472656,45.98500061035156,10466800
2024-08-01,44.359474182128906,45.8849983215332,46.69499969482422,45.595001220703125,46.275001525878906,17134400
2024-08-02,43.523231506347656,45.02000045776367,45.474998474121094,44.42499923706055,45.369998931884766,20945200
2024-08-05,42.5516471862793,44.01499938964844,44.375,43.63999938964844,44.209999084472656,19482800
2024-08-06,42.7691650390625,44.2400016784668,44.80500030517578,43.880001068115234,43.95500183105469,11812200
2024-08-07,42.189109802246094,43.63999938964844,44.79999923706055,43.61000061035156,44.6150016784668,11097400
2024-08-08,42.84166717529297,44.314998626708984,44.40999984741211,43.834999084472656,43.8650016784668,10759000
2024-08-09,42.807830810546875,44.279998779296875,44.42499923706055,43.875,44.34000015258789,5722000
2024-08-12,42.619319915771484,44.084999084472656,44.38999938964844,43.98500061035156,44.33000183105469,5561800
2024-08-13,43.04469299316406,44.525001525878906,44.619998931884766,44.1349983215332,44.2400016784668,6236000
2024-08-14,43.04469299316406,44.525001525878906,44.65999984741211,44.29999923706055,44.6349983215332,7241000
2024-08-15,43.72624969482422,45.22999954223633,45.32500076293945,44.85499954223633,44.95000076293945,7728600
2024-08-16,43.779422760009766,45.28499984741211,45.314998626708984,44.95000076293945,45.150001525878906,5803200
2024-08-19,43.98727035522461,45.5,45.540000915527344,45.290000915527344,45.290000915527344,4586400
2024-08-20,43.827762603759766,45.334999084472656,45.64500045776367,45.290000915527344,45.525001525878906,4834600
2024-08-21,44.330467224121094,45.85499954223633,45.89500045776367,45.46500015258789,45.48500061035156,4611000
2024-08-22,44.238624572753906,45.7599983215332,45.935001373291016,45.599998474121094,45.85499954223633,5684400
2024-08-23,44.82351303100586,46.3650016784668,46.47999954223633,45.91999816894531,45.95000076293945,5797800
2024-08-26,45.021697998046875,46.56999969482422,46.915000915527344,46.494998931884766,46.56999969482422,7663000
2024-08-27,45.02653121948242,46.57500076293945,46.584999084472656,46.275001525878906,46.53499984741211,8845400
2024-08-28,44.83318328857422,46.375,46.625,46.20500183105469,46.41999816894531,6524000
2024-08-29,45.07970428466797,46.630001068115234,46.91999816894531,46.244998931884766,46.540000915527344,6051200
2024-08-30,45.572750091552734,47.13999938964844,47.209999084472656,46.53499984741211,46.7599983215332,8647400
2024-09-03,44.5383186340332,46.06999969482422,46.68000030517578,45.92499923706055,46.45500183105469,9503400
2024-09-04,44.354637145996094,45.880001068115234,46.380001068115234,45.83000183105469,46.185001373291016,6313400
2024-09-05,44.00660705566406,45.52000045776367,46.029998779296875,45.415000915527344,45.974998474121094,7587000
2024-09-06,43.45072937011719,44.94499969482422,45.724998474121094,44.85499954223633,45.45500183105469,10616400
2024-09-09,43.87126159667969,45.380001068115234,45.6150016784668,45.20500183105469,45.20500183105469,6412400
2024-09-10,43.89059829711914,45.400001525878906,45.40999984741211,45.03499984741211,45.36000061035156,6299800
2024-09-11,43.9969367980957,45.5099983215332,45.560001373291016,44.44499969482422,45.400001525878906,7392800
2024-09-12,44.402976989746094,45.93000030517578,45.939998626708984,45.39500045776367,45.654998779296875,5962800
2024-09-13,44.80418395996094,46.345001220703125,46.595001220703125,46.029998779296875,46.064998626708984,6459000
2024-09-16,45.219886779785156,46.775001525878906,46.86000061035156,46.415000915527344,46.54999923706055,5838600
2024-09-17,45.30689239501953,46.8650016784668,47.209999084472656,46.75,46.79499816894531,5881400
2024-09-18,45.11354064941406,46.665000915527344,47.21500015258789,46.54999923706055,46.96500015258789,11155400
2024-09-19,45.795101165771484,47.369998931884766,47.560001373291016,47.11000061035156,47.439998626708984,8351800
2024-09-20,45.47124099731445,47.03499984741211,47.314998626708984,46.849998474121094,47.314998626708984,9617400
2024-09-23,45.868408203125,47.23500061035156,47.275001525878906,46.90999984741211,47.0099983215332,5159800
2024-09-24,46.4947509765625,47.880001068115234,47.959999084472656,47.564998626708984,47.65999984741211,7918800
2024-09-25,46.18400192260742,47.560001373291016,48.04999923706055,47.45000076293945,48.0099983215332,5815400
2024-09-26,47.140499114990234,48.54499816894531,48.6150016784668,48.07500076293945,48.07500076293945,10243400
2024-09-27,47.05796813964844,48.459999084472656,48.88999938964844,48.36000061035156,48.540000915527344,8498600
2024-09-30,46.795772552490234,48.189998626708984,48.435001373291016,47.82500076293945,48.380001068115234,7373600
2024-10-01,46.67924880981445,48.06999969482422,48.27000045776367,47.849998474121094,48.2400016784668,11546800
2024-10-02,46.49959945678711,47.8849983215332,48.26499938964844,47.7599983215332,47.95000076293945,10571400
2024-10-03,45.98493194580078,47.35499954223633,47.61000061035156,47.224998474121094,47.599998474121094,13542600
2024-10-04,46.20827865600586,47.584999084472656,47.78499984741211,47.290000915527344,47.650001525878906,11380200
2024-10-07,46.072330474853516,47.44499969482422,47.560001373291016,47.18000030517578,47.369998931884766,7800600
2024-10-08,45.85869216918945,47.224998474121094,47.28499984741211,46.91999816894531,47.16999816894531,8933800
2024-10-09,46.150020599365234,47.525001525878906,47.65999984741211,47.1150016784668,47.189998626708984,8562000
2024-10-10,46.2568359375,47.6349983215332,47.709999084472656,47.30500030517578,47.505001068115234,6764600
2024-10-11,46.557865142822266,47.94499969482422,48.08000183105469,47.65999984741211,47.72999954223633,6631200
2024-10-14,46.824913024902344,48.220001220703125,48.25,47.654998779296875,47.72999954223633,6217000
2024-10-15,46.77635192871094,48.16999816894531,48.564998626708984,48.11000061035156,48.11000061035156,7717600
2024-10-16,47.140499114990234,48.54499816894531,48.63999938964844,48.20500183105469,48.224998474121094,7465800
2024-10-17,47.21333312988281,48.619998931884766,48.72999954223633,48.46500015258789,48.650001525878906,5043600
2024-10-18,47.40269088745117,48.814998626708984,48.935001373291016,48.56999969482422,48.76499938964844,6035600
2024-10-21,47.038543701171875,48.439998626708984,48.834999084472656,48.275001525878906,48.7599983215332,4343200
2024-10-22,46.60641860961914,47.994998931884766,48.47999954223633,47.72999954223633,48.404998779296875,6954000
2024-10-23,46.48018264770508,47.8650016784668,48.130001068115234,47.63999938964844,47.869998931884766,6782600
2024-10-24,45.91210174560547,47.279998779296875,47.8650016784668,47.084999084472656,47.77000045776367,5092000
2024-10-25,45.62078094482422,46.97999954223633,47.45000076293945,46.95500183105469,47.2599983215332,7406600
2024-10-28,45.99950408935547,47.369998931884766,47.435001373291016,47.15999984741211,47.209999084472656,7701600
2024-10-29,45.70332717895508,47.064998626708984,47.345001220703125,47.0099983215332,47.1349983215332,7315600
2024-10-30,45.95094299316406,47.31999969482422,47.6349983215332,47.064998626708984,47.064998626708984,10643600
2024-10-31,45.34402847290039,46.69499969482422,47.19499969482422,46.67499923706055,47.0,8106800
2024-11-01,45.2177848815918,46.564998626708984,46.89500045776367,46.54999923706055,46.72999954223633,6928000
2024-11-04,45.4168586730957,46.77000045776367,47.084999084472656,46.560001373291016,46.81999969482422,15308600
2024-11-05,45.48483657836914,46.84000015258789,47.029998779296875,46.5099983215332,46.65999984741211,7972800
2024-11-06,46.111175537109375,47.48500061035156,47.96500015258789,47.1349983215332,47.869998931884766,12702800
2024-11-07,46.29081726074219,47.66999816894531,47.84000015258789,47.5099983215332,47.61000061035156,19949800
2024-11-08,45.868408203125,47.23500061035156,47.540000915527344,47.150001525878906,47.494998931884766,8805600
2024-11-11,45.66933822631836,47.029998779296875,47.380001068115234,46.97999954223633,47.185001373291016,7693600
2024-11-12,44.892486572265625,46.22999954223633,46.8650016784668,46.1150016784668,46.79999923706055,7078400
2024-11-13,44.99930191040039,46.34000015258789,46.435001373291016,46.1150016784668,46.26499938964844,6310000
2024-11-14,44.63029098510742,45.959999084472656,46.32500076293945,45.90999984741211,46.275001525878906,5911400
2024-11-15,44.319549560546875,45.63999938964844,46.03499984741211,45.564998626708984,45.939998626708984,6395600
2024-11-18,44.66427993774414,45.994998931884766,45.994998931884766,45.63999938964844,45.724998474121094,7875200
2024-11-19,44.518619537353516,45.845001220703125,45.91999816894531,45.40999984741211,45.650001525878906,6540600
2024-11-20,44.88277053833008,46.220001220703125,46.275001525878906,45.689998626708984,45.869998931884766,8345800
2024-11-21,45.431427001953125,46.78499984741211,46.79999923706055,46.095001220703125,46.22999954223633,8402400
2024-11-22,45.683902740478516,47.04499816894531,47.099998474121094,46.71500015258789,46.744998931884766,5857200
2024-11-25,46.15487289428711,47.529998779296875,47.599998474121094,47.18000030517578,47.23500061035156,7524600
2024-11-26,45.81014633178711,47.17499923706055,47.40999984741211,46.994998931884766,47.40999984741211,6104600
2024-11-27,45.78586959838867,47.150001525878906,47.58000183105469,47.09000015258789,47.244998931884766,14047400
2024-11-29,46.0189208984375,47.38999938964844,47.43000030517578,47.084999084472656,47.154998779296875,4265200
2024-12-02,45.98979187011719,47.36000061035156,47.470001220703125,47.025001525878906,47.439998626708984,12785600
2024-12-03,45.8441276550293,47.209999084472656,47.59000015258789,47.119998931884766,47.54999923706055,11099200
2024-12-04,45.397438049316406,46.75,47.05500030517578,46.60499954223633,47.025001525878906,10865800
2024-12-05,44.800235748291016,46.1349983215332,46.56999969482422,45.91999816894531,46.5,12762800
2024-12-06,44.62543869018555,45.95500183105469,46.314998626708984,45.935001373291016,46.25,7131000
2024-12-09,44.615726470947266,45.94499969482422,46.57500076293945,45.935001373291016,46.31999969482422,9417600
2024-12-10,44.159324645996094,45.474998474121094,45.92499923706055,45.19499969482422,45.88999938964844,7718600
2024-12-11,44.00395202636719,45.314998626708984,45.625,45.28499984741211,45.625,12288200
2024-12-12,43.69806671142578,45.0,45.279998779296875,44.97999954223633,45.154998779296875,7294000
2024-12-13,43.32421112060547,44.6150016784668,44.904998779296875,44.46500015258789,44.84000015258789,8098800
2024-12-16,42.940635681152344,44.220001220703125,44.68000030517578,44.20000076293945,44.525001525878906,10486600
2024-12-17,42.70272445678711,43.974998474121094,44.345001220703125,43.96500015258789,44.025001525878906,8289800
2024-12-18,41.48888397216797,42.724998474121094,44.099998474121094,42.70500183105469,43.95000076293945,14797400
2024-12-19,41.04220199584961,42.26499938964844,43.060001373291016,42.255001068115234,42.76499938964844,12495600
2024-12-20,41.55200958251953,42.790000915527344,43.040000915527344,42.165000915527344,42.189998626708984,14684600
2024-12-23,41.51979446411133,42.53499984741211,42.584999084472656,42.130001068115234,42.51499938964844,11338400
2024-12-24,41.74430465698242,42.76499938964844,42.79999923706055,42.34000015258789,42.54499816894531,5502400
2024-12-26,41.68085861206055,42.70000076293945,42.86000061035156,42.48500061035156,42.59000015258789,6517600
2024-12-27,41.45634841918945,42.470001220703125,42.85499954223633,42.30500030517578,42.48500061035156,8568000
2024-12-30,40.89995574951172,41.900001525878906,42.19499969482422,41.70000076293945,42.19499969482422,7528200
2024-12-31,41.06589126586914,42.06999969482422,42.209999084472656,41.849998474121094,42.040000915527344,8883200
2025-01-02,40.61199188232422,41.60499954223633,42.40999984741211,41.54499816894531,42.27000045776367,20004200
2025-01-03,40.60223388671875,41.595001220703125,41.79499816894531,41.52000045776367,41.7400016784668,19348400
2025-01-06,40.875545501708984,41.875,42.275001525878906,41.814998626708984,42.005001068115234,16602000
2025-01-07,40.85114288330078,41.849998474121094,42.32500076293945,41.63999938964844,41.900001525878906,23069000
2025-01-08,41.07565689086914,42.08000183105469,42.084999084472656,41.58000183105469,41.880001068115234,15743000
2025-01-10,40.65591812133789,41.650001525878906,41.95500183105469,41.540000915527344,41.78499984741211,18553600
2025-01-13,41.563724517822266,42.58000183105469,42.60499954223633,41.57500076293945,41.61000061035156,20014800
2025-01-14,42.08106994628906,43.11000061035156,43.14500045776367,42.709999084472656,42.81999969482422,13084600
2025-01-15,42.48128890991211,43.52000045776367,43.849998474121094,43.23500061035156,43.73500061035156,12564200
2025-01-16,42.83269500732422,43.880001068115234,43.8849983215332,43.435001373291016,43.55500030517578,11550400
2025-01-17,43.11089324951172,44.165000915527344,44.45000076293945,44.0,44.16999816894531,11589000
2025-01-21,43.66240310668945,44.72999954223633,44.85499954223633,44.52000045776367,44.58000183105469,10348000
2025-01-22,43.310997009277344,44.369998931884766,44.79499816894531,44.36000061035156,44.779998779296875,11894200
2025-01-23,43.55015563964844,44.6150016784668,44.6150016784668,44.1349983215332,44.369998931884766,8568400
2025-01-24,43.437896728515625,44.5,44.83000183105469,44.45500183105469,44.814998626708984,6300000
2025-01-27,43.46229934692383,44.525001525878906,44.564998626708984,44.154998779296875,44.40999984741211,12938800
2025-01-28,43.32075881958008,44.380001068115234,44.6349983215332,44.279998779296875,44.630001068115234,9287600
2025-01-29,43.2426643371582,44.29999923706055,44.5099983215332,44.189998626708984,44.209999084472656,9020200
2025-01-30,43.65264129638672,44.720001220703125,44.75,44.130001068115234,44.209999084472656,12398200
2025-01-31,43.33540344238281,44.39500045776367,44.79999923706055,44.21500015258789,44.665000915527344,13902800
2025-02-03,43.379329681396484,44.439998626708984,44.56999969482422,43.46500015258789,43.94499969482422,21249600
2025-02-04,43.506229400634766,44.56999969482422,44.755001068115234,44.44499969482422,44.584999084472656,19718400
2025-02-05,43.47206115722656,44.53499984741211,44.75,44.23500061035156,44.380001068115234,14194200
2025-02-06,43.62335968017578,44.689998626708984,44.80500030517578,44.34000015258789,44.564998626708984,15303000
2025-02-07,43.09136962890625,44.14500045776367,44.64500045776367,44.099998474121094,44.57500076293945,13545600
2025-02-10,43.310997009277344,44.369998931884766,44.51499938964844,44.1349983215332,44.46500015258789,8950400
2025-02-11,43.564796447753906,44.630001068115234,44.915000915527344,44.44499969482422,44.5099983215332,9441800
2025-02-12,43.25243377685547,44.310001373291016,44.53499984741211,43.880001068115234,44.029998779296875,11027200
2025-02-13,44.00405502319336,45.08000183105469,45.1349983215332,44.494998931884766,44.55500030517578,10430600
2025-02-14,43.852752685546875,44.92499923706055,45.435001373291016,44.915000915527344,45.209999084472656,9631400
2025-02-18,44.409149169921875,45.494998931884766,45.494998931884766,44.775001525878906,45.04999923706055,7115800
2025-02-19,43.88691711425781,44.959999084472656,45.099998474121094,44.80500030517578,44.94499969482422,7608000
2025-02-20,43.784423828125,44.85499954223633,45.01499938964844,44.564998626708984,44.84000015258789,9868600
2025-02-21,42.98399353027344,44.03499984741211,44.95000076293945,43.98500061035156,44.94499969482422,9954000
2025-02-24,42.93518829345703,43.98500061035156,44.2400016784668,43.86000061035156,44.14500045776367,9454200
2025-02-25,43.26707077026367,44.32500076293945,44.46500015258789,43.974998474121094,44.01499938964844,9281200
2025-02-26,43.24755096435547,44.30500030517578,44.720001220703125,44.2599983215332,44.48500061035156,7965000
2025-02-27,42.9547119140625,44.005001068115234,44.60499954223633,43.974998474121094,44.32500076293945,7089000
2025-02-28,43.32075881958008,44.380001068115234,44.415000915527344,43.834999084472656,44.17499923706055,9316600
2025-03-03,42.45200729370117,43.4900016784668,44.95500183105469,43.3849983215332,44.79499816894531,16883200
2025-03-04,41.87608337402344,42.900001525878906,43.59000015258789,42.84000015258789,43.59000015258789,22518600
2025-03-05,42.96935272216797,44.02000045776367,44.1349983215332,43.23500061035156,43.29999923706055,17368600
2025-03-06,42.744842529296875,43.790000915527344,44.209999084472656,43.55500030517578,43.79999923706055,18493600
2025-03-07,42.861976623535156,43.90999984741211,44.095001220703125,43.38999938964844,43.595001220703125,15654600
2025-03-10,41.968814849853516,42.994998931884766,43.77000045776367,42.69499969482422,43.52000045776367,16672800
2025-03-11,41.64669418334961,42.665000915527344,43.10499954223633,42.42499923706055,43.06999969482422,15426200
2025-03-12,41.45146560668945,42.46500015258789,42.84000015258789,42.275001525878906,42.779998779296875,12607200
2025-03-13,41.422183990478516,42.435001373291016,42.93000030517578,42.16999816894531,42.494998931884766,10283000
2025-03-14,41.96393966674805,42.9900016784668,43.05500030517578,42.61000061035156,42.78499984741211,9507400
2025-03-17,42.49104309082031,43.529998779296875,43.665000915527344,42.900001525878906,42.900001525878906,8615000
2025-03-18,42.417842864990234,43.45500183105469,43.709999084472656,43.28499984741211,43.709999084472656,10023800
2025-03-19,42.55937576293945,43.599998474121094,43.76499938964844,43.189998626708984,43.4900016784668,10253600
2025-03-20,42.29093933105469,43.32500076293945,43.69499969482422,43.26499938964844,43.470001220703125,7606200
2025-03-21,41.87120819091797,42.89500045776367,42.96500015258789,42.3650016784668,42.96500015258789,16808800
2025-03-24,42.438594818115234,43.27000045776367,43.35499954223633,42.970001220703125,43.125,9204400
2025-03-25,42.42877960205078,43.2599983215332,43.494998931884766,43.07500076293945,43.404998779296875,7622200
2025-03-26,42.50724411010742,43.34000015258789,43.599998474121094,43.130001068115234,43.30500030517578,8160800
2025-03-27,42.48762893676758,43.31999969482422,43.470001220703125,42.915000915527344,43.21500015258789,6049200
2025-03-28,41.707908630371094,42.525001525878906,43.439998626708984,42.470001220703125,43.42499923706055,9147200
2025-03-31,42.163970947265625,42.9900016784668,43.19499969482422,42.03499984741211,42.375,8881800
2025-04-01,42.320892333984375,43.150001525878906,43.16999816894531,42.494998931884766,42.880001068115234,12197600
2025-04-02,42.669071197509766,43.505001068115234,43.564998626708984,42.75,42.75,11863800
2025-04-03,40.74182891845703,41.540000915527344,42.38999938964844,41.43000030517578,42.11000061035156,18958600
2025-04-04,38.19178771972656,38.939998626708984,40.63999938964844,38.845001220703125,40.54499816894531,29389600
2025-04-07,37.578792572021484,38.314998626708984,39.935001373291016,37.119998931884766,38.07500076293945,50243800
2025-04-08,36.421470642089844,37.1349983215332,39.33000183105469,36.560001373291016,39.209999084472656,27497400
2025-04-09,39.604122161865234,40.380001068115234,40.584999084472656,36.875,36.93000030517578,40440200
2025-04-10,38.338905334472656,39.09000015258789,39.75,38.16999816894531,39.73500061035156,28167600
2025-04-11,39.47661590576172,40.25,40.54499816894531,38.97999954223633,39.17499923706055,17207000
2025-04-14,39.952301025390625,40.73500061035156,40.915000915527344,40.2400016784668,40.724998474121094,10426400
2025-04-15,39.63844680786133,40.415000915527344,40.94499969482422,40.380001068115234,40.564998626708984,8028800
2025-04-16,39.32949447631836,40.099998474121094,40.724998474121094,39.82500076293945,40.45000076293945,10726400
2025-04-17,39.599212646484375,40.375,40.689998626708984,40.165000915527344,40.21500015258789,9535800
2025-04-21,38.996028900146484,39.7599983215332,40.345001220703125,39.38999938964844,40.345001220703125,7885800
2025-04-22,39.908164978027344,40.689998626708984,40.80500030517578,40.165000915527344,40.165000915527344,7293800
2025-04-23,39.95720672607422,40.7400016784668,41.73500061035156,40.61000061035156,41.14500045776367,13337000
2025-04-24,40.82029342651367,41.619998931884766,41.69499969482422,40.654998779296875,40.80500030517578,9995400
2025-04-25,40.51625061035156,41.310001373291016,41.42499923706055,40.974998474121094,41.29499816894531,9400400
2025-04-28,40.589805603027344,41.3849983215332,41.67499923706055,40.97999954223633,41.3650016784668,7779600
2025-04-29,40.92818069458008,41.72999954223633,41.904998779296875,41.27000045776367,41.470001220703125,9526800
2025-04-30,41.1390495300293,41.94499969482422,42.08000183105469,41.02000045776367,41.2400016784668,9867400
2025-05-01,40.957603454589844,41.7599983215332,42.06999969482422,41.45000076293945,41.470001220703125,11208400
2025-05-02,41.64905548095703,42.46500015258789,42.64500045776367,42.11000061035156,42.2599983215332,8572400
2025-05-05,41.340110778808594,42.150001525878906,42.45500183105469,42.09000015258789,42.275001525878906,5679200
2025-05-06,41.04096984863281,41.845001220703125,42.20000076293945,41.73500061035156,42.0099983215332,6111200
2025-05-07,40.815391540527344,41.6150016784668,41.97999954223633,41.45500183105469,41.88999938964844,8746400
2025-05-08,41.35972595214844,42.16999816894531,42.584999084472656,41.79999923706055,41.904998779296875,8063200
2025-05-09,41.467613220214844,42.279998779296875,42.34000015258789,42.040000915527344,42.17499923706055,6360000
2025-05-12,42.42877960205078,43.2599983215332,43.7400016784668,43.040000915527344,43.435001373291016,8798800
2025-05-13,42.21791076660156,43.04499816894531,43.369998931884766,43.029998779296875,43.279998779296875,6839000
2025-05-14,41.830501556396484,42.650001525878906,42.85499954223633,42.41999816894531,42.79999923706055,7891200
2025-05-15,42.25714111328125,43.084999084472656,43.11000061035156,42.505001068115234,42.53499984741211,7114600
2025-05-16,42.688690185546875,43.525001525878906,43.529998779296875,42.84000015258789,43.09000015258789,6426800
2025-05-19,42.79656982421875,43.6349983215332,43.685001373291016,43.09000015258789,43.279998779296875,10166600
2025-05-20,42.723018646240234,43.560001373291016,43.63999938964844,43.375,43.56999969482422,5128600
2025-05-21,42.1541633605957,42.97999954223633,43.45000076293945,42.915000915527344,43.21500015258789,9612400
2025-05-22,42.110023498535156,42.935001373291016,43.119998931884766,42.619998931884766,42.92499923706055,7651000
2025-05-23,42.02665710449219,42.849998474121094,43.005001068115234,42.529998779296875,42.61000061035156,7343200
2025-05-27,42.76224899291992,43.599998474121094,43.61000061035156,43.14500045776367,43.279998779296875,6898600
2025-05-28,42.17868423461914,43.005001068115234,43.55500030517578,42.96500015258789,43.54999923706055,10597000
2025-05-29,42.335609436035156,43.165000915527344,43.2400016784668,42.73500061035156,43.224998474121094,9869600
2025-05-30,42.34050750732422,43.16999816894531,43.22999954223633,42.61000061035156,43.04999923706055,12114200
2025-06-02,42.590614318847656,43.42499923706055,43.44499969482422,43.095001220703125,43.439998626708984,15811000
2025-06-03,43.027061462402344,43.869998931884766,43.8849983215332,43.05500030517578,43.2599983215332,13218200
2025-06-04,43.18888854980469,44.03499984741211,44.154998779296875,43.849998474121094,43.92499923706055,13268000
2025-06-05,42.93389129638672,43.775001525878906,44.224998474121094,43.67499923706055,44.20500183105469,14234800
2025-06-06,43.04667663574219,43.88999938964844,44.224998474121094,43.790000915527344,44.099998474121094,9348400
2025-06-09,43.33600616455078,44.185001373291016,44.474998474121094,43.94499969482422,43.994998931884766,11667000
2025-06-10,43.60572814941406,44.459999084472656,44.494998931884766,44.18000030517578,44.18000030517578,7875200
2025-06-11,43.1741828918457,44.02000045776367,44.38999938964844,43.869998931884766,44.345001220703125,10307800
2025-06-12,43.35562515258789,44.20500183105469,44.23500061035156,43.65999984741211,43.86000061035156,8660000
2025-06-13,42.85051727294922,43.689998626708984,44.25,43.56999969482422,43.779998779296875,14289400
2025-06-16,43.213409423828125,44.060001373291016,44.290000915527344,43.8849983215332,43.8849983215332,10504000
2025-06-17,42.79167175292969,43.630001068115234,43.9900016784668,43.564998626708984,43.939998626708984,9158000
2025-06-18,42.669071197509766,43.505001068115234,43.845001220703125,43.45000076293945,43.67499923706055,8554000
2025-06-20,42.37974166870117,43.209999084472656,43.81999969482422,43.150001525878906,43.755001068115234,13409800
2025-06-23,42.851932525634766,43.470001220703125,43.5099983215332,42.77000045776367,42.994998931884766,10120600
2025-06-24,43.20681381225586,43.83000183105469,43.89500045776367,43.505001068115234,43.564998626708984,8768200
2025-06-25,42.792781829833984,43.40999984741211,43.744998931884766,43.36000061035156,43.744998931884766,8744000
2025-06-26,43.26595687866211,43.88999938964844,44.029998779296875,43.625,43.625,10508600
2025-06-27,43.32017517089844,43.94499969482422,44.13999938964844,43.70000076293945,43.904998779296875,9375600
2025-06-30,43.28074264526367,43.904998779296875,44.0099983215332,43.685001373291016,43.9900016784668,8533800
2025-07-01,44.39960861206055,45.040000915527344,45.29499816894531,43.94499969482422,44.025001525878906,15844200
2025-07-02,45.06501007080078,45.71500015258789,45.72999954223633,45.17499923706055,45.255001068115234,14644200
2025-07-03,45.035438537597656,45.685001373291016,45.845001220703125,45.599998474121094,45.68000030517578,6766000
2025-07-07,44.60169219970703,45.244998931884766,45.61000061035156,45.005001068115234,45.45000076293945,11761600
2025-07-08,44.966434478759766,45.6150016784668,45.7599983215332,45.28499984741211,45.34000015258789,16347600
2025-07-09,45.23752212524414,45.88999938964844,45.939998626708984,45.459999084472656,45.73500061035156,13435600
2025-07-10,45.47903823852539,46.1349983215332,46.43000030517578,45.904998779296875,46.0,12865600
2025-07-11,45.109371185302734,45.7599983215332,45.84000015258789,45.404998779296875,45.63999938964844,11563200
2025-07-14,44.85799789428711,45.505001068115234,45.67499923706055,45.34000015258789,45.57500076293945,12949400
2025-07-15,43.93629455566406,44.56999969482422,45.60499954223633,44.55500030517578,45.58000183105469,14653600
2025-07-16,44.05458068847656,44.689998626708984,44.7400016784668,44.16999816894531,44.625,13615200
2025-07-17,44.36510467529297,45.005001068115234,45.040000915527344,44.53499984741211,44.595001220703125,11840800
2025-07-18,44.46861267089844,45.11000061035156,45.14500045776367,44.84000015258789,45.08000183105469,13623200
2025-07-21,44.695343017578125,45.34000015258789,45.7400016784668,45.290000915527344,45.3849983215332,10631000
2025-07-22,45.311458587646484,45.96500015258789,46.005001068115234,45.27000045776367,45.29499816894531,13651000
2025-07-23,45.46425247192383,46.119998931884766,46.369998931884766,46.040000915527344,46.14500045776367,13494400
2025-07-24,44.996002197265625,45.64500045776367,46.0,45.5099983215332,45.70000076293945,17343400
2025-07-25,45.52832794189453,46.185001373291016,46.209999084472656,45.63999938964844,45.76499938964844,15752800
2025-07-28,44.86785125732422,45.51499938964844,45.98500061035156,45.3849983215332,45.91999816894531,15015000
2025-07-29,44.695343017578125,45.34000015258789,45.439998626708984,45.07500076293945,45.435001373291016,14205800
2025-07-30,43.79335021972656,44.42499923706055,45.18000030517578,44.23500061035156,45.1349983215332,23629400
2025-07-31,43.24131774902344,43.8650016784668,44.40999984741211,43.814998626708984,43.900001525878906,23230600
2025-08-01,42.74349594116211,43.36000061035156,43.584999084472656,43.0099983215332,43.564998626708984,28581800
2025-08-04,43.31032180786133,43.935001373291016,43.97999954223633,43.595001220703125,43.61000061035156,15497000
2025-08-05,43.615909576416016,44.244998931884766,44.334999084472656,43.834999084472656,44.165000915527344,16047000
2025-08-06,43.14273452758789,43.76499938964844,44.310001373291016,43.755001068115234,44.20000076293945,13141000
2025-08-07,43.330039978027344,43.95500183105469,44.26499938964844,43.685001373291016,44.19499969482422,15272600
2025-08-08,43.546905517578125,44.17499923706055,44.31999969482422,43.97999954223633,44.1150016784668,10402600
2025-08-11,43.44832992553711,44.07500076293945,44.400001525878906,43.82500076293945,44.209999084472656,12035600
2025-08-12,44.01515197753906,44.650001525878906,44.689998626708984,44.10499954223633,44.150001525878906,12501200
2025-08-13,44.84320831298828,45.4900016784668,45.5099983215332,44.7599983215332,44.880001068115234,16882200
2025-08-14,44.37496566772461,45.01499938964844,45.09000015258789,44.66999816894531,45.07500076293945,16098600
2025-08-15,44.37496566772461,45.01499938964844,45.310001373291016,44.915000915527344,45.310001373291016,16132200
2025-08-18,44.1186637878418,44.755001068115234,45.04999923706055,44.69499969482422,44.95000076293945,9423000
2025-08-19,44.384822845458984,45.025001525878906,45.244998931884766,44.790000915527344,44.790000915527344,11980200
2025-08-20,44.41932678222656,45.060001373291016,45.34000015258789,44.900001525878906,45.03499984741211,13436000
2025-08-21,44.55240249633789,45.19499969482422,45.29999923706055,44.82500076293945,44.8849983215332,13017600
2025-08-22,45.4346809387207,46.09000015258789,46.31999969482422,45.32500076293945,45.3849983215332,11434200
2025-08-25,45.18330383300781,45.834999084472656,46.099998474121094,45.7599983215332,46.04499816894531,12563800
2025-08-26,45.30652618408203,45.959999084472656,46.0,45.68000030517578,45.71500015258789,8414200
2025-08-27,45.41989517211914,46.07500076293945,46.130001068115234,45.71500015258789,45.7599983215332,8967800
2025-08-28,45.41989517211914,46.07500076293945,46.220001220703125,45.75,46.20500183105469,8557200
2025-08-29,45.48396682739258,46.13999938964844,46.36000061035156,46.025001525878906,46.084999084472656,8288800
2025-09-02,45.14386749267578,45.79499816894531,45.845001220703125,45.52000045776367,45.75,13028600
2025-09-03,44.838279724121094,45.48500061035156,45.81999969482422,45.369998931884766,45.77000045776367,10157600
2025-09-04,45.01079177856445,45.65999984741211,45.685001373291016,45.11000061035156,45.47999954223633,12530000
2025-09-05,45.32624053955078,45.97999954223633,46.349998474121094,45.654998779296875,45.83000183105469,15054400
2025-09-08,45.36567306518555,46.02000045776367,46.064998626708984,45.48500061035156,46.064998626708984,13605800
2025-09-09,44.62633514404297,45.27000045776367,45.95500183105469,45.14500045776367,45.775001525878906,12112400
2025-09-10,44.71012878417969,45.35499954223633,45.6150016784668,45.18000030517578,45.23500061035156,10671600
2025-09-11,45.64662170410156,46.30500030517578,46.349998474121094,45.28499984741211,45.314998626708984,11685200
2025-09-12,45.188232421875,45.84000015258789,46.2400016784668,45.755001068115234,46.064998626708984,11069400
2025-09-15,44.82349395751953,45.470001220703125,45.915000915527344,45.39500045776367,45.89500045776367,9791400
2025-09-16,44.68548583984375,45.33000183105469,45.66999816894531,45.21500015258789,45.58000183105469,9700400
2025-09-17,44.78899383544922,45.435001373291016,46.22999954223633,45.165000915527344,45.369998931884766,13319600
2025-09-18,44.78899383544922,45.435001373291016,45.57500076293945,45.08000183105469,45.29499816894531,15116000
2025-09-19,44.7692756652832,45.415000915527344,45.58000183105469,45.27000045776367,45.54999923706055,16468200
2025-09-22,44.75392532348633,45.185001373291016,45.33000183105469,44.974998474121094,45.185001373291016,8882400
2025-09-23,44.61030960083008,45.040000915527344,45.630001068115234,44.98500061035156,45.290000915527344,8228800
2025-09-24,44.065555572509766,44.4900016784668,45.084999084472656,44.435001373291016,44.86000061035156,10669600
2025-09-25,43.4910888671875,43.90999984741211,44.34000015258789,43.84000015258789,44.33000183105469,11077200
2025-09-26,43.99622344970703,44.41999816894531,44.494998931884766,43.98500061035156,44.02000045776367,9944600
2025-09-29,44.16460418701172,44.59000015258789,44.73500061035156,44.34000015258789,44.70500183105469,9378800
2025-09-30,44.382503509521484,44.810001373291016,44.845001220703125,44.404998779296875,44.4900016784668,9408200
2025-10-01,43.91698455810547,44.34000015258789,44.86000061035156,44.23500061035156,44.755001068115234,13749800
2025-10-02,44.42707443237305,44.85499954223633,44.880001068115234,44.275001525878906,44.275001525878906,10673800
2025-10-03,44.50135803222656,44.93000030517578,45.16999816894531,44.79999923706055,44.845001220703125,9827600
2025-10-06,44.46173858642578,44.88999938964844,45.1349983215332,44.79499816894531,44.95500183105469,8937800
2025-10-07,44.28345489501953,44.709999084472656,45.13999938964844,44.54999923706055,44.959999084472656,11308800
2025-10-08,44.52116775512695,44.95000076293945,45.119998931884766,44.744998931884766,44.92499923706055,12184200
2025-10-09,43.91203308105469,44.334999084472656,45.21500015258789,44.224998474121094,45.125,13231800
2025-10-10,43.01071548461914,43.42499923706055,44.52000045776367,43.41999816894531,44.41999816894531,22262600
2025-10-13,43.69413375854492,44.1150016784668,44.400001525878906,43.88999938964844,44.01499938964844,11979800
2025-10-14,44.12993621826172,44.55500030517578,44.75,43.625,43.709999084472656,10797400
2025-10-15,43.93184280395508,44.35499954223633,45.0,44.1150016784668,44.7400016784668,10555800
2025-10-16,43.6049919128418,44.025001525878906,44.57500076293945,43.79999923706055,44.57500076293945,13389600
2025-10-17,43.52080154418945,43.939998626708984,44.189998626708984,43.70500183105469,43.994998931884766,12791000
2025-10-20,44.040794372558594,44.46500015258789,44.5,44.189998626708984,44.33000183105469,8425400
2025-10-21,43.872413635253906,44.29499816894531,44.45500183105469,43.994998931884766,44.1349983215332,9335800
2025-10-22,43.738704681396484,44.15999984741211,44.42499923706055,43.98500061035156,44.13999938964844,13133000
2025-10-23,44.26364517211914,44.689998626708984,44.80500030517578,44.369998931884766,44.47999954223633,10682600
2025-10-24,44.080413818359375,44.505001068115234,44.79499816894531,44.46500015258789,44.625,13450400
2025-10-27,44.060604095458984,44.48500061035156,44.689998626708984,44.29499816894531,44.48500061035156,11936600
2025-10-28,44.120025634765625,44.54499816894531,44.77000045776367,44.380001068115234,44.45500183105469,13049400
2025-10-29,43.25337600708008,43.66999816894531,44.5099983215332,43.59000015258789,44.375,20990000
2025-10-30,42.67395782470703,43.084999084472656,43.52000045776367,43.060001373291016,43.375,20798600
2025-10-31,42.42634201049805,42.834999084472656,43.04999923706055,42.52000045776367,42.85499954223633,17528800
2025-11-03,42.16387176513672,42.56999969482422,42.84000015258789,42.14500045776367,42.790000915527344,24127400
2025-11-04,41.955875396728516,42.36000061035156,42.540000915527344,42.03499984741211,42.26499938964844,22164800
2025-11-05,42.2034912109375,42.61000061035156,42.81999969482422,42.47999954223633,42.60499954223633,18828400
2025-11-06,41.9954948425293,42.400001525878906,42.92499923706055,42.369998931884766,42.71500015258789,22407400
2025-11-07,42.50062561035156,42.90999984741211,42.994998931884766,42.35499954223633,42.5099983215332,17975200
2025-11-10,42.901763916015625,43.314998626708984,43.40999984741211,42.834999084472656,43.19499969482422,15233400
2025-11-11,43.347469329833984,43.76499938964844,43.85499954223633,43.39500045776367,43.494998931884766,11641400
2025-11-12,43.65451431274414,44.07500076293945,44.334999084472656,43.86000061035156,43.900001525878906,13923800
2025-11-13,43.367279052734375,43.78499984741211,44.220001220703125,43.75,44.084999084472656,17940400
2025-11-14,42.97109603881836,43.3849983215332,43.72999954223633,43.31999969482422,43.474998474121094,12830000
2025-11-17,42.31739044189453,42.724998474121094,43.400001525878906,42.665000915527344,43.279998779296875,14150800
2025-11-18,42.35205841064453,42.7599983215332,43.060001373291016,42.529998779296875,42.77000045776367,20615000
2025-11-19,42.46100997924805,42.869998931884766,43.04999923706055,42.599998474121094,43.02000045776367,15385800
2025-11-20,41.827117919921875,42.22999954223633,43.35499954223633,42.21500015258789,43.165000915527344,22669200
2025-11-21,42.763099670410156,43.17499923706055,43.505001068115234,42.35499954223633,42.439998626708984,20989200
2025-11-24,42.847286224365234,43.2599983215332,43.36000061035156,42.959999084472656,43.14500045776367,14549600
2025-11-25,43.48613357543945,43.904998779296875,44.005001068115234,43.45500183105469,43.48500061035156,12455800
2025-11-26,44.0209846496582,44.44499969482422,44.560001373291016,43.91999816894531,43.939998626708984,9895200
2025-11-28,44.27355194091797,44.70000076293945,44.875,44.45500183105469,44.564998626708984,4786800
2025-12-01,44.16460418701172,44.59000015258789,44.97999954223633,44.564998626708984,44.63999938964844,13367800
2025-12-02,43.763465881347656,44.185001373291016,44.68000030517578,43.92499923706055,44.68000030517578,12905800
2025-12-03,44.07050704956055,44.494998931884766,44.625,44.345001220703125,44.380001068115234,11841600
2025-12-04,43.81298828125,44.23500061035156,44.505001068115234,44.125,44.380001068115234,9912600
2025-12-05,43.66937255859375,44.09000015258789,44.63999938964844,44.09000015258789,44.34000015258789,7134000
2025-12-08,43.065189361572266,43.47999954223633,44.099998474121094,43.45000076293945,44.08000183105469,11389100
2025-12-09,42.97604751586914,43.38999938964844,43.81999969482422,43.369998931884766,43.41999816894531,8801100
2025-12-10,43.81794357299805,44.2400016784668,44.34000015258789,43.349998474121094,43.349998474121094,10919500
2025-12-11,44.689544677734375,45.119998931884766,45.220001220703125,44.290000915527344,44.290000915527344,11009200
2025-12-12,44.719261169433594,45.150001525878906,45.58000183105469,44.970001220703125,45.5099983215332,14078600
2025-12-15,44.689544677734375,45.119998931884766,45.439998626708984,44.849998474121094,45.41999816894531,9228800
2025-12-16,44.5706901550293,45.0,45.209999084472656,44.720001220703125,45.18000030517578,9742300
2025-12-17,44.75887680053711,45.189998626708984,45.369998931884766,44.939998626708984,45.0099983215332,10935000
2025-12-18,44.73906707763672,45.16999816894531,45.630001068115234,45.130001068115234,45.27000045776367,8978100
2025-12-19,44.93716049194336,45.369998931884766,45.540000915527344,45.09000015258789,45.20000076293945,10358000
2025-12-22,45.467796325683594,45.66999816894531,45.709999084472656,45.33000183105469,45.38999938964844,9862300
2025-12-23,45.54744338989258,45.75,45.79999923706055,45.540000915527344,45.779998779296875,8424800
2025-12-24,45.637046813964844,45.84000015258789,45.88999938964844,45.61000061035156,45.72999954223633,2767600
2025-12-26,45.905853271484375,46.11000061035156,46.13999938964844,45.86000061035156,45.95000076293945,5035800
2025-12-29,45.53749084472656,45.7400016784668,45.86000061035156,45.540000915527344,45.7400016784668,6370400
2025-12-30,45.52753448486328,45.72999954223633,45.849998474121094,45.630001068115234,45.810001373291016,4432100
