Date,Adj Close,Close,High,Low,Open,Volume
2010-01-04,8.942387580871582,11.93338680267334,11.96588134765625,11.770917892456055,11.7952880859375,92942347
2010-01-05,9.106746673583984,12.152721405029297,12.152721405029297,11.900894165039062,11.91714096069336,96770018
2010-01-06,9.125009536743164,12.177091598510742,12.22583293914795,12.0552396774292,12.144598007202148,75492798
2010-01-07,9.319807052612305,12.437043190002441,12.510153770446777,12.177091598510742,12.201461791992188,117869112
2010-01-08,9.265019416809082,12.363931655883789,12.437043190002441,12.266449928283691,12.372055053710938,111866140
2010-01-11,9.271108627319336,12.372055053710938,12.49390697479248,12.298944473266602,12.485783576965332,72747299
2010-01-12,9.13718318939209,12.193339347839355,12.331438064575195,12.112104415893555,12.274574279785156,137613736
2010-01-13,9.24067211151123,12.331438064575195,12.372055053710938,12.095856666564941,12.193339347839355,100839458
2010-01-14,9.283282279968262,12.388301849365234,12.428919792175293,12.258326530456543,12.290820121765137,70844542
2010-01-15,9.094568252563477,12.136473655700684,12.32331371307373,12.120226860046387,12.315191268920898,118059301
2010-01-19,9.210232734680176,12.290820121765137,12.298944473266602,12.022746086120605,12.08773422241211,100437782
2010-01-20,9.185881614685059,12.258326530456543,12.339561462402344,12.128351211547852,12.209586143493652,99359426
2010-01-21,8.924125671386719,11.909016609191895,12.331438064575195,11.779041290283203,12.250203132629395,310007531
2010-01-22,8.63193130493164,11.519089698791504,11.925264358520508,11.4541015625,11.868399620056152,260932239
2010-01-25,8.680630683898926,11.584077835083008,11.730300903320312,11.470349311828613,11.681559562683105,179396215
2010-01-26,8.528444290161133,11.380990982055664,11.697807312011719,11.364744186401367,11.510967254638672,151799780
2010-01-27,8.735418319702148,11.65718936920166,11.681559562683105,11.364744186401367,11.413484573364258,254674696
2010-01-28,8.692802429199219,11.600324630737305,11.803412437438965,11.4541015625,11.74654769897461,275452007
2010-01-29,8.63193130493164,11.519089698791504,11.835906028747559,11.48659610748291,11.681559562683105,222839929
2010-02-01,8.778031349182129,11.714054107666016,11.74654769897461,11.592201232910156,11.592201232910156,155187738
2010-02-02,8.863252639770508,11.827781677246094,11.860276222229004,11.673436164855957,11.722176551818848,135155306
2010-02-03,8.765852928161621,11.697807312011719,11.844029426574707,11.665312767028809,11.76279354095459,131388692
2010-02-04,8.388437271118164,11.194150924682617,11.608448028564453,11.186027526855469,11.592201232910156,266891017
2010-02-05,8.485832214355469,11.324127197265625,11.356620788574219,10.974817276000977,11.259139060974121,315216015
2010-02-08,8.315387725830078,11.09666919708252,11.34849739074707,11.080422401428223,11.34849739074707,132199183
2010-02-09,8.400611877441406,11.210397720336914,11.291632652282715,11.047928810119629,11.23476791381836,190172389
2010-02-10,8.467573165893555,11.299756050109863,11.421607971191406,11.153533935546875,11.226645469665527,155220729
2010-02-11,8.485832214355469,11.324127197265625,11.380990982055664,11.031682014465332,11.299756050109863,92212240
2010-02-12,8.491920471191406,11.332249641418457,11.332249641418457,11.121040344238281,11.194150924682617,125390768
2010-02-16,8.668452262878418,11.567831039428711,11.584077835083008,11.340373992919922,11.413484573364258,134800901
2010-02-17,8.698891639709473,11.608448028564453,11.65718936920166,11.551584243774414,11.65718936920166,81067751
2010-02-18,8.753681182861328,11.681559562683105,11.714054107666016,11.551584243774414,11.559707641601562,73617370
2010-02-19,8.802379608154297,11.74654769897461,11.787164688110352,11.600324630737305,11.608448028564453,72633555
2010-02-22,8.918039321899414,11.900894165039062,11.96588134765625,11.770917892456055,11.787164688110352,86110666
2010-02-23,8.753681182861328,11.681559562683105,11.93338680267334,11.640941619873047,11.844029426574707,144519031
2010-02-24,8.905863761901855,11.884647369384766,11.900894165039062,11.689682960510254,11.689682960510254,87297473
2010-02-25,8.881513595581055,11.852152824401855,11.868399620056152,11.649065971374512,11.722176551818848,130407585
2010-02-26,8.936299324035645,11.925264358520508,11.96588134765625,11.787164688110352,11.852152824401855,129857821
2010-03-01,8.960651397705078,11.957757949829102,11.990251541137695,11.884647369384766,11.96588134765625,65465319
2010-03-02,8.991086959838867,11.998374938964844,12.112104415893555,11.982128143310547,11.990251541137695,71151554
2010-03-03,8.997178077697754,12.006499290466309,12.095856666564941,11.974004745483398,12.01462173461914,69710915
2010-03-04,9.088485717773438,12.128351211547852,12.136473655700684,12.022746086120605,12.038992881774902,65092695
2010-03-05,9.265019416809082,12.363931655883789,12.388301849365234,12.177091598510742,12.193339347839355,99635663
2010-03-08,9.283282279968262,12.388301849365234,12.437043190002441,12.363931655883789,12.388301849365234,66161942
2010-03-09,9.313721656799316,12.428919792175293,12.510153770446777,12.282696723937988,12.32331371307373,110608058
2010-03-10,9.41720199584961,12.56701946258545,12.640130043029785,12.485783576965332,12.510153770446777,123834045
2010-03-11,9.496345520019531,12.672623634338379,12.680747032165527,12.518278121948242,12.534524917602539,75285990
2010-03-12,9.459816932678223,12.623883247375488,12.778228759765625,12.56701946258545,12.778228759765625,125183468
2010-03-15,9.459816932678223,12.623883247375488,12.648253440856934,12.485783576965332,12.550771713256836,86475904
2010-03-16,9.575480461120605,12.778228759765625,12.78635311126709,12.63200569152832,12.66450023651123,92828356
2010-03-17,9.691140174865723,12.932575225830078,12.973193168640137,12.835092544555664,12.851340293884277,113668817
2010-03-18,9.63634967803955,12.859463691711426,12.92445182800293,12.778228759765625,12.908205032348633,91978843
2010-03-19,9.572900772094727,12.745735168457031,12.891958236694336,12.696993827819824,12.745735168457031,110142617
2010-03-22,9.621711730957031,12.810723304748535,12.818845748901367,12.607636451721191,12.61575984954834,78909193
2010-03-23,9.701025009155273,12.916328430175781,12.92445182800293,12.770106315612793,12.843216896057129,79992227
2010-03-24,9.707127571105957,12.92445182800293,12.989439010620117,12.835092544555664,12.835092544555664,86346279
2010-03-25,9.749837875366211,12.981315612792969,13.257513999938965,12.965068817138672,13.013810157775879,150906813
2010-03-26,9.762042999267578,12.997563362121582,13.160032272338867,12.92445182800293,13.038180351257324,218970526
2010-03-29,9.774242401123047,13.013810157775879,13.111291885375977,12.932575225830078,13.070673942565918,76076908
2010-03-30,9.71323013305664,12.932575225830078,13.06255054473877,12.900080680847168,13.021932601928711,59183033
2010-03-31,9.731528282165527,12.95694637298584,13.005685806274414,12.843216896057129,12.851340293884277,72467985
2010-04-01,9.8108491897583,13.06255054473877,13.103167533874512,12.973193168640137,13.06255054473877,59488321
2010-04-05,9.90847110748291,13.192525863647461,13.208772659301758,13.103167533874512,13.135662078857422,55300582
2010-04-06,10.012191772460938,13.330625534057617,13.363119125366211,13.160032272338867,13.184403419494629,63364125
2010-04-07,9.975584030151367,13.281885147094727,13.411860466003418,13.200650215148926,13.363119125366211,91544300
2010-04-08,10.054896354675293,13.387490272521973,13.428107261657715,13.176279067993164,13.23314380645752,86447591
2010-04-09,10.091506004333496,13.436230659484863,13.468725204467773,13.354995727539062,13.436230659484863,64967625
2010-04-12,10.13421630859375,13.493095397949219,13.549959182739258,13.460600852966309,13.476847648620605,56718325
2010-04-13,10.140317916870117,13.501218795776367,13.57433032989502,13.411860466003418,13.476847648620605,85280479
2010-04-14,10.40267276763916,13.8505277633667,13.858652114868164,13.65556526184082,13.671812057495117,155369926
2010-04-15,10.359965324401855,13.79366397857666,13.907391548156738,13.753046035766602,13.88302230834961,101626682
2010-04-16,9.981685638427734,13.290007591247559,13.753046035766602,13.054427146911621,13.736799240112305,468533372
2010-04-19,10.079303741455078,13.419983863830566,13.444354057312012,13.119415283203125,13.135662078857422,319699563
2010-04-20,10.213530540466309,13.598699569702148,13.598699569702148,13.444354057312012,13.525588989257812,151176894
2010-04-21,10.152519226074219,13.517464637756348,13.728675842285156,13.363119125366211,13.606823921203613,210131946
2010-04-22,10.207435607910156,13.590577125549316,13.631194114685059,13.31437873840332,13.37124252319336,123733596
2010-04-23,10.237936973571777,13.631194114685059,13.688057899475098,13.54183578491211,13.614947319030762,109054906
2010-04-26,10.079303741455078,13.419983863830566,13.62307071685791,13.387490272521973,13.62307071685791,128910443
2010-04-27,9.737631797790527,12.965068817138672,13.419983863830566,12.932575225830078,13.273760795593262,289883143
2010-04-28,9.877961158752441,13.151908874511719,13.241267204284668,13.030056953430176,13.143786430358887,194917032
2010-04-29,10.10371208190918,13.452478408813477,13.525588989257812,13.257513999938965,13.322502136230469,153177515
2010-04-30,9.859657287597656,13.127538681030273,13.428107261657715,13.103167533874512,13.387490272521973,206146707
2010-05-03,10.048799514770508,13.379365921020508,13.411860466003418,13.200650215148926,13.241267204284668,110817944
2010-05-04,9.774242401123047,13.013810157775879,13.225020408630371,12.932575225830078,13.184403419494629,195182313
2010-05-05,9.719327926635742,12.940698623657227,13.160032272338867,12.75385856628418,12.802599906921387,227201362
2010-05-06,9.310548782348633,12.3964262008667,13.030056953430176,11.827781677246094,12.883833885192871,385070710
2010-05-07,9.206819534301758,12.258326530456543,12.623883247375488,12.079609870910645,12.404548645019531,434082852
2010-05-10,9.719327926635742,12.940698623657227,13.013810157775879,12.729488372802734,12.891958236694336,220172844
2010-05-11,9.682721138000488,12.891958236694336,13.103167533874512,12.737611770629883,12.745735168457031,149938016
2010-05-12,9.792543411254883,13.038180351257324,13.046303749084473,12.867587089538574,12.973193168640137,108045855
2010-05-13,9.615609169006348,12.802599906921387,13.030056953430176,12.802599906921387,12.997563362121582,117497842
2010-05-14,9.365453720092773,12.469536781311035,12.66450023651123,12.339561462402344,12.656376838684082,185612150
2010-05-17,9.37155818939209,12.477660179138184,12.583266258239746,12.177091598510742,12.469536781311035,215164644
2010-05-18,9.10309886932373,12.120226860046387,12.63200569152832,12.030868530273438,12.623883247375488,245298293
2010-05-19,9.1152982711792,12.136473655700684,12.258326530456543,11.892769813537598,12.006499290466309,282446426
2010-05-20,8.694314956665039,11.575955390930176,11.949633598327637,11.551584243774414,11.909016609191895,264759910
2010-05-21,8.999378204345703,11.982128143310547,12.136473655700684,11.332249641418457,11.332249641418457,256736868
2010-05-24,8.743124961853027,11.640941619873047,12.038992881774902,11.62469482421875,12.038992881774902,132667948
2010-05-25,8.822443962097168,11.74654769897461,11.754671096801758,11.242892265319824,11.31600284576416,202843441
2010-05-26,8.76142692565918,11.665312767028809,11.957757949829102,11.600324630737305,11.93338680267334,153920670
2010-05-27,9.158010482788086,12.193339347839355,12.201461791992188,11.852152824401855,11.91714096069336,150171413
2010-05-28,8.956668853759766,11.925264358520508,12.168968200683594,11.884647369384766,12.160844802856445,156946837
2010-06-01,8.767528533935547,11.673436164855957,11.96588134765625,11.65718936920166,11.7952880859375,102271849
2010-06-02,9.042089462280273,12.038992881774902,12.038992881774902,11.681559562683105,11.7952880859375,97060780
2010-06-03,8.993278503417969,11.974004745483398,12.112104415893555,11.844029426574707,12.08773422241211,126116689
2010-06-04,8.633304595947266,11.494720458984375,11.7952880859375,11.437854766845703,11.730300903320312,146914680
2010-06-07,8.462471008300781,11.26726245880127,11.600324630737305,11.226645469665527,11.543460845947266,128171597
2010-06-08,8.639404296875,11.502842903137207,11.510967254638672,11.129162788391113,11.332249641418457,180966602
2010-06-09,8.547883987426758,11.380990982055664,11.673436164855957,11.332249641418457,11.584077835083008,153438734
2010-06-10,8.828540802001953,11.754671096801758,11.779041290283203,11.470349311828613,11.551584243774414,138725329
2010-06-11,8.852950096130371,11.787164688110352,11.827781677246094,11.608448028564453,11.640941619873047,66406172
2010-06-14,8.816339492797852,11.738424301147461,11.941511154174805,11.722176551818848,11.884647369384766,111620925
2010-06-15,9.023785591125488,12.01462173461914,12.038992881774902,11.738424301147461,11.811534881591797,124529437
2010-06-16,9.029887199401855,12.022746086120605,12.08773422241211,11.892769813537598,11.941511154174805,76874719
2010-06-17,9.017685890197754,12.006499290466309,12.071487426757812,11.8765230178833,12.0552396774292,88713985
2010-06-18,9.067209243774414,12.04711627960205,12.071487426757812,11.957757949829102,12.038992881774902,82191162
2010-06-21,9.054977416992188,12.030868530273438,12.22583293914795,11.96588134765625,12.18521499633789,105541262
2010-06-22,8.91435432434082,11.844029426574707,12.095856666564941,11.827781677246094,12.038992881774902,102404305
2010-06-23,8.871557235717773,11.787164688110352,11.909016609191895,11.714054107666016,11.852152824401855,147406957
2010-06-24,8.712589263916016,11.575955390930176,11.819659233093262,11.527214050292969,11.714054107666016,180425454
2010-06-25,8.951041221618652,11.892769813537598,11.91714096069336,11.559707641601562,11.722176551818848,174342222
2010-06-28,8.865442276000977,11.779041290283203,11.93338680267334,11.74654769897461,11.900894165039062,97958795
2010-06-29,8.547508239746094,11.356620788574219,11.632819175720215,11.26726245880127,11.616572380065918,190216582
2010-06-30,8.443568229675293,11.218522071838379,11.470349311828613,11.169780731201172,11.340373992919922,152587990
2010-07-01,8.364087104797363,11.112915992736816,11.291632652282715,10.844841957092285,11.202275276184082,164533121
2010-07-02,8.266263008117676,10.982940673828125,11.210397720336914,10.893582344055176,11.194150924682617,82338882
2010-07-06,8.315173149108887,11.047928810119629,11.283509254455566,10.92607593536377,11.226645469665527,131649787
2010-07-07,8.682018280029297,11.535337448120117,11.559707641601562,11.104792594909668,11.121040344238281,135275082
2010-07-08,8.749273300170898,11.62469482421875,11.689682960510254,11.445979118347168,11.673436164855957,99375306
2010-07-09,8.871557235717773,11.787164688110352,11.811534881591797,11.575955390930176,11.584077835083008,99814035
2010-07-12,8.88378620147705,11.803412437438965,11.827781677246094,11.65718936920166,11.770917892456055,67070912
2010-07-13,9.103894233703613,12.095856666564941,12.160844802856445,11.949633598327637,11.957757949829102,103837681
2010-07-14,9.036636352539062,12.006499290466309,12.04711627960205,11.8765230178833,12.038992881774902,95201847
2010-07-15,9.018296241760254,11.982128143310547,12.04711627960205,11.722176551818848,12.022746086120605,118284082
2010-07-16,8.63922119140625,11.478472709655762,11.860276222229004,11.445979118347168,11.835906028747559,174393677
2010-07-19,8.633106231689453,11.470349311828613,11.543460845947266,11.283509254455566,11.494720458984375,87813508
2010-07-20,8.72481918334961,11.592201232910156,11.608448028564453,11.242892265319824,11.259139060974121,113625609
2010-07-21,8.58419132232666,11.40536117553711,11.803412437438965,11.372867584228516,11.803412437438965,126180578
2010-07-22,8.834877967834473,11.738424301147461,11.787164688110352,11.551584243774414,11.551584243774414,103468874
2010-07-23,8.902129173278809,11.827781677246094,11.860276222229004,11.608448028564453,11.714054107666016,85939803
2010-07-26,9.024406433105469,11.990251541137695,12.01462173461914,11.779041290283203,11.844029426574707,97582109
2010-07-27,9.04886531829834,12.022746086120605,12.201461791992188,11.998374938964844,12.144598007202148,114958905
2010-07-28,8.969379425048828,11.91714096069336,12.063363075256348,11.8765230178833,11.990251541137695,60830850
2010-07-29,8.999955177307129,11.957757949829102,12.079609870910645,11.811534881591797,12.022746086120605,86025234
2010-07-30,8.993840217590332,11.949633598327637,12.030868530273438,11.803412437438965,11.803412437438965,72789892
2010-08-02,9.220056533813477,12.250203132629395,12.258326530456543,12.071487426757812,12.120226860046387,120011913
2010-08-03,9.116118431091309,12.112104415893555,12.217708587646484,12.095856666564941,12.18521499633789,81845251
2010-08-04,9.152806282043457,12.160844802856445,12.201461791992188,12.08773422241211,12.160844802856445,82030516
2010-08-05,9.116118431091309,12.112104415893555,12.136473655700684,12.038992881774902,12.071487426757812,50578959
2010-08-06,9.036636352539062,12.006499290466309,12.0552396774292,11.844029426574707,11.990251541137695,101926554
2010-08-09,9.085550308227539,12.071487426757812,12.103981018066406,11.949633598327637,12.063363075256348,49583449
2010-08-10,9.006068229675293,11.96588134765625,12.063363075256348,11.884647369384766,11.957757949829102,81174971
2010-08-11,8.688133239746094,11.543460845947266,11.787164688110352,11.527214050292969,11.779041290283203,117411918
2010-08-12,8.626996040344238,11.462225914001465,11.535337448120117,11.380990982055664,11.421607971191406,88825636
2010-08-13,8.602538108825684,11.429732322692871,11.567831039428711,11.429732322692871,11.4541015625,64041298
2010-08-16,8.578080177307129,11.397237777709961,11.445979118347168,11.340373992919922,11.397237777709961,68304497
2010-08-17,8.645334243774414,11.48659610748291,11.600324630737305,11.421607971191406,11.519089698791504,79810039
2010-08-18,8.682018280029297,11.535337448120117,11.616572380065918,11.437854766845703,11.478472709655762,68372325
2010-08-19,8.480256080627441,11.26726245880127,11.510967254638672,11.242892265319824,11.462225914001465,124471211
2010-08-20,8.455793380737305,11.23476791381836,11.259139060974121,11.129162788391113,11.226645469665527,81137426
2010-08-23,8.400773048400879,11.161657333374023,11.307880401611328,11.153533935546875,11.291632652282715,66239371
2010-08-24,8.260144233703613,10.974817276000977,11.080422401428223,10.942322731018066,11.023557662963867,116123431
2010-08-25,8.284605979919434,11.00731086730957,11.047928810119629,10.796100616455078,10.893582344055176,90747843
2010-08-26,8.2173490524292,10.917952537536621,11.137287139892578,10.885458946228027,11.06417465209961,88256545
2010-08-27,8.394659996032715,11.153533935546875,11.161657333374023,10.844841957092285,10.966693878173828,107590139
2010-08-30,8.2173490524292,10.917952537536621,11.129162788391113,10.909829139709473,11.104792594909668,78521797
2010-08-31,8.290719032287598,11.015435218811035,11.056052207946777,10.828595161437988,10.909829139709473,131233463
2010-09-01,8.608651161193848,11.437854766845703,11.4541015625,11.14540958404541,11.153533935546875,163002496
2010-09-02,8.694246292114258,11.551584243774414,11.551584243774414,11.421607971191406,11.429732322692871,82205072
2010-09-03,8.877666473388672,11.7952880859375,11.7952880859375,11.65718936920166,11.70592975616455,108976122
2010-09-07,8.675909996032715,11.527214050292969,11.689682960510254,11.510967254638672,11.681559562683105,69632992
2010-09-08,8.761500358581543,11.640941619873047,11.722176551818848,11.559707641601562,11.567831039428711,63465559
2010-09-09,8.871557235717773,11.787164688110352,11.884647369384766,11.714054107666016,11.819659233093262,100214233
2010-09-10,8.88378620147705,11.803412437438965,11.844029426574707,11.754671096801758,11.7952880859375,48934712
2010-09-13,9.073323249816895,12.0552396774292,12.08773422241211,11.982128143310547,11.982128143310547,93892679
2010-09-14,8.993840217590332,11.949633598327637,12.038992881774902,11.884647369384766,12.01462173461914,81324661
2010-09-15,9.024406433105469,11.990251541137695,12.006499290466309,11.819659233093262,11.860276222229004,91766372
2010-09-16,8.999955177307129,11.957757949829102,11.96588134765625,11.8765230178833,11.949633598327637,65492647
2010-09-17,8.952770233154297,11.868399620056152,11.998374938964844,11.852152824401855,11.974004745483398,80925078
2010-09-20,9.124348640441895,12.095856666564941,12.128351211547852,11.868399620056152,11.884647369384766,64263001
2010-09-21,9.038558959960938,11.982128143310547,12.160844802856445,11.941511154174805,12.128351211547852,103705472
2010-09-22,8.89148998260498,11.787164688110352,12.01462173461914,11.76279354095459,11.900894165039062,114854147
2010-09-23,8.719908714294434,11.559707641601562,11.770917892456055,11.535337448120117,11.673436164855957,127349658
2010-09-24,8.952770233154297,11.868399620056152,11.868399620056152,11.689682960510254,11.697807312011719,94600257
2010-09-27,8.854728698730469,11.738424301147461,11.868399620056152,11.714054107666016,11.868399620056152,76726384
2010-09-28,8.873103141784668,11.76279354095459,11.7952880859375,11.62469482421875,11.779041290283203,101337767
2010-09-29,8.805700302124023,11.673436164855957,11.779041290283203,11.616572380065918,11.722176551818848,82229692
2010-09-30,8.79344367980957,11.65718936920166,11.884647369384766,11.649065971374512,11.74654769897461,132373000
2010-10-01,8.885361671447754,11.779041290283203,11.819659233093262,11.649065971374512,11.770917892456055,162650799
2010-10-04,8.82408332824707,11.697807312011719,11.852152824401855,11.640941619873047,11.76279354095459,105309096
2010-10-05,9.0263032913208,11.96588134765625,12.01462173461914,11.714054107666016,11.803412437438965,163731125
2010-10-06,9.020176887512207,11.957757949829102,12.022746086120605,11.91714096069336,11.990251541137695,79712666
2010-10-07,8.983404159545898,11.909016609191895,12.0552396774292,11.844029426574707,12.01462173461914,88379153
2010-10-08,9.007922172546387,11.941511154174805,11.96588134765625,11.8765230178833,11.925264358520508,76830034
2010-10-11,8.9956636428833,11.925264358520508,11.96588134765625,11.8765230178833,11.949633598327637,50798200
2010-10-12,9.099834442138672,12.063363075256348,12.079609870910645,11.835906028747559,11.860276222229004,81038084
2010-10-13,9.105963706970215,12.071487426757812,12.18521499633789,12.038992881774902,12.136473655700684,138693077
2010-10-14,8.946637153625488,11.860276222229004,11.982128143310547,11.74654769897461,11.957757949829102,208325454
2010-10-15,8.79344367980957,11.65718936920166,11.957757949829102,11.575955390930176,11.900894165039062,163544136
2010-10-18,8.989532470703125,11.91714096069336,11.93338680267334,11.616572380065918,11.616572380065918,96393824
2010-10-19,8.86698055267334,11.754671096801758,11.998374938964844,11.70592975616455,11.827781677246094,180636325
2010-10-20,8.952770233154297,11.868399620056152,11.93338680267334,11.65718936920166,11.76279354095459,118915708
2010-10-21,8.952770233154297,11.868399620056152,12.006499290466309,11.770917892456055,11.91714096069336,90587936
2010-10-22,8.946637153625488,11.860276222229004,11.93338680267334,11.827781677246094,11.892769813537598,50796353
2010-10-25,8.915999412536621,11.819659233093262,11.982128143310547,11.803412437438965,11.96588134765625,56338931
2010-10-26,8.928256034851074,11.835906028747559,11.860276222229004,11.74654769897461,11.770917892456055,58349523
2010-10-27,8.934383392333984,11.844029426574707,11.884647369384766,11.754671096801758,11.7952880859375,77185177
2010-10-28,8.934383392333984,11.844029426574707,11.941511154174805,11.770917892456055,11.909016609191895,71284256
2010-10-29,8.922130584716797,11.827781677246094,11.852152824401855,11.76279354095459,11.811534881591797,49026545
2010-11-01,8.922130584716797,11.827781677246094,11.93338680267334,11.714054107666016,11.852152824401855,80929756
2010-11-02,8.946637153625488,11.860276222229004,11.909016609191895,11.827781677246094,11.900894165039062,67197828
2010-11-03,9.032426834106445,11.974004745483398,11.982128143310547,11.779041290283203,11.868399620056152,133181275
2010-11-04,9.332694053649902,12.372055053710938,12.3964262008667,12.08773422241211,12.095856666564941,204934664
2010-11-05,9.547167778015137,12.656376838684082,12.737611770629883,12.372055053710938,12.404548645019531,203857416
2010-11-08,9.473634719848633,12.558895111083984,12.648253440856934,12.44516658782959,12.640130043029785,110754301
2010-11-09,9.295926094055176,12.32331371307373,12.607636451721191,12.242079734802246,12.599513053894043,150410720
2010-11-10,9.40009880065918,12.461413383483887,12.469536781311035,12.217708587646484,12.32331371307373,149972115
2010-11-11,9.308181762695312,12.339561462402344,12.3964262008667,12.274574279785156,12.339561462402344,73585118
2010-11-12,9.154985427856445,12.136473655700684,12.315191268920898,12.103981018066406,12.274574279785156,109245218
2010-11-15,9.197880744934082,12.193339347839355,12.347684860229492,12.177091598510742,12.217708587646484,88027456
2010-11-16,9.044682502746582,11.990251541137695,12.144598007202148,11.892769813537598,12.128351211547852,166446464
2010-11-17,8.983404159545898,11.909016609191895,12.01462173461914,11.8765230178833,11.982128143310547,111420026
2010-11-18,9.105963706970215,12.071487426757812,12.152721405029297,12.022746086120605,12.0552396774292,105170116
2010-11-19,9.105963706970215,12.071487426757812,12.071487426757812,11.957757949829102,12.006499290466309,53682925
2010-11-22,8.971152305603027,11.892769813537598,11.998374938964844,11.811534881591797,11.990251541137695,119643844
2010-11-23,8.830205917358398,11.70592975616455,11.803412437438965,11.697807312011719,11.76279354095459,104476201
2010-11-24,8.965023040771484,11.884647369384766,11.892769813537598,11.754671096801758,11.787164688110352,72325066
2010-11-26,8.83633804321289,11.714054107666016,11.844029426574707,11.714054107666016,11.779041290283203,39044858
2010-11-29,8.909870147705078,11.811534881591797,11.860276222229004,11.665312767028809,11.689682960510254,101123080
2010-11-30,8.86085033416748,11.74654769897461,11.835906028747559,11.697807312011719,11.714054107666016,94421024
2010-12-01,9.038558959960938,11.982128143310547,11.990251541137695,11.884647369384766,11.91714096069336,102218916
2010-12-02,9.271414756774902,12.290820121765137,12.307066917419434,12.022746086120605,12.038992881774902,139900073
2010-12-03,9.30205249786377,12.331438064575195,12.35580825805664,12.144598007202148,12.209586143493652,111832288
2010-12-06,9.289801597595215,12.315191268920898,12.35580825805664,12.250203132629395,12.298944473266602,64905337
2010-12-07,9.30205249786377,12.331438064575195,12.485783576965332,12.298944473266602,12.485783576965332,131973540
2010-12-08,9.455248832702637,12.534524917602539,12.534524917602539,12.32331371307373,12.339561462402344,119732230
2010-12-09,9.57167911529541,12.688871383666992,12.713240623474121,12.550771713256836,12.61575984954834,95687230
2010-12-10,9.657464981079102,12.802599906921387,12.810723304748535,12.648253440856934,12.729488372802734,69683833
2010-12-13,9.651339530944824,12.794475555419922,12.883833885192871,12.75385856628418,12.859463691711426,62184704
2010-12-14,9.565549850463867,12.680747032165527,12.843216896057129,12.63200569152832,12.794475555419922,85879730
2010-12-15,9.485889434814453,12.575141906738281,12.729488372802734,12.550771713256836,12.623883247375488,101531526
2010-12-16,9.498143196105957,12.591388702392578,12.680747032165527,12.526400566101074,12.607636451721191,108179541
2010-12-17,9.551034927368164,12.61575984954834,12.623883247375488,12.502031326293945,12.56701946258545,76205917
2010-12-20,9.5571870803833,12.623883247375488,12.672623634338379,12.583266258239746,12.640130043029785,49879628
2010-12-21,9.723237037658691,12.843216896057129,12.851340293884277,12.672623634338379,12.672623634338379,59296901
2010-12-22,9.83393669128418,12.989439010620117,13.013810157775879,12.867587089538574,12.891958236694336,87852408
2010-12-23,9.760139465332031,12.891958236694336,12.973193168640137,12.843216896057129,12.965068817138672,36235347
2010-12-27,9.846238136291504,13.005685806274414,13.005685806274414,12.818845748901367,12.826970100402832,29735790
2010-12-28,9.846238136291504,13.005685806274414,13.046303749084473,12.973193168640137,13.005685806274414,42018708
2010-12-29,9.82778549194336,12.981315612792969,13.030056953430176,12.965068817138672,13.021932601928711,31035357
2010-12-30,9.797037124633789,12.940698623657227,12.981315612792969,12.891958236694336,12.981315612792969,45377614
2010-12-31,9.809337615966797,12.95694637298584,12.973193168640137,12.891958236694336,12.908205032348633,27080400
2011-01-03,10.024588584899902,13.241267204284668,13.273760795593262,13.103167533874512,13.135662078857422,113566767
2011-01-04,10.012289047241211,13.225020408630371,13.306255340576172,13.111291885375977,13.290007591247559,65761128
2011-01-05,10.129143714904785,13.379365921020508,13.40373706817627,13.160032272338867,13.176279067993164,119644460
2011-01-06,10.061490058898926,13.290007591247559,13.411860466003418,13.281885147094727,13.387490272521973,82408064
2011-01-07,9.975386619567871,13.176279067993164,13.354995727539062,13.013810157775879,13.338748931884766,219266212
2011-01-10,9.950790405273438,13.143786430358887,13.184403419494629,13.021932601928711,13.103167533874512,107038774
2011-01-11,9.987689018249512,13.192525863647461,13.290007591247559,13.135662078857422,13.225020408630371,61620659
2011-01-12,10.153743743896484,13.411860466003418,13.419983863830566,13.322502136230469,13.346872329711914,100785048
2011-01-13,10.1229887008667,13.37124252319336,13.452478408813477,13.322502136230469,13.436230659484863,74704466
2011-01-14,10.282893180847168,13.582452774047852,13.614947319030762,13.346872329711914,13.363119125366211,113359713
2011-01-18,10.221391677856445,13.501218795776367,13.566205978393555,13.436230659484863,13.549959182739258,75478150
2011-01-19,9.993844032287598,13.200650215148926,13.444354057312012,13.160032272338867,13.395612716674805,144544020
2011-01-20,10.04304313659668,13.26563835144043,13.31437873840332,13.151908874511719,13.200650215148926,115484911
2011-01-21,10.1229887008667,13.37124252319336,13.436230659484863,13.306255340576172,13.354995727539062,93333928
2011-01-24,10.110689163208008,13.354995727539062,13.419983863830566,13.306255340576172,13.395612716674805,54863208
2011-01-25,10.092239379882812,13.330625534057617,13.37124252319336,13.168155670166016,13.290007591247559,84937892
2011-01-26,10.086090087890625,13.322502136230469,13.40373706817627,13.306255340576172,13.37124252319336,68221281
2011-01-27,10.17219066619873,13.436230659484863,13.444354057312012,13.306255340576172,13.322502136230469,88248544
2011-01-28,9.993844032287598,13.200650215148926,13.54183578491211,13.184403419494629,13.444354057312012,139244565
2011-01-31,10.086090087890625,13.322502136230469,13.346872329711914,13.225020408630371,13.225020408630371,77839208
2011-02-01,10.295190811157227,13.598699569702148,13.639318466186523,13.395612716674805,13.40373706817627,78635911
2011-02-02,10.215240478515625,13.493095397949219,13.598699569702148,13.476847648620605,13.558082580566406,57381711
2011-02-03,10.221391677856445,13.501218795776367,13.525588989257812,13.37124252319336,13.493095397949219,63619065
2011-02-04,10.215240478515625,13.493095397949219,13.501218795776367,13.387490272521973,13.48497200012207,76650431
2011-02-07,10.36284351348877,13.688057899475098,13.720552444458008,13.533712387084961,13.54183578491211,61790537
2011-02-08,10.4366455078125,13.785539627075195,13.809910774230957,13.65556526184082,13.696182250976562,59912524
2011-02-09,10.36284351348877,13.688057899475098,13.761170387268066,13.590577125549316,13.696182250976562,68776339
2011-02-10,10.36284351348877,13.688057899475098,13.71242904663086,13.598699569702148,13.62307071685791,53665322
2011-02-11,10.504295349121094,13.874897956848145,13.915515899658203,13.606823921203613,13.639318466186523,90898394
2011-02-14,10.510448455810547,13.88302230834961,13.907391548156738,13.818034172058105,13.866774559020996,43128085
2011-02-15,10.498144149780273,13.866774559020996,13.9317626953125,13.818034172058105,13.858652114868164,60650508
2011-02-16,10.553494453430176,13.939886093139648,13.956132888793945,13.858652114868164,13.915515899658203,44080140
2011-02-17,10.541193962097168,13.923639297485352,13.956132888793945,13.858652114868164,13.891144752502441,43641043
2011-02-18,10.565793991088867,13.956132888793945,13.972379684448242,13.891144752502441,13.939886093139648,39684855
2011-02-22,10.239840507507324,13.525588989257812,13.809910774230957,13.493095397949219,13.736799240112305,125808569
2011-02-23,10.19679069519043,13.468725204467773,13.62307071685791,13.298131942749023,13.517464637756348,142391001
2011-02-24,10.17219066619873,13.436230659484863,13.493095397949219,13.273760795593262,13.436230659484863,98899648
2011-02-25,10.313645362854004,13.62307071685791,13.65556526184082,13.517464637756348,13.533712387084961,61174545
2011-02-28,10.36284351348877,13.688057899475098,13.761170387268066,13.631194114685059,13.71242904663086,68170072
2011-03-01,10.141440391540527,13.395612716674805,13.728675842285156,13.395612716674805,13.728675842285156,130762113
2011-03-02,10.079939842224121,13.31437873840332,13.436230659484863,13.26563835144043,13.379365921020508,82293212
2011-03-03,10.289043426513672,13.590577125549316,13.614947319030762,13.452478408813477,13.460600852966309,103454963
2011-03-04,10.159891128540039,13.419983863830566,13.566205978393555,13.322502136230469,13.566205978393555,129134485
2011-03-07,10.092239379882812,13.330625534057617,13.517464637756348,13.273760795593262,13.452478408813477,85241580
2011-03-08,10.313645362854004,13.62307071685791,13.647440910339355,13.387490272521973,13.387490272521973,98070200
2011-03-09,10.313645362854004,13.62307071685791,13.688057899475098,13.517464637756348,13.614947319030762,87131903
2011-03-10,10.104540824890137,13.346872329711914,13.468725204467773,13.31437873840332,13.460600852966309,114185344
2011-03-11,10.17219066619873,13.436230659484863,13.476847648620605,13.26563835144043,13.26563835144043,107898504
2011-03-14,10.079939842224121,13.31437873840332,13.37124252319336,13.200650215148926,13.330625534057617,86120391
2011-03-15,9.963088035583496,13.160032272338867,13.225020408630371,12.92445182800293,12.973193168640137,127169809
2011-03-16,9.778585433959961,12.916328430175781,13.192525863647461,12.826970100402832,13.176279067993164,214034093
2011-03-17,9.895437240600586,13.070673942565918,13.111291885375977,12.916328430175781,13.09504508972168,120224753
2011-03-18,10.032328605651855,13.216897010803223,13.322502136230469,13.160032272338867,13.208772659301758,207386693
2011-03-21,10.081656455993652,13.281885147094727,13.37124252319336,13.208772659301758,13.363119125366211,95996704
2011-03-22,10.026158332824707,13.208772659301758,13.290007591247559,13.200650215148926,13.281885147094727,56765349
2011-03-23,10.001492500305176,13.176279067993164,13.216897010803223,13.013810157775879,13.168155670166016,79906795
2011-03-24,10.050825119018555,13.241267204284668,13.249390602111816,13.086920738220215,13.208772659301758,76789780
2011-03-25,10.075489044189453,13.273760795593262,13.322502136230469,13.208772659301758,13.257513999938965,55517238
2011-03-28,10.044661521911621,13.23314380645752,13.322502136230469,13.225020408630371,13.281885147094727,39245265
2011-03-29,10.063156127929688,13.257513999938965,13.26563835144043,13.127538681030273,13.208772659301758,46897284
2011-03-30,10.143316268920898,13.363119125366211,13.411860466003418,13.281885147094727,13.322502136230469,75779991
2011-03-31,10.106322288513184,13.31437873840332,13.346872329711914,13.26563835144043,13.281885147094727,60843037
2011-04-01,10.192647933959961,13.428107261657715,13.48497200012207,13.37124252319336,13.40373706817627,80709407
2011-04-04,10.180317878723145,13.411860466003418,13.48497200012207,13.354995727539062,13.428107261657715,47174874
2011-04-05,10.174145698547363,13.40373706817627,13.444354057312012,13.346872329711914,13.379365921020508,47211312
2011-04-06,10.291303634643555,13.558082580566406,13.57433032989502,13.419983863830566,13.460600852966309,81798227
2011-04-07,10.241973876953125,13.493095397949219,13.606823921203613,13.452478408813477,13.549959182739258,60873442
2011-04-08,10.149481773376465,13.37124252319336,13.582452774047852,13.338748931884766,13.558082580566406,73274290
2011-04-11,10.149481773376465,13.37124252319336,13.468725204467773,13.338748931884766,13.387490272521973,49493463
2011-04-12,10.112485885620117,13.322502136230469,13.40373706817627,13.23314380645752,13.290007591247559,78789416
2011-04-13,10.038493156433105,13.225020408630371,13.428107261657715,13.176279067993164,13.428107261657715,94654914
2011-04-14,9.946002960205078,13.103167533874512,13.143786430358887,13.038180351257324,13.119415283203125,72457522
2011-04-15,9.952167510986328,13.111291885375977,13.200650215148926,13.078798294067383,13.160032272338867,64317165
2011-04-18,9.816512107849121,12.932575225830078,12.981315612792969,12.851340293884277,12.965068817138672,102992477
2011-04-19,9.847339630126953,12.973193168640137,13.005685806274414,12.883833885192871,12.997563362121582,72236188
2011-04-20,9.872007369995117,13.005685806274414,13.078798294067383,12.95694637298584,13.070673942565918,78296032
2011-04-21,9.927501678466797,13.078798294067383,13.103167533874512,12.989439010620117,13.070673942565918,54159938
2011-04-25,9.91517162322998,13.06255054473877,13.111291885375977,13.046303749084473,13.054427146911621,37023310
2011-04-26,9.97683334350586,13.143786430358887,13.168155670166016,13.070673942565918,13.111291885375977,61796200
2011-04-27,10.038493156433105,13.225020408630371,13.257513999938965,13.078798294067383,13.176279067993164,69756092
2011-04-28,10.11865234375,13.330625534057617,13.354995727539062,13.200650215148926,13.208772659301758,53786206
2011-04-29,10.1001558303833,13.306255340576172,13.322502136230469,13.249390602111816,13.322502136230469,30507750
2011-05-02,10.056992530822754,13.249390602111816,13.37124252319336,13.23314380645752,13.354995727539062,51127862
2011-05-03,10.1001558303833,13.306255340576172,13.338748931884766,13.208772659301758,13.216897010803223,85342891
2011-05-04,10.013830184936523,13.192525863647461,13.322502136230469,13.160032272338867,13.31437873840332,112329858
2011-05-05,9.884336471557617,13.021932601928711,13.160032272338867,12.981315612792969,13.127538681030273,103157800
2011-05-06,9.93366813659668,13.086920738220215,13.216897010803223,13.046303749084473,13.160032272338867,102177678
2011-05-09,9.909003257751465,13.054427146911621,13.086920738220215,12.989439010620117,13.046303749084473,47858203
2011-05-10,10.001492500305176,13.176279067993164,13.200650215148926,13.070673942565918,13.078798294067383,69163243
2011-05-11,9.865840911865234,12.997563362121582,13.160032272338867,12.981315612792969,13.143786430358887,97156183
2011-05-12,9.865840911865234,12.997563362121582,13.013810157775879,12.851340293884277,12.965068817138672,78830655
2011-05-13,9.724019050598145,12.810723304748535,13.021932601928711,12.794475555419922,12.997563362121582,82158787
2011-05-16,9.711687088012695,12.794475555419922,12.940698623657227,12.729488372802734,12.75385856628418,89906208
2011-05-17,9.78568172454834,12.891958236694336,12.900080680847168,12.737611770629883,12.745735168457031,98470152
2011-05-18,9.828842163085938,12.948822021484375,12.95694637298584,12.835092544555664,12.883833885192871,60153554
2011-05-19,9.828842163085938,12.948822021484375,13.005685806274414,12.900080680847168,12.997563362121582,64194311
2011-05-20,9.693188667297363,12.770106315612793,12.965068817138672,12.75385856628418,12.908205032348633,89394728
2011-05-23,9.55753231048584,12.591388702392578,12.680747032165527,12.591388702392578,12.61575984954834,93564986
2011-05-24,9.54520034790039,12.575141906738281,12.648253440856934,12.502031326293945,12.63200569152832,79566054
2011-05-25,9.551366806030273,12.583266258239746,12.656376838684082,12.510153770446777,12.510153770446777,85723147
2011-05-26,9.600699424743652,12.648253440856934,12.696993827819824,12.526400566101074,12.550771713256836,84613647
2011-05-27,9.668523788452148,12.737611770629883,12.794475555419922,12.680747032165527,12.688871383666992,61971741
2011-05-31,9.767183303833008,12.867587089538574,12.908205032348633,12.778228759765625,12.875711441040039,80145486
2011-06-01,9.440378189086914,12.437043190002441,12.826970100402832,12.420796394348145,12.818845748901367,148857321
2011-06-02,9.446540832519531,12.44516658782959,12.534524917602539,12.35580825805664,12.453289985656738,165873188
2011-06-03,9.384882926940918,12.363931655883789,12.502031326293945,12.290820121765137,12.307066917419434,119706995
2011-06-06,9.206062316894531,12.128351211547852,12.331438064575195,12.095856666564941,12.307066917419434,145434772
2011-06-07,9.187564849853516,12.103981018066406,12.258326530456543,12.08773422241211,12.217708587646484,97768974
2011-06-08,9.101237297058105,11.990251541137695,12.144598007202148,11.96588134765625,12.071487426757812,102198851
2011-06-09,9.206062316894531,12.128351211547852,12.177091598510742,11.982128143310547,12.01462173461914,73352336
2011-06-10,9.144401550292969,12.04711627960205,12.152721405029297,11.8765230178833,12.071487426757812,181570161
2011-06-13,9.236892700195312,12.168968200683594,12.201461791992188,12.022746086120605,12.095856666564941,117670798
2011-06-14,9.286221504211426,12.233956336975098,12.339561462402344,12.201461791992188,12.282696723937988,104946689
2011-06-15,9.082744598388672,11.96588134765625,12.152721405029297,11.884647369384766,12.103981018066406,188730642
2011-06-16,9.132068634033203,12.030868530273438,12.112104415893555,11.900894165039062,11.957757949829102,165893253
2011-06-17,9.214372634887695,12.095856666564941,12.144598007202148,12.038992881774902,12.120226860046387,100420179
2011-06-20,9.208186149597168,12.08773422241211,12.160844802856445,11.998374938964844,12.038992881774902,66083650
2011-06-21,9.33813762664795,12.258326530456543,12.282696723937988,12.08773422241211,12.160844802856445,95554282
2011-06-22,9.282444953918457,12.18521499633789,12.339561462402344,12.168968200683594,12.209586143493652,106150238
2011-06-23,9.189620018005371,12.063363075256348,12.095856666564941,11.91714096069336,12.038992881774902,127233698
2011-06-24,9.133928298950195,11.990251541137695,12.095856666564941,11.925264358520508,12.071487426757812,91530513
2011-06-27,9.226751327514648,12.112104415893555,12.152721405029297,11.974004745483398,11.974004745483398,61283489
2011-06-28,9.270069122314453,12.168968200683594,12.168968200683594,12.08773422241211,12.168968200683594,58644594
2011-06-29,9.461905479431152,12.420796394348145,12.437043190002441,12.250203132629395,12.282696723937988,111616001
2011-06-30,9.499035835266113,12.469536781311035,12.518278121948242,12.35580825805664,12.461413383483887,92703779
2011-07-01,9.6723051071167,12.696993827819824,12.721364974975586,12.44516658782959,12.44516658782959,77715000
2011-07-05,9.585670471191406,12.583266258239746,12.672623634338379,12.526400566101074,12.66450023651123,100972036
2011-07-06,9.536163330078125,12.518278121948242,12.526400566101074,12.420796394348145,12.49390697479248,66252174
2011-07-07,9.690871238708496,12.721364974975586,12.75385856628418,12.656376838684082,12.672623634338379,55920391
2011-07-08,9.567106246948242,12.558895111083984,12.558895111083984,12.469536781311035,12.526400566101074,76580879
2011-07-11,9.307197570800781,12.217708587646484,12.3964262008667,12.160844802856445,12.388301849365234,107713485
2011-07-12,9.270069122314453,12.168968200683594,12.339561462402344,12.152721405029297,12.168968200683594,79766707
2011-07-13,9.27625560760498,12.177091598510742,12.35580825805664,12.160844802856445,12.242079734802246,105923365
2011-07-14,9.208186149597168,12.08773422241211,12.290820121765137,12.079609870910645,12.282696723937988,150775588
2011-07-15,9.189620018005371,12.063363075256348,12.18521499633789,11.96588134765625,12.18521499633789,132402790
2011-07-18,9.065855026245117,11.900894165039062,12.01462173461914,11.76279354095459,11.998374938964844,137133277
2011-07-19,9.17724323272705,12.04711627960205,12.079609870910645,11.900894165039062,11.941511154174805,134575505
2011-07-20,9.282444953918457,12.18521499633789,12.242079734802246,12.103981018066406,12.112104415893555,118538406
2011-07-21,9.505221366882324,12.477660179138184,12.518278121948242,12.307066917419434,12.315191268920898,189235844
2011-07-22,9.480469703674316,12.44516658782959,12.510153770446777,12.388301849365234,12.502031326293945,60323309
2011-07-25,9.412395477294922,12.35580825805664,12.3964262008667,12.250203132629395,12.32331371307373,78466525
2011-07-26,9.400022506713867,12.339561462402344,12.404548645019531,12.274574279785156,12.331438064575195,113040637
2011-07-27,9.17724323272705,12.04711627960205,12.282696723937988,12.030868530273438,12.282696723937988,151973351
2011-07-28,9.183431625366211,12.0552396774292,12.193339347839355,12.022746086120605,12.071487426757812,80068056
2011-07-29,9.158679008483887,12.022746086120605,12.144598007202148,11.884647369384766,11.925264358520508,98119563
2011-08-01,9.127737045288086,11.982128143310547,12.209586143493652,11.8765230178833,12.209586143493652,91890703
2011-08-02,8.880203247070312,11.65718936920166,11.941511154174805,11.649065971374512,11.900894165039062,142203889
2011-08-03,8.923521995544434,11.714054107666016,11.730300903320312,11.478472709655762,11.673436164855957,150485442
2011-08-04,8.47177791595459,11.121040344238281,11.608448028564453,11.09666919708252,11.575955390930176,228842654
2011-08-05,8.310881614685059,10.909829139709473,11.299756050109863,10.69861888885498,11.23476791381836,220311208
2011-08-08,7.524968147277832,9.878148078918457,10.796100616455078,9.78066635131836,10.552395820617676,320107763
2011-08-09,8.106667518615723,10.641755104064941,10.641755104064941,9.78066635131836,10.178715705871582,203780725
2011-08-10,7.543529987335205,9.902518272399902,10.398050308227539,9.86190128326416,10.38992691040039,333138883
2011-08-11,7.964336395263672,10.454915046691895,10.658001899719238,9.943136215209961,10.048741340637207,342125552
2011-08-12,7.908642292022705,10.381802558898926,10.820470809936523,10.30869197845459,10.666125297546387,167083138
2011-08-15,8.162362098693848,10.714865684509277,10.722989082336426,10.511778831481934,10.511778831481934,140239829
2011-08-16,8.001465797424316,10.503656387329102,10.682372093200684,10.414297103881836,10.552395820617676,128292974
2011-08-17,8.050971984863281,10.568642616271973,10.706742286682129,10.47928524017334,10.584890365600586,117996766
2011-08-18,7.661110877990723,10.056863784790039,10.211210250854492,9.943136215209961,10.203086853027344,208364107
2011-08-19,7.506403923034668,9.853776931762695,10.203086853027344,9.82940673828125,9.886271476745605,155535619
2011-08-22,7.413580894470215,9.731925010681152,10.121851921081543,9.707554817199707,10.113728523254395,127443091
2011-08-23,7.654922008514404,10.048741340637207,10.048741340637207,9.593826293945312,9.740049362182617,170500517
2011-08-24,7.859136581420898,10.316816329956055,10.341185569763184,10.0,10.048741340637207,161958977
2011-08-25,7.8343825340271,10.284321784973145,10.828595161437988,10.146223068237305,10.690496444702148,234626754
2011-08-26,7.90245246887207,10.373680114746094,10.463038444519043,10.0,10.178715705871582,121201429
2011-08-29,8.23043441772461,10.804224014282227,10.820470809936523,10.552395820617676,10.56052017211914,119732353
2011-08-30,8.174737930297852,10.73111343383789,10.820470809936523,10.576766967773438,10.73111343383789,107048376
2011-08-31,8.279942512512207,10.86921215057373,10.950447082519531,10.763607025146484,10.828595161437988,107177384
2011-09-01,8.094292640686035,10.625508308410645,10.901705741882324,10.609260559082031,10.861088752746582,123459575
2011-09-02,7.760121822357178,10.186840057373047,10.365555763244629,10.162469863891602,10.30869197845459,131594516
2011-09-06,7.623981952667236,10.008123397827148,10.032493591308594,9.821284294128418,9.82940673828125,138630665
2011-09-07,7.989090442657471,10.487408638000488,10.503656387329102,9.837530136108398,10.21933364868164,141058813
2011-09-08,7.815818786621094,10.259950637817383,10.463038444519043,10.227457046508789,10.341185569763184,104926993
2011-09-09,7.568284511566162,9.935011863708496,10.203086853027344,9.894394874572754,10.13809871673584,158558709
2011-09-12,7.654922008514404,10.048741340637207,10.064988136291504,9.74817180633545,9.764418601989746,144663304
2011-09-13,7.7044267654418945,10.113728523254395,10.227457046508789,10.0,10.113728523254395,121317389
2011-09-14,7.797251224517822,10.235581398010254,10.357433319091797,9.983753204345703,10.21933364868164,124639242
2011-09-15,7.995279312133789,10.495532035827637,10.503656387329102,10.292445182800293,10.349309921264648,128471592
2011-09-16,8.020124435424805,10.487408638000488,10.593013763427734,10.316816329956055,10.503656387329102,97875333
2011-09-19,7.802694797515869,10.203086853027344,10.292445182800293,10.113728523254395,10.268074989318848,127818546
2011-09-20,7.77784538269043,10.17059326171875,10.341185569763184,10.17059326171875,10.25182819366455,68153453
2011-09-21,7.392678260803223,9.666936874389648,10.21933364868164,9.666936874389648,10.194963455200195,147554800
2011-09-22,7.181460380554199,9.390739440917969,9.512591361999512,9.21202278137207,9.43947982788086,251432981
2011-09-23,7.256011486053467,9.488221168518066,9.528838157653809,9.309503555297852,9.325751304626465,146697901
2011-09-26,7.5790510177612305,9.91064167022705,9.926889419555664,9.536961555480957,9.618197441101074,136811863
2011-09-27,7.616325378417969,9.959383010864258,10.235581398010254,9.870023727416992,10.13809871673584,173008556
2011-09-28,7.398892879486084,9.675061225891113,10.032493591308594,9.658814430236816,9.975629806518555,126402158
2011-09-29,7.6039018630981445,9.943136215209961,10.008123397827148,9.675061225891113,9.926889419555664,126952784
2011-09-30,7.336771488189697,9.593826293945312,9.837530136108398,9.585702896118164,9.764418601989746,118365943
2011-10-03,7.007515907287598,9.16328239440918,9.699431419372559,9.147034645080566,9.52071475982666,197426303
2011-10-04,7.287068843841553,9.528838157653809,9.561331748962402,8.895207405090332,9.041430473327637,275785977
2011-10-05,7.392678260803223,9.666936874389648,9.723801612854004,9.317627906799316,9.504467964172363,148534060
2011-10-06,7.622542381286621,9.967506408691406,9.983753204345703,9.488221168518066,9.618197441101074,171494180
2011-10-07,7.349196910858154,9.61007308959961,10.024370193481445,9.593826293945312,10.024370193481445,189703501
2011-10-10,7.728146076202393,10.105605125427246,10.105605125427246,9.837530136108398,9.845653533935547,121636587
2011-10-11,7.7219343185424805,10.097481727600098,10.178715705871582,9.935011863708496,9.975629806518555,118209237
2011-10-12,7.920730113983154,10.357433319091797,10.52802562713623,10.194963455200195,10.211210250854492,156456284
2011-10-13,7.734357833862305,10.113728523254395,10.227457046508789,9.975629806518555,10.203086853027344,143400298
2011-10-14,7.827543258666992,10.235581398010254,10.316816329956055,10.064988136291504,10.259950637817383,149084564
2011-10-17,7.585263729095459,9.9187650680542,10.178715705871582,9.894394874572754,10.154346466064453,108158491
2011-10-18,7.945580959320068,10.38992691040039,10.519903182983398,9.926889419555664,10.0,226470024
2011-10-19,7.833757400512695,10.243703842163086,10.568642616271973,10.203086853027344,10.398050308227539,163000772
2011-10-20,7.951789855957031,10.398050308227539,10.438668251037598,10.113728523254395,10.243703842163086,152230261
2011-10-21,8.156798362731934,10.666125297546387,10.682372093200684,10.495532035827637,10.544273376464844,210757910
2011-10-24,8.336956024169922,10.901705741882324,10.92607593536377,10.682372093200684,10.69861888885498,125120194
2011-10-25,8.08846378326416,10.576766967773438,10.771730422973633,10.503656387329102,10.763607025146484,169801678
2011-10-26,8.231348037719727,10.763607025146484,10.828595161437988,10.544273376464844,10.747360229492188,167673895
2011-10-27,8.722122192382812,11.40536117553711,11.510967254638672,11.112915992736816,11.283509254455566,286446930
2011-10-28,8.728331565856934,11.413484573364258,11.4541015625,11.251014709472656,11.340373992919922,167421540
2011-10-31,8.386653900146484,10.966693878173828,11.210397720336914,10.950447082519531,11.137287139892578,135847497
2011-11-01,7.989065170288086,10.44679069519043,10.722989082336426,10.4224214553833,10.430543899536133,263955821
2011-11-02,8.225135803222656,10.75548267364502,10.78797721862793,10.568642616271973,10.706742286682129,141886414
2011-11-03,8.36801815032959,10.942322731018066,10.982940673828125,10.56052017211914,10.893582344055176,137635648
2011-11-04,8.256196975708008,10.796100616455078,10.828595161437988,10.658001899719238,10.812348365783691,114088957
2011-11-07,8.299680709838867,10.852965354919434,10.861088752746582,10.658001899719238,10.763607025146484,101449664
2011-11-08,8.45499324798584,11.056052207946777,11.088545799255371,10.812348365783691,10.958569526672363,140400105
2011-11-09,7.995279312133789,10.454915046691895,10.763607025146484,10.4224214553833,10.739235877990723,144136559
2011-11-10,8.032549858093262,10.503656387329102,10.641755104064941,10.4224214553833,10.633630752563477,175243190
2011-11-11,8.225135803222656,10.75548267364502,10.804224014282227,10.674248695373535,10.682372093200684,113960564
2011-11-14,8.057402610778809,10.536149024963379,10.682372093200684,10.463038444519043,10.666125297546387,77723247
2011-11-15,8.094674110412598,10.584890365600586,10.666125297546387,10.4224214553833,10.454915046691895,110939567
2011-11-16,7.895881175994873,10.324938774108887,10.56052017211914,10.300568580627441,10.463038444519043,112264861
2011-11-17,7.740572929382324,10.121851921081543,10.357433319091797,10.048741340637207,10.316816329956055,178507556
2011-11-18,7.765423774719238,10.154346466064453,10.211210250854492,10.08935832977295,10.17059326171875,104695565
2011-11-21,7.572836875915527,9.902518272399902,9.983753204345703,9.82940673828125,9.959383010864258,120345391
2011-11-22,7.504504680633545,9.813159942626953,9.951258659362793,9.796913146972656,9.91064167022705,81508942
2011-11-23,7.299495697021484,9.545084953308105,9.707554817199707,9.528838157653809,9.707554817199707,101619666
2011-11-25,7.318132400512695,9.569456100463867,9.723801612854004,9.528838157653809,9.545084953308105,39104069
2011-11-28,7.535562992095947,9.853776931762695,9.951258659362793,9.74817180633545,9.943136215209961,84348120
2011-11-29,7.498291492462158,9.805036544799805,9.9187650680542,9.772542953491211,9.845653533935547,78328776
2011-11-30,7.958001613616943,10.406173706054688,10.454915046691895,10.113728523254395,10.162469863891602,168795212
2011-12-01,7.9145188331604,10.349309921264648,10.38992691040039,10.227457046508789,10.349309921264648,84288047
2011-12-02,8.020124435424805,10.487408638000488,10.682372093200684,10.454915046691895,10.454915046691895,157736524
2011-12-05,8.181648254394531,10.69861888885498,10.828595161437988,10.609260559082031,10.682372093200684,124016480
2011-12-06,8.187860488891602,10.706742286682129,10.771730422973633,10.576766967773438,10.641755104064941,69770618
2011-12-07,8.28725528717041,10.83671760559082,10.86921215057373,10.544273376464844,10.61738395690918,112741751
2011-12-08,7.964215278625488,10.414297103881836,10.722989082336426,10.381802558898926,10.722989082336426,150280849
2011-12-09,8.138160705566406,10.641755104064941,10.69861888885498,10.495532035827637,10.519903182983398,120871398
2011-12-12,7.945580959320068,10.38992691040039,10.495532035827637,10.300568580627441,10.487408638000488,120333328
2011-12-13,7.833757400512695,10.243703842163086,10.519903182983398,10.113728523254395,10.47928524017334,149126787
2011-12-14,7.802694797515869,10.203086853027344,10.324938774108887,10.113728523254395,10.129976272583008,117957251
2011-12-15,7.808903694152832,10.211210250854492,10.373680114746094,10.194963455200195,10.357433319091797,75845726
2011-12-16,7.840167999267578,10.186840057373047,10.333063125610352,10.154346466064453,10.235581398010254,122441784
2011-12-19,7.665108680725098,9.959383010864258,10.227457046508789,9.9187650680542,10.211210250854492,81936099
2011-12-20,7.952707290649414,10.333063125610352,10.381802558898926,10.13809871673584,10.146223068237305,126622630
2011-12-21,7.996471881866455,10.38992691040039,10.414297103881836,10.243703842163086,10.333063125610352,98054074
2011-12-22,8.165279388427734,10.609260559082031,10.633630752563477,10.4224214553833,10.463038444519043,79959605
2011-12-23,8.22154426574707,10.682372093200684,10.69861888885498,10.584890365600586,10.658001899719238,37730396
2011-12-27,8.17778491973877,10.625508308410645,10.73111343383789,10.61738395690918,10.641755104064941,33277869
2011-12-28,8.046485900878906,10.454915046691895,10.633630752563477,10.44679069519043,10.633630752563477,52844368
2011-12-29,8.17153263092041,10.61738395690918,10.625508308410645,10.47928524017334,10.487408638000488,46397867
2011-12-30,8.127767562866211,10.56052017211914,10.61738395690918,10.552395820617676,10.584890365600586,34132060
2012-01-03,8.340339660644531,10.83671760559082,10.942322731018066,10.779853820800781,10.78797721862793,103362023
2012-01-04,8.315326690673828,10.804224014282227,10.844841957092285,10.682372093200684,10.75548267364502,69833891
2012-01-05,8.42786693572998,10.950447082519531,11.00731086730957,10.658001899719238,10.706742286682129,89935260
2012-01-06,8.377851486206055,10.885458946228027,10.958569526672363,10.812348365783691,10.958569526672363,83878617
2012-01-09,8.42161750793457,10.942322731018066,10.991064071655273,10.86921215057373,10.92607593536377,69189586
2012-01-10,8.57166576385498,11.137287139892578,11.17790412902832,11.06417465209961,11.112915992736816,86035082
2012-01-11,8.671700477600098,11.26726245880127,11.275385856628418,11.047928810119629,11.088545799255371,80938989
2012-01-12,8.702964782714844,11.307880401611328,11.372867584228516,11.169780731201172,11.31600284576416,94107119
2012-01-13,8.6404390335083,11.226645469665527,11.23476791381836,11.031682014465332,11.080422401428223,95008949
2012-01-17,8.57166576385498,11.137287139892578,11.34849739074707,11.09666919708252,11.23476791381836,89019642
2012-01-18,8.702964782714844,11.307880401611328,11.324127197265625,11.06417465209961,11.112915992736816,118473902
2012-01-19,8.7842378616333,11.413484573364258,11.4541015625,11.364744186401367,11.421607971191406,131377244
2012-01-20,8.840509414672852,11.48659610748291,11.502842903137207,11.340373992919922,11.372867584228516,114827311
2012-01-23,8.871771812438965,11.527214050292969,11.608448028564453,11.4541015625,11.494720458984375,99325943
2012-01-24,8.859264373779297,11.510967254638672,11.527214050292969,11.356620788574219,11.413484573364258,80650073
2012-01-25,8.878022193908691,11.535337448120117,11.567831039428711,11.40536117553711,11.445979118347168,103761975
2012-01-26,8.802997589111328,11.437854766845703,11.649065971374512,11.372867584228516,11.592201232910156,104215475
2012-01-27,8.834258079528809,11.478472709655762,11.519089698791504,11.356620788574219,11.372867584228516,103542364
2012-01-30,8.752981185913086,11.372867584228516,11.397237777709961,11.275385856628418,11.34849739074707,71714490
2012-01-31,8.79049301147461,11.421607971191406,11.462225914001465,11.340373992919922,11.445979118347168,82584343
2012-02-01,8.92803955078125,11.600324630737305,11.681559562683105,11.519089698791504,11.519089698791504,87912357
2012-02-02,8.971802711486816,11.65718936920166,11.70592975616455,11.575955390930176,11.640941619873047,65660186
2012-02-03,9.21563720703125,11.974004745483398,11.974004745483398,11.835906028747559,11.852152824401855,106830735
2012-02-06,9.171871185302734,11.91714096069336,11.925264358520508,11.844029426574707,11.900894165039062,55279655
2012-02-07,9.165618896484375,11.909016609191895,11.949633598327637,11.819659233093262,11.868399620056152,56189611
2012-02-08,9.234393119812012,11.998374938964844,11.998374938964844,11.884647369384766,11.925264358520508,66141999
2012-02-09,9.196884155273438,11.949633598327637,12.071487426757812,11.884647369384766,12.04711627960205,95860801
2012-02-10,9.10935115814209,11.835906028747559,11.852152824401855,11.770917892456055,11.819659233093262,79561623
2012-02-13,9.190628051757812,11.941511154174805,11.982128143310547,11.909016609191895,11.96588134765625,57901562
2012-02-14,9.103096961975098,11.827781677246094,11.892769813537598,11.714054107666016,11.884647369384766,99205059
2012-02-15,9.046830177307129,11.754671096801758,11.91714096069336,11.722176551818848,11.860276222229004,93529534
2012-02-16,9.190628051757812,11.941511154174805,11.941511154174805,11.689682960510254,11.730300903320312,96074380
2012-02-17,9.24689769744873,12.01462173461914,12.030868530273438,11.949633598327637,11.974004745483398,75672648
2012-02-21,9.240644454956055,12.006499290466309,12.079609870910645,11.957757949829102,12.022746086120605,78483021
2012-02-22,9.121853828430176,11.852152824401855,11.990251541137695,11.844029426574707,11.949633598327637,91890457
2012-02-23,9.203134536743164,11.957757949829102,11.957757949829102,11.811534881591797,11.852152824401855,63968915
2012-02-24,9.171871185302734,11.91714096069336,11.998374938964844,11.884647369384766,11.982128143310547,63090473
2012-02-27,9.240644454956055,12.006499290466309,12.038992881774902,11.76279354095459,11.811534881591797,76146583
2012-02-28,9.265652656555176,12.038992881774902,12.071487426757812,11.949633598327637,12.030868530273438,64479411
2012-02-29,9.228141784667969,11.990251541137695,12.152721405029297,11.957757949829102,12.04711627960205,115620690
2012-03-01,9.328169822692871,12.120226860046387,12.160844802856445,12.01462173461914,12.022746086120605,81546487
2012-03-02,9.296914100646973,12.079609870910645,12.152721405029297,12.063363075256348,12.120226860046387,58846847
2012-03-05,9.2593994140625,12.030868530273438,12.04711627960205,11.96588134765625,12.04711627960205,63542127
2012-03-06,9.034324645996094,11.738424301147461,11.8765230178833,11.697807312011719,11.844029426574707,115379168
2012-03-07,9.146865844726562,11.884647369384766,11.900894165039062,11.76279354095459,11.787164688110352,82887662
2012-03-08,9.234393119812012,11.998374938964844,12.022746086120605,11.900894165039062,11.96588134765625,84296787
2012-03-09,9.309419631958008,12.095856666564941,12.160844802856445,12.01462173461914,12.038992881774902,91179308
2012-03-12,9.284409523010254,12.063363075256348,12.103981018066406,11.974004745483398,12.095856666564941,69292990
2012-03-13,9.64078140258789,12.526400566101074,12.542648315429688,12.144598007202148,12.160844802856445,226592263
2012-03-14,9.65328598022461,12.542648315429688,12.591388702392578,12.412672996520996,12.550771713256836,160538280
2012-03-15,9.822098731994629,12.761981964111328,12.78635311126709,12.485783576965332,12.591388702392578,162857361
2012-03-16,9.859726905822754,12.770106315612793,12.802599906921387,12.696993827819824,12.778228759765625,102174477
2012-03-19,9.909902572631836,12.835092544555664,12.973193168640137,12.721364974975586,12.770106315612793,139045389
2012-03-20,9.960079193115234,12.900080680847168,12.932575225830078,12.729488372802734,12.75385856628418,108827047
2012-03-21,9.91617488861084,12.843216896057129,12.95694637298584,12.810723304748535,12.948822021484375,93343529
2012-03-22,9.784462928771973,12.672623634338379,12.761981964111328,12.61575984954834,12.721364974975586,130459287
2012-03-23,9.865994453430176,12.778228759765625,12.794475555419922,12.56701946258545,12.648253440856934,90967946
2012-03-26,10.022801399230957,12.981315612792969,12.981315612792969,12.851340293884277,12.900080680847168,95005010
2012-03-27,9.928718566894531,12.859463691711426,13.005685806274414,12.843216896057129,12.965068817138672,104557816
2012-03-28,9.95380973815918,12.891958236694336,12.92445182800293,12.745735168457031,12.859463691711426,129709978
2012-03-29,9.85345458984375,12.761981964111328,12.826970100402832,12.648253440856934,12.794475555419922,126585577
2012-03-30,9.909902572631836,12.835092544555664,12.851340293884277,12.713240623474121,12.843216896057129,73690122
2012-04-02,9.985174179077148,12.932575225830078,12.989439010620117,12.75385856628418,12.778228759765625,110200843
2012-04-03,9.928718566894531,12.859463691711426,12.92445182800293,12.745735168457031,12.900080680847168,129060871
2012-04-04,9.771913528442383,12.656376838684082,12.745735168457031,12.599513053894043,12.713240623474121,104199472
2012-04-05,9.746829986572266,12.623883247375488,12.705118179321289,12.56701946258545,12.591388702392578,71652078
2012-04-09,9.596301078796387,12.428919792175293,12.49390697479248,12.347684860229492,12.380179405212402,109181083
2012-04-10,9.38931655883789,12.160844802856445,12.469536781311035,12.144598007202148,12.412672996520996,145531651
2012-04-11,9.539849281311035,12.35580825805664,12.404548645019531,12.298944473266602,12.331438064575195,91447666
2012-04-12,9.715465545654297,12.583266258239746,12.599513053894043,12.347684860229492,12.388301849365234,107650211
2012-04-13,9.48967170715332,12.290820121765137,12.558895111083984,12.266449928283691,12.558895111083984,114048334
2012-04-16,9.558664321899414,12.380179405212402,12.461413383483887,12.274574279785156,12.404548645019531,138138881
2012-04-17,9.684111595153809,12.542648315429688,12.591388702392578,12.428919792175293,12.49390697479248,81803766
2012-04-18,9.621386528015137,12.461413383483887,12.56701946258545,12.44516658782959,12.461413383483887,65399829
2012-04-19,9.577484130859375,12.404548645019531,12.534524917602539,12.315191268920898,12.534524917602539,131280980
2012-04-20,9.52730655670166,12.339561462402344,12.461413383483887,12.331438064575195,12.461413383483887,68882944
2012-04-23,9.458311080932617,12.250203132629395,12.258326530456543,12.120226860046387,12.144598007202148,91121944
2012-04-24,9.56493854522705,12.388301849365234,12.388301849365234,12.258326530456543,12.258326530456543,76151999
2012-04-25,9.646471977233887,12.49390697479248,12.526400566101074,12.380179405212402,12.477660179138184,91385378
2012-04-26,9.728011131286621,12.599513053894043,12.63200569152832,12.44516658782959,12.453289985656738,58432862
2012-04-27,9.73429012298584,12.607636451721191,12.66450023651123,12.518278121948242,12.656376838684082,59668663
2012-04-30,9.677834510803223,12.534524917602539,12.583266258239746,12.453289985656738,12.558895111083984,71007527
2012-05-01,9.77818775177002,12.66450023651123,12.761981964111328,12.518278121948242,12.534524917602539,103766530
2012-05-02,9.702922821044922,12.56701946258545,12.599513053894043,12.469536781311035,12.575141906738281,69602094
2012-05-03,9.621386528015137,12.461413383483887,12.583266258239746,12.412672996520996,12.575141906738281,104392985
2012-05-04,9.470856666564941,12.266449928283691,12.404548645019531,12.217708587646484,12.363931655883789,95088718
2012-05-07,9.52730655670166,12.339561462402344,12.380179405212402,12.18521499633789,12.18521499633789,101873252
2012-05-08,9.464583396911621,12.258326530456543,12.315191268920898,12.144598007202148,12.250203132629395,100957018
2012-05-09,9.35796070098877,12.120226860046387,12.209586143493652,12.022746086120605,12.103981018066406,116092656
2012-05-10,9.395590782165527,12.168968200683594,12.298944473266602,12.144598007202148,12.274574279785156,79928091
2012-05-11,9.288962364196777,12.030868530273438,12.144598007202148,11.892769813537598,11.909016609191895,123047067
2012-05-14,9.100801467895508,11.787164688110352,11.91714096069336,11.779041290283203,11.860276222229004,112880977
2012-05-15,9.050623893737793,11.722176551818848,11.868399620056152,11.697807312011719,11.7952880859375,122145975
2012-05-16,8.91891098022461,11.551584243774414,11.860276222229004,11.543460845947266,11.803412437438965,143225373
2012-05-17,8.73702335357666,11.31600284576416,11.551584243774414,11.307880401611328,11.535337448120117,190024423
2012-05-18,8.636661529541016,11.186027526855469,11.356620788574219,11.14540958404541,11.356620788574219,151363760
2012-05-21,8.718206405639648,11.291632652282715,11.364744186401367,11.129162788391113,11.23476791381836,106559053
2012-05-22,8.787199974060059,11.380990982055664,11.567831039428711,11.299756050109863,11.364744186401367,121446767
2012-05-23,8.81855583190918,11.421607971191406,11.445979118347168,11.169780731201172,11.275385856628418,137010300
2012-05-24,8.82483196258545,11.429732322692871,11.494720458984375,11.307880401611328,11.478472709655762,99869922
2012-05-25,8.793474197387695,11.389115333557129,11.48659610748291,11.356620788574219,11.413484573364258,51386864
2012-05-29,8.91891098022461,11.551584243774414,11.559707641601562,11.445979118347168,11.502842903137207,90323886
2012-05-30,8.711932182312012,11.283509254455566,11.437854766845703,11.283509254455566,11.421607971191406,104857811
2012-05-31,8.787199974060059,11.380990982055664,11.478472709655762,11.194150924682617,11.307880401611328,110352133
2012-06-01,8.461048126220703,10.958569526672363,11.17790412902832,10.950447082519531,11.161657333374023,124009217
2012-06-04,8.379515647888184,10.852965354919434,11.00731086730957,10.804224014282227,11.00731086730957,97012771
2012-06-05,8.517498970031738,11.031682014465332,11.056052207946777,10.820470809936523,10.828595161437988,123895103
2012-06-06,8.768383979797363,11.356620788574219,11.364744186401367,11.09666919708252,11.14540958404541,120034933
2012-06-07,8.76211166381836,11.34849739074707,11.567831039428711,11.31600284576416,11.527214050292969,114277300
2012-06-08,8.868733406066895,11.48659610748291,11.48659610748291,11.226645469665527,11.307880401611328,74612757
2012-06-11,8.705659866333008,11.275385856628418,11.640941619873047,11.259139060974121,11.632819175720215,126832761
2012-06-12,8.83737850189209,11.445979118347168,11.4541015625,11.202275276184082,11.299756050109863,105210246
2012-06-13,8.806017875671387,11.40536117553711,11.559707641601562,11.34849739074707,11.389115333557129,118488551
2012-06-14,8.912640571594238,11.543460845947266,11.600324630737305,11.397237777709961,11.429732322692871,127557943
2012-06-15,9.037423133850098,11.649065971374512,11.65718936920166,11.470349311828613,11.551584243774414,104497005
2012-06-18,8.987007141113281,11.584077835083008,11.681559562683105,11.527214050292969,11.575955390930176,83680426
2012-06-19,9.138260841369629,11.779041290283203,11.835906028747559,11.649065971374512,11.65718936920166,79604585
2012-06-20,9.1571683883667,11.803412437438965,11.884647369384766,11.689682960510254,11.803412437438965,108411585
2012-06-21,8.955492973327637,11.543460845947266,11.884647369384766,11.519089698791504,11.827781677246094,88837454
2012-06-22,9.037423133850098,11.649065971374512,11.689682960510254,11.584077835083008,11.62469482421875,55259836
2012-06-25,8.848355293273926,11.40536117553711,11.48659610748291,11.34849739074707,11.478472709655762,62777553
2012-06-26,8.892476081848145,11.462225914001465,11.527214050292969,11.364744186401367,11.4541015625,65826371
2012-06-27,8.999613761901855,11.600324630737305,11.640941619873047,11.4541015625,11.519089698791504,69296314
2012-06-28,8.993308067321777,11.592201232910156,11.600324630737305,11.389115333557129,11.478472709655762,85956791
2012-06-29,9.226493835449219,11.892769813537598,11.900894165039062,11.787164688110352,11.8765230178833,76394260
2012-07-02,9.283211708068848,11.96588134765625,11.982128143310547,11.819659233093262,11.949633598327637,75570598
2012-07-03,9.33363151550293,12.030868530273438,12.063363075256348,11.91714096069336,11.941511154174805,39736188
2012-07-05,9.19498062133789,11.852152824401855,11.974004745483398,11.835906028747559,11.974004745483398,54074506
2012-07-06,9.119356155395508,11.754671096801758,11.7952880859375,11.689682960510254,11.697807312011719,55147815
2012-07-09,9.106752395629883,11.738424301147461,11.779041290283203,11.673436164855957,11.722176551818848,45911499
2012-07-10,9.037423133850098,11.649065971374512,11.860276222229004,11.600324630737305,11.827781677246094,79133604
2012-07-11,9.113049507141113,11.74654769897461,11.787164688110352,11.640941619873047,11.65718936920166,97988216
2012-07-12,9.018518447875977,11.62469482421875,11.697807312011719,11.575955390930176,11.640941619873047,66861519
2012-07-13,9.270609855651855,11.949633598327637,11.96588134765625,11.681559562683105,11.681559562683105,95969252
2012-07-16,9.251702308654785,11.925264358520508,11.974004745483398,11.868399620056152,11.957757949829102,61542737
2012-07-17,9.302119255065918,11.990251541137695,12.006499290466309,11.803412437438965,12.006499290466309,77759685
2012-07-18,9.258003234863281,11.93338680267334,12.006499290466309,11.892769813537598,11.949633598327637,68192230
2012-07-19,9.20128059387207,11.860276222229004,11.982128143310547,11.811534881591797,11.949633598327637,61045906
2012-07-20,9.062633514404297,11.681559562683105,11.779041290283203,11.665312767028809,11.770917892456055,69130498
2012-07-23,8.987007141113281,11.584077835083008,11.616572380065918,11.445979118347168,11.462225914001465,72823006
2012-07-24,8.961795806884766,11.551584243774414,11.616572380065918,11.445979118347168,11.616572380065918,55617072
2012-07-25,8.993308067321777,11.592201232910156,11.65718936920166,11.527214050292969,11.616572380065918,55276209
2012-07-26,9.131957054138184,11.770917892456055,11.803412437438965,11.697807312011719,11.770917892456055,69291513
2012-07-27,9.302119255065918,11.990251541137695,12.063363075256348,11.7952880859375,11.852152824401855,85430785
2012-07-30,9.283211708068848,11.96588134765625,12.038992881774902,11.93338680267334,11.96588134765625,45241343
2012-07-31,9.239096641540527,11.909016609191895,11.96588134765625,11.884647369384766,11.925264358520508,57458525
2012-08-01,9.19498062133789,11.852152824401855,11.998374938964844,11.852152824401855,11.957757949829102,99654866
2012-08-02,9.125653266906738,11.76279354095459,11.844029426574707,11.649065971374512,11.74654769897461,78094271
2012-08-03,9.339935302734375,12.038992881774902,12.103981018066406,11.925264358520508,11.941511154174805,98849054
2012-08-06,9.377748489379883,12.08773422241211,12.177091598510742,12.071487426757812,12.112104415893555,50850271
2012-08-07,9.415556907653809,12.136473655700684,12.233956336975098,12.112104415893555,12.120226860046387,43945346
2012-08-08,9.415556907653809,12.136473655700684,12.18521499633789,12.079609870910645,12.08773422241211,32388964
2012-08-09,9.409255027770996,12.128351211547852,12.193339347839355,12.095856666564941,12.120226860046387,32552810
2012-08-10,9.415556907653809,12.136473655700684,12.160844802856445,12.0552396774292,12.08773422241211,21702038
2012-08-13,9.421865463256836,12.144598007202148,12.160844802856445,12.063363075256348,12.112104415893555,20176829
2012-08-14,9.409255027770996,12.128351211547852,12.233956336975098,12.103981018066406,12.217708587646484,28338974
2012-08-15,9.440770149230957,12.168968200683594,12.209586143493652,12.112104415893555,12.136473655700684,24638834
2012-08-16,9.503792762756348,12.250203132629395,12.282696723937988,12.136473655700684,12.209586143493652,40100933
2012-08-17,9.53530216217041,12.290820121765137,12.298944473266602,12.250203132629395,12.290820121765137,29729389
2012-08-20,9.560510635375977,12.32331371307373,12.331438064575195,12.258326530456543,12.282696723937988,31691726
2012-08-21,9.592022895812988,12.363931655883789,12.49390697479248,12.315191268920898,12.372055053710938,50864181
2012-08-22,9.57942008972168,12.347684860229492,12.3964262008667,12.274574279785156,12.32331371307373,57712973
2012-08-23,9.484885215759277,12.22583293914795,12.339561462402344,12.209586143493652,12.32331371307373,50210028
2012-08-24,9.53530216217041,12.290820121765137,12.331438064575195,12.160844802856445,12.177091598510742,33998620
2012-08-27,9.528999328613281,12.282696723937988,12.339561462402344,12.250203132629395,12.331438064575195,22600791
2012-08-28,9.516392707824707,12.266449928283691,12.339561462402344,12.22583293914795,12.242079734802246,27816907
2012-08-29,9.53530216217041,12.290820121765137,12.32331371307373,12.250203132629395,12.290820121765137,22826310
2012-08-30,9.484885215759277,12.22583293914795,12.266449928283691,12.160844802856445,12.233956336975098,31546837
2012-08-31,9.554213523864746,12.315191268920898,12.347684860229492,12.22583293914795,12.298944473266602,64889457
2012-09-04,9.554213523864746,12.315191268920898,12.347684860229492,12.242079734802246,12.290820121765137,36182168
2012-09-05,9.554213523864746,12.315191268920898,12.35580825805664,12.274574279785156,12.315191268920898,32883211
2012-09-06,9.78109073638916,12.607636451721191,12.61575984954834,12.380179405212402,12.380179405212402,64472271
2012-09-07,9.881927490234375,12.737611770629883,12.761981964111328,12.648253440856934,12.648253440856934,57754827
2012-09-10,9.79999828338623,12.63200569152832,12.761981964111328,12.623883247375488,12.721364974975586,52705757
2012-09-11,9.881927490234375,12.737611770629883,12.745735168457031,12.607636451721191,12.63200569152832,70453823
2012-09-12,9.9197416305542,12.78635311126709,12.851340293884277,12.75385856628418,12.802599906921387,62693107
2012-09-13,10.178133964538574,13.119415283203125,13.160032272338867,12.737611770629883,12.778228759765625,172620053
2012-09-14,10.260058403015137,13.225020408630371,13.354995727539062,13.184403419494629,13.225020408630371,150418352
2012-09-17,10.165531158447266,13.103167533874512,13.225020408630371,13.070673942565918,13.176279067993164,60313214
2012-09-18,10.115108489990234,13.038180351257324,13.086920738220215,12.997563362121582,13.054427146911621,81750341
2012-09-19,10.108808517456055,13.030056953430176,13.119415283203125,13.005685806274414,13.070673942565918,80701652
2012-09-20,10.052090644836426,12.95694637298584,12.965068817138672,12.843216896057129,12.908205032348633,81109728
2012-09-21,10.017915725708008,12.859463691711426,13.013810157775879,12.851340293884277,13.013810157775879,42195603
2012-09-24,10.02424430847168,12.867587089538574,12.92445182800293,12.770106315612793,12.770106315612793,46410423
2012-09-25,9.872358322143555,12.672623634338379,12.940698623657227,12.66450023651123,12.900080680847168,88561833
2012-09-26,9.809075355529785,12.591388702392578,12.656376838684082,12.550771713256836,12.63200569152832,64955438
2012-09-27,9.897671699523926,12.705118179321289,12.770106315612793,12.623883247375488,12.66450023651123,57130095
2012-09-28,9.866031646728516,12.66450023651123,12.737611770629883,12.607636451721191,12.656376838684082,56713893
2012-10-01,9.910329818725586,12.721364974975586,12.875711441040039,12.688871383666992,12.75385856628418,66024193
2012-10-02,9.929314613342285,12.745735168457031,12.802599906921387,12.688871383666992,12.802599906921387,54014310
2012-10-03,10.017915725708008,12.859463691711426,12.908205032348633,12.721364974975586,12.802599906921387,68035400
2012-10-04,10.169797897338867,13.054427146911621,13.070673942565918,12.908205032348633,12.932575225830078,95948941
2012-10-05,10.163467407226562,13.046303749084473,13.184403419494629,13.005685806274414,13.143786430358887,76084786
2012-10-08,10.157137870788574,13.038180351257324,13.06255054473877,12.965068817138672,12.981315612792969,36612525
2012-10-09,10.093852043151855,12.95694637298584,13.09504508972168,12.916328430175781,13.046303749084473,90105261
2012-10-10,10.087525367736816,12.948822021484375,13.005685806274414,12.875711441040039,12.948822021484375,76931837
2012-10-11,10.144482612609863,13.021932601928711,13.103167533874512,12.997563362121582,13.078798294067383,75143933
2012-10-12,10.005256652832031,12.843216896057129,12.989439010620117,12.802599906921387,12.908205032348633,91271141
2012-10-15,10.119168281555176,12.989439010620117,13.005685806274414,12.835092544555664,12.891958236694336,68673674
2012-10-16,10.182455062866211,13.070673942565918,13.127538681030273,13.030056953430176,13.054427146911621,94636818
2012-10-17,10.315350532531738,13.241267204284668,13.249390602111816,13.103167533874512,13.119415283203125,70444591
2012-10-18,10.334334373474121,13.26563835144043,13.31437873840332,13.192525863647461,13.208772659301758,63453495
2012-10-19,10.195111274719238,13.086920738220215,13.23314380645752,13.021932601928711,13.23314380645752,75531821
2012-10-22,10.195111274719238,13.086920738220215,13.119415283203125,12.965068817138672,13.070673942565918,129434726
2012-10-23,10.02424430847168,12.867587089538574,12.92445182800293,12.818845748901367,12.916328430175781,79617756
2012-10-24,10.02424430847168,12.867587089538574,12.973193168640137,12.851340293884277,12.948822021484375,64741983
2012-10-25,10.049553871154785,12.900080680847168,13.013810157775879,12.810723304748535,12.989439010620117,65027206
2012-10-26,9.998927116394043,12.835092544555664,12.908205032348633,12.745735168457031,12.883833885192871,69489581
2012-10-31,10.062210083007812,12.916328430175781,12.92445182800293,12.826970100402832,12.883833885192871,53059793
2012-11-01,10.1887788772583,13.078798294067383,13.078798294067383,12.908205032348633,12.932575225830078,72143001
2012-11-02,10.12549877166748,12.997563362121582,13.160032272338867,12.973193168640137,13.151908874511719,65960673
2012-11-05,10.106512069702148,12.973193168640137,12.997563362121582,12.835092544555664,12.95694637298584,54580447
2012-11-06,10.220422744750977,13.119415283203125,13.160032272338867,13.005685806274414,13.013810157775879,49350790
2012-11-07,9.878686904907227,12.680747032165527,12.948822021484375,12.656376838684082,12.932575225830078,143868817
2012-11-08,9.796418190002441,12.575141906738281,12.843216896057129,12.56701946258545,12.737611770629883,114104714
2012-11-09,9.809075355529785,12.591388702392578,12.729488372802734,12.502031326293945,12.518278121948242,95030861
2012-11-12,9.828058242797852,12.61575984954834,12.648253440856934,12.56701946258545,12.648253440856934,41658271
2012-11-13,9.75844669342041,12.526400566101074,12.696993827819824,12.49390697479248,12.518278121948242,63960298
2012-11-14,9.587581634521484,12.307066917419434,12.591388702392578,12.266449928283691,12.550771713256836,84265766
2012-11-15,9.606566429138184,12.331438064575195,12.428919792175293,12.274574279785156,12.307066917419434,85757861
2012-11-16,9.66985034942627,12.412672996520996,12.428919792175293,12.233956336975098,12.363931655883789,77888940
2012-11-19,9.853373527526855,12.648253440856934,12.66450023651123,12.583266258239746,12.591388702392578,64199481
2012-11-20,9.904003143310547,12.713240623474121,12.75385856628418,12.575141906738281,12.61575984954834,49879012
2012-11-21,9.904003143310547,12.713240623474121,12.737611770629883,12.640130043029785,12.721364974975586,32286422
2012-11-23,10.02424430847168,12.867587089538574,12.875711441040039,12.778228759765625,12.810723304748535,25337304
2012-11-26,9.986270904541016,12.818845748901367,12.826970100402832,12.737611770629883,12.802599906921387,37321089
2012-11-27,9.897671699523926,12.705118179321289,12.843216896057129,12.688871383666992,12.794475555419922,61359564
2012-11-28,9.93564510345459,12.75385856628418,12.770106315612793,12.534524917602539,12.63200569152832,58569995
2012-11-29,9.986270904541016,12.818845748901367,12.867587089538574,12.75385856628418,12.818845748901367,48775790
2012-11-30,9.973616600036621,12.802599906921387,12.859463691711426,12.75385856628418,12.810723304748535,36530910
2012-12-03,9.93564510345459,12.75385856628418,12.883833885192871,12.745735168457031,12.843216896057129,62742593
2012-12-04,9.910329818725586,12.721364974975586,12.78635311126709,12.656376838684082,12.75385856628418,48549409
2012-12-05,10.030571937561035,12.875711441040039,12.940698623657227,12.729488372802734,12.761981964111328,57255164
2012-12-06,10.062210083007812,12.916328430175781,12.92445182800293,12.843216896057129,12.883833885192871,42609219
2012-12-07,10.144482612609863,13.021932601928711,13.021932601928711,12.932575225830078,12.989439010620117,44538688
2012-12-10,10.119168281555176,12.989439010620117,13.030056953430176,12.940698623657227,12.981315612792969,59304164
2012-12-11,10.169797897338867,13.054427146911621,13.111291885375977,13.005685806274414,13.046303749084473,58723378
2012-12-12,10.214096069335938,13.111291885375977,13.225020408630371,13.078798294067383,13.111291885375977,68531370
2012-12-13,10.163467407226562,13.046303749084473,13.135662078857422,13.005685806274414,13.111291885375977,50848055
2012-12-14,10.12549877166748,12.997563362121582,13.054427146911621,12.981315612792969,13.030056953430176,43026404
2012-12-17,10.334334373474121,13.26563835144043,13.273760795593262,13.070673942565918,13.078798294067383,85069486
2012-12-18,10.486214637756348,13.460600852966309,13.476847648620605,13.290007591247559,13.338748931884766,86535115
2012-12-19,10.422932624816895,13.379365921020508,13.509342193603516,13.37124252319336,13.493095397949219,90697864
2012-12-20,10.568488121032715,13.566205978393555,13.566205978393555,13.387490272521973,13.395612716674805,76288517
2012-12-21,10.443671226501465,13.322502136230469,13.379365921020508,13.23314380645752,13.249390602111816,72313987
2012-12-24,10.424568176269531,13.298131942749023,13.330625534057617,13.249390602111816,13.257513999938965,29586100
2012-12-26,10.424568176269531,13.298131942749023,13.346872329711914,13.249390602111816,13.322502136230469,36545928
2012-12-27,10.386360168457031,13.249390602111816,13.346872329711914,13.070673942565918,13.322502136230469,54714996
2012-12-28,10.303577423095703,13.143786430358887,13.249390602111816,13.127538681030273,13.160032272338867,39480386
2012-12-31,10.437307357788086,13.31437873840332,13.330625534057617,13.09504508972168,13.127538681030273,73574162
2013-01-02,10.742974281311035,13.704304695129395,13.71242904663086,13.598699569702148,13.647440910339355,86126792
2013-01-03,10.73023509979248,13.688057899475098,13.728675842285156,13.631194114685059,13.704304695129395,59026942
2013-01-04,10.857598304748535,13.8505277633667,13.874897956848145,13.679935455322266,13.71242904663086,54822954
2013-01-07,10.832127571105957,13.818034172058105,13.834280967712402,13.736799240112305,13.826157569885254,44491664
2013-01-08,10.800286293029785,13.777417182922363,13.801787376403809,13.71242904663086,13.79366397857666,51457154
2013-01-09,10.787550926208496,13.761170387268066,13.88302230834961,13.71242904663086,13.809910774230957,59736737
2013-01-10,10.921280860900879,13.9317626953125,13.948010444641113,13.809910774230957,13.874897956848145,75427432
2013-01-11,10.895806312561035,13.899269104003906,13.907391548156738,13.809910774230957,13.899269104003906,52621188
2013-01-14,10.863965034484863,13.858652114868164,13.899269104003906,13.777417182922363,13.88302230834961,47142130
2013-01-15,10.908543586730957,13.915515899658203,13.9317626953125,13.769292831420898,13.79366397857666,51769213
2013-01-16,10.914911270141602,13.923639297485352,13.948010444641113,13.842405319213867,13.907391548156738,71678176
2013-01-17,10.908543586730957,13.915515899658203,13.96425724029541,13.874897956848145,13.9317626953125,69721255
2013-01-18,10.921280860900879,13.9317626953125,13.948010444641113,13.834280967712402,13.907391548156738,70050794
2013-01-22,11.02316951751709,14.061738014221191,14.061738014221191,13.907391548156738,13.907391548156738,52164733
2013-01-23,11.016801834106445,14.053614616394043,14.069862365722656,13.980504035949707,14.053614616394043,46065374
2013-01-24,11.074115753173828,14.126726150512695,14.207961082458496,14.061738014221191,14.094231605529785,82546675
2013-01-25,11.125060081481934,14.1917142868042,14.199837684631348,14.10235595703125,14.1917142868042,56354565
2013-01-28,11.080483436584473,14.134849548339844,14.216083526611328,14.077984809875488,14.207961082458496,38270928
2013-01-29,11.125060081481934,14.1917142868042,14.207961082458496,14.086109161376953,14.10235595703125,46096888
2013-01-30,11.074115753173828,14.126726150512695,14.18359088897705,14.094231605529785,14.159219741821289,39875044
2013-01-31,11.067748069763184,14.118602752685547,14.142972946166992,14.053614616394043,14.10235595703125,43701239
2013-02-01,11.21420955657959,14.305442810058594,14.346059799194336,14.1917142868042,14.1917142868042,71294104
2013-02-04,11.086849212646484,14.142972946166992,14.24045467376709,14.110479354858398,14.207961082458496,61435148
2013-02-05,11.195110321044922,14.281071662902832,14.329813003540039,14.1917142868042,14.216083526611328,58311731
2013-02-06,11.21420955657959,14.305442810058594,14.313566207885742,14.18359088897705,14.199837684631348,36912889
2013-02-07,11.182373046875,14.264824867248535,14.3541841506958,14.151097297668457,14.337937355041504,62169070
2013-02-08,11.207844734191895,14.297319412231445,14.313566207885742,14.256702423095703,14.289196014404297,54945808
2013-02-11,11.2587890625,14.362306594848633,14.386676788330078,14.27294921875,14.297319412231445,34986990
2013-02-12,11.347946166992188,14.476036071777344,14.49228286743164,14.329813003540039,14.378554344177246,68228421
2013-02-13,11.322469711303711,14.443541526794434,14.516653060913086,14.386676788330078,14.508529663085938,49634536
2013-02-14,11.360679626464844,14.49228286743164,14.500406265258789,14.370430946350098,14.386676788330078,38606376
2013-02-15,11.309732437133789,14.427294731140137,14.532899856567383,14.378554344177246,14.52477741241455,78615969
2013-02-19,11.41799259185791,14.565394401550293,14.573516845703125,14.459789276123047,14.476036071777344,54735061
2013-02-20,11.246052742004395,14.346059799194336,14.565394401550293,14.337937355041504,14.557271003723145,67902699
2013-02-21,11.156900405883789,14.232331275939941,14.32168960571289,14.175466537475586,14.32168960571289,64595863
2013-02-22,11.2969970703125,14.41104793548584,14.41104793548584,14.305442810058594,14.329813003540039,53303285
2013-02-25,10.99133014678955,14.02112102508545,14.500406265258789,14.0129976272583,14.500406265258789,88097007
2013-02-26,11.048641204833984,14.094231605529785,14.134849548339844,13.939886093139648,14.10235595703125,91502446
2013-02-27,11.220579147338867,14.313566207885742,14.346059799194336,14.061738014221191,14.069862365722656,77002374
2013-02-28,11.2014741897583,14.289196014404297,14.41104793548584,14.256702423095703,14.313566207885742,76742387
2013-03-01,11.233317375183105,14.329813003540039,14.370430946350098,14.10235595703125,14.18359088897705,63689232
2013-03-04,11.328837394714355,14.451664924621582,14.459789276123047,14.27294921875,14.289196014404297,44648986
2013-03-05,11.424362182617188,14.573516845703125,14.66287612915039,14.516653060913086,14.541024208068848,81640166
2013-03-06,11.500777244567871,14.670998573303223,14.727864265441895,14.606011390686035,14.679122924804688,81642628
2013-03-07,11.583560943603516,14.776603698730469,14.792851448059082,14.703493118286133,14.703493118286133,58971794
2013-03-08,11.615400314331055,14.817221641540527,14.882209777832031,14.71973991394043,14.865962982177734,75238474
2013-03-11,11.704557418823242,14.930950164794922,14.955321311950684,14.784728050231934,14.825345039367676,60897570
2013-03-12,11.64087200164795,14.849716186523438,14.930950164794922,14.809098243713379,14.914703369140625,40250869
2013-03-13,11.672715187072754,14.89033317565918,14.906579971313477,14.817221641540527,14.865962982177734,29836732
2013-03-14,11.749131202697754,14.987814903259277,15.012185096740723,14.922826766967773,14.947196960449219,82792382
2013-03-15,11.78874683380127,14.987814903259277,15.004061698913574,14.865962982177734,14.93907356262207,61508885
2013-03-18,11.673734664916992,14.841591835021973,14.906579971313477,14.760356903076172,14.792851448059082,50767302
2013-03-19,11.60983943939209,14.760356903076172,14.922826766967773,14.670998573303223,14.906579971313477,80060793
2013-03-20,11.686514854431152,14.85783863067627,14.89033317565918,14.817221641540527,14.841591835021973,77461167
2013-03-21,11.545940399169922,14.679122924804688,14.83346939086914,14.679122924804688,14.776603698730469,70564736
2013-03-22,11.616230964660645,14.768481254577637,14.792851448059082,14.687246322631836,14.760356903076172,54333878
2013-03-25,11.584282875061035,14.727864265441895,14.865962982177734,14.646629333496094,14.825345039367676,61043567
2013-03-26,11.660958290100098,14.825345039367676,14.83346939086914,14.727864265441895,14.784728050231934,59791763
2013-03-27,11.60345458984375,14.75223445892334,14.768481254577637,14.670998573303223,14.71973991394043,39216336
2013-03-28,11.635395050048828,14.792851448059082,14.80097484588623,14.711617469787598,14.744110107421875,31685325
2013-04-01,11.57789421081543,14.71973991394043,14.841591835021973,14.670998573303223,14.784728050231934,27318475
2013-04-02,11.648174285888672,14.809098243713379,14.825345039367676,14.75223445892334,14.760356903076172,49287270
2013-04-03,11.456486701965332,14.565394401550293,14.817221641540527,14.508529663085938,14.817221641540527,109156340
2013-04-04,11.558724403381348,14.695369720458984,14.703493118286133,14.573516845703125,14.573516845703125,68118247
2013-04-05,11.5203857421875,14.646629333496094,14.670998573303223,14.435418128967285,14.459789276123047,73523198
2013-04-08,11.635395050048828,14.792851448059082,14.80097484588623,14.573516845703125,14.63038158416748,51458508
2013-04-09,11.667346954345703,14.83346939086914,14.930950164794922,14.776603698730469,14.83346939086914,62398898
2013-04-10,11.8270845413208,15.036556243896484,15.052803039550781,14.89033317565918,14.89033317565918,82560708
2013-04-11,11.852639198303223,15.069049835205078,15.150283813476562,14.995938301086426,15.044678688049316,60166233
2013-04-12,11.80152702331543,15.004061698913574,15.044678688049316,14.922826766967773,14.97156810760498,56836255
2013-04-15,11.552332878112793,14.687246322631836,15.052803039550781,14.670998573303223,14.979690551757812,88256176
2013-04-16,11.731243133544922,14.914703369140625,14.930950164794922,14.735986709594727,14.83346939086914,55160987
2013-04-17,11.513994216918945,14.638504981994629,14.792851448059082,14.516653060913086,14.776603698730469,97644397
2013-04-18,11.392594337463379,14.484159469604492,14.638504981994629,14.419171333312988,14.63038158416748,75975843
2013-04-19,11.552332878112793,14.687246322631836,14.695369720458984,14.516653060913086,14.532899856567383,66982034
2013-04-22,11.565112113952637,14.703493118286133,14.727864265441895,14.557271003723145,14.71973991394043,53919154
2013-04-23,11.77596664428711,14.97156810760498,14.979690551757812,14.80097484588623,14.817221641540527,92145028
2013-04-24,11.846253395080566,15.06092643737793,15.085296630859375,14.97156810760498,14.987814903259277,46441322
2013-04-25,11.91653823852539,15.150283813476562,15.239643096923828,15.085296630859375,15.117790222167969,44356254
2013-04-26,11.865422248840332,15.085296630859375,15.158408164978027,15.020309448242188,15.125913619995117,29434318
2013-04-29,11.91653823852539,15.150283813476562,15.174654960632324,15.085296630859375,15.150283813476562,36910920
2013-04-30,11.948485374450684,15.190901756286621,15.19902515411377,15.077173233032227,15.14216136932373,50558770
2013-05-01,11.81430721282959,15.020309448242188,15.182778358459473,15.012185096740723,15.16653060913086,49923082
2013-05-02,11.91653823852539,15.150283813476562,15.174654960632324,15.044678688049316,15.069049835205078,54011356
2013-05-03,12.044331550598145,15.312753677368164,15.385865211486816,15.288382530212402,15.304630279541016,50393078
2013-05-06,12.172123908996582,15.47522258758545,15.491470336914062,15.345248222351074,15.353370666503906,29340516
2013-05-07,12.236016273498535,15.556458473205566,15.605198860168457,15.442728996276855,15.532088279724121,48645304
2013-05-08,12.338252067565918,15.686433792114258,15.702680587768555,15.50771713256836,15.556458473205566,77939657
2013-05-09,12.248795509338379,15.572705268859863,15.694557189941406,15.532088279724121,15.694557189941406,46510750
2013-05-10,12.299914360046387,15.637693405151367,15.637693405151367,15.540210723876953,15.58895206451416,65637289
2013-05-13,12.338252067565918,15.686433792114258,15.718928337097168,15.572705268859863,15.613323211669922,38763821
2013-05-14,12.549105644226074,15.954508781433105,16.051990509033203,15.702680587768555,15.718928337097168,42067209
2013-05-15,12.664118766784668,16.100730895996094,16.141347885131836,15.913890838623047,15.954508781433105,58081658
2013-05-16,12.58105182647705,15.995125770568848,16.157594680786133,15.954508781433105,16.0682373046875,46165208
2013-05-17,12.747178077697754,16.206335067749023,16.214460372924805,16.06011390686035,16.0682373046875,59018818
2013-05-20,12.772744178771973,16.23883056640625,16.320064544677734,16.17384147644043,16.190088272094727,40420254
2013-05-21,12.804692268371582,16.279447555541992,16.360681533813477,16.2307071685791,16.271324157714844,44609840
2013-05-22,12.670510292053223,16.108854293823242,16.531274795532227,16.043867111206055,16.311941146850586,118123067
2013-05-23,12.593832015991211,16.01137351989746,16.092607498168945,15.832655906677246,15.881397247314453,73706248
2013-05-24,12.606613159179688,16.027620315551758,16.035743713378906,15.857027053833008,15.930137634277344,62105304
2013-05-28,12.734404563903809,16.190088272094727,16.33631134033203,16.11697769165039,16.2469539642334,58804501
2013-05-29,12.734404563903809,16.190088272094727,16.271324157714844,16.0682373046875,16.100730895996094,59443390
2013-05-30,12.887750625610352,16.385053634643555,16.441917419433594,16.18196678161621,16.214460372924805,68429074
2013-05-31,12.676898956298828,16.11697769165039,16.409423828125,16.108854293823242,16.34443473815918,73854091
2013-06-03,12.68967342376709,16.133224487304688,16.198213577270508,15.881397247314453,16.18196678161621,123404549
2013-06-04,12.574662208557129,15.9870023727417,16.2469539642334,15.946385383605957,16.157594680786133,77242788
2013-06-05,12.370200157165527,15.72705078125,16.01949691772461,15.670186996459961,15.954508781433105,108448023
2013-06-06,12.542720794677734,15.946385383605957,15.954508781433105,15.613323211669922,15.710803985595703,87829880
2013-06-07,12.759963035583496,16.222583770751953,16.2469539642334,15.9870023727417,16.035743713378906,65529331
2013-06-10,12.766355514526367,16.2307071685791,16.320064544677734,16.17384147644043,16.303817749023438,81226304
2013-06-11,12.55549430847168,15.962632179260254,16.133224487304688,15.938261985778809,16.0682373046875,86971873
2013-06-12,12.421313285827637,15.792038917541504,16.07636070251465,15.75954532623291,16.0682373046875,79029954
2013-06-13,12.657727241516113,16.092607498168945,16.108854293823242,15.743297576904297,15.783916473388672,85934756
2013-06-14,12.49160099029541,15.881397247314453,16.108854293823242,15.857027053833008,16.0682373046875,54618855
2013-06-17,12.612998962402344,16.035743713378906,16.108854293823242,15.946385383605957,16.00324821472168,56877616
2013-06-18,12.696066856384277,16.141347885131836,16.18196678161621,16.035743713378906,16.051990509033203,42143039
2013-06-19,12.523550033569336,15.922015190124512,16.16571807861328,15.905768394470215,16.149471282958984,75429279
2013-06-20,12.25518798828125,15.580828666687012,15.832655906677246,15.515840530395508,15.775792121887207,126575852
2013-06-21,12.266093254089355,15.532088279724121,15.653940200805664,15.345248222351074,15.6458158493042,105462601
2013-06-24,12.047971725463867,15.255889892578125,15.41835880279541,15.093420028686523,15.33712387084961,96897057
2013-06-25,12.272504806518555,15.540210723876953,15.613323211669922,15.36961841583252,15.410236358642578,80205190
2013-06-26,12.394400596618652,15.694557189941406,15.751421928405762,15.597076416015625,15.686433792114258,82233016
2013-06-27,12.554783821105957,15.89764404296875,15.922015190124512,15.775792121887207,15.800162315368652,52961682
2013-06-28,12.477797508239746,15.800162315368652,15.873273849487305,15.710803985595703,15.840780258178711,63374219
2013-07-01,12.516288757324219,15.848902702331543,16.2469539642334,15.840780258178711,15.913890838623047,73513720
2013-07-02,12.529120445251465,15.865150451660156,16.027620315551758,15.792038917541504,15.857027053833008,74272877
2013-07-03,12.490630149841309,15.81640911102295,15.857027053833008,15.710803985595703,15.75954532623291,30829533
2013-07-05,12.715166091918945,16.100730895996094,16.100730895996094,15.889520645141602,15.995125770568848,46578332
2013-07-08,12.811395645141602,16.222583770751953,16.279447555541992,16.16571807861328,16.206335067749023,58673522
2013-07-09,12.920449256896973,16.360681533813477,16.368806838989258,16.206335067749023,16.320064544677734,93151001
2013-07-10,12.84347152709961,16.263200759887695,16.34443473815918,16.17384147644043,16.311941146850586,71055905
2013-07-11,12.965359687805176,16.41754722595215,16.482534408569336,16.29569435119629,16.482534408569336,74407918
2013-07-12,13.055174827575684,16.531274795532227,16.539398193359375,16.41754722595215,16.45816421508789,53045513
2013-07-15,13.1129150390625,16.604387283325195,16.645004272460938,16.50690460205078,16.63688087463379,32258971
2013-07-16,13.061591148376465,16.539398193359375,16.653127670288086,16.46628761291504,16.604387283325195,44604916
2013-07-17,13.119333267211914,16.612510681152344,16.661251068115234,16.531274795532227,16.5718936920166,46074484
2013-07-18,13.292543411254883,16.831844329833984,16.839967727661133,16.653127670288086,16.661251068115234,57946248
2013-07-19,13.298957824707031,16.839967727661133,16.839967727661133,16.73436164855957,16.823720932006836,40687012
2013-07-22,13.388772964477539,16.95369529724121,16.95369529724121,16.823720932006836,16.84809112548828,32787439
2013-07-23,13.337449073791504,16.888708114624023,17.002437591552734,16.872461318969727,17.002437591552734,37173861
2013-07-24,13.241220474243164,16.766855239868164,16.95369529724121,16.73436164855957,16.95369529724121,45179670
2013-07-25,13.254049301147461,16.783103942871094,16.791227340698242,16.62875747680664,16.726238250732422,46240669
2013-07-26,13.241220474243164,16.766855239868164,16.766855239868164,16.596263885498047,16.701868057250977,37870484
2013-07-29,13.144991874694824,16.645004272460938,16.73436164855957,16.580015182495117,16.73436164855957,35602736
2013-07-30,13.138578414916992,16.63688087463379,16.74248504638672,16.5881404876709,16.693744659423828,29564312
2013-07-31,13.144991874694824,16.645004272460938,16.79935073852539,16.620634078979492,16.645004272460938,56247221
2013-08-01,13.356698036193848,16.91307830810547,16.929325103759766,16.783103942871094,16.79935073852539,41956665
2013-08-02,13.350279808044434,16.90495491027832,16.921201705932617,16.84809112548828,16.896831512451172,38756558
2013-08-05,13.32462215423584,16.872461318969727,16.929325103759766,16.839967727661133,16.888708114624023,25892854
2013-08-06,13.202730178833008,16.718114852905273,16.85621452331543,16.701868057250977,16.839967727661133,31125712
2013-08-07,13.1129150390625,16.604387283325195,16.653127670288086,16.523151397705078,16.645004272460938,47522016
2013-08-08,13.144991874694824,16.645004272460938,16.74248504638672,16.523151397705078,16.693744659423828,53167013
2013-08-09,13.100085258483887,16.5881404876709,16.68562126159668,16.555646896362305,16.604387283325195,25617110
2013-08-12,13.048761367797852,16.523151397705078,16.5718936920166,16.46628761291504,16.51502799987793,33403185
2013-08-13,13.1129150390625,16.604387283325195,16.653127670288086,16.441917419433594,16.56376838684082,37451082
2013-08-14,13.061591148376465,16.539398193359375,16.661251068115234,16.531274795532227,16.580015182495117,37419446
2013-08-15,12.869133949279785,16.29569435119629,16.41754722595215,16.23883056640625,16.41754722595215,76359915
2013-08-16,12.84347152709961,16.263200759887695,16.376928329467773,16.2307071685791,16.263200759887695,40227972
2013-08-19,12.67667293548584,16.051990509033203,16.2469539642334,16.043867111206055,16.2307071685791,47041926
2013-08-20,12.79856014251709,16.206335067749023,16.2469539642334,16.01949691772461,16.084484100341797,52458696
2013-08-21,12.70875072479248,16.092607498168945,16.271324157714844,16.01949691772461,16.133224487304688,57591843
2013-08-22,12.856304168701172,16.279447555541992,16.303817749023438,16.141347885131836,16.157594680786133,39774718
2013-08-23,12.869133949279785,16.29569435119629,16.328187942504883,16.214460372924805,16.311941146850586,31125096
2013-08-26,12.785735130310059,16.190088272094727,16.360681533813477,16.190088272094727,16.320064544677734,36845430
2013-08-27,12.477797508239746,15.800162315368652,16.051990509033203,15.767668724060059,15.995125770568848,89691891
2013-08-28,12.497045516967773,15.824533462524414,15.930137634277344,15.718928337097168,15.75954532623291,63150423
2013-08-29,12.529120445251465,15.865150451660156,15.970754623413086,15.775792121887207,15.792038917541504,33458334
2013-08-30,12.471382141113281,15.792038917541504,15.905768394470215,15.743297576904297,15.873273849487305,32457777
2013-09-03,12.574029922485352,15.922015190124512,16.0682373046875,15.832655906677246,15.97887897491455,52539203
2013-09-04,12.670262336730957,16.043867111206055,16.11697769165039,15.89764404296875,15.938261985778809,38645768
2013-09-05,12.702337265014648,16.084484100341797,16.18196678161621,16.043867111206055,16.07636070251465,37273449
2013-09-06,12.702337265014648,16.084484100341797,16.18196678161621,15.905768394470215,16.17384147644043,48118067
2013-09-09,12.849888801574707,16.271324157714844,16.271324157714844,16.108854293823242,16.149471282958984,40325837
2013-09-10,13.003853797912598,16.46628761291504,16.490657806396484,16.39317512512207,16.40130043029785,45371583
2013-09-11,13.016685485839844,16.482534408569336,16.490657806396484,16.39317512512207,16.433794021606445,39921576
2013-09-12,12.920449256896973,16.360681533813477,16.490657806396484,16.34443473815918,16.46628761291504,42265400
2013-09-13,12.958948135375977,16.409423828125,16.433794021606445,16.33631134033203,16.385053634643555,36197555
2013-09-16,13.100085258483887,16.5881404876709,16.661251068115234,16.555646896362305,16.604387283325195,48338416
2013-09-17,13.164237976074219,16.669374465942383,16.669374465942383,16.580015182495117,16.612510681152344,42906382
2013-09-18,13.27971363067627,16.815597534179688,16.91307830810547,16.5881404876709,16.63688087463379,62847843
2013-09-19,13.228387832641602,16.750608444213867,16.90495491027832,16.718114852905273,16.888708114624023,49697070
2013-09-20,13.158185005187988,16.596263885498047,16.73436164855957,16.5718936920166,16.726238250732422,54032652
2013-09-23,12.97140884399414,16.360681533813477,16.51502799987793,16.33631134033203,16.498781204223633,62269273
2013-09-24,12.887682914733887,16.255077362060547,16.40130043029785,16.23883056640625,16.34443473815918,49559198
2013-09-25,12.958529472351074,16.34443473815918,16.39317512512207,16.198213577270508,16.279447555541992,48181217
2013-09-26,12.958529472351074,16.34443473815918,16.450040817260742,16.271324157714844,16.368806838989258,35533800
2013-09-27,12.913442611694336,16.28757095336914,16.328187942504883,16.214460372924805,16.2469539642334,60591420
2013-09-30,12.823271751403809,16.17384147644043,16.255077362060547,16.07636070251465,16.092607498168945,49069260
2013-10-01,12.913442611694336,16.28757095336914,16.320064544677734,16.18196678161621,16.198213577270508,50421391
2013-10-02,12.907005310058594,16.279447555541992,16.29569435119629,16.133224487304688,16.17384147644043,46893960
2013-10-03,12.810394287109375,16.157594680786133,16.263200759887695,16.027620315551758,16.23883056640625,57469112
2013-10-04,12.913442611694336,16.28757095336914,16.29569435119629,16.149471282958984,16.16571807861328,36588767
2013-10-07,12.76530933380127,16.100730895996094,16.206335067749023,16.084484100341797,16.149471282958984,35878480
2013-10-08,12.604293823242188,15.89764404296875,16.12510108947754,15.873273849487305,16.100730895996094,90449818
2013-10-09,12.64937686920166,15.954508781433105,16.01949691772461,15.824533462524414,15.938261985778809,96983596
2013-10-10,13.010051727294922,16.409423828125,16.41754722595215,16.157594680786133,16.16571807861328,94071174
2013-10-11,13.080896377563477,16.498781204223633,16.51502799987793,16.320064544677734,16.368806838989258,47829520
2013-10-14,13.145305633544922,16.580015182495117,16.604387283325195,16.368806838989258,16.39317512512207,45458737
2013-10-15,13.048699378967285,16.45816421508789,16.62875747680664,16.425670623779297,16.580015182495117,57169733
2013-10-16,13.325647354125977,16.80747413635254,16.823720932006836,16.56376838684082,16.5718936920166,92827371
2013-10-17,13.441574096679688,16.95369529724121,16.97806739807129,16.693744659423828,16.693744659423828,65763713
2013-10-18,13.467334747314453,16.986190795898438,17.02680778503418,16.880584716796875,17.002437591552734,51511564
2013-10-21,13.441574096679688,16.95369529724121,17.02680778503418,16.937448501586914,16.994314193725586,35925381
2013-10-22,13.467334747314453,16.986190795898438,17.091794967651367,16.961820602416992,17.02680778503418,38892953
2013-10-23,13.3578462600708,16.84809112548828,16.929325103759766,16.80747413635254,16.90495491027832,44094297
2013-10-24,13.377169609069824,16.872461318969727,16.90495491027832,16.791227340698242,16.90495491027832,34263777
2013-10-25,13.435136795043945,16.945573806762695,16.945573806762695,16.84809112548828,16.888708114624023,34527334
2013-10-28,13.402931213378906,16.90495491027832,16.945573806762695,16.872461318969727,16.937448501586914,26414798
2013-10-29,13.441574096679688,16.95369529724121,16.969942092895508,16.896831512451172,16.937448501586914,27109328
2013-10-30,13.390050888061523,16.888708114624023,17.002437591552734,16.831844329833984,16.97806739807129,43636119
2013-10-31,13.248357772827148,16.709991455078125,16.880584716796875,16.701868057250977,16.864337921142578,60161063
2013-11-01,13.280558586120605,16.750608444213867,16.774980545043945,16.661251068115234,16.709991455078125,41068991
2013-11-04,13.287001609802246,16.75873374938965,16.791227340698242,16.709991455078125,16.774980545043945,23064878
2013-11-05,13.216155052185059,16.669374465942383,16.73436164855957,16.645004272460938,16.701868057250977,31916014
2013-11-06,13.280558586120605,16.750608444213867,16.791227340698242,16.709991455078125,16.750608444213867,35278244
2013-11-07,13.132424354553223,16.56376838684082,16.823720932006836,16.555646896362305,16.79935073852539,55046504
2013-11-08,13.435136795043945,16.945573806762695,16.945573806762695,16.56376838684082,16.580015182495117,78709894
2013-11-11,13.441574096679688,16.95369529724121,16.986190795898438,16.880584716796875,16.945573806762695,28828050
2013-11-12,13.312763214111328,16.791227340698242,16.929325103759766,16.74248504638672,16.91307830810547,35299294
2013-11-13,13.428692817687988,16.937448501586914,17.002437591552734,16.693744659423828,16.718114852905273,52414257
2013-11-14,13.544624328613281,17.08367156982422,17.091794967651367,16.896831512451172,16.937448501586914,43016187
2013-11-15,13.60903549194336,17.164907455444336,17.181154251098633,17.067424774169922,17.099918365478516,45884171
2013-11-18,13.602592468261719,17.156782150268555,17.278635025024414,17.116165161132812,17.229894638061523,52683107
2013-11-19,13.621912002563477,17.181154251098633,17.270511627197266,17.132413864135742,17.164907455444336,35699492
2013-11-20,13.583270072937012,17.132413864135742,17.270511627197266,17.07554817199707,17.221771240234375,39271362
2013-11-21,13.776488304138184,17.376117706298828,17.400487899780273,17.173030853271484,17.181154251098633,45735589
2013-11-22,13.840890884399414,17.457351684570312,17.46547508239746,17.35987091064453,17.392364501953125,34106702
2013-11-25,13.860212326049805,17.481721878051758,17.554832458496094,17.449228286743164,17.51421546936035,34048598
2013-11-26,13.847332000732422,17.46547508239746,17.554832458496094,17.457351684570312,17.489845275878906,34307478
2013-11-27,13.88597583770752,17.51421546936035,17.53858757019043,17.46547508239746,17.506092071533203,19686029
2013-11-29,13.834450721740723,17.449228286743164,17.579204559326172,17.441104888916016,17.579204559326172,14792804
2013-12-02,13.828011512756348,17.441104888916016,17.57107925415039,17.392364501953125,17.47359848022461,37823829
2013-12-03,13.686318397521973,17.262388229370117,17.392364501953125,17.173030853271484,17.351747512817383,34143508
2013-12-04,13.718520164489746,17.30300521850586,17.384239196777344,17.156782150268555,17.18927764892578,53872745
2013-12-05,13.589704513549805,17.140535354614258,17.270511627197266,17.12428855895996,17.229894638061523,45227309
2013-12-06,13.776488304138184,17.376117706298828,17.42485809326172,17.262388229370117,17.3436222076416,37371314
2013-12-09,13.834450721740723,17.449228286743164,17.489845275878906,17.41673469543457,17.432981491088867,27234152
2013-12-10,13.782925605773926,17.384239196777344,17.489845275878906,17.384239196777344,17.408611297607422,37960839
2013-12-11,13.596153259277344,17.14866065979004,17.400487899780273,17.116165161132812,17.392364501953125,79264090
2013-12-12,13.596153259277344,17.14866065979004,17.229894638061523,17.108041763305664,17.140535354614258,48718056
2013-12-13,13.60903549194336,17.164907455444336,17.24614143371582,17.12428855895996,17.205524444580078,89187304
2013-12-16,13.692757606506348,17.270511627197266,17.311128616333008,17.238018035888672,17.238018035888672,84071637
2013-12-17,13.602592468261719,17.156782150268555,17.270511627197266,17.140535354614258,17.270511627197266,33255096
2013-12-18,13.918183326721191,17.554832458496094,17.57107925415039,17.059301376342773,17.213647842407227,122031246
2013-12-19,13.898860931396484,17.53046226501465,17.579204559326172,17.47359848022461,17.53046226501465,56205614
2013-12-20,13.983633041381836,17.554832458496094,17.603574752807617,17.47359848022461,17.481721878051758,81181865
2013-12-23,14.048333168029785,17.63606834411621,17.676685333251953,17.611698150634766,17.63606834411621,36429968
2013-12-24,14.074223518371582,17.668561935424805,17.676685333251953,17.619821548461914,17.668561935424805,9107923
2013-12-26,14.106574058532715,17.70918083190918,17.725425720214844,17.668561935424805,17.725425720214844,18352240
2013-12-27,14.100107192993164,17.7010555267334,17.725425720214844,17.668561935424805,17.717302322387695,14700479
2013-12-30,14.074223518371582,17.668561935424805,17.733549118041992,17.64419174194336,17.7010555267334,19989840
2013-12-31,14.145402908325195,17.757919311523438,17.76604461669922,17.69293212890625,17.7010555267334,22770053
2014-01-02,14.067752838134766,17.660438537597656,17.74167251586914,17.611698150634766,17.725425720214844,43679450
2014-01-03,14.164815902709961,17.782291412353516,17.839155197143555,17.676685333251953,17.6848087310791,30349074
2014-01-06,14.17775821685791,17.798538208007812,17.92038917541504,17.76604461669922,17.87164878845215,42798546
2014-01-07,14.184226989746094,17.80666160583496,17.896018981933594,17.749797821044922,17.896018981933594,58506229
2014-01-08,14.229522705078125,17.863525390625,17.887895584106445,17.790414810180664,17.839155197143555,44270453
2014-01-09,14.281291961669922,17.928512573242188,17.952884674072266,17.81478500366211,17.92038917541504,35872817
2014-01-10,14.25540542602539,17.896018981933594,17.944759368896484,17.81478500366211,17.92038917541504,44795967
2014-01-13,14.04186725616455,17.627944946289062,17.904142379760742,17.59545135498047,17.87164878845215,52459804
2014-01-14,14.158346176147461,17.774166107177734,17.798538208007812,17.63606834411621,17.725425720214844,38581263
2014-01-15,14.326586723327637,17.98537826538086,18.001625061035156,17.847278594970703,17.85540199279785,75928326
2014-01-16,14.235997200012207,17.87164878845215,17.944759368896484,17.831031799316406,17.93663787841797,57911287
2014-01-17,14.19070053100586,17.81478500366211,17.928512573242188,17.774166107177734,17.896018981933594,70660016
2014-01-21,14.203640937805176,17.831031799316406,17.928512573242188,17.725425720214844,17.91226577758789,51099056
2014-01-22,14.210110664367676,17.839155197143555,17.879772186279297,17.790414810180664,17.863525390625,22301904
2014-01-23,13.977158546447754,17.546709060668945,17.76604461669922,17.46547508239746,17.757919311523438,64648058
2014-01-24,13.660086631774902,17.14866065979004,17.457351684570312,17.14866065979004,17.457351684570312,86803719
2014-01-27,13.575963973999023,17.043054580688477,17.25426483154297,16.945573806762695,17.173030853271484,79350014
2014-01-28,13.757142066955566,17.270511627197266,17.286758422851562,17.116165161132812,17.132413864135742,43538500
2014-01-29,13.59537124633789,17.067424774169922,17.238018035888672,17.02680778503418,17.08367156982422,79334380
2014-01-30,13.789501190185547,17.311128616333008,17.3436222076416,17.164907455444336,17.221771240234375,56607904
2014-01-31,13.627732276916504,17.108041763305664,17.270511627197266,17.01868438720703,17.051177978515625,65974214
2014-02-03,13.284770965576172,16.67749786376953,17.132413864135742,16.653127670288086,17.091794967651367,129496030
2014-02-04,13.414185523986816,16.839967727661133,16.929325103759766,16.701868057250977,16.75873374938965,67895066
2014-02-05,13.401248931884766,16.823720932006836,16.880584716796875,16.701868057250977,16.815597534179688,58062823
2014-02-06,13.608314514160156,17.08367156982422,17.091794967651367,16.84809112548828,16.85621452331543,49232368
2014-02-07,13.776558876037598,17.29488182067871,17.311128616333008,17.099918365478516,17.156782150268555,63056129
2014-02-10,13.789501190185547,17.311128616333008,17.327375411987305,17.213647842407227,17.30300521850586,53244320
2014-02-11,13.931861877441406,17.489845275878906,17.53858757019043,17.286758422851562,17.36799430847168,46243500
2014-02-12,13.931861877441406,17.489845275878906,17.57107925415039,17.42485809326172,17.51421546936035,47764154
2014-02-13,13.983633041381836,17.554832458496094,17.562957763671875,17.335500717163086,17.335500717163086,39783458
2014-02-14,14.003042221069336,17.579204559326172,17.59545135498047,17.497968673706055,17.53046226501465,37421046
2014-02-18,14.028925895690918,17.611698150634766,17.64419174194336,17.53046226501465,17.59545135498047,26168844
2014-02-19,13.834798812866211,17.36799430847168,17.660438537597656,17.35987091064453,17.554832458496094,78908823
2014-02-20,13.873621940612793,17.41673469543457,17.457351684570312,17.286758422851562,17.384239196777344,39164019
2014-02-21,13.899503707885742,17.449228286743164,17.51421546936035,17.384239196777344,17.449228286743164,53100785
2014-02-24,14.003042221069336,17.579204559326172,17.668561935424805,17.449228286743164,17.457351684570312,51914224
2014-02-25,13.918915748596191,17.47359848022461,17.579204559326172,17.432981491088867,17.57107925415039,49380703
2014-02-26,13.899503707885742,17.449228286743164,17.53046226501465,17.35987091064453,17.51421546936035,52231699
2014-02-27,13.970686912536621,17.53858757019043,17.546709060668945,17.36799430847168,17.42485809326172,47711837
2014-02-28,14.04186725616455,17.627944946289062,17.725425720214844,17.51421546936035,17.546709060668945,69264062
2014-03-03,13.931861877441406,17.489845275878906,17.51421546936035,17.376117706298828,17.46547508239746,61089483
2014-03-04,14.216583251953125,17.847278594970703,17.847278594970703,17.660438537597656,17.69293212890625,61500268
2014-03-05,14.365408897399902,18.03411865234375,18.03411865234375,17.81478500366211,17.85540199279785,58700112
2014-03-06,14.41070556640625,18.09098243713379,18.13159942626953,18.0259952545166,18.03411865234375,53457898
2014-03-07,14.475419044494629,18.172218322753906,18.269699096679688,18.099105834960938,18.2047119140625,81544764
2014-03-10,14.481887817382812,18.180341720581055,18.277822494506836,18.066612243652344,18.13159942626953,29071542
2014-03-11,14.384825706481934,18.058488845825195,18.220958709716797,18.017871856689453,18.2047119140625,55578050
2014-03-12,14.358938217163086,18.0259952545166,18.03411865234375,17.896018981933594,17.944759368896484,39319248
2014-03-13,14.197165489196777,17.822908401489258,18.107229232788086,17.782291412353516,18.08285903930664,70116160
2014-03-14,14.106574058532715,17.70918083190918,17.904142379760742,17.69293212890625,17.757919311523438,54433958
2014-03-17,14.25540542602539,17.896018981933594,17.96100616455078,17.839155197143555,17.85540199279785,46338656
2014-03-18,14.326586723327637,17.98537826538086,18.001625061035156,17.91226577758789,17.944759368896484,44158186
2014-03-19,14.320115089416504,17.97725486755371,18.107229232788086,17.847278594970703,18.001625061035156,69971394
2014-03-20,14.546597480773926,18.26157569885254,18.30219268798828,17.944759368896484,17.944759368896484,112214267
2014-03-21,14.548542022705078,18.19658851623535,18.399675369262695,18.172218322753906,18.318439483642578,82702027
2014-03-24,14.542046546936035,18.188465118408203,18.30219268798828,18.08285903930664,18.25345230102539,68496287
2014-03-25,14.529060363769531,18.172218322753906,18.277822494506836,18.08285903930664,18.245328903198242,42096507
2014-03-26,14.379680633544922,17.98537826538086,18.285945892333984,17.98537826538086,18.277822494506836,62505872
2014-03-27,14.301740646362305,17.887895584106445,18.0259952545166,17.790414810180664,17.944759368896484,81009033
2014-03-28,14.360194206237793,17.96100616455078,18.074735641479492,17.896018981933594,17.93663787841797,48922771
2014-03-31,14.509571075439453,18.147846221923828,18.2047119140625,18.074735641479492,18.09098243713379,41048557
2014-04-01,14.535554885864258,18.180341720581055,18.237205505371094,18.13159942626953,18.19658851623535,51651775
2014-04-02,14.56803035736084,18.220958709716797,18.26157569885254,18.164094924926758,18.19658851623535,44565278
2014-04-03,14.542046546936035,18.188465118408203,18.26157569885254,18.13159942626953,18.237205505371094,46626833
2014-04-04,14.399165153503418,18.009748458862305,18.32656478881836,17.993501663208008,18.285945892333984,60202301
2014-04-07,14.178338050842285,17.733549118041992,18.001625061035156,17.717302322387695,17.993501663208008,72897112
2014-04-08,14.197820663452148,17.757919311523438,17.798538208007812,17.611698150634766,17.749797821044922,56290676
2014-04-09,14.321216583251953,17.91226577758789,17.928512573242188,17.725425720214844,17.81478500366211,44907126
2014-04-10,13.98998737335205,17.497968673706055,17.928512573242188,17.489845275878906,17.928512573242188,94458692
2014-04-11,13.821115493774414,17.286758422851562,17.497968673706055,17.213647842407227,17.29488182067871,98050873
2014-04-14,13.931530952453613,17.42485809326172,17.51421546936035,17.24614143371582,17.489845275878906,69247689
2014-04-15,14.061429023742676,17.587326049804688,17.619821548461914,17.335500717163086,17.46547508239746,103855038
2014-04-16,14.17184066772461,17.725425720214844,17.733549118041992,17.562957763671875,17.668561935424805,49363100
2014-04-17,14.197820663452148,17.757919311523438,17.798538208007812,17.668561935424805,17.749797821044922,58956037
2014-04-21,14.184829711914062,17.74167251586914,17.782291412353516,17.7010555267334,17.76604461669922,37683618
2014-04-22,14.282258987426758,17.863525390625,17.91226577758789,17.7010555267334,17.76604461669922,33032777
2014-04-23,14.314723014831543,17.904142379760742,17.92038917541504,17.822908401489258,17.847278594970703,32197667
2014-04-24,14.308232307434082,17.896018981933594,17.98537826538086,17.822908401489258,17.98537826538086,36918798
2014-04-25,14.19132137298584,17.749797821044922,17.87164878845215,17.717302322387695,17.85540199279785,35205738
2014-04-28,14.106895446777344,17.64419174194336,17.798538208007812,17.47359848022461,17.749797821044922,54068967
2014-04-29,14.243288040161133,17.81478500366211,17.822908401489258,17.668561935424805,17.6848087310791,34182162
2014-04-30,14.262768745422363,17.839155197143555,17.879772186279297,17.749797821044922,17.76604461669922,46774307
2014-05-01,14.288749694824219,17.87164878845215,17.896018981933594,17.782291412353516,17.839155197143555,33615533
2014-05-02,14.282258987426758,17.863525390625,18.0259952545166,17.822908401489258,17.879772186279297,34600209
2014-05-05,14.223799705505371,17.790414810180664,17.80666160583496,17.63606834411621,17.7010555267334,23206197
2014-05-06,14.022462844848633,17.53858757019043,17.74167251586914,17.53858757019043,17.74167251586914,73906286
2014-05-07,14.210811614990234,17.774166107177734,17.790414810180664,17.579204559326172,17.627944946289062,50411420
2014-05-08,14.24977970123291,17.822908401489258,17.92038917541504,17.749797821044922,17.749797821044922,35858291
2014-05-09,14.243288040161133,17.81478500366211,17.839155197143555,17.7010555267334,17.81478500366211,29373014
2014-05-12,14.386173248291016,17.993501663208008,18.001625061035156,17.863525390625,17.904142379760742,25643084
2014-05-13,14.37318229675293,17.97725486755371,18.050365447998047,17.952884674072266,18.001625061035156,28989311
2014-05-14,14.269266128540039,17.847278594970703,17.97725486755371,17.81478500366211,17.96100616455078,31432723
2014-05-15,14.106895446777344,17.64419174194336,17.790414810180664,17.51421546936035,17.76604461669922,49008449
2014-05-16,14.126379013061523,17.668561935424805,17.668561935424805,17.53046226501465,17.652315139770508,41206002
2014-05-19,14.197820663452148,17.757919311523438,17.774166107177734,17.611698150634766,17.619821548461914,24674780
2014-05-20,14.113385200500488,17.652315139770508,17.76604461669922,17.587326049804688,17.725425720214844,24000561
2014-05-21,14.204314231872559,17.76604461669922,17.839155197143555,17.70918083190918,17.717302322387695,39055814
2014-05-22,14.269266128540039,17.847278594970703,17.879772186279297,17.74167251586914,17.790414810180664,22555244
2014-05-23,14.314723014831543,17.904142379760742,17.91226577758789,17.831031799316406,17.87164878845215,20383390
2014-05-27,14.438131332397461,18.058488845825195,18.13159942626953,17.944759368896484,17.944759368896484,28444963
2014-05-28,14.412147521972656,18.0259952545166,18.074735641479492,17.98537826538086,18.017871856689453,40448075
2014-05-29,14.444626808166504,18.066612243652344,18.08285903930664,17.98537826538086,18.066612243652344,18361350
2014-05-30,14.477103233337402,18.107229232788086,18.123477935791016,18.017871856689453,18.0259952545166,33521607
2014-06-02,14.516072273254395,18.15597152709961,18.172218322753906,18.03411865234375,18.123477935791016,24982776
2014-06-03,14.535554885864258,18.180341720581055,18.180341720581055,18.074735641479492,18.107229232788086,19306758
2014-06-04,14.574522018432617,18.229082107543945,18.245328903198242,18.123477935791016,18.123477935791016,24081684
2014-06-05,14.710916519165039,18.399675369262695,18.407798767089844,18.180341720581055,18.26157569885254,38203470
2014-06-06,14.808341979980469,18.521526336669922,18.5458984375,18.415922164916992,18.448415756225586,36753598
2014-06-09,14.873292922973633,18.60276222229004,18.627132415771484,18.513404846191406,18.529651641845703,39739634
2014-06-10,14.866804122924805,18.59463882446289,18.59463882446289,18.521526336669922,18.55402183532715,26550947
2014-06-11,14.769372940063477,18.47278594970703,18.529651641845703,18.415922164916992,18.521526336669922,25320439
2014-06-12,14.678444862365723,18.359058380126953,18.47278594970703,18.32656478881836,18.464662551879883,36993766
2014-06-13,14.684938430786133,18.3671817779541,18.448415756225586,18.31031608581543,18.407798767089844,34428485
2014-06-16,14.613496780395508,18.277822494506836,18.334686279296875,18.229082107543945,18.334686279296875,41736316
2014-06-17,14.762872695922852,18.464662551879883,18.48090934753418,18.245328903198242,18.25345230102539,30098442
2014-06-18,14.847306251525879,18.570268630981445,18.60276222229004,18.3834285736084,18.456539154052734,38125793
2014-06-19,14.827825546264648,18.5458984375,18.59463882446289,18.48090934753418,18.578392028808594,28443117
2014-06-20,14.886510848999023,18.5458984375,18.570268630981445,18.489032745361328,18.55402183532715,30669011
2014-06-23,14.919113159179688,18.586515426635742,18.60276222229004,18.48090934753418,18.5458984375,23893956
2014-06-24,14.821303367614746,18.464662551879883,18.627132415771484,18.440292358398438,18.5458984375,27761266
2014-06-25,14.834349632263184,18.48090934753418,18.505279541015625,18.359058380126953,18.37530517578125,31616881
2014-06-26,14.782184600830078,18.415922164916992,18.48090934753418,18.277822494506836,18.456539154052734,32902784
2014-06-27,14.84086799621582,18.489032745361328,18.489032745361328,18.359058380126953,18.359058380126953,22087464
2014-06-30,14.827823638916016,18.47278594970703,18.505279541015625,18.42404556274414,18.448415756225586,45984497
2014-07-01,14.919113159179688,18.586515426635742,18.667749404907227,18.513404846191406,18.513404846191406,34924332
2014-07-02,14.90608024597168,18.570268630981445,18.64337921142578,18.562145233154297,18.578392028808594,21714471
2014-07-03,15.023441314697266,18.71649169921875,18.740861892700195,18.659626007080078,18.700244903564453,27225904
2014-07-07,14.95824146270752,18.635255813598633,18.692119598388672,18.578392028808594,18.692119598388672,30418995
2014-07-08,14.827823638916016,18.47278594970703,18.619009017944336,18.43216896057129,18.60276222229004,42234379
2014-07-09,14.866944313049316,18.521526336669922,18.53777313232422,18.456539154052734,18.497156143188477,23890756
2014-07-10,14.769142150878906,18.399675369262695,18.456539154052734,18.245328903198242,18.318439483642578,31814580
2014-07-11,14.795217514038086,18.43216896057129,18.448415756225586,18.285945892333984,18.37530517578125,26102370
2014-07-14,14.886510848999023,18.5458984375,18.619009017944336,18.521526336669922,18.610885620117188,26266093
2014-07-15,14.990838050842285,18.675872802734375,18.71649169921875,18.578392028808594,18.64337921142578,36321394
2014-07-16,14.964759826660156,18.64337921142578,18.71649169921875,18.586515426635742,18.692119598388672,32831509
2014-07-17,14.769142150878906,18.399675369262695,18.635255813598633,18.3834285736084,18.55402183532715,42034342
2014-07-18,14.938677787780762,18.610885620117188,18.627132415771484,18.456539154052734,18.456539154052734,25827980
2014-07-21,14.89954948425293,18.562145233154297,18.586515426635742,18.48090934753418,18.513404846191406,18265332
2014-07-22,14.945199012756348,18.619009017944336,18.65150260925293,18.578392028808594,18.610885620117188,15999553
2014-07-23,14.977797508239746,18.659626007080078,18.692119598388672,18.59463882446289,18.627132415771484,17625827
2014-07-24,15.010400772094727,18.700244903564453,18.732738494873047,18.667749404907227,18.70836639404297,25123971
2014-07-25,14.925634384155273,18.59463882446289,18.683996200561523,18.578392028808594,18.627132415771484,44700318
2014-07-28,14.932158470153809,18.60276222229004,18.65150260925293,18.48090934753418,18.578392028808594,51911024
2014-07-29,14.853909492492676,18.505279541015625,18.675872802734375,18.497156143188477,18.627132415771484,34997453
2014-07-30,14.919113159179688,18.586515426635742,18.659626007080078,18.47278594970703,18.578392028808594,49021005
2014-07-31,14.612648010253906,18.2047119140625,18.505279541015625,18.19658851623535,18.456539154052734,61818850
2014-08-01,14.488757133483887,18.050365447998047,18.229082107543945,17.969131469726562,18.15597152709961,61016238
2014-08-04,14.606122970581055,18.19658851623535,18.220958709716797,18.03411865234375,18.115352630615234,32232135
2014-08-05,14.456148147583008,18.009748458862305,18.164094924926758,17.93663787841797,18.107229232788086,49123055
2014-08-06,14.514836311340332,18.08285903930664,18.180341720581055,17.952884674072266,17.952884674072266,45635509
2014-08-07,14.449637413024902,18.001625061035156,18.2047119140625,17.952884674072266,18.164094924926758,49004387
2014-08-08,14.593083381652832,18.180341720581055,18.188465118408203,17.952884674072266,17.993501663208008,62985100
2014-08-11,14.606122970581055,18.19658851623535,18.277822494506836,18.180341720581055,18.21283531188965,28040580
2014-08-12,14.63873291015625,18.237205505371094,18.285945892333984,18.139724731445312,18.139724731445312,27079046
2014-08-13,14.70393180847168,18.318439483642578,18.359058380126953,18.26157569885254,18.277822494506836,27864301
2014-08-14,14.795217514038086,18.43216896057129,18.43216896057129,18.334686279296875,18.342811584472656,26959269
2014-08-15,14.723493576049805,18.342811584472656,18.513404846191406,18.237205505371094,18.513404846191406,48988876
2014-08-18,14.886510848999023,18.5458984375,18.562145233154297,18.42404556274414,18.43216896057129,30915826
2014-08-19,14.912596702575684,18.578392028808594,18.627132415771484,18.562145233154297,18.586515426635742,24872847
2014-08-20,14.951717376708984,18.627132415771484,18.692119598388672,18.521526336669922,18.5458984375,32671479
2014-08-21,15.127772331237793,18.846466064453125,18.87895965576172,18.635255813598633,18.667749404907227,46030414
2014-08-22,15.075613021850586,18.781478881835938,18.895206451416016,18.757108688354492,18.846466064453125,30347351
2014-08-25,15.206018447875977,18.94394874572754,19.000812530517578,18.87083625793457,18.87083625793457,33893123
2014-08-26,15.238621711730957,18.98456573486328,19.04142951965332,18.919578552246094,18.927701950073242,17016729
2014-08-27,15.206018447875977,18.94394874572754,19.033306121826172,18.911453247070312,19.033306121826172,21784145
2014-08-28,15.160367965698242,18.887083053588867,18.911453247070312,18.81397247314453,18.854589462280273,25850015
2014-08-29,15.232101440429688,18.976442337036133,19.000812530517578,18.895206451416016,18.94394874572754,28003280
2014-09-02,15.29078483581543,19.04955291748047,19.065799713134766,18.94394874572754,19.033306121826172,36352415
2014-09-03,15.264703750610352,19.017059326171875,19.1389102935791,18.976442337036133,19.122665405273438,24151728
2014-09-04,15.277745246887207,19.033306121826172,19.1551570892334,18.968318939208984,19.033306121826172,31148855
2014-09-05,15.297314643859863,19.057676315307617,19.065799713134766,18.895206451416016,19.008935928344727,30005256
2014-09-08,15.30382251739502,19.065799713134766,19.1389102935791,19.000812530517578,19.04142951965332,26755908
2014-09-09,15.1473388671875,18.87083625793457,19.025182723999023,18.838342666625977,19.025182723999023,38428619
2014-09-10,15.225580215454102,18.968318939208984,18.99268913269043,18.87895965576172,18.87895965576172,38567107
2014-09-11,15.264703750610352,19.017059326171875,19.033306121826172,18.887083053588867,18.903331756591797,36650440
2014-09-12,15.251668930053711,19.000812530517578,19.090171813964844,18.927701950073242,19.017059326171875,42971009
2014-09-15,15.245150566101074,18.99268913269043,19.04142951965332,18.93582534790039,19.000812530517578,25694294
2014-09-16,15.310349464416504,19.073923110961914,19.114540100097656,18.93582534790039,18.94394874572754,39350392
2014-09-17,15.375557899475098,19.1551570892334,19.26076316833496,19.04955291748047,19.114540100097656,54889305
2014-09-18,15.52552604675293,19.341997146606445,19.39073944091797,19.228269577026367,19.252639770507812,63655749
2014-09-19,15.484930038452148,19.21202278137207,19.398862838745117,19.16328239440918,19.366369247436523,62190612
2014-09-22,15.380168914794922,19.082046508789062,19.22014617919922,19.057676315307617,19.171405792236328,39775087
2014-09-23,15.27541446685791,18.952070236206055,19.1389102935791,18.94394874572754,19.04142951965332,39927485
2014-09-24,15.3605375289917,19.057676315307617,19.065799713134766,18.911453247070312,18.99268913269043,44279193
2014-09-25,15.105178833007812,18.740861892700195,19.025182723999023,18.740861892700195,18.99268913269043,66656804
2014-09-26,15.249224662780762,18.919578552246094,18.968318939208984,18.76523208618164,18.797725677490234,49182020
2014-09-29,15.196842193603516,18.854589462280273,18.895206451416016,18.724613189697266,18.732738494873047,47184969
2014-09-30,15.170652389526367,18.82209587097168,18.93582534790039,18.781478881835938,18.895206451416016,40730589
2014-10-01,14.987321853637695,18.59463882446289,18.82209587097168,18.562145233154297,18.781478881835938,63257889
2014-10-02,15.026607513427734,18.64337921142578,18.71649169921875,18.47278594970703,18.60276222229004,69509769
2014-10-03,15.242676734924316,18.911453247070312,18.94394874572754,18.748985290527344,18.81397247314453,62092379
2014-10-06,15.196842193603516,18.854589462280273,19.04142951965332,18.830219268798828,19.04142951965332,40801003
2014-10-07,14.941486358642578,18.53777313232422,18.805849075317383,18.529651641845703,18.805849075317383,63099706
2014-10-08,15.223026275634766,18.887083053588867,18.887083053588867,18.489032745361328,18.5458984375,72327897
2014-10-09,14.902203559875488,18.489032745361328,18.87083625793457,18.47278594970703,18.87083625793457,110277904
2014-10-10,14.784346580505371,18.342811584472656,18.659626007080078,18.334686279296875,18.448415756225586,76225243
2014-10-13,14.653395652770996,18.180341720581055,18.464662551879883,18.164094924926758,18.350933074951172,70603882
2014-10-14,14.712327003479004,18.25345230102539,18.399675369262695,18.172218322753906,18.229082107543945,78074944
2014-10-15,14.430778503417969,17.904142379760742,18.08285903930664,17.506092071533203,17.993501663208008,134405258
2014-10-16,14.430778503417969,17.904142379760742,18.0422420501709,17.579204559326172,17.59545135498047,101397347
2014-10-17,14.614108085632324,18.13159942626953,18.220958709716797,18.009748458862305,18.139724731445312,65796704
2014-10-20,14.699234008789062,18.237205505371094,18.25345230102539,18.09098243713379,18.09098243713379,60934746
2014-10-21,14.974226951599121,18.578392028808594,18.60276222229004,18.350933074951172,18.399675369262695,62988547
2014-10-22,14.836725234985352,18.407798767089844,18.627132415771484,18.407798767089844,18.610885620117188,56880817
2014-10-23,14.98077392578125,18.586515426635742,18.70836639404297,18.55402183532715,18.619009017944336,99572513
2014-10-24,15.124817848205566,18.76523208618164,18.77335548400879,18.586515426635742,18.619009017944336,32770205
2014-10-27,15.144462585449219,18.789602279663086,18.797725677490234,18.667749404907227,18.700244903564453,27325984
2014-10-28,15.308156967163086,18.99268913269043,19.000812530517578,18.838342666625977,18.838342666625977,44604546
2014-10-29,15.34743881225586,19.04142951965332,19.073923110961914,18.895206451416016,19.025182723999023,55631844
2014-10-30,15.4325590133667,19.147035598754883,19.236392974853516,18.968318939208984,19.025182723999023,41918628
2014-10-31,15.609338760375977,19.366369247436523,19.39073944091797,19.285133361816406,19.366369247436523,46879927
2014-11-03,15.668265342712402,19.43947982788086,19.48822021484375,19.358245849609375,19.415109634399414,60885014
2014-11-04,15.6748046875,19.447603225708008,19.455726623535156,19.293258666992188,19.366369247436523,36701526
2014-11-05,15.779572486877441,19.577579498291016,19.618196487426758,19.463851928710938,19.618196487426758,30312760
2014-11-06,15.805764198303223,19.61007308959961,19.618196487426758,19.48822021484375,19.545085906982422,33192561
2014-11-07,15.8123140335083,19.618196487426758,19.66693687438965,19.520715713500977,19.618196487426758,35459694
2014-11-10,15.897433280944824,19.72380256652832,19.72380256652832,19.593826293945312,19.618196487426758,37733474
2014-11-11,15.845047950744629,19.6588134765625,19.748172760009766,19.6588134765625,19.731924057006836,47698542
2014-11-12,15.8123140335083,19.618196487426758,19.642566680908203,19.545085906982422,19.593826293945312,23048629
2014-11-13,15.805764198303223,19.61007308959961,19.675060272216797,19.528837203979492,19.634443283081055,36133543
2014-11-14,15.753382682800293,19.545085906982422,19.642566680908203,19.520715713500977,19.60194969177246,14073777
2014-11-17,15.753382682800293,19.545085906982422,19.569456100463867,19.471973419189453,19.48822021484375,19907978
2014-11-18,15.805764198303223,19.61007308959961,19.675060272216797,19.528837203979492,19.536962509155273,15630130
2014-11-19,15.773027420043945,19.569456100463867,19.60194969177246,19.48822021484375,19.577579498291016,27164231
2014-11-20,15.773027420043945,19.569456100463867,19.593826293945312,19.43947982788086,19.471973419189453,19798912
2014-11-21,15.851593017578125,19.66693687438965,19.788789749145508,19.642566680908203,19.788789749145508,25110061
2014-11-24,15.956360816955566,19.796913146972656,19.845653533935547,19.72380256652832,19.731924057006836,23038411
2014-11-25,15.943265914916992,19.78066635131836,19.8375301361084,19.71567726135254,19.8375301361084,28864242
2014-11-26,15.96290397644043,19.805036544799805,19.813159942626953,19.756296157836914,19.78066635131836,10769280
2014-11-28,15.97600269317627,19.8212833404541,19.910642623901367,19.796913146972656,19.8212833404541,9621496
2014-12-01,15.864691734313965,19.683183670043945,19.77254295349121,19.634443283081055,19.71567726135254,33654309
2014-12-02,16.01527976989746,19.870023727416992,19.88627052307129,19.66693687438965,19.66693687438965,26767603
2014-12-03,16.087310791015625,19.959383010864258,19.975629806518555,19.845653533935547,19.88627052307129,17814417
2014-12-04,16.10694694519043,19.983753204345703,20.00812339782715,19.853776931762695,19.935012817382812,20925400
2014-12-05,16.25099754333496,20.1624698638916,20.235580444335938,20.064987182617188,20.089357376098633,37209929
2014-12-08,16.32956314086914,20.259950637817383,20.365556716918945,20.129976272583008,20.138099670410156,52915889
2014-12-09,16.2902774810791,20.211210250854492,20.211210250854492,19.94313621520996,20.0,55516992
2014-12-10,16.08076286315918,19.95125961303711,20.21933364868164,19.918764114379883,20.154346466064453,63708559
2014-12-11,16.120040893554688,20.0,20.1787166595459,19.967506408691406,20.00812339782715,71819494
2014-12-12,15.805764198303223,19.61007308959961,19.967506408691406,19.585702896118164,19.845653533935547,48320689
2014-12-15,15.661718368530273,19.43135643005371,19.756296157836914,19.33387565612793,19.72380256652832,45935750
2014-12-16,15.511123657226562,19.244516372680664,19.634443283081055,19.236392974853516,19.32575035095215,45497391
2014-12-17,15.864691734313965,19.683183670043945,19.691307067871094,19.293258666992188,19.33387565612793,53873361
2014-12-18,16.231355667114258,20.138099670410156,20.154346466064453,19.87814712524414,19.983753204345703,46183796
2014-12-19,16.241886138916016,20.04874038696289,20.154346466064453,19.983753204345703,20.097482681274414,49107421
2014-12-22,16.353761672973633,20.186840057373047,20.186840057373047,20.05686378479004,20.10560417175293,19475282
2014-12-23,16.44589614868164,20.300569534301758,20.373680114746094,20.21933364868164,20.259950637817383,22928360
2014-12-24,16.419570922851562,20.268075942993164,20.365556716918945,20.259950637817383,20.365556716918945,9773278
2014-12-26,16.419570922851562,20.268075942993164,20.3411865234375,20.259950637817383,20.33306312561035,18149002
2014-12-29,16.47879409790039,20.3411865234375,20.422420501708984,20.211210250854492,20.251827239990234,22126486
2014-12-30,16.45905113220215,20.316816329956055,20.365556716918945,20.251827239990234,20.308692932128906,20298451
2014-12-31,16.274784088134766,20.089357376098633,20.406173706054688,20.064987182617188,20.38992691040039,29869969
2015-01-02,16.274784088134766,20.089357376098633,20.22745704650879,19.935012817382812,20.194963455200195,40511471
2015-01-05,15.932576179504395,19.66693687438965,20.0,19.618196487426758,19.959383010864258,50770502
2015-01-06,15.689079284667969,19.366369247436523,19.731924057006836,19.27701187133789,19.66693687438965,57454463
2015-01-07,15.853605270385742,19.569456100463867,19.618196487426758,19.415109634399414,19.528837203979492,36287049
2015-01-08,16.09052276611328,19.861900329589844,19.910642623901367,19.756296157836914,19.796913146972656,37995923
2015-01-09,15.873346328735352,19.593826293945312,19.910642623901367,19.585702896118164,19.902517318725586,36300590
2015-01-12,15.741727828979492,19.43135643005371,19.642566680908203,19.374492645263672,19.593826293945312,38356360
2015-01-13,15.689079284667969,19.366369247436523,19.691307067871094,19.228269577026367,19.56133270263672,45785445
2015-01-14,15.46533489227295,19.090171813964844,19.16328239440918,18.838342666625977,19.057676315307617,71356023
2015-01-15,15.274477005004883,18.854589462280273,19.122665405273438,18.82209587097168,19.025182723999023,58038203
2015-01-16,15.458740234375,19.082046508789062,19.090171813964844,18.732738494873047,18.805849075317383,89499855
2015-01-20,15.392942428588867,19.000812530517578,19.21202278137207,18.93582534790039,19.1389102935791,39330942
2015-01-21,15.432417869567871,19.04955291748047,19.147035598754883,18.87083625793457,18.99268913269043,49251571
2015-01-22,15.814120292663574,19.520715713500977,19.545085906982422,19.033306121826172,19.16328239440918,97345387
2015-01-23,15.643013000488281,19.30950355529785,19.545085906982422,19.30950355529785,19.50446891784668,34069402
2015-01-26,15.721983909606934,19.406986236572266,19.415109634399414,19.228269577026367,19.27701187133789,27588310
2015-01-27,15.550884246826172,19.195775985717773,19.32575035095215,19.122665405273438,19.1389102935791,35186781
2015-01-28,15.267895698547363,18.846466064453125,19.293258666992188,18.81397247314453,19.293258666992188,85405918
2015-01-29,15.392942428588867,19.000812530517578,19.04142951965332,18.748985290527344,18.82209587097168,50409450
2015-01-30,15.142858505249023,18.692119598388672,19.000812530517578,18.683996200561523,18.781478881835938,64531113
2015-02-02,15.386356353759766,18.99268913269043,19.017059326171875,18.59463882446289,18.740861892700195,62984977
2015-02-03,15.643013000488281,19.30950355529785,19.32575035095215,19.065799713134766,19.065799713134766,66155787
2015-02-04,15.603533744812012,19.26076316833496,19.423233032226562,19.228269577026367,19.26888656616211,37523958
2015-02-05,15.761473655700684,19.455726623535156,19.48822021484375,19.301380157470703,19.317628860473633,30264135
2015-02-06,15.886514663696289,19.61007308959961,19.805036544799805,19.56133270263672,19.634443283081055,83237512
2015-02-09,15.807538032531738,19.512590408325195,19.61007308959961,19.463851928710938,19.520715713500977,37354080
2015-02-10,15.932576179504395,19.66693687438965,19.707555770874023,19.520715713500977,19.6588134765625,39742220
2015-02-11,15.932576179504395,19.66693687438965,19.72380256652832,19.536962509155273,19.642566680908203,36080733
2015-02-12,16.09052276611328,19.861900329589844,19.88627052307129,19.6588134765625,19.699430465698242,40635310
2015-02-13,16.077363967895508,19.845653533935547,19.926889419555664,19.77254295349121,19.870023727416992,23270085
2015-02-17,16.130008697509766,19.910642623901367,19.959383010864258,19.796913146972656,19.813159942626953,17869196
2015-02-18,16.03129005432129,19.788789749145508,19.88627052307129,19.740049362182617,19.88627052307129,36387868
2015-02-19,15.965484619140625,19.707555770874023,19.788789749145508,19.6588134765625,19.740049362182617,21550255
2015-02-20,16.083938598632812,19.853776931762695,19.88627052307129,19.55320930480957,19.675060272216797,40206183
2015-02-23,16.04445457458496,19.805036544799805,19.82940673828125,19.699430465698242,19.82940673828125,23616735
2015-02-24,16.12342643737793,19.902517318725586,19.967506408691406,19.813159942626953,19.853776931762695,33958612
2015-02-25,16.12342643737793,19.902517318725586,19.983753204345703,19.87814712524414,19.88627052307129,32659415
2015-02-26,16.083938598632812,19.853776931762695,19.935012817382812,19.788789749145508,19.926889419555664,33480738
2015-02-27,16.024717330932617,19.78066635131836,19.870023727416992,19.764419555664062,19.82940673828125,28937856
2015-03-02,16.143171310424805,19.926889419555664,19.94313621520996,19.748172760009766,19.788789749145508,27137641
2015-03-03,16.097103118896484,19.870023727416992,19.926889419555664,19.77254295349121,19.870023727416992,31729394
2015-03-04,15.99838924407959,19.748172760009766,19.813159942626953,19.675060272216797,19.788789749145508,47685247
2015-03-05,16.064193725585938,19.82940673828125,19.870023727416992,19.71567726135254,19.78066635131836,25112031
2015-03-06,15.945735931396484,19.683183670043945,20.032493591308594,19.65069007873535,19.902517318725586,74347599
2015-03-09,16.018125534057617,19.77254295349121,19.813159942626953,19.691307067871094,19.699430465698242,26666907
2015-03-10,15.675921440124512,19.350122451782227,19.61007308959961,19.350122451782227,19.60194969177246,49650662
2015-03-11,15.774630546569824,19.471973419189453,19.545085906982422,19.38261604309082,19.406986236572266,36531648
2015-03-12,16.116844177246094,19.89439582824707,19.910642623901367,19.61007308959961,19.634443283081055,50418806
2015-03-13,16.00496482849121,19.756296157836914,19.88627052307129,19.642566680908203,19.845653533935547,40917578
2015-03-16,16.2023983001709,20.0,20.016246795654297,19.8375301361084,19.8375301361084,39676730
2015-03-17,16.162912368774414,19.95125961303711,20.0,19.813159942626953,19.935012817382812,22247248
2015-03-18,16.255046844482422,20.064987182617188,20.129976272583008,19.82940673828125,19.902517318725586,58915168
2015-03-19,16.103689193725586,19.87814712524414,20.064987182617188,19.788789749145508,20.064987182617188,42486734
2015-03-20,16.322328567504883,20.073110580444336,20.089357376098633,19.8375301361084,19.902517318725586,47450742
2015-03-23,16.229846954345703,19.959383010864258,20.129976272583008,19.959383010864258,20.032493591308594,26417014
2015-03-24,16.09774398803711,19.796913146972656,19.94313621520996,19.788789749145508,19.94313621520996,22615686
2015-03-25,15.840124130249023,19.4800968170166,19.870023727416992,19.4800968170166,19.8212833404541,40570806
2015-03-26,15.826909065246582,19.463851928710938,19.55320930480957,19.317628860473633,19.398862838745117,40238682
2015-03-27,15.807086944580078,19.43947982788086,19.48822021484375,19.366369247436523,19.463851928710938,30154207
2015-03-30,16.038288116455078,19.72380256652832,19.77254295349121,19.577579498291016,19.585702896118164,43422048
2015-03-31,15.925992012023926,19.585702896118164,19.683183670043945,19.545085906982422,19.626319885253906,26132160
2015-04-01,15.912778854370117,19.569456100463867,19.642566680908203,19.43135643005371,19.536962509155273,32823015
2015-04-02,15.992053031921387,19.66693687438965,19.699430465698242,19.520715713500977,19.520715713500977,26472163
2015-04-06,16.018470764160156,19.699430465698242,19.748172760009766,19.463851928710938,19.50446891784668,19432443
2015-04-07,15.932599067687988,19.593826293945312,19.756296157836914,19.593826293945312,19.740049362182617,22346466
2015-04-08,15.992053031921387,19.66693687438965,19.748172760009766,19.61007308959961,19.61007308959961,22778055
2015-04-09,16.018470764160156,19.699430465698242,19.71567726135254,19.56133270263672,19.634443283081055,25595691
2015-04-10,16.01186752319336,19.691307067871094,19.740049362182617,19.6588134765625,19.707555770874023,18165005
2015-04-13,16.071311950683594,19.764419555664062,19.82940673828125,19.642566680908203,19.6588134765625,38112499
2015-04-14,16.071311950683594,19.764419555664062,19.813159942626953,19.65069007873535,19.748172760009766,32499016
2015-04-15,16.130769729614258,19.8375301361084,19.918764114379883,19.756296157836914,19.805036544799805,45762179
2015-04-16,16.15718650817871,19.870023727416992,19.935012817382812,19.72380256652832,19.82940673828125,27839065
2015-04-17,15.939207077026367,19.60194969177246,19.77254295349121,19.528837203979492,19.77254295349121,49064829
2015-04-20,16.005258560180664,19.683183670043945,19.756296157836914,19.66693687438965,19.675060272216797,19100196
2015-04-21,15.925992012023926,19.585702896118164,19.78066635131836,19.569456100463867,19.756296157836914,26714793
2015-04-22,16.038288116455078,19.72380256652832,19.77254295349121,19.536962509155273,19.60194969177246,26511555
2015-04-23,16.064708709716797,19.756296157836914,19.805036544799805,19.6588134765625,19.691307067871094,26294652
2015-04-24,16.038288116455078,19.72380256652832,19.748172760009766,19.65069007873535,19.71567726135254,23031271
2015-04-27,15.978837966918945,19.65069007873535,19.82940673828125,19.618196487426758,19.748172760009766,29486759
2015-04-28,16.071311950683594,19.764419555664062,19.764419555664062,19.536962509155273,19.618196487426758,31748721
2015-04-29,16.064708709716797,19.756296157836914,19.845653533935547,19.569456100463867,19.65069007873535,49893538
2015-04-30,15.939207077026367,19.60194969177246,19.805036544799805,19.528837203979492,19.699430465698242,42838185
2015-05-01,16.077917098999023,19.77254295349121,19.796913146972656,19.683183670043945,19.707555770874023,22565584
2015-05-04,16.23645782470703,19.967506408691406,19.975629806518555,19.8212833404541,19.853776931762695,27367961
2015-05-05,16.09113121032715,19.788789749145508,20.024370193481445,19.77254295349121,19.910642623901367,37717594
2015-05-06,16.01186752319336,19.691307067871094,19.902517318725586,19.55320930480957,19.870023727416992,36626312
2015-05-07,16.12415885925293,19.82940673828125,19.87814712524414,19.61007308959961,19.61007308959961,39290812
2015-05-08,16.35535430908203,20.11372947692871,20.11372947692871,19.935012817382812,19.935012817382812,40714217
2015-05-11,16.295909881591797,20.040616989135742,20.154346466064453,20.00812339782715,20.11372947692871,38354636
2015-05-12,16.23645782470703,19.967506408691406,20.016246795654297,19.805036544799805,19.95125961303711,48760649
2015-05-13,16.243064880371094,19.975629806518555,20.04874038696289,19.935012817382812,19.967506408691406,29430379
2015-05-14,16.388385772705078,20.154346466064453,20.1624698638916,20.032493591308594,20.073110580444336,26445450
2015-05-15,16.315719604492188,20.064987182617188,20.17059326171875,20.0,20.1624698638916,28494942
2015-05-18,16.4081974029541,20.1787166595459,20.194963455200195,20.04874038696289,20.073110580444336,19841750
2015-05-19,16.50067138671875,20.292444229125977,20.357433319091797,20.203086853027344,20.21933364868164,32513049
2015-05-20,16.454439163208008,20.235580444335938,20.3411865234375,20.203086853027344,20.33306312561035,37350263
2015-05-21,16.414806365966797,20.186840057373047,20.235580444335938,20.17059326171875,20.194963455200195,23172098
2015-05-22,16.42140769958496,20.194963455200195,20.243703842163086,20.146223068237305,20.146223068237305,16231966
2015-05-26,16.23645782470703,19.967506408691406,20.1624698638916,19.95125961303711,20.1624698638916,54832187
2015-05-27,16.414806365966797,20.186840057373047,20.211210250854492,20.0,20.024370193481445,31773341
2015-05-28,16.394987106323242,20.1624698638916,20.1787166595459,20.040616989135742,20.138099670410156,21900598
2015-05-29,16.24966049194336,19.983753204345703,20.1624698638916,19.935012817382812,20.1624698638916,31521478
2015-06-01,16.262876510620117,20.0,20.11372947692871,19.94313621520996,20.089357376098633,23062170
2015-06-02,16.28929901123047,20.032493591308594,20.10560417175293,19.902517318725586,19.983753204345703,26426862
2015-06-03,16.428014755249023,20.203086853027344,20.259950637817383,20.064987182617188,20.10560417175293,40898498
2015-06-04,16.282697677612305,20.024370193481445,20.194963455200195,19.99187660217285,20.146223068237305,37471271
2015-06-05,16.375171661376953,20.138099670410156,20.268075942993164,20.081235885620117,20.17059326171875,52402931
2015-06-08,16.276094436645508,20.016246795654297,20.194963455200195,20.00812339782715,20.17059326171875,28272131
2015-06-09,16.315719604492188,20.064987182617188,20.154346466064453,19.95125961303711,20.032493591308594,31163011
2015-06-10,16.54692268371582,20.34930992126465,20.422420501708984,20.146223068237305,20.1787166595459,53968148
2015-06-11,16.61297607421875,20.430543899536133,20.471162796020508,20.357433319091797,20.43866729736328,60034147
2015-06-12,16.54030418395996,20.3411865234375,20.422420501708984,20.27619743347168,20.381803512573242,42206558
2015-06-15,16.467647552490234,20.251827239990234,20.324939727783203,20.12185287475586,20.211210250854492,40678641
2015-06-16,16.560129165649414,20.365556716918945,20.381803512573242,20.194963455200195,20.259950637817383,36228207
2015-06-17,16.54030418395996,20.3411865234375,20.454914093017578,20.292444229125977,20.430543899536133,55448179
2015-06-18,16.692243576049805,20.528026580810547,20.56052017211914,20.3411865234375,20.430543899536133,70136594
2015-06-19,16.41358757019043,20.097482681274414,20.406173706054688,20.097482681274414,20.381803512573242,47071470
2015-06-22,16.66569709777832,20.406173706054688,20.487409591674805,20.381803512573242,20.38992691040039,40678518
2015-06-23,16.698869705200195,20.44679069519043,20.51177978515625,20.414297103881836,20.463037490844727,33542288
2015-06-24,16.55954933166504,20.27619743347168,20.44679069519043,20.27619743347168,20.414297103881836,26541099
2015-06-25,16.46003532409668,20.154346466064453,20.3411865234375,20.138099670410156,20.33306312561035,43711579
2015-06-26,16.513118743896484,20.21933364868164,20.27619743347168,20.1624698638916,20.243703842163086,30737208
2015-06-29,16.11504364013672,19.731924057006836,20.089357376098633,19.72380256652832,20.0,52912442
2015-06-30,16.174755096435547,19.805036544799805,19.975629806518555,19.740049362182617,19.926889419555664,77383245
2015-07-01,16.420223236083984,20.10560417175293,20.154346466064453,19.983753204345703,20.11372947692871,52375111
2015-07-02,16.347251892089844,20.016246795654297,20.146223068237305,19.935012817382812,20.097482681274414,24081438
2015-07-06,16.280902862548828,19.935012817382812,19.983753204345703,19.764419555664062,19.788789749145508,33223951
2015-07-07,16.314077377319336,19.975629806518555,19.99187660217285,19.60194969177246,19.902517318725586,63077548
2015-07-08,16.028789520263672,19.626319885253906,19.8375301361084,19.593826293945312,19.707555770874023,56789354
2015-07-09,16.154850006103516,19.78066635131836,19.935012817382812,19.740049362182617,19.902517318725586,31236625
2015-07-10,16.347251892089844,20.016246795654297,20.064987182617188,19.926889419555664,20.05686378479004,36120618
2015-07-13,16.546279907226562,20.259950637817383,20.259950637817383,20.146223068237305,20.186840057373047,41191230
2015-07-14,16.586084365844727,20.308692932128906,20.34930992126465,20.154346466064453,20.194963455200195,27691961
2015-07-15,16.725412368774414,20.479284286499023,20.51177978515625,20.33306312561035,20.406173706054688,62160945
2015-07-16,16.891271591186523,20.682371139526367,20.682371139526367,20.60926055908203,20.633630752563477,39781365
2015-07-17,16.84482765197754,20.625507354736328,20.69049644470215,20.536148071289062,20.66612434387207,22286763
2015-07-20,16.86473846435547,20.649877548217773,20.714866638183594,20.593013763427734,20.682371139526367,25354045
2015-07-21,16.84482765197754,20.625507354736328,20.73923683166504,20.576766967773438,20.658002853393555,24390172
2015-07-22,16.970882415771484,20.77985382080078,20.804224014282227,20.60926055908203,20.633630752563477,36459143
2015-07-23,16.824928283691406,20.601137161254883,20.812347412109375,20.56052017211914,20.796100616455078,36561685
2015-07-24,16.66569709777832,20.406173706054688,20.593013763427734,20.373680114746094,20.576766967773438,32149658
2015-07-27,16.546279907226562,20.259950637817383,20.316816329956055,20.186840057373047,20.268075942993164,34805048
2015-07-28,16.61262321472168,20.3411865234375,20.422420501708984,20.211210250854492,20.422420501708984,29677194
2015-07-29,16.778488159179688,20.544273376464844,20.552396774291992,20.357433319091797,20.406173706054688,33091373
2015-07-30,16.778488159179688,20.544273376464844,20.56052017211914,20.430543899536133,20.51177978515625,20597954
2015-07-31,16.725412368774414,20.479284286499023,20.56864356994629,20.422420501708984,20.5199031829834,24137571
2015-08-03,16.705507278442383,20.454914093017578,20.5036563873291,20.316816329956055,20.479284286499023,42025601
2015-08-04,16.67896842956543,20.422420501708984,20.528026580810547,20.38992691040039,20.471162796020508,30678613
2015-08-05,16.745317459106445,20.5036563873291,20.625507354736328,20.44679069519043,20.56052017211914,24771536
2015-08-06,16.68560791015625,20.430543899536133,20.552396774291992,20.357433319091797,20.5199031829834,23921408
2015-08-07,16.718772888183594,20.471162796020508,20.49553108215332,20.300569534301758,20.414297103881836,30673812
2015-08-10,16.87800407409668,20.66612434387207,20.67424964904785,20.552396774291992,20.60926055908203,30165778
2015-08-11,16.725412368774414,20.479284286499023,20.544273376464844,20.39805030822754,20.471162796020508,65448208
2015-08-12,16.572813034057617,20.292444229125977,20.324939727783203,19.983753204345703,20.308692932128906,77509300
2015-08-13,16.632526397705078,20.365556716918945,20.43866729736328,20.211210250854492,20.3411865234375,27547564
2015-08-14,16.7519474029541,20.51177978515625,20.51177978515625,20.33306312561035,20.3411865234375,33603346
2015-08-17,16.785125732421875,20.552396774291992,20.56052017211914,20.34930992126465,20.422420501708984,28771055
2015-08-18,16.771854400634766,20.536148071289062,20.584890365600586,20.487409591674805,20.528026580810547,20245642
2015-08-19,16.619258880615234,20.34930992126465,20.528026580810547,20.27619743347168,20.479284286499023,57382080
2015-08-20,16.26763153076172,19.918764114379883,20.1624698638916,19.918764114379883,20.138099670410156,67731590
2015-08-21,15.683805465698242,19.203899383544922,19.813159942626953,19.203899383544922,19.66693687438965,127715881
2015-08-24,15.0137300491333,18.3834285736084,19.033306121826172,15.044678688049316,18.0259952545166,143651668
2015-08-25,14.814691543579102,18.139724731445312,19.073923110961914,18.074735641479492,19.057676315307617,84936661
2015-08-26,15.371987342834473,18.82209587097168,18.82209587097168,18.220958709716797,18.562145233154297,146056427
2015-08-27,15.750143051147461,19.285133361816406,19.32575035095215,18.911453247070312,19.065799713134766,96219884
2015-08-28,15.677175521850586,19.195775985717773,19.26076316833496,19.073923110961914,19.21202278137207,40348364
2015-08-31,15.54448413848877,19.033306121826172,19.1551570892334,19.017059326171875,19.073923110961914,58845124
2015-09-01,15.040261268615723,18.415922164916992,18.724613189697266,18.277822494506836,18.627132415771484,86294454
2015-09-02,15.245926856994629,18.667749404907227,18.71649169921875,18.42404556274414,18.659626007080078,52533664
2015-09-03,15.332179069519043,18.77335548400879,18.968318939208984,18.692119598388672,18.724613189697266,60273576
2015-09-04,15.026999473571777,18.399675369262695,18.562145233154297,18.277822494506836,18.505279541015625,54210039
2015-09-08,15.411795616149902,18.87083625793457,18.887083053588867,18.627132415771484,18.757108688354492,49726245
2015-09-09,15.199491500854492,18.610885620117188,19.122665405273438,18.570268630981445,19.04142951965332,43741739
2015-09-10,15.272467613220215,18.700244903564453,18.838342666625977,18.53777313232422,18.59463882446289,43653476
2015-09-11,15.338809967041016,18.781478881835938,18.781478881835938,18.570268630981445,18.610885620117188,26809949
2015-09-14,15.305639266967773,18.740861892700195,18.797725677490234,18.667749404907227,18.740861892700195,31837353
2015-09-15,15.524575233459473,19.008935928344727,19.065799713134766,18.740861892700195,18.81397247314453,41048311
2015-09-16,15.624101638793945,19.130788803100586,19.16328239440918,18.927701950073242,19.025182723999023,28008328
2015-09-17,15.405160903930664,18.862712860107422,19.244516372680664,18.82209587097168,19.114540100097656,75221486
2015-09-18,15.107147216796875,18.407798767089844,18.60276222229004,18.37530517578125,18.513404846191406,85290820
2015-09-21,15.280491828918457,18.619009017944336,18.692119598388672,18.497156143188477,18.529651641845703,47097445
2015-09-22,15.087150573730469,18.3834285736084,18.448415756225586,18.245328903198242,18.342811584472656,65335941
2015-09-23,15.093817710876465,18.391551971435547,18.456539154052734,18.285945892333984,18.391551971435547,34891095
2015-09-24,14.98714828491211,18.26157569885254,18.294069290161133,18.099105834960938,18.180341720581055,51271027
2015-09-25,15.2071533203125,18.529651641845703,18.65150260925293,18.440292358398438,18.521526336669922,55416173
2015-09-28,14.853808403015137,18.099105834960938,18.43216896057129,18.0422420501709,18.399675369262695,58422891
2015-09-29,14.880470275878906,18.13159942626953,18.188465118408203,17.969131469726562,18.115352630615234,48264309
2015-09-30,15.107147216796875,18.407798767089844,18.407798767089844,18.188465118408203,18.37530517578125,49086741
2015-10-01,15.113812446594238,18.415922164916992,18.489032745361328,18.220958709716797,18.399675369262695,48512971
2015-10-02,15.133818626403809,18.440292358398438,18.440292358398438,17.85540199279785,18.017871856689453,75346063
2015-10-05,15.453828811645508,18.830219268798828,18.854589462280273,18.562145233154297,18.570268630981445,47975517
2015-10-06,15.38049030303955,18.740861892700195,18.854589462280273,18.70836639404297,18.789602279663086,36684908
2015-10-07,15.500493049621582,18.887083053588867,18.99268913269043,18.748985290527344,18.862712860107422,38597020
2015-10-08,15.593832969665527,19.000812530517578,19.017059326171875,18.77335548400879,18.81397247314453,37237011
2015-10-09,15.493823051452637,18.87895965576172,19.057676315307617,18.797725677490234,19.04142951965332,58339183
2015-10-12,15.507155418395996,18.895206451416016,18.927701950073242,18.82209587097168,18.87083625793457,25312191
2015-10-13,15.38715648651123,18.748985290527344,18.952070236206055,18.748985290527344,18.830219268798828,42452020
2015-10-14,15.260492324829102,18.59463882446289,18.789602279663086,18.570268630981445,18.757108688354492,44763838
2015-10-15,15.607171058654785,19.017059326171875,19.04142951965332,18.683996200561523,18.700244903564453,55652525
2015-10-16,15.700505256652832,19.130788803100586,19.16328239440918,19.033306121826172,19.073923110961914,36542235
2015-10-19,15.68716812133789,19.114540100097656,19.1551570892334,19.000812530517578,19.008935928344727,32690313
2015-10-20,15.780503273010254,19.228269577026367,19.252639770507812,19.09829330444336,19.114540100097656,23941473
2015-10-21,15.6671724319458,19.090171813964844,19.317628860473633,19.057676315307617,19.252639770507812,29215200
2015-10-22,15.920509338378906,19.398862838745117,19.471973419189453,19.122665405273438,19.130788803100586,61204335
2015-10-23,16.093847274780273,19.61007308959961,19.618196487426758,19.463851928710938,19.55320930480957,45903498
2015-10-26,16.027175903320312,19.528837203979492,19.61007308959961,19.455726623535156,19.61007308959961,24485698
2015-10-27,15.933838844299316,19.415109634399414,19.455726623535156,19.350122451782227,19.43135643005371,28664204
2015-10-28,16.307180404663086,19.870023727416992,19.902517318725586,19.455726623535156,19.455726623535156,112058299
2015-10-29,16.287185668945312,19.845653533935547,19.94313621520996,19.748172760009766,19.861900329589844,48479611
2015-10-30,16.053842544555664,19.56133270263672,19.813159942626953,19.536962509155273,19.796913146972656,62867662
2015-11-02,16.273853302001953,19.82940673828125,19.910642623901367,19.60194969177246,19.61007308959961,73531446
2015-11-03,16.300525665283203,19.861900329589844,19.926889419555664,19.731924057006836,19.8212833404541,42479225
2015-11-04,16.253854751586914,19.805036544799805,19.910642623901367,19.748172760009766,19.861900329589844,40100564
2015-11-05,16.32052230834961,19.88627052307129,19.918764114379883,19.77254295349121,19.805036544799805,45236788
2015-11-06,16.487199783325195,20.089357376098633,20.28432273864746,20.016246795654297,20.259950637817383,85556100
2015-11-09,16.307180404663086,19.870023727416992,20.1624698638916,19.756296157836914,20.11372947692871,59169369
2015-11-10,16.380525588989258,19.959383010864258,19.967506408691406,19.788789749145508,19.8212833404541,41119339
2015-11-11,16.327190399169922,19.89439582824707,20.04874038696289,19.87814712524414,20.04874038696289,27576370
2015-11-12,16.080514907836914,19.593826293945312,19.853776931762695,19.585702896118164,19.845653533935547,66597469
2015-11-13,15.947171211242676,19.43135643005371,19.634443283081055,19.374492645263672,19.4963436126709,53877793
2015-11-16,16.140514373779297,19.66693687438965,19.66693687438965,19.33387565612793,19.374492645263672,53560564
2015-11-17,16.107173919677734,19.626319885253906,19.805036544799805,19.585702896118164,19.748172760009766,46013180
2015-11-18,16.393861770629883,19.975629806518555,20.0,19.675060272216797,19.740049362182617,83572836
2015-11-19,16.42051887512207,20.00812339782715,20.04874038696289,19.910642623901367,19.983753204345703,35613076
2015-11-20,16.447187423706055,20.040616989135742,20.12185287475586,19.983753204345703,20.064987182617188,44189330
2015-11-23,16.380525588989258,19.959383010864258,20.097482681274414,19.935012817382812,20.032493591308594,31828859
2015-11-24,16.33384895324707,19.902517318725586,19.967506408691406,19.731924057006836,19.8375301361084,35916887
2015-11-25,16.34718132019043,19.918764114379883,19.959383010864258,19.861900329589844,19.910642623901367,24226080
2015-11-27,16.38719367980957,19.967506408691406,19.99187660217285,19.853776931762695,19.95125961303711,23191055
2015-11-30,16.37385368347168,19.95125961303711,20.032493591308594,19.918764114379883,20.032493591308594,30361138
2015-12-01,16.553861618041992,20.17059326171875,20.1787166595459,19.983753204345703,20.024370193481445,38268343
2015-12-02,16.36052131652832,19.935012817382812,20.21933364868164,19.89439582824707,20.21933364868164,43846620
2015-12-03,16.093847274780273,19.61007308959961,20.04874038696289,19.545085906982422,20.04874038696289,59308595
2015-12-04,16.520523071289062,20.129976272583008,20.1624698638916,19.683183670043945,19.731924057006836,52547451
2015-12-07,16.367189407348633,19.94313621520996,20.12185287475586,19.845653533935547,20.10560417175293,31381144
2015-12-08,16.160518646240234,19.691307067871094,19.870023727416992,19.642566680908203,19.72380256652832,35697769
2015-12-09,15.973843574523926,19.463851928710938,19.8212833404541,19.350122451782227,19.60194969177246,66624798
2015-12-10,15.98717975616455,19.4800968170166,19.66693687438965,19.39073944091797,19.455726623535156,58161303
2015-12-11,15.633827209472656,19.04955291748047,19.30950355529785,18.94394874572754,19.187652587890625,89542078
2015-12-14,15.6671724319458,19.090171813964844,19.22014617919922,18.87895965576172,19.065799713134766,71948873
2015-12-15,16.03384780883789,19.536962509155273,19.642566680908203,19.26888656616211,19.285133361816406,93332943
2015-12-16,16.293859481811523,19.853776931762695,19.918764114379883,19.528837203979492,19.71567726135254,102205375
2015-12-17,16.060514450073242,19.569456100463867,19.926889419555664,19.545085906982422,19.926889419555664,70913355
2015-12-18,15.631160736083984,18.927701950073242,19.33387565612793,18.927701950073242,19.30950355529785,113598773
2015-12-21,15.785456657409668,19.114540100097656,19.179529190063477,18.94394874572754,19.082046508789062,50728156
2015-12-22,15.933045387268066,19.293258666992188,19.33387565612793,19.057676315307617,19.228269577026367,57087748
2015-12-23,16.12088966369629,19.520715713500977,19.55320930480957,19.358245849609375,19.415109634399414,40627924
2015-12-24,16.10747718811035,19.50446891784668,19.61007308959961,19.455726623535156,19.545085906982422,13844688
2015-12-28,16.094058990478516,19.48822021484375,19.4963436126709,19.32575035095215,19.423233032226562,16747016
2015-12-29,16.26177406311035,19.691307067871094,19.71567726135254,19.585702896118164,19.65069007873535,38040239
2015-12-30,16.147722244262695,19.55320930480957,19.683183670043945,19.520715713500977,19.65069007873535,19339133
2015-12-31,15.986715316772461,19.358245849609375,19.585702896118164,19.317628860473633,19.358245849609375,59154720
2016-01-04,15.678119659423828,18.98456573486328,19.000812530517578,18.76523208618164,18.960195541381836,93387476
2016-01-05,15.738496780395508,19.057676315307617,19.114540100097656,18.887083053588867,19.017059326171875,52096536
2016-01-06,15.49698257446289,18.76523208618164,18.87895965576172,18.667749404907227,18.781478881835938,77248574
2016-01-07,15.060928344726562,18.237205505371094,18.5458984375,18.164094924926758,18.37530517578125,92006910
2016-01-08,14.826128005981445,17.952884674072266,18.415922164916992,17.91226577758789,18.399675369262695,83028242
2016-01-11,14.846247673034668,17.97725486755371,18.08285903930664,17.798538208007812,18.050365447998047,70986600
2016-01-12,14.960290908813477,18.115352630615234,18.19658851623535,17.879772186279297,18.164094924926758,80633578
2016-01-13,14.57119083404541,17.64419174194336,18.269699096679688,17.562957763671875,18.188465118408203,125524947
2016-01-14,14.698657035827637,17.798538208007812,17.944759368896484,17.51421546936035,17.6848087310791,95264013
2016-01-15,14.36993408203125,17.400487899780273,17.481721878051758,17.164907455444336,17.197399139404297,94362797
2016-01-19,14.363224983215332,17.392364501953125,17.652315139770508,17.270511627197266,17.587326049804688,83779398
2016-01-20,14.081459045410156,17.051177978515625,17.213647842407227,16.67749786376953,17.034931182861328,107682217
2016-01-21,14.02108383178711,16.97806739807129,17.286758422851562,16.921201705932617,17.067424774169922,91494814
2016-01-22,14.276013374328613,17.286758422851562,17.35987091064453,17.164907455444336,17.197399139404297,59334200
2016-01-25,13.98753833770752,16.937448501586914,17.278635025024414,16.896831512451172,17.213647842407227,78982191
2016-01-26,14.222344398498535,17.221771240234375,17.270511627197266,16.97806739807129,17.002437591552734,63973716
2016-01-27,14.168670654296875,17.156782150268555,17.457351684570312,17.034931182861328,17.164907455444336,77206350
2016-01-28,14.175384521484375,17.164907455444336,17.3436222076416,17.051177978515625,17.262388229370117,79906672
2016-01-29,14.57119083404541,17.64419174194336,17.652315139770508,17.229894638061523,17.286758422851562,100518905
2016-02-01,14.51081657409668,17.57107925415039,17.660438537597656,17.441104888916016,17.562957763671875,84561575
2016-02-02,14.108296394348145,17.08367156982422,17.3436222076416,17.043054580688477,17.31925392150879,86157444
2016-02-03,14.121711730957031,17.099918365478516,17.181154251098633,16.612510681152344,17.181154251098633,151930266
2016-02-04,14.242472648620605,17.24614143371582,17.36799430847168,16.994314193725586,16.994314193725586,97011048
2016-02-05,14.05462646484375,17.01868438720703,17.351747512817383,16.969942092895508,17.262388229370117,81506726
2016-02-08,13.699069023132324,16.5881404876709,16.831844329833984,16.360681533813477,16.774980545043945,132312804
2016-02-09,13.678943634033203,16.56376838684082,16.67749786376953,16.263200759887695,16.263200759887695,168924221
2016-02-10,13.605146408081055,16.474411010742188,16.880584716796875,16.46628761291504,16.693744659423828,80836939
2016-02-11,13.189208984375,15.970754623413086,16.149471282958984,15.865150451660156,16.035743713378906,155436893
2016-02-12,13.746026039123535,16.645004272460938,16.645004272460938,16.279447555541992,16.352558135986328,119640644
2016-02-16,13.967412948608398,16.91307830810547,16.986190795898438,16.75873374938965,16.929325103759766,97496185
2016-02-17,14.155250549316406,17.140535354614258,17.221771240234375,17.07554817199707,17.07554817199707,79846353
2016-02-18,14.074750900268555,17.043054580688477,17.205524444580078,16.961820602416992,17.205524444580078,79491948
2016-02-19,14.074750900268555,17.043054580688477,17.116165161132812,16.880584716796875,16.90495491027832,91481888
2016-02-22,14.296136856079102,17.311128616333008,17.384239196777344,17.24614143371582,17.24614143371582,52408225
2016-02-23,14.04120922088623,17.002437591552734,17.24614143371582,16.969942092895508,17.221771240234375,71553352
2016-02-24,14.007661819458008,16.961820602416992,17.010560989379883,16.612510681152344,16.75873374938965,89023089
2016-02-25,14.202214241027832,17.197399139404297,17.213647842407227,16.961820602416992,16.961820602416992,87713797
2016-02-26,14.302846908569336,17.31925392150879,17.47359848022461,17.221771240234375,17.311128616333008,100096303
2016-02-29,14.14854907989502,17.132413864135742,17.392364501953125,17.12428855895996,17.30300521850586,70846020
2016-03-01,14.624861717224121,17.70918083190918,17.74167251586914,17.25426483154297,17.25426483154297,100224943
2016-03-02,14.785868644714355,17.904142379760742,17.91226577758789,17.7010555267334,17.725425720214844,89863616
2016-03-03,14.886496543884277,18.0259952545166,18.03411865234375,17.81478500366211,17.887895584106445,76643660
2016-03-04,14.94687557220459,18.099105834960938,18.188465118408203,17.96100616455078,18.115352630615234,70707286
2016-03-07,14.940162658691406,18.09098243713379,18.115352630615234,17.92038917541504,17.97725486755371,48251261
2016-03-08,14.698657035827637,17.798538208007812,18.001625061035156,17.774166107177734,17.928512573242188,94684581
2016-03-09,14.71878433227539,17.822908401489258,17.91226577758789,17.757919311523438,17.863525390625,59913509
2016-03-10,14.705362319946289,17.80666160583496,18.017871856689453,17.59545135498047,17.93663787841797,94740222
2016-03-11,15.087759971618652,18.269699096679688,18.294069290161133,17.98537826538086,17.98537826538086,79284278
2016-03-14,15.040791511535645,18.21283531188965,18.26157569885254,18.099105834960938,18.21283531188965,55347853
2016-03-15,15.034086227416992,18.2047119140625,18.2047119140625,18.0259952545166,18.09098243713379,75699114
2016-03-16,15.000542640686035,18.164094924926758,18.277822494506836,18.0259952545166,18.107229232788086,72379969
2016-03-17,15.181680679321289,18.3834285736084,18.440292358398438,18.03411865234375,18.164094924926758,65859485
2016-03-18,15.316452026367188,18.464662551879883,18.53777313232422,18.3671817779541,18.415922164916992,65031268
2016-03-21,15.2894926071167,18.43216896057129,18.55402183532715,18.359058380126953,18.407798767089844,47484348
2016-03-22,15.242327690124512,18.37530517578125,18.448415756225586,18.26157569885254,18.30219268798828,43482367
2016-03-23,15.127778053283691,18.237205505371094,18.37530517578125,18.229082107543945,18.342811584472656,55912266
2016-03-24,15.03343391418457,18.123477935791016,18.123477935791016,17.952884674072266,18.074735641479492,48500785
2016-03-28,15.080601692199707,18.180341720581055,18.237205505371094,18.09098243713379,18.147846221923828,36121356
2016-03-29,15.10755443572998,18.21283531188965,18.220958709716797,18.001625061035156,18.107229232788086,44438115
2016-03-30,15.195157051086426,18.318439483642578,18.456539154052734,18.294069290161133,18.31031608581543,37636102
2016-03-31,15.16146183013916,18.277822494506836,18.391551971435547,18.237205505371094,18.269699096679688,39946073
2016-04-01,15.296235084533691,18.440292358398438,18.464662551879883,18.115352630615234,18.188465118408203,45753316
2016-04-04,15.222114562988281,18.350933074951172,18.464662551879883,18.31031608581543,18.42404556274414,38544826
2016-04-05,15.006476402282715,18.09098243713379,18.21283531188965,18.058488845825195,18.180341720581055,61644172
2016-04-06,15.0873384475708,18.188465118408203,18.2047119140625,18.001625061035156,18.058488845825195,38129610
2016-04-07,14.804330825805664,17.847278594970703,18.074735641479492,17.749797821044922,18.058488845825195,51315220
2016-04-08,14.858234405517578,17.91226577758789,18.09098243713379,17.879772186279297,17.969131469726562,55956828
2016-04-11,14.918875694274902,17.98537826538086,18.139724731445312,17.969131469726562,17.993501663208008,45423161
2016-04-12,15.10755443572998,18.21283531188965,18.245328903198242,17.969131469726562,18.009748458862305,48225902
2016-04-13,15.451216697692871,18.627132415771484,18.64337921142578,18.3834285736084,18.399675369262695,69649488
2016-04-14,15.484903335571289,18.667749404907227,18.76523208618164,18.53777313232422,18.53777313232422,52055051
2016-04-15,15.430996894836426,18.60276222229004,18.740861892700195,18.570268630981445,18.71649169921875,53901797
2016-04-18,15.545553207397461,18.740861892700195,18.757108688354492,18.497156143188477,18.513404846191406,52434076
2016-04-19,15.740970611572266,18.976442337036133,18.976442337036133,18.797725677490234,18.797725677490234,57169363
2016-04-20,15.862255096435547,19.122665405273438,19.1551570892334,18.960195541381836,18.968318939208984,74743119
2016-04-21,15.720755577087402,18.952070236206055,19.195775985717773,18.903331756591797,19.114540100097656,63436754
2016-04-22,15.868997573852539,19.130788803100586,19.171405792236328,18.968318939208984,18.968318939208984,46728145
2016-04-25,15.835309028625488,19.090171813964844,19.10641860961914,18.952070236206055,19.04955291748047,38189682
2016-04-26,15.936382293701172,19.21202278137207,19.236392974853516,19.082046508789062,19.10641860961914,41664795
2016-04-27,15.963336944580078,19.244516372680664,19.30950355529785,19.130788803100586,19.195775985717773,56916147
2016-04-28,15.794875144958496,19.04142951965332,19.236392974853516,18.976442337036133,19.082046508789062,74850832
2016-04-29,15.707275390625,18.93582534790039,19.008935928344727,18.76523208618164,18.93582534790039,60318138
2016-05-02,15.848787307739258,19.10641860961914,19.130788803100586,18.911453247070312,18.952070236206055,43564598
2016-05-03,15.64663028717041,18.862712860107422,18.903331756591797,18.700244903564453,18.887083053588867,44142060
2016-05-04,15.52534008026123,18.71649169921875,18.81397247314453,18.627132415771484,18.64337921142578,46466680
2016-05-05,15.518600463867188,18.70836639404297,18.830219268798828,18.659626007080078,18.757108688354492,47043157
2016-05-06,15.58598518371582,18.789602279663086,18.797725677490234,18.570268630981445,18.570268630981445,38964104
2016-05-09,15.545553207397461,18.740861892700195,18.846466064453125,18.667749404907227,18.757108688354492,31989258
2016-05-10,15.767918586730957,19.008935928344727,19.017059326171875,18.82209587097168,18.830219268798828,37549070
2016-05-11,15.59946060180664,18.805849075317383,19.000812530517578,18.789602279663086,18.952070236206055,31961192
2016-05-12,15.606199264526367,18.81397247314453,18.952070236206055,18.700244903564453,18.87083625793457,35254978
2016-05-13,15.417523384094238,18.586515426635742,18.903331756591797,18.55402183532715,18.77335548400879,45538875
2016-05-16,15.49838638305664,18.683996200561523,18.76523208618164,18.570268630981445,18.586515426635742,33796243
2016-05-17,15.410789489746094,18.578392028808594,18.71649169921875,18.497156143188477,18.635255813598633,45457629
2016-05-18,15.680319786071777,18.903331756591797,18.919578552246094,18.521526336669922,18.521526336669922,96899150
2016-05-19,15.532076835632324,18.724613189697266,18.903331756591797,18.610885620117188,18.81397247314453,66203303
2016-05-20,15.639893531799316,18.854589462280273,18.960195541381836,18.789602279663086,18.82209587097168,35765351
2016-05-23,15.626416206359863,18.838342666625977,18.903331756591797,18.757108688354492,18.81397247314453,38575724
2016-05-24,15.862255096435547,19.122665405273438,19.16328239440918,18.94394874572754,18.968318939208984,47386483
2016-05-25,16.030719757080078,19.32575035095215,19.423233032226562,19.195775985717773,19.203899383544922,51504178
2016-05-26,15.936382293701172,19.21202278137207,19.358245849609375,19.187652587890625,19.33387565612793,36198417
2016-05-27,16.044193267822266,19.341997146606445,19.350122451782227,19.22014617919922,19.244516372680664,37026264
2016-05-31,16.003767013549805,19.293258666992188,19.43947982788086,19.228269577026367,19.43947982788086,40884834
2016-06-01,16.037456512451172,19.33387565612793,19.358245849609375,19.073923110961914,19.1551570892334,38452378
2016-06-02,16.07115364074707,19.374492645263672,19.374492645263672,19.22014617919922,19.285133361816406,28227076
2016-06-03,15.842044830322266,19.09829330444336,19.1551570892334,18.895206451416016,19.1389102935791,86083215
2016-06-06,15.936382293701172,19.21202278137207,19.301380157470703,19.090171813964844,19.10641860961914,46925474
2016-06-07,15.902689933776855,19.171405792236328,19.285133361816406,19.1551570892334,19.228269577026367,26503799
2016-06-08,15.916167259216309,19.187652587890625,19.236392974853516,19.1389102935791,19.1389102935791,30469958
2016-06-09,15.801610946655273,19.04955291748047,19.10641860961914,18.952070236206055,19.073923110961914,39571234
2016-06-10,15.606199264526367,18.81397247314453,18.903331756591797,18.757108688354492,18.830219268798828,47349676
2016-06-13,15.49838638305664,18.683996200561523,18.927701950073242,18.675872802734375,18.70836639404297,56062079
2016-06-14,15.269278526306152,18.407798767089844,18.70836639404297,18.31031608581543,18.610885620117188,66888232
2016-06-15,15.2894926071167,18.43216896057129,18.64337921142578,18.415922164916992,18.456539154052734,58034633
2016-06-16,15.329924583435059,18.48090934753418,18.497156143188477,18.180341720581055,18.285945892333984,71488109
2016-06-17,15.31705379486084,18.3671817779541,18.456539154052734,18.285945892333984,18.407798767089844,46524537
2016-06-20,15.405126571655273,18.47278594970703,18.757108688354492,18.464662551879883,18.659626007080078,70566829
2016-06-21,15.493192672729492,18.578392028808594,18.619009017944336,18.464662551879883,18.5458984375,40308110
2016-06-22,15.47963809967041,18.562145233154297,18.71649169921875,18.521526336669922,18.578392028808594,54005201
2016-06-23,15.804815292358398,18.952070236206055,18.952070236206055,18.77335548400879,18.781478881835938,73745517
2016-06-24,14.958006858825684,17.93663787841797,18.350933074951172,17.87164878845215,17.96100616455078,165914672
2016-06-27,14.531219482421875,17.42485809326172,17.69293212890625,17.31925392150879,17.668561935424805,140642119
2016-06-28,14.90380859375,17.87164878845215,17.87164878845215,17.587326049804688,17.74167251586914,109722231
2016-06-29,15.242531776428223,18.277822494506836,18.277822494506836,17.98537826538086,18.0259952545166,100009025
2016-06-30,15.486414909362793,18.570268630981445,18.570268630981445,18.245328903198242,18.334686279296875,72707045
2016-07-01,15.405126571655273,18.47278594970703,18.60276222229004,18.440292358398438,18.497156143188477,45095346
2016-07-05,15.174789428710938,18.19658851623535,18.342811584472656,18.107229232788086,18.294069290161133,59557011
2016-07-06,15.215433120727539,18.245328903198242,18.269699096679688,18.001625061035156,18.0422420501709,58561132
2016-07-07,15.235761642456055,18.269699096679688,18.42404556274414,18.180341720581055,18.30219268798828,65731461
2016-07-08,15.527066230773926,18.619009017944336,18.64337921142578,18.497156143188477,18.521526336669922,55327418
2016-07-11,15.615124702453613,18.724613189697266,18.781478881835938,18.659626007080078,18.71649169921875,42557517
2016-07-12,15.811589241027832,18.960195541381836,18.98456573486328,18.838342666625977,18.862712860107422,55059306
2016-07-13,15.811589241027832,18.960195541381836,19.000812530517578,18.854589462280273,18.94394874572754,57377156
2016-07-14,15.960631370544434,19.1389102935791,19.33387565612793,19.090171813964844,19.33387565612793,67039521
2016-07-15,15.933527946472168,19.10641860961914,19.228269577026367,18.98456573486328,19.21202278137207,62710956
2016-07-18,15.987725257873535,19.171405792236328,19.195775985717773,19.09829330444336,19.114540100097656,38953149
2016-07-19,15.994498252868652,19.179529190063477,19.187652587890625,19.057676315307617,19.082046508789062,30777585
2016-07-20,16.0216007232666,19.21202278137207,19.252639770507812,19.130788803100586,19.252639770507812,31817657
2016-07-21,15.940299034118652,19.114540100097656,19.22014617919922,19.090171813964844,19.187652587890625,36524509
2016-07-22,16.04191780090332,19.236392974853516,19.244516372680664,19.10641860961914,19.1389102935791,23484772
2016-07-25,16.0080509185791,19.195775985717773,19.244516372680664,19.1389102935791,19.203899383544922,37096308
2016-07-26,16.0216007232666,19.21202278137207,19.236392974853516,19.130788803100586,19.147035598754883,34484126
2016-07-27,16.014820098876953,19.203899383544922,19.26076316833496,19.1389102935791,19.179529190063477,50709937
2016-07-28,16.048696517944336,19.244516372680664,19.285133361816406,19.090171813964844,19.1551570892334,33001387
2016-07-29,16.0216007232666,19.21202278137207,19.301380157470703,19.171405792236328,19.171405792236328,54440606
2016-08-01,15.980949401855469,19.16328239440918,19.30950355529785,19.122665405273438,19.228269577026367,39409726
2016-08-02,15.845462799072266,19.000812530517578,19.179529190063477,18.952070236206055,19.10641860961914,39709475
2016-08-03,16.0080509185791,19.195775985717773,19.203899383544922,19.000812530517578,19.000812530517578,33511513
2016-08-04,15.96740436553955,19.147035598754883,19.21202278137207,19.10641860961914,19.179529190063477,31363295
2016-08-05,16.272253036499023,19.512590408325195,19.512590408325195,19.293258666992188,19.350122451782227,51542339
2016-08-08,16.292583465576172,19.536962509155273,19.593826293945312,19.4800968170166,19.569456100463867,45019886
2016-08-09,16.306121826171875,19.55320930480957,19.585702896118164,19.50446891784668,19.528837203979492,32239890
2016-08-10,16.177412033081055,19.398862838745117,19.569456100463867,19.366369247436523,19.536962509155273,33545242
2016-08-11,16.211280822753906,19.43947982788086,19.48822021484375,19.366369247436523,19.43947982788086,25139605
2016-08-12,16.16386604309082,19.38261604309082,19.415109634399414,19.301380157470703,19.30950355529785,28861534
2016-08-15,16.272253036499023,19.512590408325195,19.528837203979492,19.43947982788086,19.455726623535156,26275941
2016-08-16,16.231605529785156,19.463851928710938,19.512590408325195,19.415109634399414,19.4800968170166,27637427
2016-08-17,16.285802841186523,19.528837203979492,19.536962509155273,19.415109634399414,19.463851928710938,25676567
2016-08-18,16.272253036499023,19.512590408325195,19.55320930480957,19.455726623535156,19.4963436126709,26595016
2016-08-19,16.265480041503906,19.50446891784668,19.520715713500977,19.38261604309082,19.455726623535156,31510153
2016-08-22,16.265480041503906,19.50446891784668,19.520715713500977,19.423233032226562,19.471973419189453,32517481
2016-08-23,16.285802841186523,19.528837203979492,19.626319885253906,19.528837203979492,19.577579498291016,29855443
2016-08-24,16.279027938842773,19.520715713500977,19.585702896118164,19.471973419189453,19.536962509155273,24299201
2016-08-25,16.312896728515625,19.56133270263672,19.593826293945312,19.471973419189453,19.4963436126709,27249662
2016-08-26,16.33322525024414,19.585702896118164,19.731924057006836,19.463851928710938,19.618196487426758,64953346
2016-08-29,16.475481033325195,19.756296157836914,19.82940673828125,19.61007308959961,19.634443283081055,40451522
2016-08-30,16.624528884887695,19.935012817382812,19.935012817382812,19.764419555664062,19.788789749145508,39359132
2016-08-31,16.63806915283203,19.95125961303711,19.967506408691406,19.788789749145508,19.94313621520996,56386078
2016-09-01,16.570327758789062,19.870023727416992,20.016246795654297,19.71567726135254,20.0,62960480
2016-09-02,16.644847869873047,19.959383010864258,20.016246795654297,19.870023727416992,19.89439582824707,66918391
2016-09-06,16.617752075195312,19.926889419555664,19.983753204345703,19.77254295349121,19.95125961303711,60299920
2016-09-07,16.6109676361084,19.918764114379883,19.94313621520996,19.813159942626953,19.853776931762695,38671003
2016-09-08,16.59742546081543,19.902517318725586,19.975629806518555,19.861900329589844,19.918764114379883,72066064
2016-09-09,16.285802841186523,19.528837203979492,19.861900329589844,19.528837203979492,19.788789749145508,66476831
2016-09-12,16.468717575073242,19.748172760009766,19.8212833404541,19.350122451782227,19.43947982788086,87153077
2016-09-13,16.177412033081055,19.398862838745117,19.569456100463867,19.32575035095215,19.520715713500977,83230864
2016-09-14,16.136762619018555,19.350122451782227,19.528837203979492,19.293258666992188,19.398862838745117,82876829
2016-09-15,16.231605529785156,19.463851928710938,19.520715713500977,19.26888656616211,19.30950355529785,68626527
2016-09-16,16.07777214050293,19.187652587890625,19.301380157470703,19.130788803100586,19.293258666992188,75235766
2016-09-19,16.18029022216797,19.309999465942383,19.450000762939453,19.18000030517578,19.18000030517578,50396100
2016-09-20,16.18866729736328,19.31999969482422,19.479999542236328,19.290000915527344,19.450000762939453,39903200
2016-09-21,16.289222717285156,19.440000534057617,19.459999084472656,19.25,19.40999984741211,64029700
2016-09-22,16.322734832763672,19.479999542236328,19.559999465942383,19.440000534057617,19.540000915527344,38355700
2016-09-23,16.238943099975586,19.3799991607666,19.510000228881836,19.350000381469727,19.40999984741211,59009500
2016-09-26,15.9791898727417,19.06999969482422,19.270000457763672,19.020000457763672,19.260000228881836,54189000
2016-09-27,16.104875564575195,19.219999313354492,19.239999771118164,18.940000534057617,19.0,47620000
2016-09-28,16.18029022216797,19.309999465942383,19.34000015258789,19.1200008392334,19.299999237060547,42936400
2016-09-29,15.954047203063965,19.040000915527344,19.399999618530273,18.940000534057617,19.299999237060547,62580800
2016-09-30,16.171905517578125,19.299999237060547,19.399999618530273,19.110000610351562,19.139999389648438,47336900
2016-10-03,16.09649658203125,19.209999084472656,19.309999465942383,19.15999984741211,19.239999771118164,33170500
2016-10-04,16.163532257080078,19.290000915527344,19.43000030517578,19.190000534057617,19.260000228881836,68471600
2016-10-05,16.423282623291016,19.600000381469727,19.639999389648438,19.34000015258789,19.3700008392334,58651900
2016-10-06,16.44842529296875,19.6299991607666,19.65999984741211,19.459999084472656,19.649999618530273,53337300
2016-10-07,16.440046310424805,19.6200008392334,19.65999984741211,19.489999771118164,19.549999237060547,55532800
2016-10-10,16.523836135864258,19.719999313354492,19.809999465942383,19.700000762939453,19.719999313354492,37997400
2016-10-11,16.373010635375977,19.540000915527344,19.719999313354492,19.40999984741211,19.65999984741211,78581200
2016-10-12,16.356250762939453,19.520000457763672,19.649999618530273,19.489999771118164,19.520000457763672,51378700
2016-10-13,16.19704818725586,19.329999923706055,19.3700008392334,19.110000610351562,19.360000610351562,73171100
2016-10-14,16.272464752197266,19.420000076293945,19.6200008392334,19.360000610351562,19.559999465942383,76176500
2016-10-17,16.19704818725586,19.329999923706055,19.469999313354492,19.280000686645508,19.43000030517578,41236100
2016-10-18,16.331113815307617,19.489999771118164,19.549999237060547,19.40999984741211,19.530000686645508,45958700
2016-10-19,16.47355842590332,19.65999984741211,19.709999084472656,19.530000686645508,19.549999237060547,49835900
2016-10-20,16.47355842590332,19.65999984741211,19.780000686645508,19.579999923706055,19.639999389648438,56238200
2016-10-21,16.465185165405273,19.649999618530273,19.670000076293945,19.469999313354492,19.5,39543100
2016-10-24,16.51546287536621,19.709999084472656,19.809999465942383,19.700000762939453,19.739999771118164,33808700
2016-10-25,16.498701095581055,19.690000534057617,19.760000228881836,19.639999389648438,19.75,36177800
2016-10-26,16.59925079345703,19.809999465942383,19.84000015258789,19.579999923706055,19.600000381469727,40419200
2016-10-27,16.641145706176758,19.860000610351562,19.950000762939453,19.770000457763672,19.920000076293945,45545800
2016-10-28,16.56572723388672,19.770000457763672,19.920000076293945,19.6200008392334,19.899999618530273,55749900
2016-10-31,16.540592193603516,19.739999771118164,19.8700008392334,19.739999771118164,19.8700008392334,38579100
2016-11-01,16.47355842590332,19.65999984741211,19.860000610351562,19.5,19.809999465942383,62758900
2016-11-02,16.364635467529297,19.530000686645508,19.6299991607666,19.440000534057617,19.6200008392334,66529900
2016-11-03,16.381389617919922,19.549999237060547,19.729999542236328,19.520000457763672,19.549999237060547,53462100
2016-11-04,16.331113815307617,19.489999771118164,19.649999618530273,19.399999618530273,19.559999465942383,64891400
2016-11-07,16.741689682006836,19.979999542236328,19.989999771118164,19.799999237060547,19.81999969482422,59001800
2016-11-08,16.750076293945312,19.989999771118164,20.09000015258789,19.790000915527344,19.920000076293945,63290400
2016-11-09,17.462310791015625,20.84000015258789,20.940000534057617,20.110000610351562,20.540000915527344,268936600
2016-11-10,18.107515335083008,21.610000610351562,21.700000762939453,21.079999923706055,21.15999984741211,241635500
2016-11-11,18.15778923034668,21.670000076293945,21.700000762939453,21.399999618530273,21.469999313354492,134954500
2016-11-14,18.601884841918945,22.200000762939453,22.329999923706055,21.850000381469727,21.8799991607666,261730900
2016-11-15,18.585132598876953,22.18000030517578,22.200000762939453,21.790000915527344,22.010000228881836,122754500
2016-11-16,18.316986083984375,21.860000610351562,22.030000686645508,21.799999237060547,21.979999542236328,117887700
2016-11-17,18.568370819091797,22.15999984741211,22.18000030517578,21.809999465942383,21.860000610351562,98536400
2016-11-18,18.568370819091797,22.15999984741211,22.239999771118164,22.059999465942383,22.139999389648438,92344300
2016-11-21,18.635404586791992,22.239999771118164,22.299999237060547,22.09000015258789,22.280000686645508,71943900
2016-11-22,18.643783569335938,22.25,22.350000381469727,22.1200008392334,22.34000015258789,98286500
2016-11-23,18.75271224975586,22.3799991607666,22.40999984741211,22.170000076293945,22.34000015258789,101948400
2016-11-25,18.777854919433594,22.40999984741211,22.450000762939453,22.31999969482422,22.43000030517578,33114800
2016-11-28,18.55999183654785,22.149999618530273,22.3799991607666,22.09000015258789,22.25,99791400
2016-11-29,18.61026954650879,22.209999084472656,22.280000686645508,22.110000610351562,22.190000534057617,74645700
2016-11-30,18.861642837524414,22.510000228881836,22.56999969482422,22.43000030517578,22.520000457763672,98843700
2016-12-01,19.18843650817871,22.899999618530273,22.950000762939453,22.600000381469727,22.6299991607666,120088300
2016-12-02,18.978954315185547,22.649999618530273,22.850000381469727,22.549999237060547,22.84000015258789,82108300
2016-12-05,19.20518684387207,22.920000076293945,23.0,22.790000915527344,22.850000381469727,95145700
2016-12-06,19.37277603149414,23.1200008392334,23.139999389648438,22.84000015258789,23.06999969482422,79142600
2016-12-07,19.674423217773438,23.479999542236328,23.5,23.100000381469727,23.18000030517578,120172500
2016-12-08,19.858766555786133,23.700000762939453,23.84000015258789,23.469999313354492,23.610000610351562,116856500
2016-12-09,19.900663375854492,23.75,23.75,23.530000686645508,23.700000762939453,95677300
2016-12-12,19.707942962646484,23.520000457763672,23.780000686645508,23.459999084472656,23.68000030517578,85143200
2016-12-13,19.758220672607422,23.579999923706055,23.719999313354492,23.3799991607666,23.579999923706055,113420700
2016-12-14,19.66604232788086,23.469999313354492,23.829999923706055,23.309999465942383,23.399999618530273,142995800
2016-12-15,19.833633422851562,23.670000076293945,23.8700008392334,23.5,23.59000015258789,110426000
2016-12-16,19.662761688232422,23.360000610351562,23.690000534057617,23.329999923706055,23.68000030517578,83096500
2016-12-19,19.67117691040039,23.3700008392334,23.43000030517578,23.18000030517578,23.389999389648438,73717600
2016-12-20,19.915281295776367,23.65999984741211,23.65999984741211,23.510000228881836,23.510000228881836,60793600
2016-12-21,19.86478042602539,23.600000381469727,23.670000076293945,23.520000457763672,23.65999984741211,37738000
2016-12-22,19.814268112182617,23.540000915527344,23.59000015258789,23.459999084472656,23.59000015258789,37796100
2016-12-23,19.847942352294922,23.579999923706055,23.579999923706055,23.469999313354492,23.540000915527344,18276700
2016-12-27,19.873197555541992,23.610000610351562,23.639999389648438,23.579999923706055,23.6299991607666,38241100
2016-12-28,19.67117691040039,23.3700008392334,23.670000076293945,23.350000381469727,23.649999618530273,30834400
2016-12-29,19.528085708618164,23.200000762939453,23.43000030517578,23.100000381469727,23.389999389648438,39251800
2016-12-30,19.570171356201172,23.25,23.329999923706055,23.170000076293945,23.290000915527344,44761200
2017-01-03,19.789020538330078,23.510000228881836,23.670000076293945,23.260000228881836,23.610000610351562,71259900
2017-01-04,19.948942184448242,23.700000762939453,23.729999542236328,23.510000228881836,23.579999923706055,45092200
2017-01-05,19.746932983398438,23.459999084472656,23.65999984741211,23.239999771118164,23.6299991607666,62201100
2017-01-06,19.814268112182617,23.540000915527344,23.639999389648438,23.420000076293945,23.549999237060547,38060800
2017-01-09,19.679590225219727,23.3799991607666,23.530000686645508,23.329999923706055,23.479999542236328,34022400
2017-01-10,19.721683502197266,23.43000030517578,23.6299991607666,23.309999465942383,23.420000076293945,46212100
2017-01-11,19.847942352294922,23.579999923706055,23.579999923706055,23.299999237060547,23.459999084472656,48001200
2017-01-12,19.679590225219727,23.3799991607666,23.5,23.18000030517578,23.469999313354492,57418100
2017-01-13,19.789020538330078,23.510000228881836,23.790000915527344,23.40999984741211,23.540000915527344,72479700
2017-01-17,19.317659378051758,22.950000762939453,23.350000381469727,22.940000534057617,23.34000015258789,96657800
2017-01-18,19.477581024169922,23.139999389648438,23.170000076293945,22.850000381469727,23.06999969482422,68289100
2017-01-19,19.39340591430664,23.040000915527344,23.25,22.959999084472656,23.190000534057617,56729700
2017-01-20,19.486000061035156,23.149999618530273,23.229999542236328,23.030000686645508,23.110000610351562,74805200
2017-01-23,19.359739303588867,23.0,23.190000534057617,22.920000076293945,23.049999237060547,46651200
2017-01-24,19.60384178161621,23.290000915527344,23.3799991607666,23.010000228881836,23.110000610351562,45229500
2017-01-25,19.932113647460938,23.68000030517578,23.690000534057617,23.43000030517578,23.540000915527344,92850100
2017-01-26,19.98261833190918,23.739999771118164,23.799999237060547,23.610000610351562,23.719999313354492,70704400
2017-01-27,19.906856536865234,23.649999618530273,23.75,23.579999923706055,23.739999771118164,43944500
2017-01-30,19.746932983398438,23.459999084472656,23.510000228881836,23.25,23.5,46168800
2017-01-31,19.62067222595215,23.309999465942383,23.520000457763672,23.18000030517578,23.34000015258789,56477300
2017-02-01,19.645925521850586,23.34000015258789,23.610000610351562,23.270000457763672,23.489999771118164,72132200
2017-02-02,19.570171356201172,23.25,23.360000610351562,23.100000381469727,23.209999084472656,39396500
2017-02-03,19.965778350830078,23.719999313354492,23.739999771118164,23.440000534057617,23.649999618530273,86346600
2017-02-06,19.873197555541992,23.610000610351562,23.780000686645508,23.559999465942383,23.579999923706055,34952100
2017-02-07,19.82268524169922,23.549999237060547,23.760000228881836,23.520000457763672,23.75,50838500
2017-02-08,19.688013076782227,23.389999389648438,23.549999237060547,23.280000686645508,23.549999237060547,54341100
2017-02-09,19.957366943359375,23.709999084472656,23.739999771118164,23.329999923706055,23.389999389648438,76813700
2017-02-10,20.01628875732422,23.780000686645508,23.860000610351562,23.690000534057617,23.850000381469727,55078700
2017-02-13,20.243555068969727,24.049999237060547,24.15999984741211,23.889999389648438,23.93000030517578,76687000
2017-02-14,20.4792423248291,24.329999923706055,24.360000610351562,23.989999771118164,24.030000686645508,75954300
2017-02-15,20.639162063598633,24.520000457763672,24.56999969482422,24.270000457763672,24.450000762939453,76869400
2017-02-16,20.588661193847656,24.459999084472656,24.530000686645508,24.309999465942383,24.489999771118164,64048200
2017-02-17,20.597074508666992,24.469999313354492,24.469999313354492,24.25,24.280000686645508,54156600
2017-02-21,20.698089599609375,24.59000015258789,24.649999618530273,24.510000228881836,24.600000381469727,55216100
2017-02-22,20.714923858642578,24.610000610351562,24.68000030517578,24.450000762939453,24.489999771118164,50438900
2017-02-23,20.714923858642578,24.610000610351562,24.670000076293945,24.469999313354492,24.6200008392334,53509400
2017-02-24,20.55499267578125,24.420000076293945,24.479999542236328,24.309999465942383,24.350000381469727,61686800
2017-02-27,20.664417266845703,24.549999237060547,24.600000381469727,24.440000534057617,24.450000762939453,39655000
2017-02-28,20.6560001373291,24.540000915527344,24.549999237060547,24.3799991607666,24.459999084472656,48913000
2017-03-01,21.24521255493164,25.239999771118164,25.290000915527344,24.979999542236328,25.010000228881836,92150000
2017-03-02,20.916933059692383,24.850000381469727,25.299999237060547,24.84000015258789,25.290000915527344,69446200
2017-03-03,21.017946243286133,24.969999313354492,25.030000686645508,24.860000610351562,24.8700008392334,57652800
2017-03-06,20.858015060424805,24.780000686645508,24.860000610351562,24.670000076293945,24.81999969482422,49017200
2017-03-07,20.799095153808594,24.709999084472656,24.81999969482422,24.649999618530273,24.81999969482422,53726500
2017-03-08,20.807506561279297,24.719999313354492,25.059999465942383,24.709999084472656,24.979999542236328,104601000
2017-03-09,20.883268356323242,24.809999465942383,24.940000534057617,24.700000762939453,24.81999969482422,60804100
2017-03-10,20.866430282592773,24.790000915527344,24.950000762939453,24.6299991607666,24.93000030517578,62148600
2017-03-13,20.916933059692383,24.850000381469727,24.8799991607666,24.700000762939453,24.81999969482422,49418400
2017-03-14,20.858015060424805,24.780000686645508,24.799999237060547,24.600000381469727,24.75,49511100
2017-03-15,20.824342727661133,24.739999771118164,24.920000076293945,24.6299991607666,24.81999969482422,86455100
2017-03-16,20.858015060424805,24.780000686645508,24.969999313354492,24.770000457763672,24.84000015258789,89233700
2017-03-17,20.653593063354492,24.450000762939453,24.760000228881836,24.450000762939453,24.75,83056800
2017-03-20,20.484649658203125,24.25,24.469999313354492,24.25,24.399999618530273,78676400
2017-03-21,19.910234451293945,23.56999969482422,24.3799991607666,23.510000228881836,24.360000610351562,192257000
2017-03-22,19.867990493774414,23.520000457763672,23.6299991607666,23.229999542236328,23.399999618530273,133199500
2017-03-23,19.910234451293945,23.56999969482422,23.84000015258789,23.440000534057617,23.489999771118164,85238900
2017-03-24,19.8848819732666,23.540000915527344,23.729999542236328,23.3799991607666,23.610000610351562,97583400
2017-03-27,19.808862686157227,23.450000762939453,23.459999084472656,22.979999542236328,23.040000915527344,103963000
2017-03-28,20.079172134399414,23.770000457763672,23.860000610351562,23.3700008392334,23.3700008392334,82301100
2017-03-29,19.95246696472168,23.6200008392334,23.770000457763672,23.600000381469727,23.729999542236328,76524100
2017-03-30,20.214332580566406,23.93000030517578,23.989999771118164,23.610000610351562,23.639999389648438,92566000
2017-03-31,20.045387268066406,23.729999542236328,23.90999984741211,23.729999542236328,23.84000015258789,70540000
2017-04-03,20.003145217895508,23.68000030517578,23.829999923706055,23.399999618530273,23.770000457763672,93489100
2017-04-04,19.977806091308594,23.649999618530273,23.700000762939453,23.540000915527344,23.579999923706055,105795900
2017-04-05,19.82575798034668,23.469999313354492,23.959999084472656,23.469999313354492,23.8700008392334,104651200
2017-04-06,19.95246696472168,23.6200008392334,23.719999313354492,23.329999923706055,23.450000762939453,80802100
2017-04-07,19.867990493774414,23.520000457763672,23.68000030517578,23.399999618530273,23.440000534057617,61525700
2017-04-10,19.817312240600586,23.459999084472656,23.670000076293945,23.3799991607666,23.520000457763672,60429000
2017-04-11,19.7581787109375,23.389999389648438,23.43000030517578,23.149999618530273,23.34000015258789,83801200
2017-04-12,19.59768295288086,23.200000762939453,23.3799991607666,23.139999389648438,23.360000610351562,74023000
2017-04-13,19.344263076782227,22.899999618530273,23.3700008392334,22.899999618530273,23.110000610351562,120159300
2017-04-17,19.68215560913086,23.299999237060547,23.309999465942383,22.889999389648438,22.959999084472656,86681200
2017-04-18,19.496313095092773,23.079999923706055,23.25,22.940000534057617,23.139999389648438,74890400
2017-04-19,19.43718147277832,23.010000228881836,23.31999969482422,22.979999542236328,23.229999542236328,55583800
2017-04-20,19.766626358032227,23.399999618530273,23.450000762939453,23.09000015258789,23.18000030517578,85720400
2017-04-21,19.563892364501953,23.15999984741211,23.43000030517578,23.149999618530273,23.34000015258789,94675300
2017-04-24,20.003145217895508,23.68000030517578,23.809999465942383,23.59000015258789,23.690000534057617,98770600
2017-04-25,20.1805419921875,23.889999389648438,24.010000228881836,23.860000610351562,23.889999389648438,71026100
2017-04-26,20.163644790649414,23.8700008392334,24.09000015258789,23.81999969482422,23.860000610351562,71691200
2017-04-27,20.070724487304688,23.760000228881836,23.920000076293945,23.6200008392334,23.920000076293945,68871800
2017-04-28,19.876447677612305,23.530000686645508,23.790000915527344,23.530000686645508,23.770000457763672,64091900
2017-05-01,20.003145217895508,23.68000030517578,23.799999237060547,23.549999237060547,23.649999618530273,69086600
2017-05-02,19.977806091308594,23.649999618530273,23.709999084472656,23.520000457763672,23.68000030517578,76511500
2017-05-03,20.1383056640625,23.84000015258789,23.84000015258789,23.549999237060547,23.56999969482422,78115400
2017-05-04,20.172090530395508,23.8799991607666,24.06999969482422,23.780000686645508,23.989999771118164,64482800
2017-05-05,20.1383056640625,23.84000015258789,23.959999084472656,23.760000228881836,23.950000762939453,46881500
2017-05-08,20.121408462524414,23.81999969482422,23.90999984741211,23.780000686645508,23.8700008392334,45893000
2017-05-09,20.045387268066406,23.729999542236328,23.959999084472656,23.649999618530273,23.8799991607666,65737900
2017-05-10,20.11296844482422,23.809999465942383,23.809999465942383,23.649999618530273,23.690000534057617,51192700
2017-05-11,19.986251831054688,23.65999984741211,23.760000228881836,23.469999313354492,23.719999313354492,77266700
2017-05-12,19.90178108215332,23.559999465942383,23.56999969482422,23.43000030517578,23.549999237060547,55787200
2017-05-15,20.0538387298584,23.739999771118164,23.790000915527344,23.600000381469727,23.610000610351562,52192100
2017-05-16,20.11296844482422,23.809999465942383,23.829999923706055,23.670000076293945,23.790000915527344,51529600
2017-05-17,19.47941780090332,23.059999465942383,23.489999771118164,22.969999313354492,23.309999465942383,141192800
2017-05-18,19.555442810058594,23.149999618530273,23.290000915527344,23.0,23.030000686645508,101656900
2017-05-19,19.724393844604492,23.350000381469727,23.479999542236328,23.18000030517578,23.190000534057617,69775600
2017-05-22,19.77507972717285,23.40999984741211,23.479999542236328,23.25,23.479999542236328,79181900
2017-05-23,19.927122116088867,23.59000015258789,23.65999984741211,23.31999969482422,23.43000030517578,65577800
2017-05-24,19.918672561645508,23.579999923706055,23.639999389648438,23.479999542236328,23.6200008392334,59441200
2017-05-25,19.95246696472168,23.6200008392334,23.729999542236328,23.559999465942383,23.6299991607666,49362400
2017-05-26,19.944021224975586,23.610000610351562,23.68000030517578,23.559999465942383,23.559999465942383,42601700
2017-05-30,19.808862686157227,23.450000762939453,23.56999969482422,23.399999618530273,23.540000915527344,46584200
2017-05-31,19.639921188354492,23.25,23.459999084472656,23.100000381469727,23.450000762939453,115877900
2017-06-01,19.8848819732666,23.540000915527344,23.559999465942383,23.219999313354492,23.3799991607666,81187600
2017-06-02,19.808862686157227,23.450000762939453,23.56999969482422,23.31999969482422,23.3700008392334,83704500
2017-06-05,19.842653274536133,23.489999771118164,23.639999389648438,23.459999084472656,23.459999084472656,44055800
2017-06-06,19.7581787109375,23.389999389648438,23.450000762939453,23.260000228881836,23.309999465942383,60397300
2017-06-07,19.910234451293945,23.56999969482422,23.6299991607666,23.389999389648438,23.43000030517578,83049100
2017-06-08,20.1383056640625,23.84000015258789,24.010000228881836,23.549999237060547,23.56999969482422,77987000
2017-06-09,20.5184383392334,24.290000915527344,24.329999923706055,23.969999313354492,23.989999771118164,133216200
2017-06-12,20.560667037963867,24.34000015258789,24.510000228881836,24.200000762939453,24.34000015258789,86644400
2017-06-13,20.670488357543945,24.469999313354492,24.549999237060547,24.399999618530273,24.469999313354492,94978600
2017-06-14,20.704273223876953,24.510000228881836,24.540000915527344,24.1299991607666,24.260000228881836,117605800
2017-06-15,20.61980438232422,24.40999984741211,24.540000915527344,24.309999465942383,24.329999923706055,59547700
2017-06-16,20.596908569335938,24.290000915527344,24.3700008392334,24.219999313354492,24.309999465942383,53818800
2017-06-19,20.808897018432617,24.540000915527344,24.59000015258789,24.420000076293945,24.450000762939453,58041300
2017-06-20,20.630826950073242,24.329999923706055,24.479999542236328,24.31999969482422,24.459999084472656,45689600
2017-06-21,20.461231231689453,24.1299991607666,24.3700008392334,24.1200008392334,24.3700008392334,51938200
2017-06-22,20.334033966064453,23.979999542236328,24.110000610351562,23.950000762939453,24.040000915527344,58380200
2017-06-23,20.257720947265625,23.889999389648438,24.09000015258789,23.809999465942383,24.079999923706055,85352600
2017-06-26,20.367958068847656,24.020000457763672,24.1200008392334,23.860000610351562,23.940000534057617,60302300
2017-06-27,20.46971321105957,24.139999389648438,24.31999969482422,24.049999237060547,24.110000610351562,75943400
2017-06-28,20.79193878173828,24.520000457763672,24.559999465942383,24.280000686645508,24.299999237060547,90097600
2017-06-29,20.936086654663086,24.690000534057617,25.020000457763672,24.510000228881836,25.020000457763672,119176700
2017-06-30,20.919130325317383,24.670000076293945,24.8799991607666,24.6200008392334,24.8700008392334,72754900
2017-07-03,21.224393844604492,25.030000686645508,25.190000534057617,24.780000686645508,24.809999465942383,61454400
2017-07-05,21.258316040039062,25.06999969482422,25.1299991607666,24.920000076293945,25.100000381469727,78100200
2017-07-06,21.09720230102539,24.8799991607666,25.170000076293945,24.8799991607666,25.059999465942383,97648100
2017-07-07,21.24135398864746,25.049999237060547,25.100000381469727,24.8799991607666,25.010000228881836,59432400
2017-07-10,21.215917587280273,25.020000457763672,25.079999923706055,24.93000030517578,25.010000228881836,55022500
2017-07-11,21.029359817504883,24.799999237060547,25.010000228881836,24.729999542236328,25.0,49857200
2017-07-12,21.09720230102539,24.8799991607666,24.899999618530273,24.729999542236328,24.799999237060547,47818600
2017-07-13,21.224393844604492,25.030000686645508,25.030000686645508,24.860000610351562,24.8799991607666,48875900
2017-07-14,21.131114959716797,24.920000076293945,24.959999084472656,24.59000015258789,24.719999313354492,61742300
2017-07-17,21.06328582763672,24.84000015258789,24.899999618530273,24.739999771118164,24.850000381469727,43257000
2017-07-18,21.029359817504883,24.799999237060547,24.84000015258789,24.639999389648438,24.670000076293945,63210700
2017-07-19,21.037843704223633,24.809999465942383,24.920000076293945,24.719999313354492,24.850000381469727,48259400
2017-07-20,21.029359817504883,24.799999237060547,24.940000534057617,24.75,24.829999923706055,40163500
2017-07-21,21.029359817504883,24.799999237060547,24.8799991607666,24.729999542236328,24.729999542236328,39108400
2017-07-24,21.12264060974121,24.90999984741211,24.940000534057617,24.790000915527344,24.790000915527344,26364800
2017-07-25,21.38550567626953,25.219999313354492,25.31999969482422,25.149999618530273,25.190000534057617,75786800
2017-07-26,21.24135398864746,25.049999237060547,25.290000915527344,24.989999771118164,25.25,56086500
2017-07-27,21.12264060974121,24.90999984741211,25.110000610351562,24.799999237060547,25.100000381469727,67826200
2017-07-28,21.12264060974121,24.90999984741211,24.979999542236328,24.770000457763672,24.8700008392334,43735800
2017-07-31,21.275279998779297,25.09000015258789,25.18000030517578,24.969999313354492,25.0,43039300
2017-08-01,21.427907943725586,25.270000457763672,25.290000915527344,25.139999389648438,25.260000228881836,60987500
2017-08-02,21.46182632446289,25.309999465942383,25.329999923706055,25.18000030517578,25.299999237060547,43341500
2017-08-03,21.38550567626953,25.219999313354492,25.309999465942383,25.18000030517578,25.270000457763672,40816800
2017-08-04,21.5296573638916,25.389999389648438,25.489999771118164,25.34000015258789,25.450000762939453,50792900
2017-08-07,21.495742797851562,25.350000381469727,25.399999618530273,25.309999465942383,25.389999389648438,39486800
2017-08-08,21.436384201049805,25.280000686645508,25.59000015258789,25.270000457763672,25.309999465942383,52736500
2017-08-09,21.436384201049805,25.280000686645508,25.299999237060547,25.06999969482422,25.06999969482422,46567000
2017-08-10,21.05480194091797,24.829999923706055,25.18000030517578,24.829999923706055,25.1200008392334,71130300
2017-08-11,20.970006942749023,24.729999542236328,24.959999084472656,24.670000076293945,24.829999923706055,50477800
2017-08-14,21.258316040039062,25.06999969482422,25.139999389648438,24.920000076293945,24.93000030517578,49472900
2017-08-15,21.275279998779297,25.09000015258789,25.309999465942383,25.09000015258789,25.280000686645508,48535000
2017-08-16,21.23287582397461,25.040000915527344,25.239999771118164,25.0,25.200000762939453,35084100
2017-08-17,20.86825180053711,24.610000610351562,25.020000457763672,24.600000381469727,24.979999542236328,76613100
2017-08-18,20.876733779907227,24.6200008392334,24.799999237060547,24.479999542236328,24.489999771118164,71725900
2017-08-21,20.817371368408203,24.549999237060547,24.6299991607666,24.450000762939453,24.600000381469727,45047200
2017-08-22,21.046327590942383,24.81999969482422,24.84000015258789,24.6200008392334,24.649999618530273,42644000
2017-08-23,20.97848892211914,24.739999771118164,24.8799991607666,24.6200008392334,24.639999389648438,36612700
2017-08-24,20.97848892211914,24.739999771118164,24.850000381469727,24.690000534057617,24.850000381469727,31067200
2017-08-25,21.037843704223633,24.809999465942383,24.920000076293945,24.780000686645508,24.790000915527344,37177300
2017-08-28,20.902172088623047,24.649999618530273,24.84000015258789,24.59000015258789,24.829999923706055,36486900
2017-08-29,20.834335327148438,24.56999969482422,24.610000610351562,24.350000381469727,24.3700008392334,42814200
2017-08-30,20.919130325317383,24.670000076293945,24.780000686645508,24.59000015258789,24.610000610351562,35176100
2017-08-31,20.944564819335938,24.700000762939453,24.780000686645508,24.6200008392334,24.75,44225200
2017-09-01,21.003925323486328,24.770000457763672,24.90999984741211,24.670000076293945,24.729999542236328,42132600
2017-09-05,20.55451011657715,24.239999771118164,24.6200008392334,24.170000076293945,24.579999923706055,96579200
2017-09-06,20.605384826660156,24.299999237060547,24.420000076293945,24.219999313354492,24.329999923706055,77593900
2017-09-07,20.249242782592773,23.8799991607666,24.360000610351562,23.790000915527344,24.34000015258789,87667800
2017-09-08,20.435792922973633,24.100000381469727,24.190000534057617,23.850000381469727,23.899999618530273,68639500
2017-09-11,20.79193878173828,24.520000457763672,24.59000015258789,24.329999923706055,24.3799991607666,73305700
2017-09-12,21.037843704223633,24.809999465942383,24.829999923706055,24.59000015258789,24.610000610351562,66350600
2017-09-13,21.071758270263672,24.850000381469727,24.860000610351562,24.68000030517578,24.770000457763672,51049400
2017-09-14,21.029359817504883,24.799999237060547,24.920000076293945,24.75,24.860000610351562,47163200
2017-09-15,21.091524124145508,24.770000457763672,24.790000915527344,24.6299991607666,24.65999984741211,59250200
2017-09-18,21.338462829589844,25.059999465942383,25.06999969482422,24.84000015258789,24.860000610351562,44010400
2017-09-19,21.50023651123047,25.25,25.309999465942383,25.020000457763672,25.059999465942383,58443300
2017-09-20,21.627965927124023,25.399999618530273,25.489999771118164,25.149999618530273,25.270000457763672,70595500
2017-09-21,21.679054260253906,25.459999084472656,25.520000457763672,25.31999969482422,25.34000015258789,51050100
2017-09-22,21.653514862060547,25.43000030517578,25.459999084472656,25.290000915527344,25.360000610351562,42306600
2017-09-25,21.627965927124023,25.399999618530273,25.489999771118164,25.229999542236328,25.399999618530273,39774600
2017-09-26,21.619447708129883,25.389999389648438,25.479999542236328,25.31999969482422,25.440000534057617,46811000
2017-09-27,21.88341522216797,25.700000762939453,25.829999923706055,25.600000381469727,25.709999084472656,65919100
2017-09-28,21.9174747467041,25.739999771118164,25.799999237060547,25.610000610351562,25.790000915527344,37718900
2017-09-29,22.019655227661133,25.860000610351562,25.860000610351562,25.700000762939453,25.739999771118164,42740800
2017-10-02,22.20698356628418,26.079999923706055,26.079999923706055,25.809999465942383,25.809999465942383,52774000
2017-10-03,22.28361701965332,26.170000076293945,26.170000076293945,26.010000228881836,26.059999465942383,48062900
2017-10-04,22.181440353393555,26.049999237060547,26.18000030517578,26.040000915527344,26.100000381469727,39283800
2017-10-05,22.41134262084961,26.31999969482422,26.40999984741211,26.010000228881836,26.079999923706055,61260400
2017-10-06,22.436885833740234,26.350000381469727,26.459999084472656,26.209999084472656,26.389999389648438,66077800
2017-10-09,22.35173225402832,26.25,26.420000076293945,26.190000534057617,26.420000076293945,31340200
2017-10-10,22.45391845703125,26.3700008392334,26.3700008392334,26.219999313354492,26.290000915527344,35822500
2017-10-11,22.41134262084961,26.31999969482422,26.350000381469727,26.209999084472656,26.309999465942383,33748600
2017-10-12,22.24104881286621,26.1200008392334,26.399999618530273,26.09000015258789,26.389999389648438,53834800
2017-10-13,22.24955177307129,26.1299991607666,26.219999313354492,25.889999389648438,25.989999771118164,69561400
2017-10-16,22.394306182861328,26.299999237060547,26.309999465942383,26.139999389648438,26.149999618530273,42000700
2017-10-17,22.28361701965332,26.170000076293945,26.399999618530273,26.110000610351562,26.389999389648438,37844200
2017-10-18,22.4028263092041,26.309999465942383,26.350000381469727,26.170000076293945,26.280000686645508,52201500
2017-10-19,22.41985321044922,26.329999923706055,26.34000015258789,26.079999923706055,26.1200008392334,34671600
2017-10-20,22.683818817138672,26.639999389648438,26.65999984741211,26.520000457763672,26.610000610351562,56083800
2017-10-23,22.666793823242188,26.6200008392334,26.700000762939453,26.559999465942383,26.649999618530273,43555200
2017-10-24,22.828577041625977,26.809999465942383,26.860000610351562,26.690000534057617,26.709999084472656,61259200
2017-10-25,22.692338943481445,26.649999618530273,26.920000076293945,26.5,26.889999389648438,68653500
2017-10-26,22.820056915283203,26.799999237060547,26.920000076293945,26.75,26.75,41832600
2017-10-27,22.80302619934082,26.780000686645508,26.829999923706055,26.610000610351562,26.75,56694400
2017-10-30,22.709365844726562,26.670000076293945,26.790000915527344,26.600000381469727,26.75,48157500
2017-10-31,22.649765014648438,26.600000381469727,26.770000457763672,26.56999969482422,26.670000076293945,39890800
2017-11-01,22.683818817138672,26.639999389648438,26.829999923706055,26.610000610351562,26.709999084472656,40921900
2017-11-02,22.89669418334961,26.889999389648438,26.93000030517578,26.540000915527344,26.670000076293945,51098300
2017-11-03,22.80302619934082,26.780000686645508,26.81999969482422,26.700000762939453,26.799999237060547,42387000
2017-11-06,22.777482986450195,26.75,26.799999237060547,26.65999984741211,26.709999084472656,33642100
2017-11-07,22.462427139282227,26.3799991607666,26.850000381469727,26.309999465942383,26.770000457763672,70325500
2017-11-08,22.35173225402832,26.25,26.34000015258789,26.15999984741211,26.329999923706055,55844900
2017-11-09,22.275100708007812,26.15999984741211,26.25,25.889999389648438,26.079999923706055,94577000
2017-11-10,22.20698356628418,26.079999923706055,26.229999542236328,26.059999465942383,26.18000030517578,53209600
2017-11-13,22.24104881286621,26.1200008392334,26.18000030517578,25.899999618530273,25.920000076293945,50579200
2017-11-14,22.232526779174805,26.110000610351562,26.1200008392334,25.93000030517578,26.020000457763672,54101800
2017-11-15,22.292137145996094,26.18000030517578,26.270000457763672,25.860000610351562,25.8799991607666,64952300
2017-11-16,22.300649642944336,26.190000534057617,26.360000610351562,26.170000076293945,26.299999237060547,53648100
2017-11-17,22.275100708007812,26.15999984741211,26.219999313354492,26.030000686645508,26.059999465942383,41938700
2017-11-20,22.377281188964844,26.280000686645508,26.31999969482422,26.1299991607666,26.209999084472656,35232400
2017-11-21,22.445398330688477,26.360000610351562,26.399999618530273,26.299999237060547,26.3700008392334,35972400
2017-11-22,22.334707260131836,26.229999542236328,26.43000030517578,26.229999542236328,26.360000610351562,30959400
2017-11-24,22.32619285583496,26.219999313354492,26.3799991607666,26.200000762939453,26.329999923706055,12172500
2017-11-27,22.309162139892578,26.200000762939453,26.34000015258789,26.18000030517578,26.200000762939453,42346400
2017-11-28,22.88817596435547,26.8799991607666,26.90999984741211,26.209999084472656,26.229999542236328,86507000
2017-11-29,23.279869079589844,27.34000015258789,27.520000457763672,27.06999969482422,27.139999389648438,135340600
2017-11-30,23.43313217163086,27.520000457763672,27.8799991607666,27.3799991607666,27.579999923706055,135241700
2017-12-01,23.484220504760742,27.579999923706055,27.709999084472656,26.950000762939453,27.559999465942383,148119600
2017-12-04,23.84185028076172,28.0,28.200000762939453,28.0,28.040000915527344,99820400
2017-12-05,23.714130401611328,27.850000381469727,28.149999618530273,27.780000686645508,28.1200008392334,77706200
2017-12-06,23.628978729248047,27.75,27.90999984741211,27.670000076293945,27.75,60299100
2017-12-07,23.705612182617188,27.84000015258789,27.940000534057617,27.579999923706055,27.84000015258789,59625500
2017-12-08,23.850366592407227,28.010000228881836,28.010000228881836,27.780000686645508,27.979999542236328,55001600
2017-12-11,23.790760040283203,27.940000534057617,28.049999237060547,27.860000610351562,28.010000228881836,43278400
2017-12-12,24.029184341430664,28.219999313354492,28.329999923706055,27.959999084472656,28.049999237060547,69517100
2017-12-13,23.73116111755371,27.8700008392334,28.25,27.850000381469727,28.190000534057617,97335300
2017-12-14,23.577890396118164,27.690000534057617,28.010000228881836,27.65999984741211,27.969999313354492,76970000
2017-12-15,23.790037155151367,27.809999465942383,28.0,27.6299991607666,27.729999542236328,111826100
2017-12-18,24.003904342651367,28.059999465942383,28.200000762939453,27.989999771118164,28.040000915527344,61275500
2017-12-19,23.901247024536133,27.940000534057617,28.239999771118164,27.940000534057617,28.219999313354492,57366300
2017-12-20,23.85848045349121,27.889999389648438,28.219999313354492,27.8700008392334,28.170000076293945,69680300
2017-12-21,24.063785552978516,28.1299991607666,28.209999084472656,28.010000228881836,28.040000915527344,46123500
2017-12-22,23.995349884033203,28.049999237060547,28.25,27.920000076293945,28.209999084472656,43020300
2017-12-26,23.926912307739258,27.969999313354492,28.139999389648438,27.860000610351562,28.049999237060547,33710100
2017-12-27,23.95257568359375,28.0,28.010000228881836,27.90999984741211,27.989999771118164,29421000
2017-12-28,24.046672821044922,28.110000610351562,28.1200008392334,28.0,28.06999969482422,28129700
2017-12-29,23.87558937072754,27.90999984741211,28.200000762939453,27.90999984741211,28.200000762939453,55169800
2018-01-02,23.88413429260254,27.920000076293945,28.09000015258789,27.790000915527344,28.09000015258789,55436100
2018-01-03,24.012453079223633,28.06999969482422,28.09000015258789,27.8799991607666,27.969999313354492,56906200
2018-01-04,24.234878540039062,28.329999923706055,28.540000915527344,28.18000030517578,28.229999542236328,62247000
2018-01-05,24.303308486938477,28.40999984741211,28.479999542236328,28.229999542236328,28.479999542236328,37989500
2018-01-08,24.26909065246582,28.3700008392334,28.43000030517578,28.270000457763672,28.3799991607666,44252100
2018-01-09,24.457292556762695,28.59000015258789,28.739999771118164,28.440000534057617,28.489999771118164,51418700
2018-01-10,24.6626033782959,28.829999923706055,28.950000762939453,28.6299991607666,28.68000030517578,64670900
2018-01-11,24.782363891601562,28.969999313354492,29.0,28.809999465942383,28.950000762939453,42361700
2018-01-12,25.00477409362793,29.229999542236328,29.25,28.959999084472656,29.139999389648438,44537500
2018-01-16,24.93634605407715,29.149999618530273,29.530000686645508,28.989999771118164,29.479999542236328,67563800
2018-01-17,25.124540328979492,29.3700008392334,29.450000762939453,28.989999771118164,29.229999542236328,54312000
2018-01-18,25.090322494506836,29.329999923706055,29.479999542236328,29.290000915527344,29.469999313354492,49247400
2018-01-19,25.26996421813965,29.540000915527344,29.549999237060547,29.3700008392334,29.43000030517578,60727800
2018-01-22,25.475276947021484,29.780000686645508,29.790000915527344,29.510000228881836,29.549999237060547,46868900
2018-01-23,25.500940322875977,29.809999465942383,29.860000610351562,29.56999969482422,29.709999084472656,60862000
2018-01-24,25.672035217285156,30.010000228881836,30.079999923706055,29.770000457763672,29.950000762939453,66371000
2018-01-25,25.620702743530273,29.950000762939453,30.1299991607666,29.850000381469727,30.1299991607666,45423700
2018-01-26,25.808897018432617,30.170000076293945,30.18000030517578,29.899999618530273,30.040000915527344,33871900
2018-01-29,25.706247329711914,30.049999237060547,30.329999923706055,30.030000686645508,30.190000534057617,41037700
2018-01-30,25.37262535095215,29.65999984741211,30.020000457763672,29.65999984741211,29.829999923706055,67316900
2018-01-31,25.441059112548828,29.739999771118164,29.889999389648438,29.639999389648438,29.739999771118164,49504500
2018-02-01,25.680578231811523,30.020000457763672,30.049999237060547,29.670000076293945,29.68000030517578,60824200
2018-02-02,25.11598777770996,29.360000610351562,30.040000915527344,29.34000015258789,29.959999084472656,73086000
2018-02-05,23.84992218017578,27.8799991607666,29.209999084472656,27.600000381469727,28.729999542236328,147871500
2018-02-06,24.28619956970215,28.389999389648438,28.459999084472656,27.170000076293945,27.239999771118164,159006400
2018-02-07,24.303308486938477,28.40999984741211,28.809999465942383,28.219999313354492,28.34000015258789,102699400
2018-02-08,23.23399543762207,27.15999984741211,28.510000228881836,27.139999389648438,28.459999084472656,135270500
2018-02-09,23.678836822509766,27.68000030517578,27.889999389648438,26.760000228881836,27.56999969482422,149504900
2018-02-12,24.012453079223633,28.06999969482422,28.350000381469727,27.709999084472656,27.959999084472656,83571800
2018-02-13,24.115110397338867,28.190000534057617,28.25,27.829999923706055,27.90999984741211,43365500
2018-02-14,24.688264846801758,28.860000610351562,28.8700008392334,28.06999969482422,28.170000076293945,57379700
2018-02-15,24.82513427734375,29.020000457763672,29.139999389648438,28.700000762939453,29.100000381469727,66976000
2018-02-16,24.790908813476562,28.979999542236328,29.229999542236328,28.84000015258789,28.8799991607666,47508200
2018-02-20,24.713930130004883,28.889999389648438,29.209999084472656,28.799999237060547,28.920000076293945,58236100
2018-02-21,24.748144149780273,28.93000030517578,29.399999618530273,28.8700008392334,28.899999618530273,44578800
2018-02-22,24.542835235595703,28.690000534057617,29.15999984741211,28.6200008392334,29.0,47602700
2018-02-23,24.910680770874023,29.1200008392334,29.1200008392334,28.770000457763672,28.780000686645508,41187300
2018-02-26,25.287078857421875,29.559999465942383,29.559999465942383,29.139999389648438,29.329999923706055,55124200
2018-02-27,25.047548294067383,29.280000686645508,29.770000457763672,29.260000228881836,29.579999923706055,72752100
2018-02-28,24.696823120117188,28.8700008392334,29.540000915527344,28.8700008392334,29.43000030517578,65254700
2018-03-01,24.26909065246582,28.3700008392334,29.110000610351562,28.209999084472656,28.8799991607666,82467900
2018-03-02,24.328969955444336,28.440000534057617,28.520000457763672,27.889999389648438,28.170000076293945,78991200
2018-03-05,24.671152114868164,28.84000015258789,29.0,28.209999084472656,28.219999313354492,58952100
2018-03-06,24.7738094329834,28.959999084472656,29.020000457763672,28.65999984741211,29.0,49746100
2018-03-07,24.731033325195312,28.90999984741211,28.969999313354492,28.56999969482422,28.600000381469727,41530200
2018-03-08,24.808027267456055,29.0,29.040000915527344,28.690000534057617,28.979999542236328,50803000
2018-03-09,25.406835556030273,29.700000762939453,29.719999313354492,29.190000534057617,29.309999465942383,54595700
2018-03-12,25.3212890625,29.600000381469727,29.809999465942383,29.549999237060547,29.700000762939453,51784500
2018-03-13,25.038991928100586,29.270000457763672,29.770000457763672,29.200000762939453,29.739999771118164,47049400
2018-03-14,24.756698608398438,28.940000534057617,29.399999618530273,28.850000381469727,29.399999618530273,57278900
2018-03-15,24.7652530670166,28.950000762939453,29.110000610351562,28.860000610351562,29.049999237060547,47451600
2018-03-16,24.78672218322754,28.8700008392334,29.149999618530273,28.8700008392334,28.90999984741211,61278200
2018-03-19,24.606416702270508,28.65999984741211,28.93000030517578,28.389999389648438,28.829999923706055,52145000
2018-03-20,24.666519165039062,28.729999542236328,28.850000381469727,28.65999984741211,28.770000457763672,37146500
2018-03-21,24.65793228149414,28.719999313354492,29.100000381469727,28.6200008392334,28.780000686645508,53291400
2018-03-22,23.747854232788086,27.65999984741211,28.450000762939453,27.559999465942383,28.34000015258789,85160300
2018-03-23,23.026660919189453,26.81999969482422,27.729999542236328,26.770000457763672,27.690000534057617,89289500
2018-03-26,23.77360725402832,27.690000534057617,27.770000457763672,27.100000381469727,27.360000610351562,84145000
2018-03-27,23.30998992919922,27.149999618530273,27.899999618530273,26.93000030517578,27.780000686645508,78827400
2018-03-28,23.35291862487793,27.200000762939453,27.469999313354492,26.850000381469727,27.219999313354492,84244500
2018-03-29,23.670581817626953,27.56999969482422,27.760000228881836,27.200000762939453,27.31999969482422,58290000
2018-04-02,23.14685821533203,26.959999084472656,27.600000381469727,26.549999237060547,27.56999969482422,74363900
2018-04-03,23.464529037475586,27.329999923706055,27.389999389648438,26.889999389648438,27.1299991607666,75160400
2018-04-04,23.713512420654297,27.6200008392334,27.700000762939453,26.81999969482422,26.84000015258789,70327000
2018-04-05,23.90239715576172,27.84000015258789,28.040000915527344,27.75,27.8700008392334,45378300
2018-04-06,23.327159881591797,27.170000076293945,27.700000762939453,26.920000076293945,27.520000457763672,88521000
2018-04-09,23.455942153930664,27.31999969482422,27.8700008392334,27.270000457763672,27.31999969482422,54633200
2018-04-10,23.807952880859375,27.729999542236328,27.889999389648438,27.549999237060547,27.760000228881836,67801500
2018-04-11,23.52463150024414,27.399999618530273,27.610000610351562,27.329999923706055,27.479999542236328,52480800
2018-04-12,23.936738967895508,27.8799991607666,28.059999465942383,27.59000015258789,27.610000610351562,63289100
2018-04-13,23.57614517211914,27.459999084472656,28.239999771118164,27.309999465942383,28.219999313354492,70103900
2018-04-16,23.679166793823242,27.579999923706055,27.780000686645508,27.5,27.6200008392334,44633600
2018-04-17,23.679166793823242,27.579999923706055,27.850000381469727,27.479999542236328,27.81999969482422,50750100
2018-04-18,23.56755256652832,27.450000762939453,27.760000228881836,27.389999389648438,27.649999618530273,66795500
2018-04-19,23.92815399169922,27.8700008392334,27.93000030517578,27.479999542236328,27.5,76142000
2018-04-20,23.936738967895508,27.8799991607666,28.040000915527344,27.760000228881836,27.920000076293945,49800400
2018-04-23,23.910982131958008,27.850000381469727,27.989999771118164,27.760000228881836,27.959999084472656,45689200
2018-04-24,23.756439208984375,27.670000076293945,28.170000076293945,27.479999542236328,28.0,69592900
2018-04-25,23.7392635345459,27.649999618530273,27.790000915527344,27.3700008392334,27.639999389648438,51819000
2018-04-26,23.747854232788086,27.65999984741211,27.809999465942383,27.520000457763672,27.6299991607666,33456200
2018-04-27,23.782196044921875,27.700000762939453,27.770000457763672,27.56999969482422,27.610000610351562,47185200
2018-04-30,23.56755256652832,27.450000762939453,27.920000076293945,27.440000534057617,27.770000457763672,41731400
2018-05-01,23.57614517211914,27.459999084472656,27.479999542236328,27.170000076293945,27.389999389648438,46372400
2018-05-02,23.30998992919922,27.149999618530273,27.469999313354492,27.110000610351562,27.360000610351562,45430300
2018-05-03,23.112518310546875,26.920000076293945,27.059999465942383,26.459999084472656,27.020000457763672,68947900
2018-05-04,23.413021087646484,27.270000457763672,27.420000076293945,26.670000076293945,26.760000228881836,40575600
2018-05-07,23.56755256652832,27.450000762939453,27.559999465942383,27.260000228881836,27.3700008392334,36873600
2018-05-08,23.730682373046875,27.639999389648438,27.829999923706055,27.459999084472656,27.469999313354492,47718500
2018-05-09,24.08269500732422,28.049999237060547,28.1200008392334,27.670000076293945,27.770000457763672,43817000
2018-05-10,24.280168533325195,28.280000686645508,28.34000015258789,27.959999084472656,28.0,41445500
2018-05-11,24.26299285888672,28.260000228881836,28.450000762939453,28.200000762939453,28.299999237060547,25894000
2018-05-14,24.245819091796875,28.239999771118164,28.389999389648438,28.190000534057617,28.34000015258789,31292900
2018-05-15,24.202896118164062,28.190000534057617,28.34000015258789,28.079999923706055,28.200000762939453,54655800
2018-05-16,24.245819091796875,28.239999771118164,28.31999969482422,28.100000381469727,28.15999984741211,31984900
2018-05-17,24.19430923461914,28.18000030517578,28.280000686645508,28.0,28.209999084472656,45070400
2018-05-18,23.996843338012695,27.950000762939453,28.190000534057617,27.940000534057617,28.18000030517578,33266100
2018-05-21,24.168554306030273,28.149999618530273,28.260000228881836,28.100000381469727,28.110000610351562,29647900
2018-05-22,24.3316707611084,28.34000015258789,28.5,28.170000076293945,28.170000076293945,52841400
2018-05-23,24.177133560180664,28.15999984741211,28.239999771118164,27.860000610351562,28.149999618530273,44968500
2018-05-24,23.988250732421875,27.940000534057617,28.09000015258789,27.65999984741211,28.06999969482422,43245200
2018-05-25,23.910982131958008,27.850000381469727,27.899999618530273,27.719999313354492,27.809999465942383,39312500
2018-05-29,23.112518310546875,26.920000076293945,27.5,26.719999313354492,27.459999084472656,126469700
2018-05-30,23.533214569091797,27.40999984741211,27.520000457763672,27.110000610351562,27.18000030517578,65843700
2018-05-31,23.33574676513672,27.18000030517578,27.389999389648438,27.100000381469727,27.350000381469727,66686900
2018-06-01,23.593313217163086,27.479999542236328,27.6299991607666,27.399999618530273,27.510000228881836,62934300
2018-06-04,23.670581817626953,27.56999969482422,27.670000076293945,27.520000457763672,27.610000610351562,44196900
2018-06-05,23.56755256652832,27.450000762939453,27.520000457763672,27.309999465942383,27.479999542236328,44996800
2018-06-06,23.996843338012695,27.950000762939453,27.969999313354492,27.579999923706055,27.610000610351562,61960000
2018-06-07,24.07411003112793,28.040000915527344,28.18000030517578,27.850000381469727,28.06999969482422,65166100
2018-06-08,24.108449935913086,28.079999923706055,28.110000610351562,27.860000610351562,28.010000228881836,47713400
2018-06-11,24.05694007873535,28.020000457763672,28.270000457763672,28.020000457763672,28.170000076293945,47319600
2018-06-12,23.996843338012695,27.950000762939453,28.170000076293945,27.809999465942383,28.100000381469727,55517200
2018-06-13,23.910982131958008,27.850000381469727,28.18000030517578,27.81999969482422,27.959999084472656,61095800
2018-06-14,23.68775749206543,27.59000015258789,27.950000762939453,27.510000228881836,27.899999618530273,70635500
2018-06-15,23.686893463134766,27.469999313354492,27.559999465942383,27.110000610351562,27.299999237060547,63387600
2018-06-18,23.643779754638672,27.420000076293945,27.459999084472656,27.139999389648438,27.229999542236328,49824600
2018-06-19,23.583423614501953,27.350000381469727,27.420000076293945,27.1299991607666,27.139999389648438,50214700
2018-06-20,23.52305793762207,27.280000686645508,27.600000381469727,27.25,27.600000381469727,42833600
2018-06-21,23.454076766967773,27.200000762939453,27.360000610351562,27.010000228881836,27.190000534057617,75190900
2018-06-22,23.341976165771484,27.06999969482422,27.420000076293945,27.049999237060547,27.389999389648438,61389400
2018-06-25,23.091917037963867,26.780000686645508,27.0,26.600000381469727,26.950000762939453,80746100
2018-06-26,23.01431655883789,26.690000534057617,26.829999923706055,26.520000457763672,26.799999237060547,56387800
2018-06-27,22.729759216308594,26.360000610351562,26.8799991607666,26.350000381469727,26.68000030517578,78099200
2018-06-28,22.928085327148438,26.59000015258789,26.700000762939453,26.309999465942383,26.360000610351562,78544800
2018-06-29,22.928085327148438,26.59000015258789,27.06999969482422,26.549999237060547,26.920000076293945,77149900
2018-07-02,23.040178298950195,26.719999313354492,26.729999542236328,26.350000381469727,26.3700008392334,66202800
2018-07-03,22.833234786987305,26.479999542236328,26.8700008392334,26.420000076293945,26.790000915527344,30717800
2018-07-05,22.884977340698242,26.540000915527344,26.68000030517578,26.450000762939453,26.6200008392334,40668500
2018-07-06,22.997072219848633,26.670000076293945,26.780000686645508,26.3700008392334,26.469999313354492,41285000
2018-07-09,23.52305793762207,27.280000686645508,27.309999465942383,26.780000686645508,26.809999465942383,73447400
2018-07-10,23.436830520629883,27.18000030517578,27.389999389648438,27.100000381469727,27.299999237060547,51260600
2018-07-11,23.32473373413086,27.049999237060547,27.190000534057617,26.989999771118164,27.030000686645508,46023700
2018-07-12,23.367855072021484,27.100000381469727,27.239999771118164,26.940000534057617,27.219999313354492,64876800
2018-07-13,23.264371871948242,26.979999542236328,27.06999969482422,26.700000762939453,26.989999771118164,64146900
2018-07-16,23.678274154663086,27.459999084472656,27.479999542236328,27.040000915527344,27.059999465942383,55812000
2018-07-17,23.70414161682129,27.489999771118164,27.600000381469727,27.34000015258789,27.489999771118164,55502200
2018-07-18,24.08354377746582,27.93000030517578,27.979999542236328,27.559999465942383,27.600000381469727,59109200
2018-07-19,23.721384048461914,27.510000228881836,27.799999237060547,27.469999313354492,27.790000915527344,61765100
2018-07-20,23.764503479003906,27.559999465942383,27.639999389648438,27.360000610351562,27.459999084472656,51562300
2018-07-23,24.092166900634766,27.940000534057617,27.979999542236328,27.549999237060547,27.559999465942383,81516200
2018-07-24,24.161149978637695,28.020000457763672,28.190000534057617,27.950000762939453,28.049999237060547,63133700
2018-07-25,24.212886810302734,28.079999923706055,28.1299991607666,27.850000381469727,28.0,44197200
2018-07-26,24.20425796508789,28.06999969482422,28.260000228881836,28.040000915527344,28.149999618530273,40056800
2018-07-27,24.25600242614746,28.1299991607666,28.270000457763672,27.969999313354492,28.059999465942383,63149400
2018-07-30,24.27324867248535,28.149999618530273,28.360000610351562,28.110000610351562,28.149999618530273,56474100
2018-07-31,24.100788116455078,27.950000762939453,28.239999771118164,27.889999389648438,28.229999542236328,84500100
2018-08-01,24.100788116455078,27.950000762939453,28.270000457763672,27.8799991607666,28.1299991607666,64046900
2018-08-02,24.10940933227539,27.959999084472656,28.010000228881836,27.68000030517578,27.770000457763672,38330700
2018-08-03,24.247379302978516,28.1200008392334,28.1200008392334,27.920000076293945,27.920000076293945,34894300
2018-08-06,24.37672233581543,28.270000457763672,28.34000015258789,28.100000381469727,28.15999984741211,38230100
2018-08-07,24.488819122314453,28.399999618530273,28.559999465942383,28.329999923706055,28.350000381469727,44608600
2018-08-08,24.549179077148438,28.469999313354492,28.520000457763672,28.34000015258789,28.360000610351562,47522000
2018-08-09,24.402585983276367,28.299999237060547,28.469999313354492,28.299999237060547,28.399999618530273,29357800
2018-08-10,24.118032455444336,27.969999313354492,28.06999969482422,27.829999923706055,27.93000030517578,83301400
2018-08-13,23.885217666625977,27.700000762939453,28.040000915527344,27.690000534057617,27.969999313354492,74413500
2018-08-14,24.10940933227539,27.959999084472656,28.010000228881836,27.719999313354492,27.799999237060547,43659000
2018-08-15,23.919708251953125,27.739999771118164,27.8799991607666,27.610000610351562,27.729999542236328,55681100
2018-08-16,24.238754272460938,28.110000610351562,28.190000534057617,27.8700008392334,27.8700008392334,49534200
2018-08-17,24.29049301147461,28.170000076293945,28.209999084472656,28.030000686645508,28.030000686645508,43193100
2018-08-20,24.36809730529785,28.260000228881836,28.309999465942383,28.1299991607666,28.170000076293945,30053700
2018-08-21,24.462942123413086,28.3700008392334,28.510000228881836,28.219999313354492,28.280000686645508,47940000
2018-08-22,24.37672233581543,28.270000457763672,28.3799991607666,28.229999542236328,28.25,27323300
2018-08-23,24.264619827270508,28.139999389648438,28.290000915527344,28.100000381469727,28.260000228881836,31767800
2018-08-24,24.350849151611328,28.239999771118164,28.299999237060547,28.190000534057617,28.25,22064500
2018-08-27,24.678518295288086,28.6200008392334,28.719999313354492,28.34000015258789,28.350000381469727,52254500
2018-08-28,24.652650833129883,28.59000015258789,28.719999313354492,28.540000915527344,28.700000762939453,28896800
2018-08-29,24.644025802612305,28.579999923706055,28.65999984741211,28.440000534057617,28.59000015258789,34015300
2018-08-30,24.454328536987305,28.360000610351562,28.559999465942383,28.309999465942383,28.450000762939453,43264100
2018-08-31,24.4284610748291,28.329999923706055,28.350000381469727,28.170000076293945,28.260000228881836,34107800
2018-09-04,24.549179077148438,28.469999313354492,28.5,28.200000762939453,28.270000457763672,43145600
2018-09-05,24.566417694091797,28.489999771118164,28.639999389648438,28.43000030517578,28.450000762939453,32727700
2018-09-06,24.454328536987305,28.360000610351562,28.530000686645508,28.270000457763672,28.450000762939453,38328900
2018-09-07,24.4284610748291,28.329999923706055,28.440000534057617,28.209999084472656,28.420000076293945,43644300
2018-09-10,24.402585983276367,28.299999237060547,28.440000534057617,28.270000457763672,28.399999618530273,29927200
2018-09-11,24.4284610748291,28.329999923706055,28.40999984741211,28.1200008392334,28.219999313354492,32065200
2018-09-12,24.20425796508789,28.06999969482422,28.389999389648438,28.049999237060547,28.329999923706055,47963400
2018-09-13,24.169771194458008,28.030000686645508,28.280000686645508,27.969999313354492,28.139999389648438,44977100
2018-09-14,24.34222984313965,28.229999542236328,28.260000228881836,28.059999465942383,28.06999969482422,34151000
2018-09-17,24.238754272460938,28.110000610351562,28.309999465942383,28.079999923706055,28.229999542236328,26907900
2018-09-18,24.35947608947754,28.25,28.280000686645508,28.059999465942383,28.18000030517578,36405600
2018-09-19,24.77337074279785,28.729999542236328,28.81999969482422,28.229999542236328,28.229999542236328,75551800
2018-09-20,24.988933563232422,28.979999542236328,29.06999969482422,28.8700008392334,28.940000534057617,78555500
2018-09-21,24.891935348510742,28.739999771118164,29.0,28.700000762939453,28.950000762939453,64710000
2018-09-24,24.614774703979492,28.420000076293945,28.75,28.399999618530273,28.709999084472656,47985100
2018-09-25,24.519508361816406,28.309999465942383,28.549999237060547,28.299999237060547,28.530000686645508,32964400
2018-09-26,24.22503089904785,27.969999313354492,28.389999389648438,27.899999618530273,28.350000381469727,60288100
2018-09-27,24.1384220123291,27.8700008392334,28.100000381469727,27.84000015258789,28.0,57492200
2018-09-28,23.887248992919922,27.579999923706055,27.770000457763672,27.540000915527344,27.760000228881836,66454900
2018-10-01,23.982521057128906,27.690000534057617,27.889999389648438,27.600000381469727,27.739999771118164,49855000
2018-10-02,23.982521057128906,27.690000534057617,27.739999771118164,27.469999313354492,27.649999618530273,47629500
2018-10-03,24.20771026611328,27.950000762939453,28.06999969482422,27.790000915527344,27.8700008392334,79591400
2018-10-04,24.372270584106445,28.139999389648438,28.350000381469727,27.920000076293945,27.940000534057617,94700800
2018-10-05,24.25101661682129,28.0,28.309999465942383,27.93000030517578,28.209999084472656,58148700
2018-10-08,24.415576934814453,28.190000534057617,28.280000686645508,27.899999618530273,27.920000076293945,56594900
2018-10-09,24.32030487060547,28.079999923706055,28.200000762939453,27.8799991607666,28.059999465942383,47963500
2018-10-10,23.566789627075195,27.209999084472656,28.139999389648438,27.209999084472656,28.06999969482422,101604400
2018-10-11,22.865245819091797,26.399999618530273,27.219999313354492,26.31999969482422,27.049999237060547,178628200
2018-10-12,22.891225814819336,26.43000030517578,26.920000076293945,26.030000686645508,26.8799991607666,137933000
2018-10-15,22.787294387817383,26.309999465942383,26.6299991607666,26.309999465942383,26.440000534057617,82196400
2018-10-16,23.168376922607422,26.75,26.770000457763672,26.309999465942383,26.489999771118164,75137300
2018-10-17,23.40222930908203,27.020000457763672,27.190000534057617,26.559999465942383,26.690000534057617,79472100
2018-10-18,23.01247787475586,26.56999969482422,27.06999969482422,26.489999771118164,26.8700008392334,81706000
2018-10-19,23.099096298217773,26.670000076293945,26.8799991607666,26.420000076293945,26.549999237060547,73614300
2018-10-22,22.60541343688965,26.100000381469727,26.760000228881836,26.100000381469727,26.700000762939453,58645800
2018-10-23,22.42352294921875,25.889999389648438,26.040000915527344,25.420000076293945,25.56999969482422,93698200
2018-10-24,21.860557556152344,25.239999771118164,25.850000381469727,25.139999389648438,25.850000381469727,98050700
2018-10-25,22.198339462280273,25.6299991607666,25.84000015258789,25.329999923706055,25.360000610351562,72439400
2018-10-26,21.87788200378418,25.260000228881836,25.520000457763672,25.020000457763672,25.31999969482422,115308900
2018-10-29,22.068424224853516,25.479999542236328,25.93000030517578,25.209999084472656,25.56999969482422,97946100
2018-10-30,22.449508666992188,25.920000076293945,25.940000534057617,25.440000534057617,25.6200008392334,82719100
2018-10-31,22.761308670043945,26.280000686645508,26.610000610351562,26.1299991607666,26.170000076293945,93781100
2018-11-01,22.865245819091797,26.399999618530273,26.510000228881836,26.219999313354492,26.350000381469727,62346600
2018-11-02,22.847915649414062,26.3799991607666,26.809999465942383,26.18000030517578,26.65999984741211,73034200
2018-11-05,23.211687088012695,26.799999237060547,26.8799991607666,26.489999771118164,26.489999771118164,58705800
2018-11-06,23.332944869995117,26.940000534057617,26.940000534057617,26.649999618530273,26.780000686645508,51010900
2018-11-07,23.63608169555664,27.290000915527344,27.31999969482422,26.81999969482422,27.09000015258789,59990800
2018-11-08,23.705371856689453,27.3700008392334,27.520000457763672,27.040000915527344,27.1299991607666,46730100
2018-11-09,23.48884391784668,27.1200008392334,27.3799991607666,26.979999542236328,27.299999237060547,47051200
2018-11-12,23.021142959594727,26.579999923706055,27.18000030517578,26.530000686645508,27.059999465942383,47135500
2018-11-13,23.151058197021484,26.729999542236328,26.989999771118164,26.600000381469727,26.6200008392334,69820600
2018-11-14,22.839263916015625,26.3700008392334,26.979999542236328,26.079999923706055,26.940000534057617,104274200
2018-11-15,23.177040100097656,26.760000228881836,26.780000686645508,26.030000686645508,26.190000534057617,93998000
2018-11-16,23.20302963256836,26.790000915527344,26.90999984741211,26.469999313354492,26.6200008392334,80518300
2018-11-19,23.194364547729492,26.780000686645508,26.899999618530273,26.540000915527344,26.770000457763672,65491300
2018-11-20,22.68336296081543,26.190000534057617,26.579999923706055,26.110000610351562,26.469999313354492,103778300
2018-11-21,22.700685501098633,26.209999084472656,26.59000015258789,26.1299991607666,26.34000015258789,48618000
2018-11-23,22.518800735473633,26.0,26.219999313354492,25.93000030517578,26.06999969482422,24252300
2018-11-26,22.97783851623535,26.530000686645508,26.6299991607666,26.260000228881836,26.270000457763672,50168800
2018-11-27,22.995155334472656,26.549999237060547,26.6299991607666,26.420000076293945,26.479999542236328,47174300
2018-11-28,23.436874389648438,27.059999465942383,27.059999465942383,26.399999618530273,26.6299991607666,61375300
2018-11-29,23.237668991088867,26.829999923706055,27.010000228881836,26.719999313354492,26.860000610351562,43664100
2018-11-30,23.35892105102539,26.969999313354492,27.079999923706055,26.709999084472656,26.75,45435200
2018-12-03,23.506160736083984,27.139999389648438,27.469999313354492,26.950000762939453,27.360000610351562,65332700
2018-12-04,22.484153747558594,25.959999084472656,27.010000228881836,25.829999923706055,27.0,110918600
2018-12-06,22.17235565185547,25.600000381469727,25.610000610351562,24.93000030517578,25.3799991607666,134687100
2018-12-07,21.747962951660156,25.110000610351562,25.899999618530273,24.989999771118164,25.540000915527344,86740000
2018-12-10,21.44482421875,24.760000228881836,25.079999923706055,24.299999237060547,25.010000228881836,101121800
2018-12-11,21.23695945739746,24.520000457763672,25.219999313354492,24.43000030517578,25.06999969482422,92308200
2018-12-12,21.35821533203125,24.65999984741211,25.020000457763672,24.540000915527344,24.860000610351562,86748900
2018-12-13,21.202316284179688,24.479999542236328,24.780000686645508,24.389999389648438,24.649999618530273,67232900
2018-12-14,20.994449615478516,24.239999771118164,24.579999923706055,24.190000534057617,24.239999771118164,66817000
2018-12-17,20.786590576171875,24.0,24.469999313354492,23.889999389648438,24.100000381469727,101180400
2018-12-18,20.708635330200195,23.90999984741211,24.399999618530273,23.760000228881836,24.139999389648438,90844000
2018-12-19,20.448802947998047,23.610000610351562,24.389999389648438,23.420000076293945,23.860000610351562,129331700
2018-12-20,20.266923904418945,23.399999618530273,23.75,23.270000457763672,23.3799991607666,107016900
2018-12-21,19.861669540405273,22.790000915527344,23.670000076293945,22.739999771118164,23.229999542236328,118502300
2018-12-24,19.443344116210938,22.309999465942383,22.75,22.280000686645508,22.489999771118164,71752700
2018-12-26,20.323570251464844,23.31999969482422,23.329999923706055,22.049999237060547,22.3700008392334,108133500
2018-12-27,20.567594528198242,23.600000381469727,23.600000381469727,22.709999084472656,22.93000030517578,98005000
2018-12-28,20.558874130249023,23.59000015258789,23.899999618530273,23.489999771118164,23.709999084472656,76348400
2018-12-31,20.759321212768555,23.81999969482422,23.920000076293945,23.520000457763672,23.719999313354492,56435400
2019-01-02,20.933622360229492,24.020000457763672,24.06999969482422,23.399999618530273,23.469999313354492,62945000
2019-01-03,20.46300506591797,23.479999542236328,23.899999618530273,23.420000076293945,23.84000015258789,65729700
2019-01-04,21.142786026000977,24.260000228881836,24.309999465942383,23.81999969482422,23.8799991607666,64638400
2019-01-07,21.168935775756836,24.290000915527344,24.510000228881836,24.059999465942383,24.209999084472656,48167000
2019-01-08,21.18636131286621,24.309999465942383,24.549999237060547,24.030000686645508,24.510000228881836,90114700
2019-01-09,21.290943145751953,24.43000030517578,24.520000457763672,24.200000762939453,24.3700008392334,61037100
2019-01-10,21.299657821655273,24.440000534057617,24.520000457763672,24.209999084472656,24.290000915527344,48630500
2019-01-11,21.35194206237793,24.5,24.549999237060547,24.18000030517578,24.31999969482422,44961600
2019-01-14,21.500102996826172,24.670000076293945,24.75,24.229999542236328,24.260000228881836,50610600
2019-01-15,21.691835403442383,24.889999389648438,24.93000030517578,24.5,24.56999969482422,59156500
2019-01-16,22.153732299804688,25.420000076293945,25.56999969482422,25.110000610351562,25.18000030517578,72982400
2019-01-17,22.27574920654297,25.559999465942383,25.649999618530273,25.170000076293945,25.31999969482422,55771300
2019-01-18,22.65921401977539,26.0,26.030000686645508,25.530000686645508,25.739999771118164,58400200
2019-01-22,22.397756576538086,25.700000762939453,25.90999984741211,25.56999969482422,25.780000686645508,79651700
2019-01-23,22.423900604248047,25.729999542236328,25.829999923706055,25.440000534057617,25.799999237060547,44072000
2019-01-24,22.476198196411133,25.790000915527344,25.860000610351562,25.559999465942383,25.639999389648438,25496900
2019-01-25,22.65921401977539,26.0,26.170000076293945,25.899999618530273,25.969999313354492,63140000
2019-01-28,22.58948516845703,25.920000076293945,25.950000762939453,25.709999084472656,25.75,66894900
2019-01-29,22.511051177978516,25.829999923706055,26.010000228881836,25.81999969482422,25.90999984741211,29442100
2019-01-30,22.641780853271484,25.979999542236328,26.139999389648438,25.729999542236328,25.90999984741211,62076800
2019-01-31,22.606918334960938,25.940000534057617,25.979999542236328,25.719999313354492,25.760000228881836,64021500
2019-02-01,22.702787399291992,26.049999237060547,26.170000076293945,25.950000762939453,25.979999542236328,42920300
2019-02-04,22.798646926879883,26.15999984741211,26.170000076293945,25.920000076293945,26.059999465942383,30362500
2019-02-05,22.737646102905273,26.09000015258789,26.229999542236328,25.989999771118164,26.209999084472656,39094900
2019-02-06,22.711498260498047,26.059999465942383,26.200000762939453,25.969999313354492,26.010000228881836,51542800
2019-02-07,22.48490333557129,25.799999237060547,26.049999237060547,25.59000015258789,25.979999542236328,80395700
2019-02-08,22.371604919433594,25.670000076293945,25.780000686645508,25.34000015258789,25.65999984741211,54911100
2019-02-11,22.44133186340332,25.75,25.799999237060547,25.6200008392334,25.75,53115700
2019-02-12,22.772504806518555,26.1299991607666,26.229999542236328,25.93000030517578,25.940000534057617,37671300
2019-02-13,22.833505630493164,26.200000762939453,26.43000030517578,26.190000534057617,26.25,42969600
2019-02-14,22.554628372192383,25.8799991607666,26.079999923706055,25.729999542236328,26.0,47630100
2019-02-15,23.03395652770996,26.43000030517578,26.43000030517578,25.8799991607666,26.09000015258789,46880800
2019-02-19,23.068819046020508,26.469999313354492,26.549999237060547,26.219999313354492,26.299999237060547,23868300
2019-02-20,23.216976165771484,26.639999389648438,26.649999618530273,26.399999618530273,26.459999084472656,27509100
2019-02-21,23.09496307373047,26.5,26.68000030517578,26.40999984741211,26.59000015258789,46619900
2019-02-22,23.060102462768555,26.459999084472656,26.579999923706055,26.360000610351562,26.5,26343700
2019-02-25,23.15596580505371,26.56999969482422,26.81999969482422,26.540000915527344,26.579999923706055,33835900
2019-02-26,23.08625030517578,26.489999771118164,26.690000534057617,26.360000610351562,26.3799991607666,35659700
2019-02-27,23.173402786254883,26.59000015258789,26.639999389648438,26.40999984741211,26.440000534057617,42542400
2019-02-28,23.11239242553711,26.520000457763672,26.649999618530273,26.510000228881836,26.600000381469727,39835900
2019-03-01,23.260549545288086,26.690000534057617,26.940000534057617,26.610000610351562,26.75,82657300
2019-03-04,23.11239242553711,26.520000457763672,26.940000534057617,26.299999237060547,26.760000228881836,76611900
2019-03-05,23.025245666503906,26.420000076293945,26.579999923706055,26.219999313354492,26.56999969482422,39868100
2019-03-06,22.877079010009766,26.25,26.510000228881836,26.229999542236328,26.420000076293945,43158900
2019-03-07,22.641780853271484,25.979999542236328,26.149999618530273,25.829999923706055,26.149999618530273,62622100
2019-03-08,22.63306427001953,25.969999313354492,25.989999771118164,25.68000030517578,25.690000534057617,55826400
2019-03-11,22.868375778198242,26.239999771118164,26.31999969482422,25.979999542236328,26.100000381469727,63343500
2019-03-12,22.920656204223633,26.299999237060547,26.389999389648438,26.239999771118164,26.280000686645508,32521100
2019-03-13,23.077533721923828,26.479999542236328,26.579999923706055,26.31999969482422,26.399999618530273,42817500
2019-03-14,23.16468048095703,26.579999923706055,26.68000030517578,26.43000030517578,26.440000534057617,37665700
2019-03-15,23.326738357543945,26.6299991607666,26.709999084472656,26.43000030517578,26.450000762939453,70020400
2019-03-18,23.563243865966797,26.899999618530273,26.979999542236328,26.68000030517578,26.68000030517578,43980700
2019-03-19,23.37929344177246,26.690000534057617,27.100000381469727,26.6200008392334,27.049999237060547,45029300
2019-03-20,22.89751625061035,26.139999389648438,26.639999389648438,26.110000610351562,26.6299991607666,65860300
2019-03-21,22.827442169189453,26.059999465942383,26.170000076293945,25.780000686645508,25.959999084472656,104914100
2019-03-22,22.196752548217773,25.34000015258789,25.889999389648438,25.229999542236328,25.75,121855900
2019-03-25,22.100399017333984,25.229999542236328,25.530000686645508,25.079999923706055,25.309999465942383,72835600
2019-03-26,22.363183975219727,25.530000686645508,25.59000015258789,25.280000686645508,25.43000030517578,51171500
2019-03-27,22.266826629638672,25.420000076293945,25.600000381469727,25.299999237060547,25.469999313354492,73148100
2019-03-28,22.459537506103516,25.639999389648438,25.649999618530273,25.350000381469727,25.469999313354492,52089300
2019-03-29,22.52085304260254,25.709999084472656,25.8799991607666,25.610000610351562,25.860000610351562,50234400
2019-04-01,23.072711944580078,26.34000015258789,26.360000610351562,25.90999984741211,25.920000076293945,62485300
2019-04-02,23.055191040039062,26.31999969482422,26.459999084472656,26.229999542236328,26.270000457763672,41002400
2019-04-03,23.12527084350586,26.399999618530273,26.6200008392334,26.290000915527344,26.5,52030900
2019-04-04,23.265419006347656,26.559999465942383,26.670000076293945,26.399999618530273,26.399999618530273,54378900
2019-04-05,23.300460815429688,26.600000381469727,26.700000762939453,26.520000457763672,26.610000610351562,37088800
2019-04-08,23.326738357543945,26.6299991607666,26.639999389648438,26.469999313354492,26.530000686645508,34998000
2019-04-09,23.1340274810791,26.40999984741211,26.510000228881836,26.290000915527344,26.510000228881836,65954800
2019-04-10,23.2041015625,26.489999771118164,26.530000686645508,26.280000686645508,26.40999984741211,48232700
2019-04-11,23.344257354736328,26.649999618530273,26.75,26.510000228881836,26.59000015258789,62205000
2019-04-12,23.773469924926758,27.139999389648438,27.329999923706055,26.899999618530273,27.040000915527344,84627600
2019-04-15,23.624557495117188,26.969999313354492,27.15999984741211,26.90999984741211,27.149999618530273,40030400
2019-04-16,23.95742416381836,27.350000381469727,27.3799991607666,27.010000228881836,27.030000686645508,56093400
2019-04-17,24.01874351501465,27.420000076293945,27.459999084472656,27.200000762939453,27.450000762939453,58834000
2019-04-18,23.94866371154785,27.34000015258789,27.450000762939453,27.299999237060547,27.3700008392334,52495700
2019-04-22,23.878591537475586,27.260000228881836,27.34000015258789,27.170000076293945,27.260000228881836,39324100
2019-04-23,24.027507781982422,27.43000030517578,27.459999084472656,27.139999389648438,27.25,54250300
2019-04-24,24.001224517822266,27.399999618530273,27.520000457763672,27.280000686645508,27.34000015258789,39505200
2019-04-25,24.04501724243164,27.450000762939453,27.559999465942383,27.200000762939453,27.270000457763672,44532300
2019-04-26,24.26401138305664,27.700000762939453,27.719999313354492,27.40999984741211,27.450000762939453,41527900
2019-04-29,24.509273529052734,27.979999542236328,28.1299991607666,27.729999542236328,27.799999237060547,61643200
2019-04-30,24.54431915283203,28.020000457763672,28.059999465942383,27.780000686645508,28.020000457763672,38800300
2019-05-01,24.342845916748047,27.790000915527344,28.139999389648438,27.770000457763672,28.049999237060547,67969500
2019-05-02,24.369125366210938,27.81999969482422,27.950000762939453,27.6200008392334,27.770000457763672,50972900
2019-05-03,24.588109970092773,28.06999969482422,28.1200008392334,27.889999389648438,27.940000534057617,34598900
2019-05-06,24.421682357788086,27.8799991607666,27.979999542236328,27.530000686645508,27.579999923706055,42517000
2019-05-07,24.01874351501465,27.420000076293945,27.889999389648438,27.229999542236328,27.6200008392334,60090800
2019-05-08,23.966182708740234,27.360000610351562,27.59000015258789,27.239999771118164,27.309999465942383,44254200
2019-05-09,23.913631439208984,27.299999237060547,27.360000610351562,26.899999618530273,27.030000686645508,56468300
2019-05-10,24.07130241394043,27.479999542236328,27.530000686645508,26.90999984741211,27.149999618530273,63453600
2019-05-13,23.37053680419922,26.68000030517578,26.989999771118164,26.59000015258789,26.93000030517578,54962500
2019-05-14,23.55448341369629,26.889999389648438,27.1200008392334,26.709999084472656,26.739999771118164,52398400
2019-05-15,23.46689224243164,26.790000915527344,26.920000076293945,26.520000457763672,26.6200008392334,49061700
2019-05-16,23.703399658203125,27.059999465942383,27.209999084472656,26.860000610351562,26.8799991607666,44872600
2019-05-17,23.545724868774414,26.8799991607666,27.139999389648438,26.75,26.790000915527344,62711500
2019-05-20,23.572004318237305,26.90999984741211,27.030000686645508,26.780000686645508,26.780000686645508,44357300
2019-05-21,23.81727409362793,27.190000534057617,27.190000534057617,27.020000457763672,27.020000457763672,36851400
2019-05-22,23.677122116088867,27.030000686645508,27.110000610351562,26.950000762939453,27.049999237060547,25867600
2019-05-23,23.344257354736328,26.649999618530273,26.780000686645508,26.420000076293945,26.770000457763672,51832900
2019-05-24,23.528202056884766,26.860000610351562,26.8700008392334,26.670000076293945,26.75,30582000
2019-05-28,23.256656646728516,26.549999237060547,26.860000610351562,26.549999237060547,26.780000686645508,35177700
2019-05-29,23.212860107421875,26.5,26.549999237060547,26.219999313354492,26.34000015258789,39700600
2019-05-30,23.1340274810791,26.40999984741211,26.709999084472656,26.280000686645508,26.559999465942383,40641200
2019-05-31,22.783639907836914,26.010000228881836,26.200000762939453,25.989999771118164,26.06999969482422,49259200
2019-06-03,22.932552337646484,26.18000030517578,26.290000915527344,25.920000076293945,25.969999313354492,63329300
2019-06-04,23.55448341369629,26.889999389648438,26.920000076293945,26.43000030517578,26.5,45454400
2019-06-05,23.703399658203125,27.059999465942383,27.079999923706055,26.709999084472656,26.940000534057617,46599700
2019-06-06,23.790998458862305,27.15999984741211,27.270000457763672,26.920000076293945,27.06999969482422,37297600
2019-06-07,23.75595474243164,27.1200008392334,27.25,27.079999923706055,27.15999984741211,33054800
2019-06-10,23.95742416381836,27.350000381469727,27.549999237060547,27.280000686645508,27.280000686645508,37081400
2019-06-11,23.966182708740234,27.360000610351562,27.610000610351562,27.280000686645508,27.5,34273400
2019-06-12,23.729679107666016,27.09000015258789,27.3799991607666,27.030000686645508,27.329999923706055,36866000
2019-06-13,23.808509826660156,27.18000030517578,27.270000457763672,27.06999969482422,27.139999389648438,31020000
2019-06-14,23.861074447631836,27.239999771118164,27.329999923706055,27.0,27.209999084472656,29724100
2019-06-17,23.642078399658203,26.989999771118164,27.309999465942383,26.959999084472656,27.229999542236328,40981600
2019-06-18,23.95742416381836,27.350000381469727,27.459999084472656,26.93000030517578,26.93000030517578,46237400
2019-06-19,23.913631439208984,27.299999237060547,27.59000015258789,27.270000457763672,27.399999618530273,58118500
2019-06-20,24.01874351501465,27.420000076293945,27.530000686645508,27.1200008392334,27.450000762939453,50583800
2019-06-21,23.965042114257812,27.219999313354492,27.479999542236328,27.18000030517578,27.299999237060547,65322300
2019-06-24,23.868188858032227,27.110000610351562,27.360000610351562,27.079999923706055,27.170000076293945,48377800
2019-06-25,23.788955688476562,27.020000457763672,27.149999618530273,26.889999389648438,27.110000610351562,47748500
2019-06-26,23.744930267333984,26.969999313354492,27.209999084472656,26.959999084472656,27.079999923706055,31448000
2019-06-27,23.95623207092285,27.209999084472656,27.290000915527344,27.06999969482422,27.06999969482422,59459800
2019-06-28,24.299596786499023,27.600000381469727,27.700000762939453,27.239999771118164,27.530000686645508,76728100
2019-07-01,24.590139389038086,27.93000030517578,28.049999237060547,27.780000686645508,27.920000076293945,48971100
2019-07-02,24.52851104736328,27.860000610351562,27.979999542236328,27.709999084472656,27.889999389648438,56626800
2019-07-03,24.722200393676758,28.079999923706055,28.09000015258789,27.8700008392334,27.950000762939453,23706800
2019-07-05,24.792631149291992,28.15999984741211,28.270000457763672,28.030000686645508,28.170000076293945,40683100
2019-07-08,24.669374465942383,28.020000457763672,28.1299991607666,27.940000534057617,28.010000228881836,26286700
2019-07-09,24.713394165039062,28.06999969482422,28.1200008392334,27.809999465942383,27.829999923706055,25895800
2019-07-10,24.62535285949707,27.969999313354492,28.229999542236328,27.93000030517578,28.079999923706055,36566700
2019-07-11,24.766218185424805,28.1299991607666,28.170000076293945,27.959999084472656,28.010000228881836,40907500
2019-07-12,24.933500289916992,28.31999969482422,28.31999969482422,28.100000381469727,28.170000076293945,31109900
2019-07-15,24.792631149291992,28.15999984741211,28.350000381469727,28.079999923706055,28.329999923706055,28346100
2019-07-16,24.73100471496582,28.09000015258789,28.260000228881836,28.030000686645508,28.209999084472656,47287700
2019-07-17,24.519704818725586,27.850000381469727,28.079999923706055,27.809999465942383,27.989999771118164,35062600
2019-07-18,24.70458984375,28.059999465942383,28.110000610351562,27.780000686645508,27.809999465942383,46369800
2019-07-19,24.598936080932617,27.940000534057617,28.18000030517578,27.920000076293945,28.1299991607666,29338500
2019-07-22,24.651763916015625,28.0,28.049999237060547,27.829999923706055,27.8799991607666,26683300
2019-07-23,24.907087326049805,28.290000915527344,28.329999923706055,28.059999465942383,28.06999969482422,45307600
2019-07-24,25.162410736083984,28.579999923706055,28.579999923706055,28.209999084472656,28.229999542236328,36374200
2019-07-25,24.986326217651367,28.3799991607666,28.610000610351562,28.31999969482422,28.56999969482422,34180400
2019-07-26,25.25925636291504,28.690000534057617,28.709999084472656,28.3799991607666,28.440000534057617,33642800
2019-07-29,25.065568923950195,28.469999313354492,28.719999313354492,28.440000534057617,28.639999389648438,35955100
2019-07-30,24.995128631591797,28.389999389648438,28.420000076293945,28.190000534057617,28.25,30726100
2019-07-31,24.871868133544922,28.25,28.530000686645508,28.200000762939453,28.389999389648438,64485400
2019-08-01,24.308399200439453,27.610000610351562,28.420000076293945,27.56999969482422,28.229999542236328,107976300
2019-08-02,24.299596786499023,27.600000381469727,27.739999771118164,27.229999542236328,27.559999465942383,66036400
2019-08-05,23.489614486694336,26.68000030517578,27.1200008392334,26.479999542236328,26.989999771118164,85527900
2019-08-06,23.868188858032227,27.110000610351562,27.1299991607666,26.59000015258789,26.850000381469727,53445000
2019-08-07,23.55123519897461,26.75,26.8700008392334,26.239999771118164,26.600000381469727,82354600
2019-08-08,24.000253677368164,27.260000228881836,27.270000457763672,26.8799991607666,27.010000228881836,66653200
2019-08-09,23.9210147857666,27.170000076293945,27.309999465942383,26.899999618530273,27.110000610351562,53782700
2019-08-12,23.46319580078125,26.649999618530273,26.950000762939453,26.56999969482422,26.850000381469727,56837600
2019-08-13,23.75373649597168,26.979999542236328,27.170000076293945,26.5,26.600000381469727,72255900
2019-08-14,22.873313903808594,25.979999542236328,26.520000457763672,25.959999084472656,26.3799991607666,92067300
2019-08-15,22.987770080566406,26.110000610351562,26.280000686645508,25.920000076293945,26.110000610351562,59504500
2019-08-16,23.392765045166016,26.56999969482422,26.639999389648438,26.239999771118164,26.239999771118164,48451800
2019-08-19,23.630483627319336,26.84000015258789,27.030000686645508,26.790000915527344,26.979999542236328,38297700
2019-08-20,23.31352996826172,26.479999542236328,26.739999771118164,26.450000762939453,26.690000534057617,40579300
2019-08-21,23.419179916381836,26.600000381469727,26.690000534057617,26.530000686645508,26.649999618530273,44913500
2019-08-22,23.577648162841797,26.780000686645508,26.850000381469727,26.56999969482422,26.739999771118164,43896700
2019-08-23,22.978971481323242,26.100000381469727,26.790000915527344,25.920000076293945,26.59000015258789,86245300
2019-08-26,23.199071884155273,26.350000381469727,26.3700008392334,26.110000610351562,26.270000457763672,34175500
2019-08-27,23.05820083618164,26.190000534057617,26.530000686645508,26.030000686645508,26.450000762939453,54240800
2019-08-28,23.26950454711914,26.43000030517578,26.469999313354492,26.030000686645508,26.049999237060547,51870400
2019-08-29,23.621679306030273,26.829999923706055,26.920000076293945,26.6200008392334,26.670000076293945,49818300
2019-08-30,23.700910568237305,26.920000076293945,27.059999465942383,26.81999969482422,26.979999542236328,40561000
2019-09-03,23.454395294189453,26.639999389648438,26.729999542236328,26.40999984741211,26.700000762939453,59997200
2019-09-04,23.68330192565918,26.899999618530273,26.950000762939453,26.780000686645508,26.84000015258789,43945700
2019-09-05,24.167531967163086,27.450000762939453,27.68000030517578,27.270000457763672,27.280000686645508,68639200
2019-09-06,24.158729553222656,27.440000534057617,27.559999465942383,27.34000015258789,27.479999542236328,35660800
2019-09-09,24.52851104736328,27.860000610351562,27.969999313354492,27.56999969482422,27.6299991607666,67797700
2019-09-10,24.616544723510742,27.959999084472656,28.079999923706055,27.700000762939453,27.950000762939453,77540100
2019-09-11,24.757421493530273,28.1200008392334,28.149999618530273,27.729999542236328,27.979999542236328,53285900
2019-09-12,24.88947868347168,28.270000457763672,28.3799991607666,27.950000762939453,28.040000915527344,72872200
2019-09-13,25.08316993713379,28.489999771118164,28.600000381469727,28.360000610351562,28.489999771118164,56248700
2019-09-16,24.995128631591797,28.389999389648438,28.43000030517578,28.209999084472656,28.25,36693600
2019-09-17,25.02153968811035,28.420000076293945,28.420000076293945,28.190000534057617,28.290000915527344,40868800
2019-09-18,25.10958480834961,28.520000457763672,28.59000015258789,28.229999542236328,28.309999465942383,57268900
2019-09-19,24.995128631591797,28.389999389648438,28.670000076293945,28.3799991607666,28.5,42335000
2019-09-20,24.84823989868164,28.079999923706055,28.399999618530273,28.059999465942383,28.290000915527344,82921100
2019-09-23,24.892480850219727,28.1299991607666,28.209999084472656,27.889999389648438,27.940000534057617,35827300
2019-09-24,24.653553009033203,27.860000610351562,28.270000457763672,27.780000686645508,28.209999084472656,61659700
2019-09-25,24.857084274291992,28.09000015258789,28.139999389648438,27.809999465942383,27.920000076293945,53544400
2019-09-26,24.742048263549805,27.959999084472656,28.079999923706055,27.920000076293945,28.049999237060547,53107500
2019-09-27,24.839387893676758,28.06999969482422,28.290000915527344,27.920000076293945,28.190000534057617,73386900
2019-09-30,24.777442932128906,28.0,28.170000076293945,27.979999542236328,28.139999389648438,30608000
2019-10-01,24.255352020263672,27.40999984741211,28.149999618530273,27.40999984741211,28.1299991607666,54786200
2019-10-02,23.759794235229492,26.850000381469727,27.25,26.790000915527344,27.239999771118164,78141700
2019-10-03,23.857141494750977,26.959999084472656,26.959999084472656,26.450000762939453,26.809999465942383,81128700
2019-10-04,24.299591064453125,27.459999084472656,27.479999542236328,26.969999313354492,26.989999771118164,40697200
2019-10-07,24.17570686340332,27.31999969482422,27.56999969482422,27.290000915527344,27.350000381469727,36922900
2019-10-08,23.697853088378906,26.780000686645508,27.059999465942383,26.760000228881836,27.049999237060547,60008900
2019-10-09,23.919084548950195,27.030000686645508,27.15999984741211,26.93000030517578,26.950000762939453,45131000
2019-10-10,24.16685676574707,27.309999465942383,27.510000228881836,27.100000381469727,27.100000381469727,54305400
2019-10-11,24.46772575378418,27.649999618530273,27.989999771118164,27.639999389648438,27.739999771118164,78702500
2019-10-14,24.503122329711914,27.690000534057617,27.75,27.530000686645508,27.559999465942383,35821000
2019-10-15,24.857084274291992,28.09000015258789,28.260000228881836,27.739999771118164,27.850000381469727,65130200
2019-10-16,24.795141220092773,28.020000457763672,28.15999984741211,27.950000762939453,28.09000015258789,44595200
2019-10-17,24.812837600708008,28.040000915527344,28.25,27.969999313354492,28.170000076293945,32013600
2019-10-18,24.87478256225586,28.110000610351562,28.219999313354492,27.959999084472656,27.959999084472656,40523700
2019-10-21,25.219894409179688,28.5,28.540000915527344,28.34000015258789,28.350000381469727,44145400
2019-10-22,25.14910316467285,28.420000076293945,28.610000610351562,28.329999923706055,28.450000762939453,50423000
2019-10-23,25.255294799804688,28.540000915527344,28.540000915527344,28.350000381469727,28.360000610351562,30615400
2019-10-24,25.219894409179688,28.5,28.6200008392334,28.389999389648438,28.56999969482422,33469600
2019-10-25,25.34378433227539,28.639999389648438,28.729999542236328,28.229999542236328,28.469999313354492,28330200
2019-10-28,25.476518630981445,28.790000915527344,28.920000076293945,28.739999771118164,28.75,50104600
2019-10-29,25.538461685180664,28.860000610351562,29.0,28.700000762939453,28.729999542236328,48458100
2019-10-30,25.52076530456543,28.84000015258789,28.920000076293945,28.639999389648438,28.860000610351562,51106700
2019-10-31,25.39687728881836,28.700000762939453,28.75,28.469999313354492,28.739999771118164,56795500
2019-11-01,25.768539428710938,29.1200008392334,29.149999618530273,28.860000610351562,28.920000076293945,42302300
2019-11-04,25.989763259887695,29.3700008392334,29.420000076293945,29.290000915527344,29.3700008392334,37319100
2019-11-05,26.087108612060547,29.479999542236328,29.6200008392334,29.40999984741211,29.459999084472656,39516100
2019-11-06,26.2198429107666,29.6299991607666,29.6299991607666,29.420000076293945,29.459999084472656,40179900
2019-11-07,26.414522171020508,29.850000381469727,30.030000686645508,29.739999771118164,29.809999465942383,61738600
2019-11-08,26.405677795410156,29.84000015258789,29.850000381469727,29.639999389648438,29.81999969482422,53808800
2019-11-11,26.334882736206055,29.760000228881836,29.81999969482422,29.6200008392334,29.65999984741211,19702400
2019-11-12,26.370275497436523,29.799999237060547,29.889999389648438,29.690000534057617,29.770000457763672,44640600
2019-11-13,26.202146530151367,29.610000610351562,29.709999084472656,29.450000762939453,29.56999969482422,43495400
2019-11-14,26.25524139404297,29.670000076293945,29.670000076293945,29.469999313354492,29.530000686645508,46158400
2019-11-15,26.32602882385254,29.75,29.799999237060547,29.65999984741211,29.770000457763672,30097000
2019-11-18,26.37912368774414,29.809999465942383,29.81999969482422,29.65999984741211,29.75,25440500
2019-11-19,26.43222427368164,29.8700008392334,29.969999313354492,29.790000915527344,29.8799991607666,30770900
2019-11-20,26.308330535888672,29.729999542236328,29.809999465942383,29.520000457763672,29.75,46719500
2019-11-21,26.28179168701172,29.700000762939453,29.84000015258789,29.600000381469727,29.790000915527344,37192700
2019-11-22,26.476465225219727,29.920000076293945,29.950000762939453,29.739999771118164,29.739999771118164,35195000
2019-11-25,26.64459800720215,30.110000610351562,30.149999618530273,29.950000762939453,29.959999084472656,50094100
2019-11-26,26.6180477142334,30.079999923706055,30.110000610351562,29.93000030517578,30.110000610351562,33516200
2019-11-27,26.724241256713867,30.200000762939453,30.209999084472656,30.059999465942383,30.15999984741211,31012300
2019-11-29,26.679996490478516,30.149999618530273,30.239999771118164,30.09000015258789,30.139999389648438,19444200
2019-12-02,26.511863708496094,29.959999084472656,30.260000228881836,29.93000030517578,30.200000762939453,52427800
2019-12-03,26.140201568603516,29.540000915527344,29.6200008392334,29.350000381469727,29.610000610351562,66912000
2019-12-04,26.38797378540039,29.81999969482422,29.899999618530273,29.549999237060547,29.56999969482422,41793900
2019-12-05,26.511863708496094,29.959999084472656,30.010000228881836,29.829999923706055,29.940000534057617,44933500
2019-12-06,26.865827560424805,30.360000610351562,30.459999084472656,30.280000686645508,30.290000915527344,40811300
2019-12-09,26.80388069152832,30.290000915527344,30.420000076293945,30.280000686645508,30.299999237060547,21627500
2019-12-10,26.81273078918457,30.299999237060547,30.360000610351562,30.1299991607666,30.209999084472656,37362100
2019-12-11,26.750789642333984,30.229999542236328,30.34000015258789,30.200000762939453,30.290000915527344,24490200
2019-12-12,27.272884368896484,30.81999969482422,30.90999984741211,30.25,30.270000457763672,68427500
2019-12-13,27.175546646118164,30.709999084472656,30.969999313354492,30.530000686645508,30.790000915527344,48135700
2019-12-16,27.272884368896484,30.81999969482422,31.020000457763672,30.790000915527344,30.959999084472656,45914900
2019-12-17,27.379074096679688,30.940000534057617,31.040000915527344,30.829999923706055,30.84000015258789,30911900
2019-12-18,27.2640323638916,30.809999465942383,31.040000915527344,30.809999465942383,31.040000915527344,39079700
2019-12-19,27.25518226623535,30.799999237060547,30.889999389648438,30.770000457763672,30.81999969482422,36946900
2019-12-20,27.287206649780273,30.68000030517578,30.8799991607666,30.639999389648438,30.799999237060547,97416000
2019-12-23,27.224952697753906,30.610000610351562,30.770000457763672,30.56999969482422,30.760000228881836,38293100
2019-12-24,27.287206649780273,30.68000030517578,30.690000534057617,30.600000381469727,30.670000076293945,12315900
2019-12-26,27.43840980529785,30.850000381469727,30.850000381469727,30.709999084472656,30.709999084472656,15891300
2019-12-27,27.36725425720215,30.770000457763672,30.90999984741211,30.75,30.899999618530273,19417400
2019-12-30,27.287206649780273,30.68000030517578,30.959999084472656,30.649999618530273,30.90999984741211,18819300
2019-12-31,27.37615394592285,30.780000686645508,30.790000915527344,30.6200008392334,30.65999984741211,15788100
2020-01-02,27.642976760864258,31.079999923706055,31.079999923706055,30.799999237060547,30.889999389648438,28843300
2020-01-03,27.349464416503906,30.75,30.8799991607666,30.59000015258789,30.68000030517578,51363600
2020-01-06,27.331674575805664,30.729999542236328,30.75,30.459999084472656,30.469999313354492,27956100
2020-01-07,27.15379524230957,30.530000686645508,30.709999084472656,30.530000686645508,30.65999984741211,39627500
2020-01-08,27.331674575805664,30.729999542236328,30.899999618530273,30.559999465942383,30.559999465942383,47966600
2020-01-09,27.50066375732422,30.920000076293945,30.979999542236328,30.829999923706055,30.950000762939453,27705300
2020-01-10,27.29610252380371,30.690000534057617,30.950000762939453,30.649999618530273,30.940000534057617,33458200
2020-01-13,27.48287582397461,30.899999618530273,30.93000030517578,30.68000030517578,30.760000228881836,27542700
2020-01-14,27.42951202392578,30.84000015258789,31.079999923706055,30.799999237060547,30.899999618530273,37575400
2020-01-15,27.27831268310547,30.670000076293945,30.790000915527344,30.56999969482422,30.690000534057617,41457300
2020-01-16,27.518457412719727,30.940000534057617,30.940000534057617,30.75,30.81999969482422,34444000
2020-01-17,27.5985050201416,31.030000686645508,31.100000381469727,30.90999984741211,31.030000686645508,38819400
2020-01-21,27.36725425720215,30.770000457763672,31.020000457763672,30.770000457763672,30.8799991607666,41276500
2020-01-22,27.447298049926758,30.860000610351562,30.940000534057617,30.81999969482422,30.8700008392334,27391000
2020-01-23,27.37615394592285,30.780000686645508,30.850000381469727,30.489999771118164,30.700000762939453,43072300
2020-01-24,27.029273986816406,30.389999389648438,30.790000915527344,30.200000762939453,30.790000915527344,58924900
2020-01-27,26.611248016357422,29.920000076293945,30.059999465942383,29.75,29.790000915527344,50289300
2020-01-28,26.922544479370117,30.270000457763672,30.399999618530273,30.030000686645508,30.079999923706055,34257900
2020-01-29,26.87807846069336,30.219999313354492,30.479999542236328,30.170000076293945,30.3700008392334,41167500
2020-01-30,27.216054916381836,30.600000381469727,30.6200008392334,29.93000030517578,29.950000762939453,51210000
2020-01-31,26.646831512451172,29.959999084472656,30.3799991607666,29.850000381469727,30.34000015258789,58958800
2020-02-03,26.833602905273438,30.170000076293945,30.469999313354492,30.149999618530273,30.170000076293945,40168200
2020-02-04,27.091533660888672,30.459999084472656,30.75,30.450000762939453,30.579999923706055,79273300
2020-02-05,27.634078979492188,31.06999969482422,31.100000381469727,30.799999237060547,30.8700008392334,51086900
2020-02-06,27.5985050201416,31.030000686645508,31.270000457763672,30.969999313354492,31.239999771118164,37044400
2020-02-07,27.50066375732422,30.920000076293945,31.010000228881836,30.790000915527344,30.860000610351562,27982500
2020-02-10,27.580718994140625,31.010000228881836,31.010000228881836,30.809999465942383,30.81999969482422,17723700
2020-02-11,27.67854881286621,31.1200008392334,31.260000228881836,31.09000015258789,31.09000015258789,27997400
2020-02-12,27.69633674621582,31.139999389648438,31.3799991607666,31.100000381469727,31.280000686645508,26964200
2020-02-13,27.687442779541016,31.1299991607666,31.200000762939453,30.950000762939453,31.040000915527344,22758700
2020-02-14,27.723024368286133,31.170000076293945,31.190000534057617,31.020000457763672,31.100000381469727,22080200
2020-02-18,27.48287582397461,30.899999618530273,31.15999984741211,30.719999313354492,31.079999923706055,37768900
2020-02-19,27.687442779541016,31.1299991607666,31.209999084472656,30.969999313354492,31.010000228881836,25643300
2020-02-20,27.634078979492188,31.06999969482422,31.280000686645508,30.860000610351562,31.020000457763672,50344300
2020-02-21,27.36725425720215,30.770000457763672,30.989999771118164,30.600000381469727,30.920000076293945,51128200
2020-02-24,26.477842330932617,29.770000457763672,30.059999465942383,29.6299991607666,29.799999237060547,70455400
2020-02-25,25.579530715942383,28.760000228881836,29.84000015258789,28.6200008392334,29.780000686645508,111826900
2020-02-26,25.392751693725586,28.549999237060547,29.219999313354492,28.549999237060547,28.950000762939453,95015700
2020-02-27,24.307674407958984,27.329999923706055,28.389999389648438,27.309999465942383,27.940000534057617,143536200
2020-02-28,23.649507522583008,26.59000015258789,26.850000381469727,25.969999313354492,26.399999618530273,192063500
2020-03-02,24.859107971191406,27.950000762939453,27.950000762939453,26.360000610351562,26.639999389648438,127115500
2020-03-03,23.925222396850586,26.899999618530273,28.25,26.6299991607666,27.860000610351562,256525000
2020-03-04,24.7168025970459,27.790000915527344,27.799999237060547,26.799999237060547,27.260000228881836,124408000
2020-03-05,23.524988174438477,26.450000762939453,26.940000534057617,26.149999618530273,26.8700008392334,130265700
2020-03-06,22.72451400756836,25.549999237060547,25.84000015258789,25.030000686645508,25.25,160606600
2020-03-09,20.28752326965332,22.809999465942383,23.8799991607666,22.520000457763672,23.0,134165700
2020-03-10,21.479337692260742,24.149999618530273,24.170000076293945,22.84000015258789,23.8700008392334,149282300
2020-03-11,20.3142032623291,22.84000015258789,23.649999618530273,22.520000457763672,23.40999984741211,146915400
2020-03-12,18.117353439331055,20.3700008392334,22.209999084472656,20.299999237060547,20.940000534057617,161437500
2020-03-13,20.50098419189453,23.049999237060547,23.09000015258789,20.899999618530273,21.899999618530273,160945700
2020-03-16,17.690433502197266,19.889999389648438,21.34000015258789,18.93000030517578,19.350000381469727,110661600
2020-03-17,18.650997161865234,20.969999313354492,21.190000534057617,19.540000915527344,20.350000381469727,122295100
2020-03-18,17.06785011291504,19.190000534057617,20.049999237060547,18.280000686645508,19.649999618530273,145056400
2020-03-19,17.4414005279541,19.610000610351562,19.889999389648438,18.110000610351562,18.790000915527344,105652800
2020-03-20,16.818809509277344,18.90999984741211,19.920000076293945,18.670000076293945,19.81999969482422,157840900
2020-03-23,15.840234756469727,17.65999984741211,18.600000381469727,17.489999771118164,18.440000534057617,144547900
2020-03-24,17.804563522338867,19.850000381469727,19.959999084472656,18.579999923706055,18.709999084472656,158551100
2020-03-25,18.288921356201172,20.389999389648438,21.229999542236328,19.389999389648438,20.139999389648438,162949600
2020-03-26,19.437026977539062,21.670000076293945,21.81999969482422,20.6299991607666,20.65999984741211,129753900
2020-03-27,18.845033645629883,21.010000228881836,21.670000076293945,20.549999237060547,20.790000915527344,109305600
2020-03-30,19.203813552856445,21.40999984741211,21.530000686645508,20.600000381469727,21.040000915527344,67297200
2020-03-31,18.67460823059082,20.81999969482422,21.450000762939453,20.639999389648438,21.209999084472656,83819900
2020-04-01,17.535472869873047,19.549999237060547,19.940000534057617,19.3700008392334,19.719999313354492,79185000
2020-04-02,17.974987030029297,20.040000915527344,20.200000762939453,19.360000610351562,19.43000030517578,68398300
2020-04-03,17.616207122802734,19.639999389648438,20.139999389648438,19.360000610351562,19.850000381469727,68418100
2020-04-06,18.880910873413086,21.049999237060547,21.219999313354492,20.469999313354492,20.6200008392334,69015100
2020-04-07,19.06927490234375,21.260000228881836,22.219999313354492,21.25,22.200000762939453,70950900
2020-04-08,19.90343475341797,22.190000534057617,22.329999923706055,21.34000015258789,21.579999923706055,80003400
2020-04-09,20.970815658569336,23.3799991607666,23.65999984741211,22.729999542236328,22.770000457763672,147845500
2020-04-13,20.208406448364258,22.530000686645508,23.329999923706055,22.329999923706055,23.309999465942383,66236300
2020-04-14,20.298093795776367,22.6299991607666,23.139999389648438,22.209999084472656,23.06999969482422,96169000
2020-04-15,19.419084548950195,21.649999618530273,21.860000610351562,21.540000915527344,21.729999542236328,63482000
2020-04-16,19.078235626220703,21.270000457763672,21.639999389648438,21.059999465942383,21.600000381469727,68907600
2020-04-17,20.082826614379883,22.389999389648438,22.520000457763672,21.920000076293945,22.100000381469727,88698600
2020-04-20,19.733015060424805,22.0,22.360000610351562,21.75,21.950000762939453,59063100
2020-04-21,19.09618377685547,21.290000915527344,21.709999084472656,21.209999084472656,21.329999923706055,71957900
2020-04-22,19.302480697631836,21.520000457763672,21.790000915527344,21.469999313354492,21.729999542236328,47507800
2020-04-23,19.221752166748047,21.43000030517578,21.860000610351562,21.399999618530273,21.579999923706055,71740200
2020-04-24,19.499813079833984,21.739999771118164,21.829999923706055,21.329999923706055,21.65999984741211,33825300
2020-04-27,20.163551330566406,22.479999542236328,22.600000381469727,21.920000076293945,21.959999084472656,109435100
2020-04-28,20.378826141357422,22.719999313354492,23.329999923706055,22.670000076293945,23.15999984741211,46452300
2020-04-29,20.970815658569336,23.3799991607666,23.65999984741211,23.18000030517578,23.420000076293945,70064400
2020-04-30,20.441614151000977,22.790000915527344,23.15999984741211,22.68000030517578,22.90999984741211,56745700
2020-05-01,19.786834716796875,22.059999465942383,22.309999465942383,21.90999984741211,22.25,37534300
2020-05-04,19.607440948486328,21.860000610351562,21.889999389648438,21.440000534057617,21.770000457763672,50177200
2020-05-05,19.544658660888672,21.790000915527344,22.280000686645508,21.790000915527344,22.15999984741211,65123000
2020-05-06,19.123085021972656,21.31999969482422,22.049999237060547,21.299999237060547,21.989999771118164,63738400
2020-05-07,19.571563720703125,21.81999969482422,22.18000030517578,21.600000381469727,21.600000381469727,61339000
2020-05-08,19.993135452270508,22.290000915527344,22.31999969482422,22.010000228881836,22.239999771118164,42218300
2020-05-11,19.607440948486328,21.860000610351562,22.049999237060547,21.739999771118164,21.979999542236328,54994900
2020-05-12,19.09618377685547,21.290000915527344,22.030000686645508,21.270000457763672,21.950000762939453,62202700
2020-05-13,18.531095504760742,20.65999984741211,21.139999389648438,20.5,21.110000610351562,86848300
2020-05-14,19.00648307800293,21.190000534057617,21.209999084472656,20.09000015258789,20.299999237060547,103763100
2020-05-15,18.880910873413086,21.049999237060547,21.229999542236328,20.799999237060547,20.989999771118164,70285000
2020-05-18,19.849618911743164,22.1299991607666,22.299999237060547,21.68000030517578,21.829999923706055,79548500
2020-05-19,19.365266799926758,21.59000015258789,22.110000610351562,21.579999923706055,22.0,56673200
2020-05-20,19.795804977416992,22.06999969482422,22.200000762939453,21.93000030517578,21.950000762939453,50402600
2020-05-21,19.733015060424805,22.0,22.209999084472656,21.8799991607666,22.0,49939900
2020-05-22,19.661256790161133,21.920000076293945,22.020000457763672,21.700000762939453,21.989999771118164,37584500
2020-05-26,20.683788299560547,23.059999465942383,23.299999237060547,22.729999542236328,22.75,108349200
2020-05-27,21.580745697021484,24.059999465942383,24.100000381469727,23.540000915527344,24.09000015258789,121521200
2020-05-28,21.239900588989258,23.68000030517578,24.34000015258789,23.610000610351562,24.329999923706055,101590100
2020-05-29,20.997722625732422,23.40999984741211,23.6200008392334,23.170000076293945,23.399999618530273,86969000
2020-06-01,21.239900588989258,23.68000030517578,23.790000915527344,23.34000015258789,23.5,52619200
2020-06-02,21.410324096679688,23.8700008392334,24.040000915527344,23.700000762939453,23.889999389648438,52572800
2020-06-03,22.208616256713867,24.760000228881836,24.8700008392334,24.34000015258789,24.399999618530273,77622900
2020-06-04,22.692964553833008,25.299999237060547,25.299999237060547,24.520000457763672,24.719999313354492,97575100
2020-06-05,23.536108016967773,26.239999771118164,26.829999923706055,26.149999618530273,26.780000686645508,135859300
2020-06-08,23.984588623046875,26.739999771118164,26.799999237060547,26.3700008392334,26.670000076293945,80298400
2020-06-09,23.47332000732422,26.170000076293945,26.399999618530273,25.920000076293945,26.110000610351562,92833100
2020-06-10,22.59430503845215,25.190000534057617,26.15999984741211,25.170000076293945,26.020000457763672,110848900
2020-06-11,20.746570587158203,23.1299991607666,24.360000610351562,23.09000015258789,24.0,233116600
2020-06-12,21.37444305419922,23.829999923706055,24.059999465942383,23.219999313354492,24.059999465942383,127502900
2020-06-15,21.670440673828125,24.15999984741211,24.239999771118164,22.959999084472656,23.010000228881836,92469500
2020-06-16,22.01128578186035,24.540000915527344,25.1200008392334,23.950000762939453,25.1200008392334,108121300
2020-06-17,21.679412841796875,24.170000076293945,24.610000610351562,24.1299991607666,24.610000610351562,56320900
2020-06-18,21.652502059936523,24.139999389648438,24.3700008392334,23.860000610351562,23.93000030517578,61206500
2020-06-19,21.508989334106445,23.979999542236328,24.610000610351562,23.709999084472656,24.600000381469727,99903900
2020-06-22,21.40247344970703,23.709999084472656,23.8799991607666,23.530000686645508,23.68000030517578,47929500
2020-06-23,21.50177001953125,23.81999969482422,24.219999313354492,23.799999237060547,24.06999969482422,47218900
2020-06-24,20.743518829345703,22.979999542236328,23.520000457763672,22.90999984741211,23.510000228881836,90217500
2020-06-25,21.294145584106445,23.59000015258789,23.639999389648438,22.860000610351562,22.899999618530273,110208900
2020-06-26,20.382444381713867,22.579999923706055,23.260000228881836,22.520000457763672,23.190000534057617,123959100
2020-06-29,20.60811424255371,22.829999923706055,22.979999542236328,22.6299991607666,22.81999969482422,69107100
2020-06-30,20.887941360473633,23.139999389648438,23.299999237060547,22.690000534057617,22.709999084472656,60653100
2020-07-01,20.707406997680664,22.940000534057617,23.350000381469727,22.8700008392334,23.239999771118164,60500300
2020-07-02,20.73448944091797,22.969999313354492,23.530000686645508,22.920000076293945,23.450000762939453,50841900
2020-07-06,21.131669998168945,23.40999984741211,23.65999984741211,23.280000686645508,23.479999542236328,60271700
2020-07-07,20.69838523864746,22.93000030517578,23.229999542236328,22.8700008392334,23.219999313354492,43810900
2020-07-08,20.91503143310547,23.170000076293945,23.229999542236328,22.84000015258789,22.920000076293945,53046100
2020-07-09,20.47271728515625,22.68000030517578,23.209999084472656,22.489999771118164,23.15999984741211,71163700
2020-07-10,21.176799774169922,23.459999084472656,23.489999771118164,22.670000076293945,22.670000076293945,94440600
2020-07-13,21.267072677612305,23.559999465942383,23.90999984741211,23.420000076293945,23.760000228881836,102487100
2020-07-14,21.37539291381836,23.68000030517578,23.75,23.25,23.459999084472656,102468300
2020-07-15,21.799646377563477,24.149999618530273,24.260000228881836,23.889999389648438,24.25,90561800
2020-07-16,21.799646377563477,24.149999618530273,24.399999618530273,23.850000381469727,23.940000534057617,74678500
2020-07-17,21.61911392211914,23.950000762939453,24.219999313354492,23.940000534057617,24.200000762939453,47033200
2020-07-20,21.519819259643555,23.84000015258789,23.979999542236328,23.75,23.81999969482422,40127600
2020-07-21,21.944080352783203,24.309999465942383,24.43000030517578,23.969999313354492,24.0,46491300
2020-07-22,21.944080352783203,24.309999465942383,24.329999923706055,24.110000610351562,24.190000534057617,44437400
2020-07-23,21.962129592895508,24.329999923706055,24.469999313354492,24.18000030517578,24.260000228881836,49916100
2020-07-24,21.907970428466797,24.270000457763672,24.479999542236328,24.190000534057617,24.350000381469727,41245600
2020-07-27,21.727434158325195,24.06999969482422,24.18000030517578,23.860000610351562,24.15999984741211,43060200
2020-07-28,21.67327880859375,24.010000228881836,24.1200008392334,23.899999618530273,23.979999542236328,35370500
2020-07-29,22.07948112487793,24.459999084472656,24.489999771118164,23.93000030517578,23.969999313354492,36491600
2020-07-30,21.682302474975586,24.020000457763672,24.06999969482422,23.709999084472656,24.0,53994600
2020-07-31,21.691329956054688,24.030000686645508,24.059999465942383,23.709999084472656,24.010000228881836,50115900
2020-08-03,21.7545166015625,24.100000381469727,24.290000915527344,23.959999084472656,24.1299991607666,42982100
2020-08-04,21.664247512817383,24.0,24.040000915527344,23.8700008392334,24.0,30754400
2020-08-05,21.962129592895508,24.329999923706055,24.389999389648438,24.1299991607666,24.15999984741211,34860700
2020-08-06,21.953105926513672,24.31999969482422,24.420000076293945,24.149999618530273,24.25,33115400
2020-08-07,22.422494888305664,24.84000015258789,24.860000610351562,24.149999618530273,24.200000762939453,63302800
2020-08-10,22.58498191833496,25.020000457763672,25.110000610351562,24.8700008392334,24.979999542236328,45436100
2020-08-11,22.846757888793945,25.309999465942383,25.719999313354492,25.25,25.489999771118164,73758600
2020-08-12,22.783567428588867,25.239999771118164,25.770000457763672,25.059999465942383,25.760000228881836,58793600
2020-08-13,22.639141082763672,25.079999923706055,25.260000228881836,24.93000030517578,25.049999237060547,35222500
2020-08-14,22.729408264160156,25.18000030517578,25.299999237060547,24.93000030517578,24.959999084472656,28276900
2020-08-17,22.35028648376465,24.760000228881836,25.110000610351562,24.75,25.09000015258789,53397000
2020-08-18,22.20585823059082,24.600000381469727,24.84000015258789,24.579999923706055,24.780000686645508,35502500
2020-08-19,22.19682502746582,24.59000015258789,24.940000534057617,24.520000457763672,24.690000534057617,59847200
2020-08-20,21.989212036132812,24.360000610351562,24.5,24.290000915527344,24.309999465942383,45586100
2020-08-21,21.944080352783203,24.309999465942383,24.530000686645508,24.229999542236328,24.31999969482422,35349200
2020-08-24,22.467628479003906,24.889999389648438,24.889999389648438,24.389999389648438,24.450000762939453,51010900
2020-08-25,22.53081512451172,24.959999084472656,25.170000076293945,24.799999237060547,25.100000381469727,55236900
2020-08-26,22.422494888305664,24.84000015258789,24.959999084472656,24.75,24.899999618530273,30646600
2020-08-27,22.80162239074707,25.260000228881836,25.3799991607666,24.81999969482422,24.81999969482422,66463900
2020-08-28,22.891891479492188,25.360000610351562,25.450000762939453,25.149999618530273,25.440000534057617,49170600
2020-08-31,22.62108612060547,25.059999465942383,25.34000015258789,25.059999465942383,25.34000015258789,52259000
2020-09-01,22.68427085876465,25.1299991607666,25.219999313354492,24.850000381469727,24.93000030517578,42036100
2020-09-02,23.00923728942871,25.489999771118164,25.579999923706055,25.049999237060547,25.1200008392334,48432500
2020-09-03,22.657194137573242,25.100000381469727,26.010000228881836,24.940000534057617,25.639999389648438,98405500
2020-09-04,22.82870101928711,25.290000915527344,25.690000534057617,24.889999389648438,25.549999237060547,111105500
2020-09-08,22.241962432861328,24.639999389648438,25.100000381469727,24.549999237060547,25.040000915527344,84687600
2020-09-09,22.467628479003906,24.889999389648438,25.06999969482422,24.709999084472656,24.8700008392334,52321200
2020-09-10,22.151697158813477,24.540000915527344,25.139999389648438,24.489999771118164,24.969999313354492,55515300
2020-09-11,22.305150985717773,24.709999084472656,24.84000015258789,24.5,24.579999923706055,69285700
2020-09-14,22.612058639526367,25.049999237060547,25.270000457763672,24.860000610351562,24.93000030517578,51021000
2020-09-15,22.305150985717773,24.709999084472656,25.1200008392334,24.690000534057617,25.100000381469727,48459900
2020-09-16,22.557899475097656,24.989999771118164,25.270000457763672,24.709999084472656,24.760000228881836,62119900
2020-09-17,22.32320213317871,24.729999542236328,24.8799991607666,24.579999923706055,24.649999618530273,47334200
2020-09-18,22.2780704498291,24.68000030517578,24.93000030517578,24.6299991607666,24.729999542236328,61707200
2020-09-21,21.719871520996094,23.93000030517578,24.170000076293945,23.559999465942383,24.030000686645508,72307300
2020-09-22,21.538339614868164,23.729999542236328,24.100000381469727,23.530000686645508,23.8700008392334,84561500
2020-09-23,21.057294845581055,23.200000762939453,23.950000762939453,23.200000762939453,23.780000686645508,54282500
2020-09-24,21.10267448425293,23.25,23.579999923706055,22.940000534057617,23.209999084472656,56512300
2020-09-25,21.320505142211914,23.489999771118164,23.56999969482422,23.030000686645508,23.079999923706055,46026600
2020-09-28,21.82878303527832,24.049999237060547,24.219999313354492,23.81999969482422,23.81999969482422,62803500
2020-09-29,21.556495666503906,23.75,24.020000457763672,23.6200008392334,23.979999542236328,53250800
2020-09-30,21.84693717956543,24.06999969482422,24.270000457763672,23.84000015258789,23.850000381469727,66732200
2020-10-01,21.88324737548828,24.110000610351562,24.329999923706055,23.920000076293945,24.170000076293945,65766100
2020-10-02,22.055696487426758,24.299999237060547,24.440000534057617,23.729999542236328,23.790000915527344,63368100
2020-10-05,22.41875457763672,24.700000762939453,24.780000686645508,24.469999313354492,24.530000686645508,58911700
2020-10-06,22.191844940185547,24.450000762939453,25.079999923706055,24.360000610351562,24.90999984741211,88404900
2020-10-07,22.563980102539062,24.860000610351562,24.979999542236328,24.68000030517578,24.68000030517578,53815200
2020-10-08,22.872573852539062,25.200000762939453,25.260000228881836,24.940000534057617,25.0,57646300
2020-10-09,22.899799346923828,25.229999542236328,25.3700008392334,25.030000686645508,25.34000015258789,52031600
2020-10-12,23.153942108154297,25.510000228881836,25.59000015258789,25.209999084472656,25.209999084472656,45931400
2020-10-13,22.709199905395508,25.020000457763672,25.510000228881836,24.940000534057617,25.43000030517578,60377800
2020-10-14,22.49136734008789,24.780000686645508,25.1299991607666,24.75,25.040000915527344,48982200
2020-10-15,22.663818359375,24.969999313354492,24.979999542236328,24.510000228881836,24.549999237060547,41637200
2020-10-16,22.68197250366211,24.989999771118164,25.149999618530273,24.8700008392334,25.020000457763672,40103600
2020-10-19,22.337066650390625,24.610000610351562,25.09000015258789,24.56999969482422,25.079999923706055,42989000
2020-10-20,22.518592834472656,24.809999465942383,25.100000381469727,24.760000228881836,24.770000457763672,67293900
2020-10-21,22.400604248046875,24.68000030517578,24.93000030517578,24.68000030517578,24.770000457763672,44307200
2020-10-22,22.8453426361084,25.170000076293945,25.200000762939453,24.65999984741211,24.670000076293945,39511800
2020-10-23,22.91795539855957,25.25,25.40999984741211,25.049999237060547,25.329999923706055,45092700
2020-10-26,22.400604248046875,24.68000030517578,24.93000030517578,24.450000762939453,24.889999389648438,54015100
2020-10-27,21.992162704467773,24.229999542236328,24.670000076293945,24.209999084472656,24.670000076293945,46083300
2020-10-28,21.42943000793457,23.610000610351562,23.93000030517578,23.469999313354492,23.719999313354492,89288300
2020-10-29,21.592805862426758,23.790000915527344,23.959999084472656,23.25,23.549999237060547,60908400
2020-10-30,21.65633773803711,23.860000610351562,23.899999618530273,23.469999313354492,23.649999618530273,66221600
2020-11-02,22.064773559570312,24.309999465942383,24.420000076293945,23.959999084472656,24.260000228881836,65136000
2020-11-03,22.554903030395508,24.850000381469727,25.100000381469727,24.729999542236328,24.760000228881836,79834200
2020-11-04,22.29168701171875,24.559999465942383,25.0,24.190000534057617,24.40999984741211,87397400
2020-11-05,22.836271286010742,25.15999984741211,25.34000015258789,24.770000457763672,24.770000457763672,65942300
2020-11-06,22.654739379882812,24.959999084472656,25.309999465942383,24.8799991607666,25.280000686645508,60783500
2020-11-09,24.51540756225586,27.010000228881836,27.440000534057617,26.65999984741211,26.979999542236328,162966800
2020-11-10,24.642473220825195,27.149999618530273,27.25,26.790000915527344,27.040000915527344,85851200
2020-11-11,24.542638778686523,27.040000915527344,27.31999969482422,26.8799991607666,27.299999237060547,65062400
2020-11-12,24.134191513061523,26.59000015258789,26.770000457763672,26.350000381469727,26.709999084472656,62733800
2020-11-13,24.53356170654297,27.030000686645508,27.139999389648438,26.770000457763672,26.84000015258789,45031800
2020-11-16,25.07814598083496,27.6299991607666,27.729999542236328,27.360000610351562,27.709999084472656,67556100
2020-11-17,25.041839599609375,27.59000015258789,27.639999389648438,27.1299991607666,27.31999969482422,63679700
2020-11-18,24.80585289001465,27.329999923706055,27.940000534057617,27.31999969482422,27.719999313354492,71578400
2020-11-19,24.88753890991211,27.420000076293945,27.450000762939453,27.020000457763672,27.190000534057617,47194800
2020-11-20,24.669708251953125,27.18000030517578,27.389999389648438,27.1200008392334,27.280000686645508,39974700
2020-11-23,25.132606506347656,27.690000534057617,27.770000457763672,27.389999389648438,27.530000686645508,51870500
2020-11-24,26.013015747070312,28.65999984741211,28.690000534057617,28.100000381469727,28.170000076293945,60983200
2020-11-25,25.922252655029297,28.559999465942383,28.579999923706055,28.219999313354492,28.5,45204600
2020-11-27,25.840560913085938,28.469999313354492,28.59000015258789,28.360000610351562,28.559999465942383,26981200
2020-11-30,25.305057525634766,27.8799991607666,28.3799991607666,27.829999923706055,28.299999237060547,72524200
2020-12-01,25.695337295532227,28.309999465942383,28.56999969482422,28.290000915527344,28.399999618530273,53972100
2020-12-02,25.976713180541992,28.6200008392334,28.670000076293945,28.219999313354492,28.270000457763672,57471800
2020-12-03,25.985782623291016,28.6299991607666,28.799999237060547,28.459999084472656,28.639999389648438,49566000
2020-12-04,26.3034610748291,28.979999542236328,29.030000686645508,28.799999237060547,28.81999969482422,52713100
2020-12-07,26.121931076049805,28.780000686645508,28.860000610351562,28.610000610351562,28.809999465942383,34631600
2020-12-08,26.11285972595215,28.770000457763672,28.84000015258789,28.510000228881836,28.510000228881836,31628500
2020-12-09,26.04932403564453,28.700000762939453,28.950000762939453,28.59000015258789,28.93000030517578,47589600
2020-12-10,26.09470558166504,28.75,28.780000686645508,28.389999389648438,28.479999542236328,41298300
2020-12-11,25.831491470336914,28.459999084472656,28.530000686645508,28.229999542236328,28.43000030517578,48216300
2020-12-14,25.531965255737305,28.1299991607666,28.84000015258789,28.110000610351562,28.84000015258789,38302900
2020-12-15,25.96763038635254,28.610000610351562,28.690000534057617,28.190000534057617,28.350000381469727,38604200
2020-12-16,26.013015747070312,28.65999984741211,28.68000030517578,28.520000457763672,28.65999984741211,55602800
2020-12-17,26.08562660217285,28.739999771118164,28.790000915527344,28.579999923706055,28.709999084472656,38510900
2020-12-18,25.858713150024414,28.489999771118164,28.780000686645508,28.31999969482422,28.780000686645508,56080100
2020-12-21,26.207292556762695,28.719999313354492,28.860000610351562,28.229999542236328,28.670000076293945,77688100
2020-12-22,25.951791763305664,28.440000534057617,28.780000686645508,28.420000076293945,28.739999771118164,42317900
2020-12-23,26.380674362182617,28.90999984741211,29.06999969482422,28.600000381469727,28.610000610351562,52681400
2020-12-24,26.417179107666016,28.950000762939453,28.979999542236328,28.709999084472656,28.969999313354492,16071000
2020-12-28,26.544925689697266,29.09000015258789,29.31999969482422,28.989999771118164,29.149999618530273,32824800
2020-12-29,26.45367431640625,28.989999771118164,29.219999313354492,28.959999084472656,29.209999084472656,23607000
2020-12-30,26.572303771972656,29.1200008392334,29.209999084472656,29.020000457763672,29.09000015258789,16616700
2020-12-31,26.900802612304688,29.479999542236328,29.520000457763672,29.0,29.079999923706055,26239300
2021-01-04,26.535799026489258,29.079999923706055,29.600000381469727,28.829999923706055,29.59000015258789,47086300
2021-01-05,26.65442657470703,29.209999084472656,29.34000015258789,28.920000076293945,29.06999969482422,35265400
2021-01-06,27.83156394958496,30.5,30.739999771118164,29.770000457763672,29.770000457763672,102254900
2021-01-07,28.233064651489258,30.940000534057617,31.260000228881836,30.8799991607666,30.950000762939453,64342700
2021-01-08,28.214820861816406,30.920000076293945,31.100000381469727,30.510000228881836,31.09000015258789,54266400
2021-01-11,28.306074142456055,31.020000457763672,31.06999969482422,30.489999771118164,30.6200008392334,56590400
2021-01-12,28.598073959350586,31.34000015258789,31.489999771118164,31.110000610351562,31.200000762939453,60546600
2021-01-13,28.57982063293457,31.31999969482422,31.399999618530273,31.09000015258789,31.290000915527344,55394700
2021-01-14,28.707578659057617,31.459999084472656,31.6200008392334,31.290000915527344,31.40999984741211,49828800
2021-01-15,28.233064651489258,30.940000534057617,31.190000534057617,30.709999084472656,31.0,68732700
2021-01-19,28.306074142456055,31.020000457763672,31.18000030517578,30.829999923706055,31.100000381469727,97457200
2021-01-20,28.187437057495117,30.889999389648438,31.1200008392334,30.780000686645508,31.1200008392334,56113100
2021-01-21,27.886310577392578,30.559999465942383,30.93000030517578,30.559999465942383,30.8700008392334,43713800
2021-01-22,27.685564041137695,30.34000015258789,30.459999084472656,30.200000762939453,30.25,37928000
2021-01-25,27.484817504882812,30.1200008392334,30.15999984741211,29.739999771118164,30.040000915527344,68321500
2021-01-26,27.265806198120117,29.8799991607666,30.280000686645508,29.860000610351562,30.239999771118164,55504600
2021-01-27,26.462800979614258,29.0,29.5,28.940000534057617,29.469999313354492,84059200
2021-01-28,26.955556869506836,29.540000915527344,29.8799991607666,29.280000686645508,29.3700008392334,62985900
2021-01-29,26.417179107666016,28.950000762939453,29.540000915527344,28.81999969482422,29.459999084472656,78260700
2021-02-01,26.763925552368164,29.329999923706055,29.3700008392334,29.020000457763672,29.270000457763672,41947400
2021-02-02,27.411806106567383,30.040000915527344,30.190000534057617,29.65999984741211,29.670000076293945,54263000
2021-02-03,27.566930770874023,30.209999084472656,30.219999313354492,29.940000534057617,30.0,46195200
2021-02-04,28.17831802368164,30.8799991607666,30.889999389648438,30.299999237060547,30.309999465942383,63061800
2021-02-05,28.187437057495117,30.889999389648438,31.1299991607666,30.81999969482422,31.100000381469727,38461900
2021-02-08,28.552452087402344,31.290000915527344,31.290000915527344,30.989999771118164,30.989999771118164,48756300
2021-02-09,28.56157112121582,31.299999237060547,31.399999618530273,31.079999923706055,31.190000534057617,33572000
2021-02-10,28.56157112121582,31.299999237060547,31.5,31.149999618530273,31.459999084472656,38899600
2021-02-11,28.470321655273438,31.200000762939453,31.440000534057617,30.989999771118164,31.31999969482422,31909500
2021-02-12,28.76232147216797,31.520000457763672,31.549999237060547,31.139999389648438,31.170000076293945,38271800
2021-02-16,29.255077362060547,32.060001373291016,32.209999084472656,31.700000762939453,31.84000015258789,71330600
2021-02-17,29.401077270507812,32.220001220703125,32.2599983215332,31.850000381469727,31.959999084472656,60460900
2021-02-18,29.227703094482422,32.029998779296875,32.20000076293945,31.770000457763672,31.989999771118164,45188200
2021-02-19,29.5744571685791,32.40999984741211,32.52000045776367,32.20000076293945,32.2400016784668,54361800
2021-02-22,29.84821128845215,32.709999084472656,32.83000183105469,32.290000915527344,32.29999923706055,65930200
2021-02-23,30.030715942382812,32.90999984741211,32.95000076293945,32.56999969482422,32.939998626708984,94331400
2021-02-24,30.614721298217773,33.54999923706055,33.63999938964844,32.939998626708984,32.959999084472656,66000600
2021-02-25,30.05808448791504,32.939998626708984,33.84000015258789,32.849998474121094,33.81999969482422,92189400
2021-02-26,29.48320770263672,32.310001373291016,32.9900016784668,32.189998626708984,32.88999938964844,103105700
2021-03-01,30.404844284057617,33.31999969482422,33.52000045776367,32.86000061035156,32.86000061035156,67590700
2021-03-02,30.29534149169922,33.20000076293945,33.470001220703125,33.16999816894531,33.279998779296875,49987000
2021-03-03,30.532594680786133,33.459999084472656,33.959999084472656,33.290000915527344,33.33000183105469,72541700
2021-03-04,30.18584632873535,33.08000183105469,33.689998626708984,32.599998474121094,33.369998931884766,101311800
2021-03-05,30.76071548461914,33.709999084472656,33.79999923706055,32.779998779296875,33.63999938964844,109299800
2021-03-08,31.153099060058594,34.13999938964844,34.58000183105469,33.81999969482422,33.959999084472656,90538200
2021-03-09,30.870220184326172,33.83000183105469,34.33000183105469,33.52000045776367,33.869998931884766,117224600
2021-03-10,31.499853134155273,34.52000045776367,34.650001525878906,33.93000030517578,33.9900016784668,73269300
2021-03-11,31.40860939025879,34.41999816894531,34.689998626708984,34.13999938964844,34.34000015258789,50904800
2021-03-12,31.727989196777344,34.77000045776367,34.95000076293945,34.65999984741211,34.81999969482422,68126000
2021-03-15,31.545482635498047,34.56999969482422,34.90999984741211,34.25,34.900001525878906,57836400
2021-03-16,31.216983795166016,34.209999084472656,34.43000030517578,33.939998626708984,34.38999938964844,67373600
2021-03-17,31.426851272583008,34.439998626708984,34.63999938964844,34.08000183105469,34.459999084472656,64051100
2021-03-18,31.591108322143555,34.619998931884766,35.290000915527344,34.5,34.790000915527344,96690500
2021-03-19,31.226097106933594,34.220001220703125,34.380001068115234,33.86000061035156,34.349998474121094,98510500
2021-03-22,30.823741912841797,33.630001068115234,33.88999938964844,33.5099983215332,33.81999969482422,68170600
2021-03-23,30.39295768737793,33.15999984741211,33.65999984741211,33.040000915527344,33.43000030517578,70441900
2021-03-24,30.502946853637695,33.279998779296875,33.79999923706055,33.279998779296875,33.400001525878906,63357100
2021-03-25,31.016212463378906,33.84000015258789,33.88999938964844,33.0,33.2599983215332,60532600
2021-03-26,31.501983642578125,34.369998931884766,34.43000030517578,33.95000076293945,34.189998626708984,53779900
2021-03-29,31.22702407836914,34.06999969482422,34.290000915527344,33.720001220703125,33.88999938964844,71777800
2021-03-30,31.44699478149414,34.310001373291016,34.470001220703125,34.209999084472656,34.25,55011400
2021-03-31,31.20868492126465,34.04999923706055,34.380001068115234,34.029998779296875,34.2400016784668,51138300
2021-04-01,31.593639373779297,34.470001220703125,34.470001220703125,34.0,34.0,51690100
2021-04-05,31.841102600097656,34.7400016784668,34.90999984741211,34.630001068115234,34.84000015258789,51790700
2021-04-06,31.776941299438477,34.66999816894531,34.83000183105469,34.54999923706055,34.65999984741211,41336800
2021-04-07,31.93276023864746,34.84000015258789,34.91999816894531,34.599998474121094,34.77000045776367,38660800
2021-04-08,31.941926956176758,34.849998474121094,34.88999938964844,34.470001220703125,34.709999084472656,39927400
2021-04-09,32.21689224243164,35.150001525878906,35.16999816894531,34.88999938964844,35.09000015258789,40133700
2021-04-12,32.3543815612793,35.29999923706055,35.310001373291016,35.13999938964844,35.220001220703125,44435500
2021-04-13,32.05191421508789,34.970001220703125,35.13999938964844,34.779998779296875,35.099998474121094,39950900
2021-04-14,32.24440002441406,35.18000030517578,35.43000030517578,34.83000183105469,34.880001068115234,44065300
2021-04-15,32.21689224243164,35.150001525878906,35.29999923706055,34.81999969482422,35.2599983215332,55483500
2021-04-16,32.446041107177734,35.400001525878906,35.529998779296875,35.2400016784668,35.459999084472656,39115700
2021-04-19,32.3543815612793,35.29999923706055,35.4900016784668,35.18000030517578,35.38999938964844,31172300
2021-04-20,31.749454498291016,34.63999938964844,35.11000061035156,34.52000045776367,35.09000015258789,50227700
2021-04-21,32.18940353393555,35.119998931884766,35.150001525878906,34.41999816894531,34.52000045776367,39680000
2021-04-22,31.83194351196289,34.72999954223633,35.130001068115234,34.66999816894531,35.08000183105469,43611200
2021-04-23,32.427711486816406,35.380001068115234,35.529998779296875,34.66999816894531,34.72999954223633,50437700
2021-04-26,32.55602264404297,35.52000045776367,35.849998474121094,35.47999954223633,35.5099983215332,43749700
2021-04-27,32.81265640258789,35.79999923706055,35.849998474121094,35.4900016784668,35.56999969482422,50852400
2021-04-28,32.94097137451172,35.939998626708984,36.040000915527344,35.83000183105469,35.939998626708984,35771700
2021-04-29,33.52757263183594,36.58000183105469,36.61000061035156,36.189998626708984,36.220001220703125,48573000
2021-04-30,33.2342643737793,36.2599983215332,36.5099983215332,36.20000076293945,36.380001068115234,43940900
2021-05-03,33.39924621582031,36.439998626708984,36.63999938964844,36.29999923706055,36.56999969482422,33317300
2021-05-04,33.66505432128906,36.72999954223633,36.72999954223633,36.040000915527344,36.279998779296875,66939700
2021-05-05,33.94001770019531,37.029998779296875,37.16999816894531,36.84000015258789,36.84000015258789,38954200
2021-05-06,34.44411849975586,37.58000183105469,37.59000015258789,36.959999084472656,37.18000030517578,43332900
2021-05-07,34.627437591552734,37.779998779296875,37.790000915527344,37.060001373291016,37.150001525878906,64616700
2021-05-10,34.599937438964844,37.75,38.2599983215332,37.720001220703125,37.97999954223633,56341100
2021-05-11,33.98584747314453,37.08000183105469,37.709999084472656,36.939998626708984,37.369998931884766,82723700
2021-05-12,33.6375617980957,36.70000076293945,37.5099983215332,36.54999923706055,37.369998931884766,97911900
2021-05-13,34.17832565307617,37.290000915527344,37.52000045776367,36.540000915527344,36.560001373291016,66882600
2021-05-14,34.71908950805664,37.880001068115234,37.97999954223633,37.459999084472656,37.5,44850200
2021-05-17,34.78325271606445,37.95000076293945,37.9900016784668,37.61000061035156,37.7599983215332,40376700
2021-05-18,34.2974739074707,37.41999816894531,38.04999923706055,37.400001525878906,37.91999816894531,40299200
2021-05-19,34.086673736572266,37.189998626708984,37.209999084472656,36.59000015258789,36.9900016784668,63573900
2021-05-20,34.105003356933594,37.209999084472656,37.470001220703125,36.95000076293945,37.25,59216100
2021-05-21,34.44411849975586,37.58000183105469,37.779998779296875,37.34000015258789,37.36000061035156,44950300
2021-05-24,34.609100341796875,37.7599983215332,37.849998474121094,37.54999923706055,37.7400016784668,29159600
2021-05-25,34.26081848144531,37.380001068115234,38.099998474121094,37.33000183105469,37.810001373291016,38755900
2021-05-26,34.36164855957031,37.4900016784668,37.65999984741211,37.220001220703125,37.52000045776367,38601900
2021-05-27,34.75575637817383,37.91999816894531,38.02000045776367,37.61000061035156,37.83000183105469,39789500
2021-05-28,34.81991195678711,37.9900016784668,38.09000015258789,37.709999084472656,38.09000015258789,39265000
2021-06-01,35.03073501586914,38.220001220703125,38.47999954223633,38.119998931884766,38.369998931884766,35710700
2021-06-02,35.08571243286133,38.279998779296875,38.380001068115234,38.06999969482422,38.34000015258789,37537500
2021-06-03,35.16819763183594,38.369998931884766,38.599998474121094,38.040000915527344,38.15999984741211,54877500
2021-06-04,35.259864807128906,38.470001220703125,38.5,38.130001068115234,38.41999816894531,27250900
2021-06-07,35.03073501586914,38.220001220703125,38.529998779296875,38.150001525878906,38.529998779296875,37401800
2021-06-08,34.93906784057617,38.119998931884766,38.2400016784668,37.72999954223633,38.0099983215332,47747700
2021-06-09,34.609100341796875,37.7599983215332,38.02000045776367,37.65999984741211,37.970001220703125,40776200
2021-06-10,34.20582580566406,37.31999969482422,38.18000030517578,37.290000915527344,38.08000183105469,53775500
2021-06-11,34.425804138183594,37.560001373291016,37.58000183105469,37.380001068115234,37.38999938964844,40416700
2021-06-14,34.06834030151367,37.16999816894531,37.54999923706055,36.95000076293945,37.4900016784668,50613400
2021-06-15,34.13249588012695,37.2400016784668,37.43000030517578,37.0,37.18000030517578,51315100
2021-06-16,34.095829010009766,37.20000076293945,37.45000076293945,36.7400016784668,37.119998931884766,84961100
2021-06-17,33.087623596191406,36.099998474121094,37.40999984741211,35.9900016784668,37.38999938964844,97659900
2021-06-18,32.290218353271484,35.22999954223633,35.7400016784668,35.18000030517578,35.619998931884766,180960000
2021-06-21,33.043853759765625,35.90999984741211,35.93000030517578,35.380001068115234,35.439998626708984,89831400
2021-06-22,33.099063873291016,35.970001220703125,36.11000061035156,35.630001068115234,35.9900016784668,42576400
2021-06-23,33.163482666015625,36.040000915527344,36.209999084472656,35.95000076293945,36.0,48094900
2021-06-24,33.57756042480469,36.4900016784668,36.58000183105469,36.08000183105469,36.25,42942800
2021-06-25,33.982444763183594,36.93000030517578,37.029998779296875,36.470001220703125,36.68000030517578,56845000
2021-06-28,33.7339973449707,36.65999984741211,36.88999938964844,36.45000076293945,36.86000061035156,70250700
2021-06-29,33.6143684387207,36.529998779296875,37.04999923706055,36.43000030517578,36.849998474121094,61051200
2021-06-30,33.76161193847656,36.689998626708984,36.77000045776367,36.40999984741211,36.41999816894531,42414100
2021-07-01,34.0284538269043,36.97999954223633,37.0,36.68000030517578,36.869998931884766,36615600
2021-07-02,33.99164581298828,36.939998626708984,37.02000045776367,36.790000915527344,36.97999954223633,27018400
2021-07-06,33.45793914794922,36.36000061035156,36.869998931884766,36.119998931884766,36.849998474121094,49225300
2021-07-07,33.50395202636719,36.40999984741211,36.4900016784668,36.060001373291016,36.13999938964844,43747100
2021-07-08,32.83220672607422,35.68000030517578,36.040000915527344,35.5099983215332,35.83000183105469,75084200
2021-07-09,33.78000259399414,36.709999084472656,36.7599983215332,36.09000015258789,36.20000076293945,70546500
2021-07-12,34.111270904541016,37.06999969482422,37.13999938964844,36.33000183105469,36.4900016784668,62953400
2021-07-13,33.74319076538086,36.66999816894531,37.0099983215332,36.529998779296875,36.95000076293945,44476200
2021-07-14,33.586761474609375,36.5,36.93000030517578,36.099998474121094,36.689998626708984,69632700
2021-07-15,33.697181701660156,36.619998931884766,36.849998474121094,36.13999938964844,36.13999938964844,53977600
2021-07-16,33.23710250854492,36.119998931884766,36.810001373291016,36.040000915527344,36.810001373291016,56160700
2021-07-19,32.30771255493164,35.11000061035156,35.61000061035156,34.900001525878906,35.41999816894531,89972200
2021-07-20,33.1082763671875,35.97999954223633,36.220001220703125,35.0,35.06999969482422,70635800
2021-07-21,33.67878723144531,36.599998474121094,36.779998779296875,36.2400016784668,36.27000045776367,59975000
2021-07-22,33.31072235107422,36.20000076293945,36.560001373291016,36.04999923706055,36.470001220703125,35292300
2021-07-23,33.36591720581055,36.2599983215332,36.650001525878906,36.15999984741211,36.54999923706055,36766900
2021-07-26,33.559165954589844,36.470001220703125,36.540000915527344,36.16999816894531,36.189998626708984,25396000
2021-07-27,33.54996109008789,36.459999084472656,36.619998931884766,36.02000045776367,36.189998626708984,38988400
2021-07-28,33.50395202636719,36.40999984741211,36.63999938964844,36.15999984741211,36.59000015258789,42908200
2021-07-29,33.87202453613281,36.810001373291016,36.970001220703125,36.4900016784668,36.650001525878906,41434200
2021-07-30,33.60517120361328,36.52000045776367,36.97999954223633,36.43000030517578,36.709999084472656,52385300
2021-08-02,33.6143684387207,36.529998779296875,37.189998626708984,36.47999954223633,36.77000045776367,47589900
2021-08-03,33.99164581298828,36.939998626708984,36.9900016784668,36.119998931884766,36.65999984741211,42169600
2021-08-04,33.70639419555664,36.630001068115234,37.02000045776367,36.43000030517578,36.59000015258789,52346400
2021-08-05,34.14808654785156,37.11000061035156,37.11000061035156,36.849998474121094,36.86000061035156,37168200
2021-08-06,34.83821105957031,37.86000061035156,37.93000030517578,37.45000076293945,37.459999084472656,58081000
2021-08-09,34.930240631103516,37.959999084472656,38.13999938964844,37.599998474121094,37.810001373291016,48015600
2021-08-10,35.298301696777344,38.36000061035156,38.470001220703125,37.88999938964844,37.93000030517578,40907400
2021-08-11,35.70319366455078,38.79999923706055,38.810001373291016,38.290000915527344,38.470001220703125,48372100
2021-08-12,35.767601013183594,38.869998931884766,38.91999816894531,38.599998474121094,38.84000015258789,44566400
2021-08-13,35.500755310058594,38.58000183105469,38.95000076293945,38.4900016784668,38.900001525878906,43077200
2021-08-16,35.40873336791992,38.47999954223633,38.52000045776367,37.9900016784668,38.33000183105469,48011800
2021-08-17,35.1602897644043,38.209999084472656,38.5,37.83000183105469,38.220001220703125,52414800
2021-08-18,34.72780227661133,37.7400016784668,38.33000183105469,37.709999084472656,38.060001373291016,39550400
2021-08-19,34.470149993896484,37.459999084472656,37.7400016784668,37.220001220703125,37.33000183105469,48961300
2021-08-20,34.681785583496094,37.689998626708984,37.75,37.31999969482422,37.459999084472656,33898600
2021-08-23,34.967041015625,38.0,38.15999984741211,37.880001068115234,37.880001068115234,28807400
2021-08-24,35.17869186401367,38.22999954223633,38.31999969482422,38.040000915527344,38.06999969482422,37677300
2021-08-25,35.5927734375,38.68000030517578,38.91999816894531,38.25,38.33000183105469,47904800
2021-08-26,35.417938232421875,38.4900016784668,38.900001525878906,38.45000076293945,38.849998474121094,38484300
2021-08-27,35.88723373413086,39.0,39.0099983215332,38.529998779296875,38.540000915527344,38511100
2021-08-30,35.38113021850586,38.45000076293945,39.040000915527344,38.43000030517578,39.02000045776367,30096500
2021-08-31,35.33511734008789,38.400001525878906,38.689998626708984,38.2599983215332,38.41999816894531,49876200
2021-09-01,35.1326789855957,38.18000030517578,38.45000076293945,38.04999923706055,38.43000030517578,43976200
2021-09-02,35.25230407714844,38.310001373291016,38.45000076293945,38.15999984741211,38.27000045776367,29611500
2021-09-03,35.031455993652344,38.06999969482422,38.31999969482422,37.97999954223633,38.2400016784668,34847500
2021-09-07,34.81981658935547,37.84000015258789,38.20000076293945,37.84000015258789,38.20000076293945,39214900
2021-09-08,34.73698806762695,37.75,37.93000030517578,37.54999923706055,37.75,32523900
2021-09-09,34.83821105957031,37.86000061035156,38.220001220703125,37.66999816894531,37.70000076293945,33421000
2021-09-10,34.580570220947266,37.58000183105469,38.11000061035156,37.56999969482422,38.06999969482422,39350500
2021-09-13,34.97623825073242,38.0099983215332,38.06999969482422,37.7400016784668,37.849998474121094,40357300
2021-09-14,34.5069465637207,37.5,38.279998779296875,37.380001068115234,38.13999938964844,45670600
2021-09-15,34.83821105957031,37.86000061035156,37.95000076293945,37.439998626708984,37.47999954223633,36371300
2021-09-16,34.73698806762695,37.75,38.189998626708984,37.58000183105469,38.0,42630200
2021-09-17,34.580570220947266,37.58000183105469,37.939998626708984,37.47999954223633,37.70000076293945,82987200
2021-09-20,33.77839279174805,36.54999923706055,36.689998626708984,36.029998779296875,36.59000015258789,95008800
2021-09-21,33.73217010498047,36.5,36.91999816894531,36.40999984741211,36.779998779296875,45837600
2021-09-22,34.29592514038086,37.11000061035156,37.369998931884766,36.880001068115234,36.959999084472656,58347800
2021-09-23,35.13691329956055,38.02000045776367,38.20000076293945,37.40999984741211,37.470001220703125,71805000
2021-09-24,35.321746826171875,38.220001220703125,38.349998474121094,37.939998626708984,37.9900016784668,48066100
2021-09-27,35.80232238769531,38.7400016784668,38.849998474121094,38.4900016784668,38.560001373291016,58794500
2021-09-28,35.21084976196289,38.099998474121094,38.91999816894531,38.040000915527344,38.72999954223633,96152700
2021-09-29,35.23857879638672,38.130001068115234,38.29999923706055,37.95000076293945,38.220001220703125,49882500
2021-09-30,34.68408203125,37.529998779296875,38.36000061035156,37.52000045776367,38.349998474121094,73319300
2021-10-01,35.257049560546875,38.150001525878906,38.40999984741211,37.4900016784668,37.630001068115234,70444000
2021-10-04,34.95207595825195,37.81999969482422,38.59000015258789,37.7599983215332,38.09000015258789,69772700
2021-10-05,35.63596725463867,38.560001373291016,38.75,37.959999084472656,38.099998474121094,56058400
2021-10-06,35.672935485839844,38.599998474121094,38.630001068115234,37.93000030517578,38.209999084472656,63405900
2021-10-07,35.885498046875,38.83000183105469,39.2400016784668,38.779998779296875,39.0,53295600
2021-10-08,36.06108474731445,39.02000045776367,39.15999984741211,38.689998626708984,38.869998931884766,38607500
2021-10-11,35.70065689086914,38.630001068115234,39.400001525878906,38.61000061035156,39.11000061035156,50748300
2021-10-12,35.58975601196289,38.5099983215332,38.77000045776367,38.40999984741211,38.58000183105469,58527700
2021-10-13,35.386436462402344,38.290000915527344,38.540000915527344,37.7400016784668,38.5,72105100
2021-10-14,35.9779167175293,38.93000030517578,38.939998626708984,38.349998474121094,38.720001220703125,51893500
2021-10-15,36.513919830322266,39.5099983215332,39.709999084472656,39.18000030517578,39.310001373291016,58411100
2021-10-18,36.52317428588867,39.52000045776367,39.75,39.31999969482422,39.43000030517578,56312700
2021-10-19,36.88359832763672,39.90999984741211,39.90999984741211,39.54999923706055,39.70000076293945,33082600
2021-10-20,37.179325103759766,40.22999954223633,40.22999954223633,39.72999954223633,39.84000015258789,44670200
2021-10-21,37.022216796875,40.060001373291016,40.310001373291016,39.849998474121094,40.220001220703125,35067600
2021-10-22,37.539756774902344,40.619998931884766,40.689998626708984,40.209999084472656,40.25,41458200
2021-10-25,37.49354934692383,40.56999969482422,40.77000045776367,40.470001220703125,40.720001220703125,33121000
2021-10-26,37.52126693725586,40.599998474121094,40.86000061035156,40.540000915527344,40.66999816894531,41586900
2021-10-27,36.902076721191406,39.93000030517578,40.68000030517578,39.91999816894531,40.5,62449500
2021-10-28,37.354923248291016,40.41999816894531,40.439998626708984,40.060001373291016,40.09000015258789,44566600
2021-10-29,37.207054138183594,40.2599983215332,40.54999923706055,40.18000030517578,40.470001220703125,42092000
2021-11-01,37.22554016113281,40.279998779296875,40.630001068115234,40.119998931884766,40.540000915527344,37503800
2021-11-02,37.31795120239258,40.380001068115234,40.5,40.15999984741211,40.27000045776367,31436800
2021-11-03,37.45658493041992,40.529998779296875,40.68000030517578,40.16999816894531,40.25,42946800
2021-11-04,36.96677017211914,40.0,40.47999954223633,39.689998626708984,40.380001068115234,48279700
2021-11-05,36.985260009765625,40.02000045776367,40.4900016784668,39.88999938964844,40.31999969482422,57866300
2021-11-08,37.18856430053711,40.2400016784668,40.529998779296875,40.13999938964844,40.27000045776367,32864600
2021-11-09,36.985260009765625,40.02000045776367,40.15999984741211,39.7599983215332,40.029998779296875,48420400
2021-11-10,36.92056655883789,39.95000076293945,40.20000076293945,39.849998474121094,39.97999954223633,60695100
2021-11-11,37.022216796875,40.060001373291016,40.189998626708984,39.84000015258789,40.0099983215332,31438900
2021-11-12,37.10539245605469,40.150001525878906,40.15999984741211,39.790000915527344,40.119998931884766,39218800
2021-11-15,37.10539245605469,40.150001525878906,40.36000061035156,40.06999969482422,40.2599983215332,30081100
2021-11-16,37.06843566894531,40.11000061035156,40.349998474121094,40.0,40.20000076293945,32599500
2021-11-17,36.643310546875,39.650001525878906,40.04999923706055,39.540000915527344,40.04999923706055,53557200
2021-11-18,36.45848083496094,39.45000076293945,39.77000045776367,39.27000045776367,39.689998626708984,42990100
2021-11-19,36.06108474731445,39.02000045776367,39.25,38.720001220703125,39.11000061035156,71858100
2021-11-22,36.56937789916992,39.56999969482422,39.959999084472656,39.220001220703125,39.540000915527344,81965800
2021-11-23,37.14236068725586,40.189998626708984,40.220001220703125,39.65999984741211,39.83000183105469,61571200
2021-11-24,37.05919647216797,40.099998474121094,40.2599983215332,39.95000076293945,40.11000061035156,40410300
2021-11-26,35.83003616333008,38.77000045776367,39.0099983215332,38.33000183105469,38.84000015258789,76492200
2021-11-29,35.94094467163086,38.88999938964844,39.36000061035156,38.599998474121094,39.220001220703125,79316500
2021-11-30,35.08146286010742,37.959999084472656,38.58000183105469,37.900001525878906,38.41999816894531,121263700
2021-12-01,34.69331359863281,37.540000915527344,38.880001068115234,37.540000915527344,38.630001068115234,101946500
2021-12-02,35.7283935546875,38.65999984741211,38.869998931884766,37.75,37.88999938964844,98076400
2021-12-03,35.14616012573242,38.029998779296875,38.810001373291016,37.72999954223633,38.709999084472656,97178200
2021-12-06,35.682167053222656,38.61000061035156,38.97999954223633,38.33000183105469,38.630001068115234,69716600
2021-12-07,36.31984329223633,39.29999923706055,39.40999984741211,38.869998931884766,39.060001373291016,115475500
2021-12-08,36.12577819824219,39.09000015258789,39.47999954223633,38.9900016784668,39.31999969482422,53033200
2021-12-09,36.05183792114258,39.0099983215332,39.209999084472656,38.7599983215332,38.900001525878906,45521100
2021-12-10,36.088809967041016,39.04999923706055,39.290000915527344,38.79999923706055,39.279998779296875,38900900
2021-12-13,35.70065689086914,38.630001068115234,38.970001220703125,38.5,38.959999084472656,44343000
2021-12-14,35.91322326660156,38.86000061035156,39.150001525878906,38.540000915527344,38.56999969482422,51734400
2021-12-15,36.0148811340332,38.970001220703125,39.09000015258789,38.47999954223633,38.959999084472656,70424900
2021-12-16,36.467716217041016,39.459999084472656,39.7400016784668,39.220001220703125,39.41999816894531,71156600
2021-12-17,35.663692474365234,38.59000015258789,39.25,38.349998474121094,39.20000076293945,97654400
2021-12-20,34.97095489501953,37.65999984741211,37.86000061035156,37.209999084472656,37.810001373291016,85242300
2021-12-21,35.69526290893555,38.439998626708984,38.61000061035156,38.040000915527344,38.040000915527344,57667900
2021-12-22,35.86241149902344,38.619998931884766,38.650001525878906,38.27000045776367,38.33000183105469,49702700
2021-12-23,36.048126220703125,38.81999969482422,39.16999816894531,38.79999923706055,38.84000015258789,39057300
2021-12-27,36.4195671081543,39.220001220703125,39.220001220703125,38.7400016784668,38.939998626708984,36120300
2021-12-28,36.438148498535156,39.2400016784668,39.4900016784668,39.13999938964844,39.150001525878906,34055200
2021-12-29,36.39170455932617,39.189998626708984,39.43000030517578,39.13999938964844,39.31999969482422,27150500
2021-12-30,36.32670211791992,39.119998931884766,39.529998779296875,39.0,39.310001373291016,30089100
2021-12-31,36.2617073059082,39.04999923706055,39.2400016784668,38.970001220703125,39.040000915527344,28497800
2022-01-03,36.70743179321289,39.529998779296875,39.68000030517578,39.31999969482422,39.34000015258789,49884400
2022-01-04,37.67317581176758,40.56999969482422,40.70000076293945,39.970001220703125,39.9900016784668,74210200
2022-01-05,37.23674011230469,40.099998474121094,40.900001525878906,40.06999969482422,40.689998626708984,76288400
2022-01-06,37.78460693359375,40.689998626708984,40.720001220703125,40.150001525878906,40.52000045776367,57725200
2022-01-07,38.23032760620117,41.16999816894531,41.27000045776367,40.63999938964844,40.779998779296875,62185500
2022-01-10,38.1003303527832,41.029998779296875,41.459999084472656,40.599998474121094,41.43000030517578,73620000
2022-01-11,38.434627532958984,41.38999938964844,41.40999984741211,40.79999923706055,41.18000030517578,60706300
2022-01-12,38.46247100830078,41.41999816894531,41.65999984741211,41.220001220703125,41.5,51560600
2022-01-13,38.31390380859375,41.2599983215332,41.70000076293945,41.119998931884766,41.47999954223633,51659600
2022-01-14,37.91461181640625,40.83000183105469,40.869998931884766,40.34000015258789,40.599998474121094,81135500
2022-01-18,37.0695915222168,39.91999816894531,40.599998474121094,39.66999816894531,40.560001373291016,82526700
2022-01-19,36.44743347167969,39.25,40.2400016784668,39.220001220703125,40.220001220703125,85975100
2022-01-20,36.215274810791016,39.0,39.869998931884766,38.91999816894531,39.36000061035156,80314000
2022-01-21,35.4724006652832,38.20000076293945,38.95000076293945,38.040000915527344,38.84000015258789,117914300
2022-01-24,35.574554443359375,38.310001373291016,38.38999938964844,36.81999969482422,37.540000915527344,169153300
2022-01-25,35.72311782836914,38.470001220703125,38.75,37.2599983215332,37.880001068115234,97364900
2022-01-26,35.81597137451172,38.56999969482422,39.209999084472656,38.11000061035156,38.88999938964844,106682000
2022-01-27,35.490966796875,38.220001220703125,39.34000015258789,37.970001220703125,38.939998626708984,91498900
2022-01-28,35.95528030395508,38.720001220703125,38.72999954223633,37.59000015258789,38.06999969482422,79753600
2022-01-31,36.27099609375,39.060001373291016,39.09000015258789,38.220001220703125,38.45000076293945,58740900
2022-02-01,36.772438049316406,39.599998474121094,39.70000076293945,38.90999984741211,39.11000061035156,64601500
2022-02-02,37.02315902709961,39.869998931884766,39.939998626708984,39.33000183105469,39.58000183105469,46649400
2022-02-03,36.61457443237305,39.43000030517578,40.0,39.369998931884766,39.86000061035156,50677000
2022-02-04,37.23674011230469,40.099998474121094,40.439998626708984,39.47999954223633,39.5,77792400
2022-02-07,37.348167419433594,40.220001220703125,40.47999954223633,39.91999816894531,40.150001525878906,52710400
2022-02-08,37.8681755065918,40.779998779296875,40.880001068115234,40.400001525878906,40.5,56921200
2022-02-09,38.10962677001953,41.040000915527344,41.310001373291016,40.900001525878906,41.0,67505300
2022-02-10,37.77531814575195,40.68000030517578,41.38999938964844,40.5099983215332,40.849998474121094,67260800
2022-02-11,37.24602127075195,40.11000061035156,41.040000915527344,39.869998931884766,40.54999923706055,77962800
2022-02-14,36.82815170288086,39.65999984741211,40.22999954223633,39.33000183105469,40.09000015258789,71521600
2022-02-15,37.329593658447266,40.20000076293945,40.40999984741211,40.0,40.13999938964844,55439600
2022-02-16,37.357452392578125,40.22999954223633,40.40999984741211,39.95000076293945,40.0,41168800
2022-02-17,36.42885208129883,39.22999954223633,39.939998626708984,39.119998931884766,39.810001373291016,59107800
2022-02-18,36.4195671081543,39.220001220703125,39.54999923706055,39.02000045776367,39.189998626708984,47816500
2022-02-22,36.233856201171875,39.02000045776367,39.400001525878906,38.689998626708984,39.040000915527344,60719700
2022-02-23,35.60240173339844,38.34000015258789,39.43000030517578,38.2400016784668,39.310001373291016,64169800
2022-02-24,35.17525100708008,37.880001068115234,38.0,36.79999923706055,37.06999969482422,143075700
2022-02-25,36.308135986328125,39.099998474121094,39.20000076293945,38.119998931884766,38.130001068115234,99127100
2022-02-28,35.769554138183594,38.52000045776367,38.77000045776367,38.119998931884766,38.16999816894531,107370200
2022-03-01,34.45093536376953,37.099998474121094,38.2599983215332,36.849998474121094,38.150001525878906,129873100
2022-03-02,35.34239959716797,38.060001373291016,38.279998779296875,37.38999938964844,37.40999984741211,88182500
2022-03-03,35.23097229003906,37.939998626708984,38.43000030517578,37.619998931884766,38.22999954223633,71952600
2022-03-04,34.5716552734375,37.22999954223633,37.279998779296875,36.79999923706055,37.27000045776367,105904100
2022-03-07,33.308773040771484,35.869998931884766,36.93000030517578,35.849998474121094,36.88999938964844,116046200
2022-03-08,33.11376953125,35.65999984741211,36.66999816894531,35.4900016784668,36.02000045776367,114915000
2022-03-09,34.330230712890625,36.970001220703125,37.279998779296875,36.70000076293945,36.849998474121094,88716400
2022-03-10,34.042362213134766,36.65999984741211,36.900001525878906,36.25,36.36000061035156,71547300
2022-03-11,33.80093002319336,36.400001525878906,37.209999084472656,36.380001068115234,36.97999954223633,76788200
2022-03-14,34.22808837890625,36.86000061035156,37.459999084472656,36.689998626708984,36.95000076293945,70969700
2022-03-15,34.71095275878906,37.380001068115234,37.439998626708984,36.90999984741211,37.22999954223633,51828700
2022-03-16,35.68597412109375,38.43000030517578,38.4900016784668,37.7400016784668,37.86000061035156,87007600
2022-03-17,36.1317024230957,38.90999984741211,38.91999816894531,37.959999084472656,38.209999084472656,58266400
2022-03-18,36.215274810791016,39.0,39.099998474121094,38.529998779296875,38.900001525878906,82342500
2022-03-21,36.17985534667969,38.810001373291016,39.13999938964844,38.61000061035156,39.02000045776367,46828600
2022-03-22,36.767154693603516,39.439998626708984,39.689998626708984,39.220001220703125,39.27000045776367,61053100
2022-03-23,36.08662796020508,38.709999084472656,39.279998779296875,38.689998626708984,39.189998626708984,42142600
2022-03-24,36.3756217956543,39.02000045776367,39.060001373291016,38.70000076293945,38.97999954223633,30421500
2022-03-25,36.841739654541016,39.52000045776367,39.599998474121094,39.09000015258789,39.150001525878906,48613100
2022-03-28,36.739200592041016,39.40999984741211,39.439998626708984,38.959999084472656,39.400001525878906,44761000
2022-03-29,36.823097229003906,39.5,40.0099983215332,39.27000045776367,39.88999938964844,67968600
2022-03-30,36.562068939208984,39.220001220703125,39.52000045776367,38.9900016784668,39.5,47405300
2022-03-31,35.723060607910156,38.31999969482422,39.33000183105469,38.310001373291016,39.16999816894531,66619600
2022-04-01,35.62983322143555,38.220001220703125,38.65999984741211,37.95000076293945,38.58000183105469,68422500
2022-04-04,35.47135925292969,38.04999923706055,38.36000061035156,37.779998779296875,38.130001068115234,134312400
2022-04-05,35.24763107299805,37.810001373291016,38.310001373291016,37.720001220703125,37.900001525878906,56165700
2022-04-06,35.0052375793457,37.54999923706055,37.709999084472656,37.40999984741211,37.5099983215332,55835100
2022-04-07,34.96794509887695,37.5099983215332,37.689998626708984,36.97999954223633,37.52000045776367,53346900
2022-04-08,35.32220458984375,37.88999938964844,38.060001373291016,37.560001373291016,37.65999984741211,44672300
2022-04-11,35.163719177246094,37.720001220703125,38.15999984741211,37.65999984741211,37.790000915527344,54435500
2022-04-12,34.78150939941406,37.310001373291016,38.040000915527344,37.150001525878906,37.689998626708984,67215400
2022-04-13,34.78150939941406,37.310001373291016,37.33000183105469,36.88999938964844,36.959999084472656,57445600
2022-04-14,34.38996505737305,36.88999938964844,37.4900016784668,36.880001068115234,37.22999954223633,68544200
2022-04-18,34.59506607055664,37.11000061035156,37.279998779296875,36.650001525878906,36.65999984741211,52748400
2022-04-19,35.07050704956055,37.619998931884766,37.68000030517578,37.20000076293945,37.209999084472656,41519100
2022-04-20,35.3128776550293,37.880001068115234,38.150001525878906,37.790000915527344,37.90999984741211,54635800
2022-04-21,34.753543853759766,37.279998779296875,38.31999969482422,37.209999084472656,38.13999938964844,54998100
2022-04-22,33.71876525878906,36.16999816894531,37.22999954223633,36.130001068115234,37.220001220703125,73170900
2022-04-25,33.77470016479492,36.22999954223633,36.310001373291016,35.33000183105469,35.869998931884766,91392800
2022-04-26,32.92637252807617,35.31999969482422,36.20000076293945,35.29999923706055,35.81999969482422,81457500
2022-04-27,32.898399353027344,35.290000915527344,35.650001525878906,35.15999984741211,35.27000045776367,81603000
2022-04-28,33.31791305541992,35.7400016784668,35.869998931884766,35.119998931884766,35.650001525878906,62680000
2022-04-29,32.171260833740234,34.5099983215332,35.689998626708984,34.43000030517578,35.560001373291016,74631700
2022-05-02,32.18058776855469,34.52000045776367,34.790000915527344,33.84000015258789,34.66999816894531,104408800
2022-05-03,32.60009002685547,34.970001220703125,35.31999969482422,34.63999938964844,34.7599983215332,73896300
2022-05-04,33.59757614135742,36.040000915527344,36.099998474121094,34.90999984741211,35.029998779296875,87794900
2022-05-05,32.61873245239258,34.9900016784668,35.689998626708984,34.560001373291016,35.619998931884766,101093900
2022-05-06,32.385677337646484,34.7400016784668,34.900001525878906,34.2400016784668,34.849998474121094,99281900
2022-05-09,31.611928939819336,33.90999984741211,34.47999954223633,33.75,34.27000045776367,85922800
2022-05-10,31.332256317138672,33.61000061035156,34.439998626708984,33.189998626708984,34.220001220703125,107581200
2022-05-11,31.043262481689453,33.29999923706055,34.33000183105469,33.25,33.650001525878906,110212200
2022-05-12,30.810205459594727,33.04999923706055,33.36000061035156,32.40999984741211,33.02000045776367,114304100
2022-05-13,31.257675170898438,33.529998779296875,33.810001373291016,33.22999954223633,33.45000076293945,64036200
2022-05-16,30.996652603149414,33.25,33.54999923706055,32.9900016784668,33.400001525878906,55662200
2022-05-17,31.82634162902832,34.13999938964844,34.2400016784668,33.709999084472656,33.900001525878906,62859300
2022-05-18,30.950040817260742,33.20000076293945,33.869998931884766,33.06999969482422,33.81999969482422,74279300
2022-05-19,30.744951248168945,32.97999954223633,33.220001220703125,32.70000076293945,32.75,71525400
2022-05-20,30.689010620117188,32.91999816894531,33.380001068115234,32.22999954223633,33.209999084472656,77984600
2022-05-23,31.686504364013672,33.9900016784668,34.2400016784668,33.380001068115234,33.54999923706055,78189300
2022-05-24,31.62125015258789,33.91999816894531,34.029998779296875,33.220001220703125,33.790000915527344,77871200
2022-05-25,31.87295150756836,34.189998626708984,34.400001525878906,33.7400016784668,33.84000015258789,72192600
2022-05-26,32.60940933227539,34.97999954223633,35.099998474121094,34.529998779296875,34.560001373291016,50803200
2022-05-27,33.159423828125,35.56999969482422,35.63999938964844,35.06999969482422,35.130001068115234,43862500
2022-05-31,33.066200256347656,35.470001220703125,35.7400016784668,35.09000015258789,35.279998779296875,64778900
2022-06-01,32.53483581542969,34.900001525878906,35.470001220703125,34.56999969482422,35.380001068115234,48642400
2022-06-02,32.982303619384766,35.380001068115234,35.40999984741211,34.65999984741211,34.93000030517578,45334700
2022-06-03,32.50686264038086,34.869998931884766,35.20000076293945,34.83000183105469,35.04999923706055,36699400
2022-06-06,32.60009002685547,34.970001220703125,35.52000045776367,34.959999084472656,35.15999984741211,32829600
2022-06-07,32.85179138183594,35.2400016784668,35.27000045776367,34.70000076293945,34.72999954223633,32031400
2022-06-08,32.2738037109375,34.619998931884766,35.06999969482422,34.4900016784668,34.970001220703125,38251800
2022-06-09,31.462770462036133,33.75,34.599998474121094,33.72999954223633,34.58000183105469,49715100
2022-06-10,30.325448989868164,32.529998779296875,33.13999938964844,32.5,33.02000045776367,74190900
2022-06-13,29.421180725097656,31.559999465942383,32.099998474121094,31.3700008392334,31.709999084472656,104065100
2022-06-14,29.169483184814453,31.290000915527344,31.90999984741211,31.049999237060547,31.690000534057617,75592200
2022-06-15,29.495759963989258,31.639999389648438,32.09000015258789,31.100000381469727,31.6200008392334,87858800
2022-06-16,28.749977111816406,30.84000015258789,31.010000228881836,30.579999923706055,31.0,100838500
2022-06-17,28.833877563476562,30.93000030517578,31.280000686645508,30.6299991607666,30.90999984741211,116937700
2022-06-21,29.409317016601562,31.3799991607666,31.579999923706055,31.190000534057617,31.469999313354492,58065800
2022-06-22,29.34371566772461,31.309999465942383,31.600000381469727,30.979999542236328,31.020000457763672,48035800
2022-06-23,29.231252670288086,31.190000534057617,31.389999389648438,30.68000030517578,31.329999923706055,69348900
2022-06-24,30.309030532836914,32.34000015258789,32.369998931884766,31.270000457763672,31.31999969482422,65489300
2022-06-27,30.20594024658203,32.22999954223633,32.59000015258789,32.08000183105469,32.59000015258789,47244800
2022-06-28,29.906034469604492,31.90999984741211,32.869998931884766,31.889999389648438,32.560001373291016,42459900
2022-06-29,29.737340927124023,31.729999542236328,32.060001373291016,31.6200008392334,31.940000534057617,64507500
2022-06-30,29.474924087524414,31.450000762939453,31.729999542236328,30.850000381469727,31.229999542236328,75294300
2022-07-01,29.877920150756836,31.8799991607666,31.979999542236328,31.139999389648438,31.350000381469727,77308400
2022-07-05,29.774829864501953,31.770000457763672,31.790000915527344,31.020000457763672,31.3799991607666,51536800
2022-07-06,29.699853897094727,31.690000534057617,31.950000762939453,31.389999389648438,31.700000762939453,48001700
2022-07-07,30.130964279174805,32.150001525878906,32.2400016784668,31.93000030517578,31.959999084472656,33120100
2022-07-08,30.065359115600586,32.08000183105469,32.34000015258789,31.950000762939453,32.2400016784668,29062200
2022-07-11,29.82168960571289,31.81999969482422,32.060001373291016,31.729999542236328,31.899999618530273,30564300
2022-07-12,29.63425064086914,31.6200008392334,32.20000076293945,31.559999465942383,31.579999923706055,38211000
2022-07-13,29.37183380126953,31.34000015258789,31.549999237060547,30.950000762939453,31.280000686645508,51441600
2022-07-14,28.809511184692383,30.739999771118164,30.84000015258789,30.3700008392334,30.700000762939453,57782300
2022-07-15,29.784198760986328,31.780000686645508,31.959999084472656,31.100000381469727,31.18000030517578,59650200
2022-07-18,29.671737670898438,31.65999984741211,32.45000076293945,31.520000457763672,32.22999954223633,38671600
2022-07-19,30.56207275390625,32.61000061035156,32.709999084472656,31.989999771118164,32.08000183105469,40568000
2022-07-20,30.674537658691406,32.72999954223633,32.790000915527344,32.439998626708984,32.540000915527344,38507700
2022-07-21,30.87135124206543,32.939998626708984,32.939998626708984,32.38999938964844,32.63999938964844,40561800
2022-07-22,30.693283081054688,32.75,33.15999984741211,32.5,32.9900016784668,25741200
2022-07-25,30.890092849731445,32.959999084472656,33.11000061035156,32.720001220703125,32.95000076293945,24699300
2022-07-26,30.458982467651367,32.5,32.9900016784668,32.41999816894531,32.79999923706055,26357800
2022-07-27,30.927589416503906,33.0,33.15999984741211,32.52000045776367,32.630001068115234,44817200
2022-07-28,31.152509689331055,33.2400016784668,33.25,32.5,33.029998779296875,40974600
2022-07-29,31.59299659729004,33.709999084472656,33.81999969482422,33.290000915527344,33.31999969482422,38724000
2022-08-01,31.330575942993164,33.43000030517578,33.619998931884766,33.20000076293945,33.38999938964844,35131300
2022-08-02,30.983816146850586,33.060001373291016,33.4900016784668,33.02000045776367,33.27000045776367,36806900
2022-08-03,31.452417373657227,33.560001373291016,33.63999938964844,33.119998931884766,33.310001373291016,27314900
2022-08-04,31.349321365356445,33.45000076293945,33.619998931884766,33.38999938964844,33.529998779296875,24505800
2022-08-05,31.574254989624023,33.689998626708984,33.849998474121094,33.2400016784668,33.36000061035156,34366100
2022-08-08,31.555509567260742,33.66999816894531,34.04999923706055,33.63999938964844,33.939998626708984,24369100
2022-08-09,31.714824676513672,33.84000015258789,33.93000030517578,33.66999816894531,33.72999954223633,26425400
2022-08-10,32.42709732055664,34.599998474121094,34.72999954223633,34.36000061035156,34.43000030517578,45366000
2022-08-11,32.81134796142578,35.0099983215332,35.22999954223633,34.880001068115234,34.91999816894531,46985200
2022-08-12,33.326820373535156,35.560001373291016,35.56999969482422,35.0,35.18000030517578,36370300
2022-08-15,33.317440032958984,35.54999923706055,35.650001525878906,35.130001068115234,35.20000076293945,25366000
2022-08-16,33.561119079589844,35.810001373291016,35.970001220703125,35.38999938964844,35.38999938964844,41300800
2022-08-17,33.39242172241211,35.630001068115234,35.790000915527344,35.380001068115234,35.400001525878906,33158000
2022-08-18,33.42990493774414,35.66999816894531,35.720001220703125,35.43000030517578,35.599998474121094,15966200
2022-08-19,32.764488220214844,34.959999084472656,35.459999084472656,34.84000015258789,35.459999084472656,33587400
2022-08-22,32.04285430908203,34.189998626708984,34.459999084472656,34.099998474121094,34.45000076293945,36810100
2022-08-23,31.911638259887695,34.04999923706055,34.400001525878906,34.04999923706055,34.150001525878906,23244000
2022-08-24,32.080345153808594,34.22999954223633,34.34000015258789,33.91999816894531,33.9900016784668,20682200
2022-08-25,32.577056884765625,34.7599983215332,34.790000915527344,34.209999084472656,34.29999923706055,26402600
2022-08-26,31.60236930847168,33.720001220703125,34.91999816894531,33.689998626708984,34.90999984741211,38230600
2022-08-29,31.377437591552734,33.47999954223633,33.720001220703125,33.279998779296875,33.470001220703125,34872100
2022-08-30,31.208738327026367,33.29999923706055,33.70000076293945,33.099998474121094,33.59000015258789,41870700
2022-08-31,30.974443435668945,33.04999923706055,33.59000015258789,33.0,33.470001220703125,39768200
2022-09-01,31.06816864013672,33.150001525878906,33.20000076293945,32.5099983215332,32.90999984741211,40604600
2022-09-02,30.82448959350586,32.88999938964844,33.810001373291016,32.72999954223633,33.529998779296875,43208800
2022-09-06,30.749515533447266,32.810001373291016,33.13999938964844,32.47999954223633,33.060001373291016,45877100
2022-09-07,31.35869789123535,33.459999084472656,33.52000045776367,32.65999984741211,32.709999084472656,35023000
2022-09-08,31.911638259887695,34.04999923706055,34.06999969482422,33.150001525878906,33.290000915527344,50760900
2022-09-09,32.20217514038086,34.36000061035156,34.45000076293945,34.189998626708984,34.20000076293945,41327100
2022-09-12,32.4645881652832,34.63999938964844,34.81999969482422,34.41999816894531,34.5,41969600
2022-09-13,31.255603790283203,33.349998474121094,34.08000183105469,33.2400016784668,33.959999084472656,60771600
2022-09-14,31.161882400512695,33.25,33.58000183105469,32.95000076293945,33.41999816894531,39233200
2022-09-15,31.264972686767578,33.36000061035156,33.790000915527344,33.20000076293945,33.290000915527344,47653000
2022-09-16,30.983816146850586,33.060001373291016,33.119998931884766,32.709999084472656,33.029998779296875,53893300
2022-09-19,31.33522605895996,33.2599983215332,33.279998779296875,32.5,32.5,36491400
2022-09-20,30.873584747314453,32.77000045776367,33.060001373291016,32.470001220703125,32.9900016784668,42193600
2022-09-21,30.23293685913086,32.09000015258789,33.099998474121094,32.06999969482422,32.97999954223633,49644600
2022-09-22,29.72418975830078,31.549999237060547,32.209999084472656,31.489999771118164,32.15999984741211,52299500
2022-09-23,29.253122329711914,31.049999237060547,31.309999465942383,30.600000381469727,31.239999771118164,56801000
2022-09-26,28.79147720336914,30.559999465942383,31.110000610351562,30.34000015258789,30.81999969482422,49969700
2022-09-27,28.669004440307617,30.43000030517578,30.959999084472656,30.1200008392334,30.799999237060547,60630400
2022-09-28,29.234283447265625,31.030000686645508,31.209999084472656,30.440000534057617,30.520000457763672,46088700
2022-09-29,28.866849899291992,30.639999389648438,30.81999969482422,30.260000228881836,30.700000762939453,41860000
2022-09-30,28.60305404663086,30.360000610351562,31.040000915527344,30.280000686645508,30.65999984741211,37984300
2022-10-03,29.37560272216797,31.18000030517578,31.34000015258789,30.299999237060547,30.65999984741211,47086100
2022-10-04,30.468469619750977,32.34000015258789,32.369998931884766,31.6200008392334,31.65999984741211,53441800
2022-10-05,30.23293685913086,32.09000015258789,32.27000045776367,31.729999542236328,31.84000015258789,41766800
2022-10-06,29.80898094177246,31.639999389648438,32.130001068115234,31.56999969482422,31.90999984741211,34717900
2022-10-07,29.102380752563477,30.889999389648438,31.459999084472656,30.719999313354492,31.360000610351562,36380700
2022-10-10,28.970487594604492,30.75,31.190000534057617,30.56999969482422,31.059999465942383,31011700
2022-10-11,28.60305404663086,30.360000610351562,30.8700008392334,30.229999542236328,30.549999237060547,50431900
2022-10-12,28.537109375,30.290000915527344,30.690000534057617,30.18000030517578,30.3700008392334,48265700
2022-10-13,29.714763641357422,31.540000915527344,31.6200008392334,29.59000015258789,29.68000030517578,83086100
2022-10-14,29.215438842773438,31.010000228881836,32.189998626708984,30.940000534057617,31.81999969482422,60886900
2022-10-17,29.950302124023438,31.790000915527344,32.0,31.579999923706055,31.670000076293945,47222200
2022-10-18,30.4307861328125,32.29999923706055,32.65999984741211,31.93000030517578,32.619998931884766,48150700
2022-10-19,29.931455612182617,31.770000457763672,32.290000915527344,31.59000015258789,32.02000045776367,35205700
2022-10-20,29.450969696044922,31.260000228881836,32.04999923706055,31.170000076293945,31.729999542236328,43124400
2022-10-21,30.3271484375,32.189998626708984,32.220001220703125,31.1200008392334,31.350000381469727,54487300
2022-10-24,30.732263565063477,32.619998931884766,32.77000045776367,32.279998779296875,32.380001068115234,40117200
2022-10-25,31.099695205688477,33.0099983215332,33.06999969482422,32.38999938964844,32.45000076293945,33950300
2022-10-26,31.175065994262695,33.09000015258789,33.459999084472656,33.02000045776367,33.11000061035156,38012100
2022-10-27,31.429443359375,33.36000061035156,33.72999954223633,33.29999923706055,33.400001525878906,41232200
2022-10-28,32.21140670776367,34.189998626708984,34.22999954223633,33.38999938964844,33.45000076293945,36421300
2022-10-31,32.01356887817383,33.97999954223633,34.209999084472656,33.93000030517578,33.970001220703125,40083800
2022-11-01,32.09835433959961,34.06999969482422,34.349998474121094,33.91999816894531,34.2599983215332,38946100
2022-11-02,31.693239212036133,33.63999938964844,34.599998474121094,33.61000061035156,34.0,58039800
2022-11-03,31.372909545898438,33.29999923706055,33.560001373291016,33.08000183105469,33.220001220703125,40828100
2022-11-04,31.947614669799805,33.90999984741211,34.09000015258789,33.43000030517578,33.779998779296875,41825600
2022-11-07,32.26793670654297,34.25,34.27000045776367,33.939998626708984,34.15999984741211,30060300
2022-11-08,32.45636749267578,34.45000076293945,34.619998931884766,34.09000015258789,34.2599983215332,34839600
2022-11-09,31.909923553466797,33.869998931884766,34.349998474121094,33.79999923706055,34.220001220703125,42126200
2022-11-10,33.52098083496094,35.58000183105469,35.630001068115234,34.810001373291016,34.900001525878906,67677700
2022-11-11,33.794185638427734,35.869998931884766,36.029998779296875,35.630001068115234,35.7599983215332,46076100
2022-11-14,33.31370544433594,35.36000061035156,35.79999923706055,35.33000183105469,35.77000045776367,38002700
2022-11-15,33.38907241821289,35.439998626708984,35.880001068115234,35.08000183105469,35.7400016784668,57802100
2022-11-16,33.228904724121094,35.27000045776367,35.5099983215332,35.150001525878906,35.41999816894531,32852400
2022-11-17,33.04991149902344,35.08000183105469,35.099998474121094,34.7599983215332,34.86000061035156,35706900
2022-11-18,33.3231201171875,35.369998931884766,35.599998474121094,35.08000183105469,35.54999923706055,39455400
2022-11-21,33.426761627197266,35.47999954223633,35.54999923706055,35.279998779296875,35.31999969482422,24630900
2022-11-22,33.76593017578125,35.84000015258789,35.880001068115234,35.66999816894531,35.66999816894531,29582300
2022-11-23,33.90724563598633,35.9900016784668,36.08000183105469,35.779998779296875,35.779998779296875,27916900
2022-11-25,34.020294189453125,36.11000061035156,36.15999984741211,35.959999084472656,36.029998779296875,11266500
2022-11-28,33.436180114746094,35.4900016784668,36.060001373291016,35.43000030517578,35.90999984741211,34196600
2022-11-29,33.634029388427734,35.70000076293945,35.779998779296875,35.40999984741211,35.45000076293945,31489600
2022-11-30,34.20872116088867,36.310001373291016,36.31999969482422,35.13999938964844,35.650001525878906,58607000
2022-12-01,34.0108757019043,36.099998474121094,36.4900016784668,35.81999969482422,36.4900016784668,58157600
2022-12-02,33.8507194519043,35.93000030517578,35.959999084472656,35.61000061035156,35.720001220703125,40483300
2022-12-05,33.01222610473633,35.040000915527344,35.720001220703125,34.849998474121094,35.65999984741211,53402000
2022-12-06,32.72016143798828,34.72999954223633,35.20000076293945,34.45000076293945,35.0,45102200
2022-12-07,32.58826446533203,34.59000015258789,34.97999954223633,34.5099983215332,34.59000015258789,37775900
2022-12-08,32.61652374267578,34.619998931884766,34.86000061035156,34.5,34.689998626708984,46600900
2022-12-09,32.53173065185547,34.529998779296875,34.779998779296875,34.47999954223633,34.4900016784668,40885600
2022-12-12,32.965110778808594,34.9900016784668,35.029998779296875,34.38999938964844,34.54999923706055,72570900
2022-12-13,33.04991149902344,35.08000183105469,35.900001525878906,34.849998474121094,35.900001525878906,55659000
2022-12-14,32.6353645324707,34.63999938964844,35.33000183105469,34.4900016784668,34.9900016784668,54685100
2022-12-15,31.994720458984375,33.959999084472656,34.2400016784668,33.7400016784668,34.099998474121094,70330100
2022-12-16,31.74976921081543,33.70000076293945,33.79999923706055,33.38999938964844,33.599998474121094,59619300
2022-12-19,31.66444206237793,33.400001525878906,33.7400016784668,33.189998626708984,33.400001525878906,37456800
2022-12-20,31.797168731689453,33.540000915527344,33.77000045776367,33.40999984741211,33.529998779296875,45446400
2022-12-21,32.2901496887207,34.060001373291016,34.15999984741211,33.84000015258789,33.86000061035156,31318100
2022-12-22,32.005733489990234,33.7599983215332,33.869998931884766,33.209999084472656,33.84000015258789,25605100
2022-12-23,32.18586349487305,33.95000076293945,34.0,33.56999969482422,33.7400016784668,17116200
2022-12-27,32.17638397216797,33.939998626708984,34.099998474121094,33.79999923706055,34.02000045776367,25601100
2022-12-28,32.0626220703125,33.81999969482422,34.09000015258789,33.779998779296875,34.0,24395100
2022-12-29,32.50819778442383,34.290000915527344,34.349998474121094,33.91999816894531,34.0,26624200
2022-12-30,32.422874450683594,34.20000076293945,34.27000045776367,33.91999816894531,34.040000915527344,24735700
2023-01-03,32.53663635253906,34.31999969482422,34.689998626708984,34.06999969482422,34.45000076293945,37396500
2023-01-04,33.05805969238281,34.869998931884766,35.119998931884766,34.56999969482422,34.66999816894531,44669300
2023-01-05,32.81156921386719,34.61000061035156,34.75,34.369998931884766,34.75,45585700
2023-01-06,33.541561126708984,35.380001068115234,35.4900016784668,34.599998474121094,34.84000015258789,41229700
2023-01-09,33.41831588745117,35.25,35.70000076293945,35.15999984741211,35.5,48726600
2023-01-10,33.60791778564453,35.45000076293945,35.47999954223633,35.06999969482422,35.189998626708984,34663700
2023-01-11,33.92076873779297,35.779998779296875,35.779998779296875,35.470001220703125,35.540000915527344,32014700
2023-01-12,33.98713684082031,35.849998474121094,36.060001373291016,35.619998931884766,35.900001525878906,56642400
2023-01-13,34.24311447143555,36.119998931884766,36.16999816894531,35.2599983215332,35.38999938964844,65920900
2023-01-17,34.01557159423828,35.880001068115234,36.04999923706055,35.77000045776367,36.029998779296875,65345200
2023-01-18,33.38038635253906,35.209999084472656,35.900001525878906,35.18000030517578,35.68000030517578,53693000
2023-01-19,32.99169158935547,34.79999923706055,34.97999954223633,34.560001373291016,34.779998779296875,61169500
2023-01-20,33.51311492919922,35.349998474121094,35.369998931884766,34.7400016784668,34.900001525878906,42330100
2023-01-23,33.90180969238281,35.7599983215332,35.90999984741211,35.27000045776367,35.380001068115234,44997300
2023-01-24,33.92076873779297,35.779998779296875,35.939998626708984,35.29999923706055,35.70000076293945,34333500
2023-01-25,34.18622589111328,36.060001373291016,36.06999969482422,35.459999084472656,35.470001220703125,38458700
2023-01-26,34.36634063720703,36.25,36.310001373291016,35.90999984741211,36.150001525878906,29944200
2023-01-27,34.36634063720703,36.25,36.459999084472656,36.150001525878906,36.20000076293945,30787400
2023-01-30,34.195709228515625,36.06999969482422,36.33000183105469,36.0099983215332,36.060001373291016,31595000
2023-01-31,34.660240173339844,36.560001373291016,36.56999969482422,35.970001220703125,36.13999938964844,30282100
2023-02-01,34.660240173339844,36.560001373291016,36.880001068115234,36.099998474121094,36.18000030517578,51418700
2023-02-02,34.755043029785156,36.65999984741211,36.810001373291016,36.369998931884766,36.7599983215332,42107300
2023-02-03,34.68868637084961,36.59000015258789,36.900001525878906,36.36000061035156,36.369998931884766,43155000
2023-02-06,34.679203033447266,36.58000183105469,36.59000015258789,36.29999923706055,36.380001068115234,32273600
2023-02-07,35.07738494873047,37.0,37.11000061035156,36.349998474121094,36.349998474121094,33000500
2023-02-08,34.86880874633789,36.779998779296875,37.099998474121094,36.68000030517578,36.72999954223633,34555500
2023-02-09,34.4801139831543,36.369998931884766,37.040000915527344,36.290000915527344,36.93000030517578,44329600
2023-02-10,34.59387969970703,36.4900016784668,36.52000045776367,36.06999969482422,36.189998626708984,28108900
2023-02-13,34.992061614990234,36.90999984741211,36.90999984741211,36.439998626708984,36.470001220703125,32209000
2023-02-14,34.80244445800781,36.709999084472656,37.08000183105469,36.47999954223633,36.84000015258789,33525300
2023-02-15,34.840370178222656,36.75,36.77000045776367,36.369998931884766,36.41999816894531,28510000
2023-02-16,34.489593505859375,36.380001068115234,36.65999984741211,36.310001373291016,36.400001525878906,34379100
2023-02-17,34.49907302856445,36.38999938964844,36.439998626708984,36.09000015258789,36.20000076293945,35889800
2023-02-21,33.78804016113281,35.63999938964844,36.130001068115234,35.47999954223633,36.08000183105469,36425200
2023-02-22,33.750125885009766,35.599998474121094,35.779998779296875,35.40999984741211,35.63999938964844,31065200
2023-02-23,33.778568267822266,35.630001068115234,35.91999816894531,35.29999923706055,35.75,42357600
2023-02-24,33.8070068359375,35.65999984741211,35.77000045776367,35.2599983215332,35.31999969482422,48732600
2023-02-27,33.79753494262695,35.650001525878906,36.04999923706055,35.58000183105469,35.9900016784668,31664600
2023-02-28,33.863895416259766,35.720001220703125,35.900001525878906,35.61000061035156,35.70000076293945,32531400
2023-03-01,33.750125885009766,35.599998474121094,35.7599983215332,35.459999084472656,35.560001373291016,32790300
2023-03-02,33.58896255493164,35.43000030517578,35.470001220703125,35.0099983215332,35.38999938964844,38401900
2023-03-03,34.11986541748047,35.9900016784668,36.0,35.5,35.56999969482422,33091600
2023-03-06,34.14830017089844,36.02000045776367,36.2400016784668,35.90999984741211,36.0099983215332,30111100
2023-03-07,33.26661682128906,35.09000015258789,35.91999816894531,35.0,35.88999938964844,53804400
2023-03-08,33.14337921142578,34.959999084472656,35.2400016784668,34.779998779296875,35.04999923706055,50860300
2023-03-09,31.797168731689453,33.540000915527344,34.81999969482422,33.369998931884766,34.7599983215332,107108500
2023-03-10,31.21886444091797,32.93000030517578,33.720001220703125,32.529998779296875,33.150001525878906,166569400
2023-03-13,29.986419677734375,31.6299991607666,32.31999969482422,31.3700008392334,31.760000228881836,165965900
2023-03-14,30.593158721923828,32.27000045776367,32.849998474121094,31.8700008392334,32.84000015258789,128115500
2023-03-15,29.777847290039062,31.40999984741211,31.540000915527344,30.959999084472656,31.360000610351562,132235000
2023-03-16,30.346670150756836,32.0099983215332,32.34000015258789,30.899999618530273,31.200000762939453,133892600
2023-03-17,29.37019157409668,30.979999542236328,31.709999084472656,30.899999618530273,31.709999084472656,136760600
2023-03-20,29.696985244750977,31.170000076293945,31.440000534057617,31.020000457763672,31.06999969482422,75384500
2023-03-21,30.449644088745117,31.959999084472656,32.040000915527344,31.809999465942383,31.8799991607666,115899200
2023-03-22,29.74462127685547,31.219999313354492,32.04999923706055,31.200000762939453,31.959999084472656,67874100
2023-03-23,29.544546127319336,31.010000228881836,31.600000381469727,30.790000915527344,31.280000686645508,82366300
2023-03-24,29.525489807128906,30.989999771118164,31.020000457763672,30.389999389648438,30.6299991607666,76619100
2023-03-27,29.935169219970703,31.420000076293945,31.59000015258789,31.239999771118164,31.520000457763672,61393300
2023-03-28,29.92564582824707,31.40999984741211,31.520000457763672,31.219999313354492,31.3799991607666,42980100
2023-03-29,30.36390495300293,31.8700008392334,31.8799991607666,31.610000610351562,31.75,52147200
2023-03-30,30.297210693359375,31.799999237060547,32.119998931884766,31.6200008392334,32.099998474121094,45061700
2023-03-31,30.630674362182617,32.150001525878906,32.15999984741211,31.860000610351562,31.979999542236328,49034400
2023-04-03,30.687837600708008,32.209999084472656,32.34000015258789,32.02000045776367,32.119998931884766,51213500
2023-04-04,30.40201187133789,31.90999984741211,32.34000015258789,31.700000762939453,32.290000915527344,45939300
2023-04-05,30.36390495300293,31.8700008392334,31.959999084472656,31.65999984741211,31.670000076293945,57965300
2023-04-06,30.478229522705078,31.989999771118164,32.04999923706055,31.780000686645508,31.809999465942383,36762300
2023-04-10,30.544923782348633,32.060001373291016,32.06999969482422,31.799999237060547,31.8700008392334,27900700
2023-04-11,30.811689376831055,32.34000015258789,32.47999954223633,32.119998931884766,32.13999938964844,53912600
2023-04-12,30.7450008392334,32.27000045776367,32.66999816894531,32.189998626708984,32.5,63645800
2023-04-13,31.021299362182617,32.560001373291016,32.58000183105469,32.06999969482422,32.290000915527344,58550300
2023-04-14,31.326175689697266,32.880001068115234,33.150001525878906,32.720001220703125,32.900001525878906,65276200
2023-04-17,31.688213348388672,33.2599983215332,33.27000045776367,32.720001220703125,32.86000061035156,69670600
2023-04-18,31.783493041992188,33.36000061035156,33.43000030517578,33.08000183105469,33.33000183105469,49507500
2023-04-19,31.859710693359375,33.439998626708984,33.529998779296875,33.25,33.310001373291016,39478900
2023-04-20,31.764427185058594,33.34000015258789,33.43000030517578,33.209999084472656,33.220001220703125,39291800
2023-04-21,31.65010643005371,33.220001220703125,33.2599983215332,33.029998779296875,33.2400016784668,41545000
2023-04-24,31.57388687133789,33.13999938964844,33.31999969482422,33.060001373291016,33.20000076293945,32774200
2023-04-25,31.03082275390625,32.56999969482422,32.9900016784668,32.560001373291016,32.93000030517578,58534300
2023-04-26,30.7354736328125,32.2599983215332,32.65999984741211,32.119998931884766,32.47999954223633,54294200
2023-04-27,31.230899810791016,32.779998779296875,32.84000015258789,32.380001068115234,32.380001068115234,46398800
2023-04-28,31.60246467590332,33.16999816894531,33.20000076293945,32.54999923706055,32.619998931884766,54598700
2023-05-01,31.516721725463867,33.08000183105469,33.43000030517578,33.040000915527344,33.2599983215332,31950600
2023-05-02,30.802167892456055,32.33000183105469,32.959999084472656,32.029998779296875,32.95000076293945,76096700
2023-05-03,30.449644088745117,31.959999084472656,32.529998779296875,31.93000030517578,32.369998931884766,65642400
2023-05-04,30.05902671813965,31.549999237060547,31.850000381469727,31.260000228881836,31.68000030517578,76076600
2023-05-05,30.802167892456055,32.33000183105469,32.380001068115234,32.02000045776367,32.06999969482422,55019400
2023-05-08,30.849803924560547,32.380001068115234,32.619998931884766,32.34000015258789,32.5099983215332,34323600
2023-05-09,30.7354736328125,32.2599983215332,32.38999938964844,32.06999969482422,32.13999938964844,29736200
2023-05-10,30.56398582458496,32.08000183105469,32.540000915527344,31.799999237060547,32.470001220703125,39706100
2023-05-11,30.516340255737305,32.029998779296875,32.08000183105469,31.739999771118164,31.8799991607666,36693200
2023-05-12,30.392484664916992,31.899999618530273,32.2400016784668,31.690000534057617,32.2400016784668,36253000
2023-05-15,30.640199661254883,32.15999984741211,32.220001220703125,31.899999618530273,31.959999084472656,33208500
2023-05-16,30.3543758392334,31.860000610351562,32.189998626708984,31.84000015258789,32.099998474121094,31241400
2023-05-17,30.964130401611328,32.5,32.59000015258789,32.040000915527344,32.11000061035156,46818800
2023-05-18,31.19278907775879,32.7400016784668,32.779998779296875,32.31999969482422,32.439998626708984,42232500
2023-05-19,31.059402465820312,32.599998474121094,32.91999816894531,32.45000076293945,32.81999969482422,40132900
2023-05-22,31.1165714263916,32.65999984741211,32.779998779296875,32.459999084472656,32.709999084472656,35286200
2023-05-23,30.754526138305664,32.279998779296875,32.689998626708984,32.2599983215332,32.52000045776367,42217200
2023-05-24,30.3543758392334,31.860000610351562,32.06999969482422,31.790000915527344,32.040000915527344,46610700
2023-05-25,30.3448486328125,31.850000381469727,31.959999084472656,31.65999984741211,31.780000686645508,41658900
2023-05-26,30.592561721801758,32.11000061035156,32.189998626708984,31.8700008392334,31.920000076293945,44183000
2023-05-30,30.583032608032227,32.099998474121094,32.22999954223633,31.889999389648438,32.15999984741211,57900500
2023-05-31,30.259105682373047,31.760000228881836,31.940000534057617,31.489999771118164,31.90999984741211,67667900
2023-06-01,30.583032608032227,32.099998474121094,32.16999816894531,31.719999313354492,31.940000534057617,48643400
2023-06-02,31.249956130981445,32.79999923706055,32.91999816894531,32.40999984741211,32.40999984741211,65752900
2023-06-05,31.087989807128906,32.630001068115234,32.84000015258789,32.47999954223633,32.84000015258789,53591100
2023-06-06,31.478620529174805,33.040000915527344,33.09000015258789,32.58000183105469,32.599998474121094,46236100
2023-06-07,31.60246467590332,33.16999816894531,33.2400016784668,32.869998931884766,33.06999969482422,48467100
2023-06-08,31.57388687133789,33.13999938964844,33.189998626708984,32.880001068115234,33.060001373291016,36261200
2023-06-09,31.58341407775879,33.150001525878906,33.290000915527344,33.060001373291016,33.08000183105469,34021700
2023-06-12,31.57388687133789,33.13999938964844,33.27000045776367,32.88999938964844,33.18000030517578,33655200
2023-06-13,31.764427185058594,33.34000015258789,33.47999954223633,33.06999969482422,33.11000061035156,46054400
2023-06-14,31.640579223632812,33.209999084472656,33.59000015258789,33.099998474121094,33.41999816894531,57195400
2023-06-15,32.05979919433594,33.650001525878906,33.72999954223633,33.06999969482422,33.099998474121094,52241800
2023-06-16,31.993101119995117,33.58000183105469,33.83000183105469,33.540000915527344,33.79999923706055,49861100
2023-06-20,31.75383949279785,33.18000030517578,33.27000045776367,32.97999954223633,33.209999084472656,50683100
2023-06-21,31.715560913085938,33.13999938964844,33.29999923706055,33.0,33.099998474121094,35967600
2023-06-22,31.466737747192383,32.880001068115234,33.09000015258789,32.77000045776367,33.08000183105469,38690000
2023-06-23,31.33275032043457,32.7400016784668,32.849998474121094,32.52000045776367,32.630001068115234,35529600
2023-06-26,31.265762329101562,32.66999816894531,32.939998626708984,32.58000183105469,32.689998626708984,25728300
2023-06-27,31.514583587646484,32.93000030517578,33.0,32.709999084472656,32.72999954223633,34348100
2023-06-28,31.438026428222656,32.849998474121094,32.900001525878906,32.70000076293945,32.88999938964844,36663200
2023-06-29,31.983516693115234,33.41999816894531,33.41999816894531,32.97999954223633,33.02000045776367,47471000
2023-06-30,32.26105880737305,33.709999084472656,33.849998474121094,33.58000183105469,33.63999938964844,44762300
2023-07-03,32.44289016723633,33.900001525878906,34.0,33.65999984741211,33.709999084472656,19128000
2023-07-05,32.37590408325195,33.83000183105469,33.91999816894531,33.599998474121094,33.70000076293945,39831600
2023-07-06,32.098365783691406,33.540000915527344,33.58000183105469,33.25,33.54999923706055,45808400
2023-07-07,32.14622116088867,33.59000015258789,33.869998931884766,33.400001525878906,33.400001525878906,33488700
2023-07-10,32.28977584838867,33.7400016784668,33.93000030517578,33.56999969482422,33.599998474121094,27254400
2023-07-11,32.67257308959961,34.13999938964844,34.18000030517578,33.790000915527344,33.86000061035156,33744600
2023-07-12,32.88312530517578,34.36000061035156,34.599998474121094,34.27000045776367,34.41999816894531,46546000
2023-07-13,32.99795913696289,34.47999954223633,34.529998779296875,34.349998474121094,34.40999984741211,40453700
2023-07-14,32.77784729003906,34.25,34.7400016784668,34.20000076293945,34.72999954223633,47552700
2023-07-17,33.09366989135742,34.58000183105469,34.68000030517578,34.209999084472656,34.209999084472656,38568900
2023-07-18,33.466896057128906,34.970001220703125,35.0,34.61000061035156,34.65999984741211,47160800
2023-07-19,33.61045455932617,35.119998931884766,35.2599983215332,34.959999084472656,34.970001220703125,45599800
2023-07-20,33.859275817871094,35.380001068115234,35.38999938964844,35.04999923706055,35.060001373291016,45591500
2023-07-21,33.74443435668945,35.2599983215332,35.459999084472656,35.16999816894531,35.439998626708984,30615700
2023-07-24,34.069820404052734,35.599998474121094,35.709999084472656,35.27000045776367,35.279998779296875,32299800
2023-07-25,33.84970474243164,35.369998931884766,35.58000183105469,35.34000015258789,35.5,36218600
2023-07-26,34.05068588256836,35.58000183105469,35.689998626708984,35.279998779296875,35.33000183105469,35638700
2023-07-27,33.62002944946289,35.130001068115234,35.66999816894531,35.08000183105469,35.58000183105469,44072800
2023-07-28,33.687015533447266,35.20000076293945,35.41999816894531,35.0099983215332,35.40999984741211,32422700
2023-07-31,33.811431884765625,35.33000183105469,35.439998626708984,35.18000030517578,35.27000045776367,28627000
2023-08-01,33.811431884765625,35.33000183105469,35.36000061035156,35.13999938964844,35.2599983215332,26480300
2023-08-02,33.52431869506836,35.029998779296875,35.15999984741211,34.83000183105469,35.029998779296875,48923800
2023-08-03,33.543460845947266,35.04999923706055,35.130001068115234,34.720001220703125,34.81999969482422,31861600
2023-08-04,33.409481048583984,34.90999984741211,35.36000061035156,34.880001068115234,35.02000045776367,36195700
2023-08-07,33.878421783447266,35.400001525878906,35.459999084472656,35.119998931884766,35.130001068115234,33119300
2023-08-08,33.57217025756836,35.08000183105469,35.11000061035156,34.66999816894531,34.939998626708984,37254800
2023-08-09,33.323341369628906,34.81999969482422,35.15999984741211,34.779998779296875,35.060001373291016,38304200
2023-08-10,33.35205841064453,34.849998474121094,35.2599983215332,34.7599983215332,35.0,38097500
2023-08-11,33.419044494628906,34.91999816894531,34.97999954223633,34.65999984741211,34.7400016784668,27518700
2023-08-14,33.35205841064453,34.849998474121094,34.91999816894531,34.689998626708984,34.81999969482422,23773800
2023-08-15,32.73957061767578,34.209999084472656,34.599998474121094,34.16999816894531,34.560001373291016,57472100
2023-08-16,32.69171142578125,34.15999984741211,34.41999816894531,34.119998931884766,34.150001525878906,33566500
2023-08-17,32.529029846191406,33.9900016784668,34.31999969482422,33.88999938964844,34.27000045776367,38205400
2023-08-18,32.51945114135742,33.97999954223633,34.08000183105469,33.720001220703125,33.75,40860000
2023-08-21,32.481170654296875,33.939998626708984,34.099998474121094,33.66999816894531,34.029998779296875,32308300
2023-08-22,32.1749267578125,33.619998931884766,33.9900016784668,33.56999969482422,33.95000076293945,43133000
2023-08-23,32.4907341003418,33.95000076293945,33.959999084472656,33.630001068115234,33.68000030517578,30240500
2023-08-24,32.37590408325195,33.83000183105469,34.310001373291016,33.83000183105469,33.900001525878906,35784900
2023-08-25,32.529029846191406,33.9900016784668,34.119998931884766,33.709999084472656,33.970001220703125,40347200
2023-08-28,32.71085739135742,34.18000030517578,34.29999923706055,34.06999969482422,34.099998474121094,34905300
2023-08-29,33.00753402709961,34.4900016784668,34.5,34.099998474121094,34.150001525878906,43394300
2023-08-30,33.026676177978516,34.5099983215332,34.709999084472656,34.439998626708984,34.540000915527344,33799900
2023-08-31,32.90226745605469,34.380001068115234,34.619998931884766,34.34000015258789,34.61000061035156,27999700
2023-09-01,33.19893264770508,34.689998626708984,34.79999923706055,34.560001373291016,34.59000015258789,41075700
2023-09-05,32.863983154296875,34.34000015258789,34.790000915527344,34.33000183105469,34.650001525878906,38612300
2023-09-06,32.84482955932617,34.31999969482422,34.38999938964844,34.06999969482422,34.25,35672800
2023-09-07,32.758705139160156,34.22999954223633,34.380001068115234,34.130001068115234,34.18000030517578,47632600
2023-09-08,32.82569885253906,34.29999923706055,34.369998931884766,34.130001068115234,34.2599983215332,39720800
2023-09-11,32.978824615478516,34.459999084472656,34.63999938964844,34.369998931884766,34.459999084472656,28965100
2023-09-12,33.19893264770508,34.689998626708984,34.939998626708984,34.40999984741211,34.45000076293945,48615200
2023-09-13,33.19893264770508,34.689998626708984,34.88999938964844,34.560001373291016,34.849998474121094,31994900
2023-09-14,33.50518035888672,35.0099983215332,35.060001373291016,34.7599983215332,34.93000030517578,65685500
2023-09-15,33.332923889160156,34.83000183105469,35.040000915527344,34.7599983215332,34.779998779296875,51800200
2023-09-18,33.42424011230469,34.77000045776367,34.81999969482422,34.52000045776367,34.630001068115234,32458700
2023-09-19,33.38578414916992,34.72999954223633,34.869998931884766,34.5099983215332,34.79999923706055,36112900
2023-09-20,33.15507888793945,34.4900016784668,34.959999084472656,34.47999954223633,34.849998474121094,31618000
2023-09-21,32.60713195800781,33.91999816894531,34.369998931884766,33.91999816894531,34.369998931884766,48103300
2023-09-22,32.35720443725586,33.65999984741211,34.0,33.65999984741211,33.970001220703125,41688300
2023-09-25,32.43410873413086,33.7400016784668,33.7599983215332,33.47999954223633,33.59000015258789,40141700
2023-09-26,32.00152587890625,33.290000915527344,33.63999938964844,33.22999954223633,33.4900016784668,46165400
2023-09-27,31.953460693359375,33.2400016784668,33.380001068115234,32.95000076293945,33.380001068115234,49360900
2023-09-28,32.184165954589844,33.47999954223633,33.599998474121094,33.2599983215332,33.27000045776367,63638100
2023-09-29,31.88616943359375,33.16999816894531,33.689998626708984,33.09000015258789,33.63999938964844,52860500
2023-10-02,31.617006301879883,32.88999938964844,33.13999938964844,32.709999084472656,33.060001373291016,49350600
2023-10-03,31.117130279541016,32.369998931884766,32.81999969482422,32.2400016784668,32.72999954223633,52921800
2023-10-04,31.34784507751465,32.61000061035156,32.630001068115234,32.209999084472656,32.380001068115234,40136000
2023-10-05,31.492036819458008,32.7599983215332,32.81999969482422,32.45000076293945,32.52000045776367,41407800
2023-10-06,31.761199951171875,33.040000915527344,33.22999954223633,32.5099983215332,32.619998931884766,54057800
2023-10-09,31.78042984008789,33.060001373291016,33.130001068115234,32.709999084472656,32.7400016784668,61396600
2023-10-10,32.01112747192383,33.29999923706055,33.5099983215332,33.150001525878906,33.15999984741211,44743400
2023-10-11,32.05919647216797,33.349998474121094,33.529998779296875,33.099998474121094,33.400001525878906,35746400
2023-10-12,31.857328414916992,33.13999938964844,33.45000076293945,32.90999984741211,33.45000076293945,41991200
2023-10-13,31.924617767333984,33.209999084472656,33.65999984741211,33.029998779296875,33.349998474121094,53213800
2023-10-16,32.261070251464844,33.560001373291016,33.720001220703125,33.38999938964844,33.459999084472656,45589300
2023-10-17,32.414886474609375,33.720001220703125,33.939998626708984,33.400001525878906,33.40999984741211,41925200
2023-10-18,31.857328414916992,33.13999938964844,33.58000183105469,33.06999969482422,33.54999923706055,46942100
2023-10-19,31.434356689453125,32.70000076293945,33.2599983215332,32.68000030517578,33.08000183105469,66656200
2023-10-20,30.95371437072754,32.20000076293945,32.75,32.16999816894531,32.689998626708984,59921300
2023-10-23,30.761457443237305,32.0,32.36000061035156,31.969999313354492,32.130001068115234,55913700
2023-10-24,30.972936630249023,32.220001220703125,32.369998931884766,32.04999923706055,32.150001525878906,35825000
2023-10-25,30.85757827758789,32.099998474121094,32.31999969482422,32.0099983215332,32.099998474121094,59240100
2023-10-26,30.7902889251709,32.029998779296875,32.349998474121094,31.969999313354492,32.02000045776367,56046100
2023-10-27,30.23274040222168,31.450000762939453,32.029998779296875,31.360000610351562,31.989999771118164,73057300
2023-10-30,30.77106285095215,32.0099983215332,32.09000015258789,31.59000015258789,31.670000076293945,48978100
2023-10-31,31.10751724243164,32.36000061035156,32.369998931884766,32.0099983215332,32.06999969482422,41050100
2023-11-01,31.309389114379883,32.56999969482422,32.70000076293945,32.349998474121094,32.41999816894531,51764100
2023-11-02,32.04958724975586,33.34000015258789,33.36000061035156,32.810001373291016,32.869998931884766,47417000
2023-11-03,32.47256088256836,33.779998779296875,33.939998626708984,33.650001525878906,33.65999984741211,58801300
2023-11-06,32.37643051147461,33.68000030517578,33.91999816894531,33.5,33.869998931884766,40599700
2023-11-07,32.328365325927734,33.630001068115234,33.709999084472656,33.52000045776367,33.58000183105469,27442000
2023-11-08,32.3668098449707,33.66999816894531,33.70000076293945,33.459999084472656,33.619998931884766,30165800
2023-11-09,32.232234954833984,33.529998779296875,33.83000183105469,33.470001220703125,33.779998779296875,34336600
2023-11-10,32.597530364990234,33.90999984741211,33.939998626708984,33.4900016784668,33.689998626708984,35146100
2023-11-13,32.54946517944336,33.86000061035156,33.95000076293945,33.7400016784668,33.790000915527344,28327300
2023-11-14,33.16468811035156,34.5,34.689998626708984,34.20000076293945,34.22999954223633,54296300
2023-11-15,33.34733581542969,34.689998626708984,34.790000915527344,34.54999923706055,34.560001373291016,35000200
2023-11-16,33.48192596435547,34.83000183105469,34.869998931884766,34.68000030517578,34.790000915527344,33222500
2023-11-17,33.65495300292969,35.0099983215332,35.02000045776367,34.869998931884766,34.959999084472656,31336100
2023-11-20,33.7895393371582,35.150001525878906,35.22999954223633,34.88999938964844,34.959999084472656,37285400
2023-11-21,33.77031326293945,35.130001068115234,35.220001220703125,35.06999969482422,35.099998474121094,27285700
2023-11-22,33.90489196777344,35.27000045776367,35.34000015258789,35.150001525878906,35.209999084472656,32719200
2023-11-24,34.0106315612793,35.380001068115234,35.439998626708984,35.2599983215332,35.27000045776367,13168500
2023-11-27,33.89527130126953,35.2599983215332,35.31999969482422,35.18000030517578,35.25,35017000
2023-11-28,33.88566589355469,35.25,35.369998931884766,35.15999984741211,35.220001220703125,39329300
2023-11-29,34.1259880065918,35.5,35.709999084472656,35.349998474121094,35.349998474121094,36651300
2023-11-30,34.5105094909668,35.900001525878906,35.900001525878906,35.470001220703125,35.58000183105469,37334500
2023-12-01,34.770050048828125,36.16999816894531,36.209999084472656,35.779998779296875,35.84000015258789,51267600
2023-12-04,34.73160171508789,36.130001068115234,36.27000045776367,35.91999816894531,35.959999084472656,41366600
2023-12-05,34.558570861816406,35.95000076293945,36.029998779296875,35.790000915527344,36.02000045776367,39510900
2023-12-06,34.385536193847656,35.77000045776367,36.279998779296875,35.720001220703125,36.150001525878906,35616100
2023-12-07,34.548954010009766,35.939998626708984,35.959999084472656,35.77000045776367,35.86000061035156,26050900
2023-12-08,34.73160171508789,36.130001068115234,36.189998626708984,35.86000061035156,35.900001525878906,33213100
2023-12-11,34.94308090209961,36.349998474121094,36.41999816894531,36.13999938964844,36.13999938964844,31165700
2023-12-12,35.19301986694336,36.61000061035156,36.619998931884766,36.290000915527344,36.439998626708984,37245700
2023-12-13,35.76018524169922,37.20000076293945,37.2400016784668,36.54999923706055,36.619998931884766,56989000
2023-12-14,36.11587142944336,37.56999969482422,37.709999084472656,37.369998931884766,37.5,66865700
2023-12-15,35.904380798339844,37.349998474121094,37.439998626708984,37.189998626708984,37.2599983215332,69246200
2023-12-18,36.024173736572266,37.290000915527344,37.41999816894531,37.25,37.349998474121094,43434000
2023-12-19,36.2946662902832,37.56999969482422,37.58000183105469,37.16999816894531,37.27000045776367,32509000
2023-12-20,35.64741134643555,36.900001525878906,37.560001373291016,36.900001525878906,37.470001220703125,52985700
2023-12-21,35.99518585205078,37.2599983215332,37.27000045776367,36.91999816894531,37.060001373291016,27522200
2023-12-22,36.07247543334961,37.34000015258789,37.4900016784668,37.20000076293945,37.369998931884766,30331400
2023-12-26,36.217384338378906,37.4900016784668,37.560001373291016,37.310001373291016,37.369998931884766,17837600
2023-12-27,36.33331298828125,37.61000061035156,37.61000061035156,37.349998474121094,37.40999984741211,32640800
2023-12-28,36.4395751953125,37.720001220703125,37.79999923706055,37.540000915527344,37.54999923706055,25308000
2023-12-29,36.32365036010742,37.599998474121094,37.77000045776367,37.4900016784668,37.709999084472656,30218300
2024-01-02,36.47821807861328,37.7599983215332,37.779998779296875,37.43000030517578,37.5,31351900
2024-01-03,36.1690788269043,37.439998626708984,37.650001525878906,37.380001068115234,37.59000015258789,46909000
2024-01-04,36.31399917602539,37.59000015258789,37.88999938964844,37.52000045776367,37.56999969482422,36904200
2024-01-05,36.46855545043945,37.75,37.95000076293945,37.56999969482422,37.59000015258789,44852300
2024-01-08,36.700416564941406,37.9900016784668,38.0099983215332,37.560001373291016,37.7599983215332,39098300
2024-01-09,36.46855545043945,37.75,37.79999923706055,37.630001068115234,37.790000915527344,36338100
2024-01-10,36.52653121948242,37.810001373291016,37.84000015258789,37.56999969482422,37.689998626708984,37095500
2024-01-11,36.391273498535156,37.66999816894531,37.810001373291016,37.369998931884766,37.7599983215332,49043500
2024-01-12,36.32365036010742,37.599998474121094,37.9900016784668,37.45000076293945,37.849998474121094,41333900
2024-01-16,36.07247543334961,37.34000015258789,37.40999984741211,37.130001068115234,37.279998779296875,44042100
2024-01-17,36.00484848022461,37.27000045776367,37.41999816894531,37.0,37.02000045776367,38715900
2024-01-18,36.06281661987305,37.33000183105469,37.369998931884766,36.95000076293945,37.220001220703125,42064900
2024-01-19,36.64244842529297,37.93000030517578,37.97999954223633,37.349998474121094,37.470001220703125,59417700
2024-01-22,36.816341400146484,38.11000061035156,38.29999923706055,38.02000045776367,38.09000015258789,51828800
2024-01-23,36.87430191040039,38.16999816894531,38.20000076293945,38.0099983215332,38.09000015258789,46255500
2024-01-24,37.01921463012695,38.31999969482422,38.529998779296875,38.290000915527344,38.33000183105469,43975500
2024-01-25,37.2027587890625,38.5099983215332,38.54999923706055,38.27000045776367,38.470001220703125,50693800
2024-01-26,37.3380126953125,38.650001525878906,38.720001220703125,38.40999984741211,38.45000076293945,38620200
2024-01-29,37.43461227416992,38.75,38.779998779296875,38.43000030517578,38.529998779296875,44175600
2024-01-30,37.90798568725586,39.2400016784668,39.279998779296875,38.77000045776367,38.790000915527344,43229300
2024-01-31,37.444271087646484,38.7599983215332,39.45000076293945,38.7400016784668,39.15999984741211,65780900
2024-02-01,37.50224304199219,38.81999969482422,38.849998474121094,38.25,38.689998626708984,63445600
2024-02-02,37.656803131103516,38.97999954223633,39.15999984741211,38.66999816894531,38.689998626708984,61778400
2024-02-05,37.43461227416992,38.75,38.880001068115234,38.58000183105469,38.7599983215332,37351300
2024-02-06,37.511898040771484,38.83000183105469,38.88999938964844,38.650001525878906,38.70000076293945,41055700
2024-02-07,37.79205322265625,39.119998931884766,39.16999816894531,38.77000045776367,39.040000915527344,39018700
2024-02-08,37.64714050292969,38.970001220703125,39.09000015258789,38.720001220703125,38.939998626708984,47331500
2024-02-09,37.75341796875,39.08000183105469,39.099998474121094,38.81999969482422,38.91999816894531,50680400
2024-02-12,37.92730712890625,39.2599983215332,39.43000030517578,38.9900016784668,39.08000183105469,39952700
2024-02-13,37.41529083251953,38.72999954223633,39.060001373291016,38.41999816894531,38.959999084472656,62948300
2024-02-14,37.772727966308594,39.099998474121094,39.130001068115234,38.810001373291016,38.959999084472656,58722500
2024-02-15,38.41999053955078,39.77000045776367,39.849998474121094,39.209999084472656,39.220001220703125,58107900
2024-02-16,38.28474426269531,39.630001068115234,39.810001373291016,39.54999923706055,39.72999954223633,37900000
2024-02-20,38.1784782409668,39.52000045776367,39.65999984741211,39.31999969482422,39.349998474121094,39952200
2024-02-21,38.294403076171875,39.63999938964844,39.63999938964844,39.33000183105469,39.470001220703125,40242400
2024-02-22,38.73878860473633,40.099998474121094,40.2400016784668,39.790000915527344,39.86000061035156,55188200
2024-02-23,38.932003021240234,40.29999923706055,40.470001220703125,40.220001220703125,40.25,42190500
2024-02-26,38.73878860473633,40.099998474121094,40.529998779296875,40.029998779296875,40.2599983215332,38370000
2024-02-27,38.84505081176758,40.209999084472656,40.220001220703125,39.939998626708984,40.13999938964844,42599500
2024-02-28,38.98996353149414,40.36000061035156,40.5,40.119998931884766,40.130001068115234,40040800
2024-02-29,38.970638275146484,40.34000015258789,40.54999923706055,40.16999816894531,40.459999084472656,37629700
2024-03-01,38.922340393066406,40.290000915527344,40.41999816894531,40.15999984741211,40.33000183105469,40794900
2024-03-04,39.018943786621094,40.38999938964844,40.5,40.209999084472656,40.220001220703125,53413200
2024-03-05,39.028602600097656,40.400001525878906,40.630001068115234,40.25,40.25,50770200
2024-03-06,39.23147964477539,40.61000061035156,40.72999954223633,40.279998779296875,40.459999084472656,58459500
2024-03-07,39.17351150512695,40.54999923706055,40.84000015258789,40.400001525878906,40.7599983215332,35505100
2024-03-08,39.24113464355469,40.619998931884766,40.83000183105469,40.56999969482422,40.61000061035156,47266600
2024-03-11,39.30875778198242,40.689998626708984,40.72999954223633,40.400001525878906,40.470001220703125,36233100
2024-03-12,39.472999572753906,40.86000061035156,40.97999954223633,40.63999938964844,40.779998779296875,53199300
2024-03-13,39.76280212402344,41.15999984741211,41.16999816894531,40.90999984741211,40.939998626708984,43471400
2024-03-14,39.44400405883789,40.83000183105469,41.25,40.61000061035156,41.16999816894531,65563400
2024-03-15,39.40536880493164,40.790000915527344,40.97999954223633,40.52000045776367,40.599998474121094,67568000
2024-03-18,39.63130187988281,40.869998931884766,40.91999816894531,40.58000183105469,40.779998779296875,39140600
2024-03-19,39.82524490356445,41.06999969482422,41.09000015258789,40.880001068115234,40.900001525878906,36748300
2024-03-20,40.300392150878906,41.560001373291016,41.59000015258789,40.95000076293945,41.02000045776367,52255300
2024-03-21,40.63008117675781,41.900001525878906,42.0,41.61000061035156,41.65999984741211,49209200
2024-03-22,40.164634704589844,41.41999816894531,42.040000915527344,41.38999938964844,41.95000076293945,32033000
2024-03-25,40.009483337402344,41.2599983215332,41.459999084472656,41.2599983215332,41.38999938964844,31784000
2024-03-26,40.14524841308594,41.400001525878906,41.529998779296875,41.27000045776367,41.40999984741211,30135500
2024-03-27,40.620391845703125,41.88999938964844,41.900001525878906,41.4900016784668,41.599998474121094,36670300
2024-03-28,40.843421936035156,42.119998931884766,42.220001220703125,41.869998931884766,41.939998626708984,41490200
2024-04-01,40.620391845703125,41.88999938964844,42.20000076293945,41.810001373291016,42.15999984741211,37537700
2024-04-02,40.40705108642578,41.66999816894531,41.81999969482422,41.599998474121094,41.7599983215332,36359800
2024-04-03,40.38766860961914,41.650001525878906,41.959999084472656,41.540000915527344,41.68000030517578,39715900
2024-04-04,39.931907653808594,41.18000030517578,42.08000183105469,41.130001068115234,42.0,52657500
2024-04-05,40.310089111328125,41.56999969482422,41.68000030517578,41.20000076293945,41.34000015258789,47540300
2024-04-08,40.4846305847168,41.75,41.81999969482422,41.560001373291016,41.58000183105469,35165700
2024-04-09,40.25190353393555,41.5099983215332,41.880001068115234,41.18000030517578,41.77000045776367,51953600
2024-04-10,39.65069580078125,40.88999938964844,41.27000045776367,40.7599983215332,41.11000061035156,59492800
2024-04-11,39.369483947753906,40.599998474121094,40.93000030517578,40.349998474121094,40.869998931884766,56870800
2024-04-12,38.845855712890625,40.060001373291016,40.5,39.90999984741211,40.33000183105469,81234800
2024-04-15,38.65190887451172,39.86000061035156,40.7400016784668,39.7400016784668,40.58000183105469,71800600
2024-04-16,38.390098571777344,39.59000015258789,39.97999954223633,39.529998779296875,39.88999938964844,66751300
2024-04-17,38.487064361572266,39.689998626708984,39.95000076293945,39.529998779296875,39.77000045776367,41561900
2024-04-18,38.62282180786133,39.83000183105469,40.18000030517578,39.7400016784668,39.869998931884766,48893400
2024-04-19,39.15615463256836,40.380001068115234,40.459999084472656,39.970001220703125,40.04999923706055,55513600
2024-04-22,39.63130187988281,40.869998931884766,41.099998474121094,40.43000030517578,40.599998474121094,50701200
2024-04-23,39.8834228515625,41.130001068115234,41.22999954223633,40.95000076293945,41.060001373291016,36488600
2024-04-24,39.87372589111328,41.119998931884766,41.18000030517578,40.90999984741211,41.02000045776367,33957500
2024-04-25,39.64099884033203,40.880001068115234,41.029998779296875,40.529998779296875,40.91999816894531,50365700
2024-04-26,39.58282470703125,40.81999969482422,41.04999923706055,40.720001220703125,40.810001373291016,35796900
2024-04-29,39.52463912963867,40.7599983215332,40.9900016784668,40.61000061035156,40.810001373291016,36596100
2024-04-30,39.13676071166992,40.36000061035156,40.7599983215332,40.36000061035156,40.66999816894531,34481600
2024-05-01,39.13676071166992,40.36000061035156,40.849998474121094,40.279998779296875,40.33000183105469,54717600
2024-05-02,39.233726501464844,40.459999084472656,40.70000076293945,40.16999816894531,40.63999938964844,37085100
2024-05-03,39.32099533081055,40.54999923706055,40.790000915527344,40.349998474121094,40.70000076293945,45012600
2024-05-06,39.82524490356445,41.06999969482422,41.06999969482422,40.77000045776367,40.86000061035156,42335600
2024-05-07,39.96099853515625,41.209999084472656,41.290000915527344,41.099998474121094,41.16999816894531,42601200
2024-05-08,40.1064567565918,41.36000061035156,41.43000030517578,41.060001373291016,41.16999816894531,28390900
2024-05-09,40.40705108642578,41.66999816894531,41.66999816894531,41.25,41.2599983215332,31594800
2024-05-10,40.56221008300781,41.83000183105469,41.90999984741211,41.77000045776367,41.81999969482422,34306800
2024-05-13,40.397361755371094,41.65999984741211,42.02000045776367,41.65999984741211,41.95000076293945,29570100
2024-05-14,40.600990295410156,41.869998931884766,41.900001525878906,41.65999984741211,41.81999969482422,30638300
2024-05-15,40.9015998840332,42.18000030517578,42.220001220703125,41.959999084472656,41.970001220703125,36138300
2024-05-16,40.9015998840332,42.18000030517578,42.380001068115234,42.15999984741211,42.220001220703125,36032700
2024-05-17,41.20220184326172,42.4900016784668,42.4900016784668,42.20000076293945,42.25,29813200
2024-05-20,40.6397819519043,41.90999984741211,42.459999084472656,41.88999938964844,42.400001525878906,35719600
2024-05-21,40.9015998840332,42.18000030517578,42.220001220703125,41.970001220703125,41.9900016784668,33413400
2024-05-22,40.66886901855469,41.939998626708984,42.27000045776367,41.849998474121094,42.09000015258789,38661100
2024-05-23,40.1064567565918,41.36000061035156,41.939998626708984,41.20000076293945,41.900001525878906,51768500
2024-05-24,40.348876953125,41.61000061035156,41.619998931884766,41.439998626708984,41.439998626708984,23477300
2024-05-28,39.9028205871582,41.150001525878906,41.52000045776367,41.0,41.52000045776367,31004900
2024-05-29,39.58282470703125,40.81999969482422,40.95000076293945,40.70000076293945,40.81999969482422,40620200
2024-05-30,39.796146392822266,41.040000915527344,41.130001068115234,40.7599983215332,40.86000061035156,32769300
2024-05-31,40.377967834472656,41.63999938964844,41.68000030517578,41.0,41.119998931884766,38664000
2024-06-03,40.1258544921875,41.380001068115234,41.68000030517578,41.02000045776367,41.630001068115234,37855000
2024-06-04,39.94160079956055,41.189998626708984,41.5,41.0,41.15999984741211,27586400
2024-06-05,40.05796432495117,41.310001373291016,41.36000061035156,41.0099983215332,41.31999969482422,23817300
2024-06-06,40.038570404052734,41.290000915527344,41.5,41.130001068115234,41.380001068115234,39040200
2024-06-07,40.222816467285156,41.47999954223633,41.709999084472656,41.220001220703125,41.29999923706055,42273300
2024-06-10,40.067665100097656,41.31999969482422,41.369998931884766,41.04999923706055,41.29999923706055,31615200
2024-06-11,39.61190414428711,40.849998474121094,41.13999938964844,40.650001525878906,41.119998931884766,54584900
2024-06-12,39.57312774658203,40.810001373291016,41.31999969482422,40.75,41.27000045776367,46399800
2024-06-13,39.544029235839844,40.779998779296875,40.81999969482422,40.5,40.810001373291016,39497900
2024-06-14,39.41797637939453,40.650001525878906,40.72999954223633,40.369998931884766,40.5,29083000
2024-06-17,39.76705551147461,41.0099983215332,41.02000045776367,40.47999954223633,40.54999923706055,36076900
2024-06-18,40.01918029785156,41.27000045776367,41.27000045776367,40.91999816894531,40.959999084472656,38900300
2024-06-20,40.23251724243164,41.4900016784668,41.599998474121094,41.13999938964844,41.18000030517578,42869100
2024-06-21,40.077362060546875,41.33000183105469,41.43000030517578,41.09000015258789,41.38999938964844,42530600
2024-06-24,40.489166259765625,41.59000015258789,41.849998474121094,41.2400016784668,41.34000015258789,45252000
2024-06-25,40.187374114990234,41.279998779296875,41.63999938964844,41.15999984741211,41.5099983215332,32845400
2024-06-26,39.93424987792969,41.02000045776367,41.11000061035156,40.81999969482422,41.09000015258789,37978500
2024-06-27,39.88557815551758,40.970001220703125,41.02000045776367,40.720001220703125,40.900001525878906,25466100
2024-06-28,40.02186965942383,41.11000061035156,41.369998931884766,40.939998626708984,41.060001373291016,44045100
2024-07-01,40.10948944091797,41.20000076293945,41.54999923706055,41.029998779296875,41.279998779296875,36131100
2024-07-02,40.5767822265625,41.68000030517578,41.68000030517578,41.099998474121094,41.119998931884766,27033100
2024-07-03,40.45022964477539,41.54999923706055,41.7599983215332,41.529998779296875,41.720001220703125,21113200
2024-07-05,40.440486907958984,41.540000915527344,41.63999938964844,41.29999923706055,41.63999938964844,21421100
2024-07-08,40.33340072631836,41.43000030517578,41.849998474121094,41.380001068115234,41.599998474121094,27779300
2024-07-09,40.64493179321289,41.75,42.02000045776367,41.41999816894531,41.470001220703125,33140000
2024-07-10,40.800697326660156,41.90999984741211,41.91999816894531,41.529998779296875,41.54999923706055,28445400
2024-07-11,41.1219596862793,42.2400016784668,42.310001373291016,41.81999969482422,41.95000076293945,45836600
2024-07-12,41.25825500488281,42.380001068115234,42.560001373291016,42.08000183105469,42.189998626708984,39041200
2024-07-15,41.86184310913086,43.0,43.040000915527344,42.5,42.529998779296875,46561200
2024-07-16,42.33887481689453,43.4900016784668,43.5099983215332,42.95000076293945,43.029998779296875,52243100
2024-07-17,42.66013717651367,43.81999969482422,43.900001525878906,43.369998931884766,43.439998626708984,54773300
2024-07-18,42.144168853759766,43.290000915527344,44.11000061035156,43.189998626708984,43.66999816894531,58731300
2024-07-19,41.71581268310547,42.849998474121094,43.36000061035156,42.79999923706055,43.27000045776367,47220000
2024-07-22,41.949462890625,43.09000015258789,43.16999816894531,42.75,42.95000076293945,29071100
2024-07-23,42.02734375,43.16999816894531,43.38999938964844,43.099998474121094,43.20000076293945,23800400
2024-07-24,41.452964782714844,42.58000183105469,43.130001068115234,42.58000183105469,43.040000915527344,47786900
2024-07-25,41.608726501464844,42.7400016784668,43.369998931884766,42.650001525878906,42.65999984741211,44862000
2024-07-26,42.260986328125,43.40999984741211,43.540000915527344,42.95000076293945,42.970001220703125,32636300
2024-07-29,42.202579498291016,43.349998474121094,43.540000915527344,43.130001068115234,43.5099983215332,35195700
2024-07-30,42.6893424987793,43.849998474121094,44.0,43.599998474121094,43.619998931884766,31418700
2024-07-31,42.58225631713867,43.7400016784668,44.11000061035156,43.709999084472656,43.95000076293945,38694800
2024-08-01,41.978668212890625,43.119998931884766,43.959999084472656,42.93000030517578,43.900001525878906,47060900
2024-08-02,40.94673156738281,42.060001373291016,42.779998779296875,41.79999923706055,42.630001068115234,78599800
2024-08-05,39.75901794433594,40.84000015258789,41.22999954223633,40.65999984741211,41.13999938964844,107913600
2024-08-06,40.401546478271484,41.5,41.9900016784668,40.90999984741211,41.02000045776367,57668900
2024-08-07,40.45022964477539,41.54999923706055,42.36000061035156,41.4900016784668,41.959999084472656,43912600
2024-08-08,41.10249328613281,42.220001220703125,42.27000045776367,41.7599983215332,41.81999969482422,41260500
2024-08-09,41.2777214050293,42.400001525878906,42.5099983215332,42.040000915527344,42.209999084472656,23838800
2024-08-12,41.06354904174805,42.18000030517578,42.59000015258789,42.09000015258789,42.47999954223633,20509300
2024-08-13,41.40428161621094,42.529998779296875,42.560001373291016,42.119998931884766,42.43000030517578,24922000
2024-08-14,41.910526275634766,43.04999923706055,43.130001068115234,42.599998474121094,42.630001068115234,30673000
2024-08-15,42.2999382019043,43.45000076293945,43.689998626708984,43.310001373291016,43.459999084472656,33329000
2024-08-16,42.6114616394043,43.77000045776367,43.77000045776367,43.400001525878906,43.400001525878906,25338900
2024-08-19,42.84510803222656,44.0099983215332,44.02000045776367,43.779998779296875,43.779998779296875,24458600
2024-08-20,42.70881652832031,43.869998931884766,44.0,43.779998779296875,43.959999084472656,19620400
2024-08-21,42.64066696166992,43.79999923706055,43.9900016784668,43.56999969482422,43.939998626708984,19914100
2024-08-22,42.88404846191406,44.04999923706055,44.04999923706055,43.810001373291016,43.849998474121094,24738700
2024-08-23,43.25399398803711,44.43000030517578,44.540000915527344,44.09000015258789,44.18000030517578,32762500
2024-08-26,43.390289306640625,44.56999969482422,44.810001373291016,44.470001220703125,44.58000183105469,23716300
2024-08-27,43.61419677734375,44.79999923706055,44.81999969482422,44.58000183105469,44.65999984741211,21583500
2024-08-28,43.72128677368164,44.90999984741211,45.15999984741211,44.63999938964844,44.68000030517578,24726200
2024-08-29,44.11070251464844,45.310001373291016,45.459999084472656,44.75,45.060001373291016,33726600
2024-08-30,44.52932357788086,45.7400016784668,45.779998779296875,45.22999954223633,45.439998626708984,28967700
2024-09-03,44.19832229614258,45.400001525878906,45.880001068115234,45.189998626708984,45.5,39893900
2024-09-04,44.24700164794922,45.45000076293945,45.77000045776367,45.220001220703125,45.47999954223633,32006100
2024-09-05,43.76023483276367,44.95000076293945,45.65999984741211,44.75,45.63999938964844,39523500
2024-09-06,43.117698669433594,44.290000915527344,45.20000076293945,44.189998626708984,44.95000076293945,51331300
2024-09-09,43.76023483276367,44.95000076293945,45.20000076293945,44.650001525878906,44.709999084472656,41010900
2024-09-10,43.31241226196289,44.4900016784668,45.13999938964844,43.97999954223633,45.099998474121094,59115000
2024-09-11,43.10795974731445,44.279998779296875,44.349998474121094,43.380001068115234,44.31999969482422,59397500
2024-09-12,43.20531463623047,44.380001068115234,44.52000045776367,44.0,44.36000061035156,37732700
2024-09-13,43.331878662109375,44.5099983215332,44.689998626708984,44.40999984741211,44.5099983215332,32912300
2024-09-16,43.89652633666992,45.09000015258789,45.099998474121094,44.70000076293945,44.70000076293945,37063700
2024-09-17,44.13017654418945,45.33000183105469,45.47999954223633,45.13999938964844,45.189998626708984,27893300
2024-09-18,43.993873596191406,45.189998626708984,45.689998626708984,45.09000015258789,45.349998474121094,41783900
2024-09-19,44.48064422607422,45.689998626708984,45.810001373291016,45.34000015258789,45.650001525878906,46457700
2024-09-20,44.451438903808594,45.65999984741211,45.65999984741211,45.34000015258789,45.59000015258789,48699200
2024-09-23,44.3976936340332,45.439998626708984,45.66999816894531,45.36000061035156,45.4900016784668,31615300
2024-09-24,44.02641677856445,45.060001373291016,45.29999923706055,44.900001525878906,45.29999923706055,40341400
2024-09-25,43.762611389160156,44.790000915527344,45.13999938964844,44.650001525878906,45.08000183105469,32546900
2024-09-26,43.98733139038086,45.02000045776367,45.11000061035156,44.77000045776367,44.91999816894531,31445200
2024-09-27,44.11435317993164,45.150001525878906,45.439998626708984,45.04999923706055,45.119998931884766,23226100
2024-09-30,44.280452728271484,45.31999969482422,45.34000015258789,44.84000015258789,45.040000915527344,23593400
2024-10-01,44.04595947265625,45.08000183105469,45.310001373291016,44.779998779296875,45.20000076293945,32703000
2024-10-02,44.094810485839844,45.130001068115234,45.22999954223633,44.83000183105469,45.060001373291016,37709400
2024-10-03,43.86030960083008,44.88999938964844,45.04999923706055,44.66999816894531,44.959999084472656,23545700
2024-10-04,44.60287857055664,45.650001525878906,45.689998626708984,45.150001525878906,45.33000183105469,40432000
2024-10-07,44.055721282958984,45.09000015258789,45.66999816894531,44.900001525878906,45.650001525878906,26599300
2024-10-08,44.30976486206055,45.349998474121094,45.459999084472656,45.18000030517578,45.2599983215332,28763000
2024-10-09,44.720130920410156,45.77000045776367,45.86000061035156,45.2599983215332,45.349998474121094,28334300
2024-10-10,44.583335876464844,45.630001068115234,45.86000061035156,45.439998626708984,45.81999969482422,34127400
2024-10-11,45.443153381347656,46.5099983215332,46.599998474121094,45.88999938964844,45.91999816894531,52850300
2024-10-14,45.72650146484375,46.79999923706055,46.849998474121094,46.459999084472656,46.59000015258789,35850800
2024-10-15,45.82421112060547,46.900001525878906,47.38999938964844,46.84000015258789,47.119998931884766,42356800
2024-10-16,46.390907287597656,47.47999954223633,47.5,46.9900016784668,47.08000183105469,44973700
2024-10-17,46.51792526245117,47.61000061035156,47.810001373291016,47.58000183105469,47.68000030517578,45823400
2024-10-18,46.52769088745117,47.619998931884766,47.720001220703125,47.349998474121094,47.61000061035156,34279600
2024-10-21,46.15641403198242,47.2400016784668,47.650001525878906,47.150001525878906,47.540000915527344,26207400
2024-10-22,46.068477630615234,47.150001525878906,47.22999954223633,46.779998779296875,47.0,30018700
2024-10-23,46.02939224243164,47.11000061035156,47.220001220703125,46.880001068115234,47.099998474121094,20697200
2024-10-24,46.068477630615234,47.150001525878906,47.209999084472656,46.86000061035156,47.119998931884766,19617500
2024-10-25,45.56040573120117,46.630001068115234,47.41999816894531,46.52000045776367,47.34000015258789,25526500
2024-10-28,46.127098083496094,47.209999084472656,47.25,46.86000061035156,46.869998931884766,31415900
2024-10-29,45.843746185302734,46.91999816894531,47.220001220703125,46.880001068115234,47.09000015258789,27930900
2024-10-30,46.04893493652344,47.130001068115234,47.43000030517578,46.939998626708984,46.97999954223633,28704300
2024-10-31,45.41384506225586,46.47999954223633,47.209999084472656,46.47999954223633,47.06999969482422,53417100
2024-11-01,45.57017135620117,46.63999938964844,47.0,46.52000045776367,46.630001068115234,40139900
2024-11-04,45.21843338012695,46.279998779296875,46.650001525878906,46.029998779296875,46.61000061035156,41705600
2024-11-05,45.6385612487793,46.709999084472656,46.72999954223633,46.22999954223633,46.31999969482422,35221800
2024-11-06,48.41342544555664,49.54999923706055,49.68000030517578,48.70000076293945,49.040000915527344,153473400
2024-11-07,47.63177490234375,48.75,49.439998626708984,48.65999984741211,49.439998626708984,70611400
2024-11-08,48.061683654785156,49.189998626708984,49.470001220703125,48.849998474121094,49.099998474121094,60376500
2024-11-11,48.74562072753906,49.88999938964844,50.13999938964844,49.66999816894531,49.68000030517578,63654700
2024-11-12,48.599063873291016,49.7400016784668,49.939998626708984,49.59000015258789,49.869998931884766,58512400
2024-11-13,48.628379821777344,49.77000045776367,50.130001068115234,49.689998626708984,49.84000015258789,31880700
2024-11-14,48.50136184692383,49.63999938964844,49.9900016784668,49.54999923706055,49.880001068115234,38252800
2024-11-15,48.72608184814453,49.869998931884766,50.0099983215332,49.61000061035156,49.63999938964844,40741500
2024-11-18,48.872650146484375,50.02000045776367,50.11000061035156,49.70000076293945,49.90999984741211,27141600
2024-11-19,48.550209045410156,49.689998626708984,49.880001068115234,49.41999816894531,49.619998931884766,27014700
2024-11-20,48.40365219116211,49.540000915527344,49.91999816894531,49.29999923706055,49.88999938964844,33932500
2024-11-21,49.01919937133789,50.16999816894531,50.400001525878906,49.65999984741211,49.790000915527344,50881800
2024-11-22,49.56635665893555,50.72999954223633,50.779998779296875,50.130001068115234,50.13999938964844,42050800
2024-11-25,49.8887939453125,51.060001373291016,51.25,50.86000061035156,51.0099983215332,47492500
2024-11-26,49.98649215698242,51.15999984741211,51.2599983215332,50.7599983215332,51.08000183105469,28418400
2024-11-27,50.084197998046875,51.2599983215332,51.619998931884766,51.209999084472656,51.22999954223633,31803700
2024-11-29,50.1623649597168,51.34000015258789,51.56999969482422,51.25,51.439998626708984,15178400
2024-12-02,49.6640625,50.83000183105469,51.4900016784668,50.70000076293945,51.41999816894531,55483600
2024-12-03,49.29277801513672,50.45000076293945,51.130001068115234,50.45000076293945,51.130001068115234,46924300
2024-12-04,49.10713577270508,50.2599983215332,50.439998626708984,50.09000015258789,50.400001525878906,41017400
2024-12-05,49.25369644165039,50.40999984741211,50.66999816894531,50.29999923706055,50.34000015258789,33599300
2024-12-06,49.24392318725586,50.400001525878906,50.56999969482422,50.2599983215332,50.400001525878906,23439400
2024-12-09,48.56975173950195,49.709999084472656,50.4900016784668,49.689998626708984,50.439998626708984,41998300
2024-12-10,48.55998229980469,49.70000076293945,49.97999954223633,49.38999938964844,49.75,38861800
2024-12-11,48.657691955566406,49.79999923706055,49.91999816894531,49.58000183105469,49.900001525878906,35035900
2024-12-12,48.4427375793457,49.58000183105469,49.970001220703125,49.58000183105469,49.93000030517578,23107300
2024-12-13,48.40365219116211,49.540000915527344,49.79999923706055,49.43000030517578,49.779998779296875,39160400
2024-12-16,48.31571578979492,49.45000076293945,49.630001068115234,49.36000061035156,49.56999969482422,35242800
2024-12-17,47.97374725341797,49.099998474121094,49.27000045776367,48.93000030517578,49.2599983215332,46103300
2024-12-18,46.5374641418457,47.630001068115234,49.29999923706055,47.59000015258789,49.189998626708984,72399500
2024-12-19,46.70356750488281,47.79999923706055,48.529998779296875,47.790000915527344,48.16999816894531,63641000
2024-12-20,47.39727783203125,48.5099983215332,48.88999938964844,47.599998474121094,47.70000076293945,56066100
2024-12-23,47.51110076904297,48.41999816894531,48.459999084472656,47.869998931884766,48.060001373291016,43033300
2024-12-24,48.070404052734375,48.9900016784668,49.0099983215332,48.43000030517578,48.52000045776367,18350500
2024-12-26,48.188148498535156,49.11000061035156,49.130001068115234,48.7400016784668,48.77000045776367,20805600
2024-12-27,47.834903717041016,48.75,49.16999816894531,48.4900016784668,48.849998474121094,33852400
2024-12-30,47.37373352050781,48.279998779296875,48.5,47.86000061035156,48.25,34819800
2024-12-31,47.42279815673828,48.33000183105469,48.56999969482422,48.15999984741211,48.400001525878906,25170500
2025-01-02,47.30503463745117,48.209999084472656,48.77000045776367,47.939998626708984,48.58000183105469,35879100
2025-01-03,47.67790603637695,48.59000015258789,48.619998931884766,48.08000183105469,48.4900016784668,25198100
2025-01-06,47.53072738647461,48.439998626708984,49.02000045776367,48.349998474121094,48.79999923706055,54289900
2025-01-07,47.42279815673828,48.33000183105469,48.7599983215332,48.119998931884766,48.650001525878906,57682700
2025-01-08,47.57978820800781,48.4900016784668,48.5,48.02000045776367,48.34000015258789,36422000
2025-01-10,46.4317512512207,47.31999969482422,48.13999938964844,47.150001525878906,48.099998474121094,53128700
2025-01-13,46.76536560058594,47.65999984741211,47.68000030517578,47.040000915527344,47.08000183105469,36002800
2025-01-14,47.34429168701172,48.25,48.290000915527344,47.7400016784668,47.849998474121094,39353300
2025-01-15,48.551204681396484,49.47999954223633,49.61000061035156,49.0099983215332,49.279998779296875,61176900
2025-01-16,48.87500762939453,49.810001373291016,49.849998474121094,49.459999084472656,49.459999084472656,33830400
2025-01-17,49.28712463378906,50.22999954223633,50.31999969482422,49.72999954223633,49.90999984741211,43693100
2025-01-21,49.69923782348633,50.650001525878906,50.709999084472656,50.38999938964844,50.400001525878906,33267500
2025-01-22,49.4637451171875,50.40999984741211,50.65999984741211,50.209999084472656,50.650001525878906,37226400
2025-01-23,49.7483024597168,50.70000076293945,50.790000915527344,50.47999954223633,50.4900016784668,32048800
2025-01-24,49.89548110961914,50.849998474121094,50.900001525878906,50.47999954223633,50.529998779296875,39088700
2025-01-27,50.444969177246094,51.40999984741211,51.439998626708984,50.619998931884766,50.7599983215332,61707400
2025-01-28,50.356666564941406,51.31999969482422,51.54999923706055,51.11000061035156,51.349998474121094,39885300
2025-01-29,50.317413330078125,51.279998779296875,51.7400016784668,51.16999816894531,51.18000030517578,43612200
2025-01-30,50.7982177734375,51.77000045776367,52.040000915527344,51.43000030517578,51.75,64250500
2025-01-31,50.50385284423828,51.470001220703125,51.970001220703125,51.439998626708984,51.83000183105469,40424200
2025-02-03,50.29779052734375,51.2599983215332,51.400001525878906,50.40999984741211,50.75,77416200
2025-02-04,50.1800422668457,51.13999938964844,51.38999938964844,51.0,51.31999969482422,41742700
2025-02-05,50.709903717041016,51.68000030517578,51.689998626708984,51.13999938964844,51.36000061035156,34758600
2025-02-06,51.131832122802734,52.11000061035156,52.130001068115234,51.7599983215332,51.97999954223633,34355900
2025-02-07,50.8472785949707,51.81999969482422,52.2599983215332,51.779998779296875,52.16999816894531,40601400
2025-02-10,50.444969177246094,51.40999984741211,51.97999954223633,51.189998626708984,51.90999984741211,37921500
2025-02-11,50.57253646850586,51.540000915527344,51.63999938964844,51.02000045776367,51.33000183105469,45162900
2025-02-12,50.39590835571289,51.36000061035156,51.380001068115234,50.91999816894531,51.279998779296875,45473100
2025-02-13,50.72953796386719,51.70000076293945,51.77000045776367,51.279998779296875,51.5,36372200
2025-02-14,50.82765579223633,51.79999923706055,52.02000045776367,51.75,51.77000045776367,29574300
2025-02-18,51.19070816040039,52.16999816894531,52.20000076293945,51.75,51.880001068115234,33496800
2025-02-19,51.21033477783203,52.189998626708984,52.25,51.900001525878906,52.040000915527344,31748500
2025-02-20,50.42534637451172,51.38999938964844,52.150001525878906,51.040000915527344,52.11000061035156,47078900
2025-02-21,49.79736328125,50.75,51.5,50.650001525878906,51.40999984741211,51789900
2025-02-24,50.01323318481445,50.970001220703125,51.40999984741211,50.68000030517578,50.9900016784668,56673900
2025-02-25,50.003421783447266,50.959999084472656,51.40999984741211,50.310001373291016,51.27000045776367,50132800
2025-02-26,49.89548110961914,50.849998474121094,51.31999969482422,50.75,50.970001220703125,31250500
2025-02-27,50.17023468017578,51.130001068115234,51.79999923706055,50.9900016784668,51.029998779296875,44378600
2025-02-28,51.200523376464844,52.18000030517578,52.2599983215332,51.16999816894531,51.38999938964844,63537100
2025-03-03,50.76878356933594,51.7400016784668,52.63999938964844,51.369998931884766,52.31999969482422,76100100
2025-03-04,48.982940673828125,49.91999816894531,51.279998779296875,49.63999938964844,51.220001220703125,99342400
2025-03-05,49.26749801635742,50.209999084472656,50.45000076293945,49.560001373291016,49.939998626708984,75561700
2025-03-06,48.45308303833008,49.380001068115234,49.959999084472656,49.060001373291016,49.619998931884766,55477700
2025-03-07,48.197959899902344,49.119998931884766,49.33000183105469,48.25,49.20000076293945,87351400
2025-03-10,47.11861038208008,48.02000045776367,48.61000061035156,47.459999084472656,48.290000915527344,78221400
2025-03-11,46.71630859375,47.61000061035156,48.08000183105469,47.279998779296875,47.95000076293945,72972200
2025-03-12,46.78499221801758,47.68000030517578,48.189998626708984,47.220001220703125,48.119998931884766,60700100
2025-03-13,46.52987289428711,47.41999816894531,48.08000183105469,47.279998779296875,47.79999923706055,49986300
2025-03-14,47.60922622680664,48.52000045776367,48.599998474121094,47.619998931884766,47.869998931884766,49535700
2025-03-17,48.16852569580078,49.09000015258789,49.33000183105469,48.31999969482422,48.33000183105469,43570500
2025-03-18,48.109649658203125,49.029998779296875,49.290000915527344,48.849998474121094,49.130001068115234,32714200
2025-03-19,48.63951110839844,49.56999969482422,49.83000183105469,48.86000061035156,49.060001373291016,44290700
2025-03-20,48.70820236206055,49.63999938964844,49.97999954223633,49.20000076293945,49.290000915527344,46326000
2025-03-21,48.53158187866211,49.459999084472656,49.63999938964844,49.029998779296875,49.38999938964844,53382800
2025-03-24,49.387367248535156,50.150001525878906,50.27000045776367,49.65999984741211,49.790000915527344,43158200
2025-03-25,49.66310501098633,50.43000030517578,50.5099983215332,50.08000183105469,50.33000183105469,24873700
2025-03-26,49.515384674072266,50.279998779296875,50.90999984741211,50.09000015258789,50.58000183105469,39729200
2025-03-27,49.416908264160156,50.18000030517578,50.45000076293945,49.790000915527344,50.189998626708984,32299800
2025-03-28,48.4616584777832,49.209999084472656,50.29999923706055,49.02000045776367,50.029998779296875,45365400
2025-03-31,49.05253219604492,49.810001373291016,50.060001373291016,48.58000183105469,48.720001220703125,38042300
2025-04-01,48.993446350097656,49.75,49.970001220703125,49.20000076293945,49.619998931884766,37959100
2025-04-02,49.397212982177734,50.15999984741211,50.33000183105469,49.27000045776367,49.349998474121094,41792100
2025-04-03,46.96477127075195,47.689998626708984,48.650001525878906,47.599998474121094,48.20000076293945,101160600
2025-04-04,43.52784729003906,44.20000076293945,46.40999984741211,44.09000015258789,46.06999969482422,128135300
2025-04-07,43.419517517089844,44.09000015258789,45.650001525878906,42.209999084472656,42.84000015258789,179993200
2025-04-08,43.25210189819336,43.91999816894531,46.220001220703125,43.2400016784668,45.79999923706055,98804200
2025-04-09,46.51176834106445,47.22999954223633,47.61000061035156,43.06999969482422,43.2400016784668,177242900
2025-04-10,45.21184539794922,45.90999984741211,46.599998474121094,44.540000915527344,46.529998779296875,93318200
2025-04-11,45.96028137207031,46.66999816894531,46.970001220703125,45.369998931884766,45.599998474121094,63647400
2025-04-14,46.43299102783203,47.150001525878906,47.619998931884766,46.869998931884766,47.349998474121094,52008900
2025-04-15,46.55116271972656,47.27000045776367,47.900001525878906,47.22999954223633,47.41999816894531,41840100
2025-04-16,45.822410583496094,46.529998779296875,47.34000015258789,46.18000030517578,47.16999816894531,47934300
2025-04-17,45.940589904785156,46.650001525878906,47.209999084472656,46.43000030517578,46.5,61866600
2025-04-21,44.95579528808594,45.650001525878906,46.54999923706055,45.13999938964844,46.40999984741211,43082300
2025-04-22,46.442832946777344,47.15999984741211,47.279998779296875,46.20000076293945,46.34000015258789,38154800
2025-04-23,46.99431610107422,47.720001220703125,48.72999954223633,47.560001373291016,48.040000915527344,50290900
2025-04-24,47.516258239746094,48.25,48.34000015258789,47.36000061035156,47.54999923706055,26817900
2025-04-25,47.28975296020508,48.02000045776367,48.22999954223633,47.70000076293945,48.0099983215332,28113000
2025-04-28,47.43747329711914,48.16999816894531,48.56999969482422,47.83000183105469,48.220001220703125,33922800
2025-04-29,47.92987060546875,48.66999816894531,48.7599983215332,47.959999084472656,48.18000030517578,42475300
2025-04-30,48.018497467041016,48.7599983215332,48.93000030517578,47.5,48.150001525878906,33759900
2025-05-01,48.00865173339844,48.75,49.06999969482422,48.439998626708984,48.58000183105469,34420200
2025-05-02,49.0032958984375,49.7599983215332,49.939998626708984,49.33000183105469,49.4900016784668,35032100
2025-05-05,48.68816375732422,49.439998626708984,49.83000183105469,49.099998474121094,49.34000015258789,24139900
2025-05-06,48.41241455078125,49.15999984741211,49.560001373291016,48.970001220703125,49.0,28949100
2025-05-07,48.6980094909668,49.45000076293945,49.720001220703125,49.2599983215332,49.31999969482422,30070100
2025-05-08,49.101768493652344,49.86000061035156,50.369998931884766,49.72999954223633,49.84000015258789,31294200
2025-05-09,49.101768493652344,49.86000061035156,50.040000915527344,49.720001220703125,49.959999084472656,22075000
2025-05-12,50.096412658691406,50.869998931884766,51.20000076293945,50.54999923706055,51.11000061035156,44274100
2025-05-13,50.303226470947266,51.08000183105469,51.31999969482422,50.90999984741211,51.0,33986100
2025-05-14,50.16535186767578,50.939998626708984,51.16999816894531,50.790000915527344,51.11000061035156,38764200
2025-05-15,50.500179290771484,51.279998779296875,51.36000061035156,50.83000183105469,50.869998931884766,34742500
2025-05-16,50.80546569824219,51.59000015258789,51.66999816894531,51.15999984741211,51.27000045776367,53401000
2025-05-19,50.83500671386719,51.619998931884766,51.77000045776367,51.2400016784668,51.31999969482422,26348400
2025-05-20,50.559268951416016,51.34000015258789,51.52000045776367,51.11000061035156,51.380001068115234,26903000
2025-05-21,49.525238037109375,50.290000915527344,51.16999816894531,50.25,51.02000045776367,40022000
2025-05-22,49.46614456176758,50.22999954223633,50.52000045776367,49.970001220703125,50.18000030517578,33662800
2025-05-23,49.288883209228516,50.04999923706055,50.290000915527344,49.56999969482422,49.59000015258789,33645600
2025-05-27,50.15550231933594,50.93000030517578,50.959999084472656,50.2599983215332,50.439998626708984,38636400
2025-05-28,49.820674896240234,50.59000015258789,51.02000045776367,50.5099983215332,50.88999938964844,31730200
2025-05-29,50.07671356201172,50.849998474121094,50.86000061035156,50.36000061035156,50.7599983215332,34098400
2025-05-30,50.1850471496582,50.959999084472656,51.04999923706055,50.459999084472656,50.68000030517578,37953200
2025-06-02,50.20473861694336,50.97999954223633,51.0,50.290000915527344,50.61000061035156,30142300
2025-06-03,50.303226470947266,51.08000183105469,51.130001068115234,50.40999984741211,50.81999969482422,33705400
2025-06-04,50.01763153076172,50.790000915527344,51.209999084472656,50.779998779296875,51.150001525878906,24600500
2025-06-05,49.879756927490234,50.650001525878906,50.880001068115234,50.45000076293945,50.79999923706055,42014400
2025-06-06,50.500179290771484,51.279998779296875,51.439998626708984,51.04999923706055,51.16999816894531,34982800
2025-06-09,50.22443771362305,51.0,51.36000061035156,50.689998626708984,51.34000015258789,28322100
2025-06-10,50.28352737426758,51.060001373291016,51.08000183105469,50.880001068115234,50.9900016784668,27728600
2025-06-11,50.22443771362305,51.0,51.34000015258789,50.810001373291016,51.11000061035156,39368400
2025-06-12,50.22443771362305,51.0,51.0099983215332,50.5,50.70000076293945,25500900
2025-06-13,49.200252532958984,49.959999084472656,50.459999084472656,49.810001373291016,50.349998474121094,54921900
2025-06-16,49.76158142089844,50.529998779296875,50.880001068115234,50.310001373291016,50.31999969482422,35632400
2025-06-17,49.47599411010742,50.2400016784668,50.47999954223633,50.09000015258789,50.27000045776367,31130700
2025-06-18,49.456302642822266,50.220001220703125,50.77000045776367,50.150001525878906,50.220001220703125,45728200
2025-06-20,49.594173431396484,50.36000061035156,50.58000183105469,50.220001220703125,50.369998931884766,44456100
2025-06-23,50.21868896484375,50.81999969482422,50.84000015258789,49.84000015258789,50.20000076293945,43022700
2025-06-24,50.969703674316406,51.58000183105469,51.77000045776367,51.279998779296875,51.31999969482422,41225000
2025-06-25,50.80170822143555,51.40999984741211,51.599998474121094,51.29999923706055,51.59000015258789,33123900
2025-06-26,51.177215576171875,51.790000915527344,51.83000183105469,51.40999984741211,51.439998626708984,37866000
2025-06-27,51.325439453125,51.939998626708984,52.22999954223633,51.70000076293945,51.75,38954100
2025-06-30,51.75035095214844,52.369998931884766,52.439998626708984,52.13999938964844,52.18000030517578,42472900
2025-07-01,52.03691864013672,52.65999984741211,52.77000045776367,52.209999084472656,52.2400016784668,33844800
2025-07-02,51.99739456176758,52.619998931884766,52.7599983215332,52.34000015258789,52.75,40791100
2025-07-03,52.56064987182617,53.189998626708984,53.27000045776367,52.70000076293945,52.75,25904800
2025-07-07,52.05668258666992,52.68000030517578,53.25,52.41999816894531,53.130001068115234,34049000
2025-07-08,51.592247009277344,52.209999084472656,52.599998474121094,52.18000030517578,52.560001373291016,53715000
2025-07-09,51.779998779296875,52.400001525878906,52.5,52.13999938964844,52.47999954223633,36634900
2025-07-10,52.08633041381836,52.709999084472656,52.7599983215332,52.279998779296875,52.279998779296875,27992600
2025-07-11,51.5428352355957,52.15999984741211,52.40999984741211,52.08000183105469,52.36000061035156,30289900
2025-07-14,51.92822265625,52.54999923706055,52.58000183105469,52.02000045776367,52.150001525878906,27636500
2025-07-15,51.038875579833984,51.650001525878906,52.45000076293945,51.650001525878906,52.34000015258789,47704600
2025-07-16,51.39461135864258,52.0099983215332,52.060001373291016,51.33000183105469,51.93000030517578,46726500
2025-07-17,51.888694763183594,52.5099983215332,52.599998474121094,51.810001373291016,51.869998931884766,48213900
2025-07-18,51.91834259033203,52.540000915527344,52.650001525878906,52.43000030517578,52.58000183105469,29791300
2025-07-21,51.770118713378906,52.38999938964844,52.939998626708984,52.369998931884766,52.56999969482422,36871400
2025-07-22,52.05668258666992,52.68000030517578,52.75,52.470001220703125,52.5,32289100
2025-07-23,52.47171401977539,53.099998474121094,53.099998474121094,52.560001373291016,52.79999923706055,32111300
2025-07-24,52.44207000732422,53.06999969482422,53.439998626708984,53.0099983215332,53.119998931884766,32371900
2025-07-25,52.80768966674805,53.439998626708984,53.4900016784668,52.9900016784668,53.099998474121094,28964700
2025-07-28,52.44207000732422,53.06999969482422,53.439998626708984,52.959999084472656,53.380001068115234,29119300
2025-07-29,52.17526626586914,52.79999923706055,53.29999923706055,52.68000030517578,53.25,37883200
2025-07-30,52.076446533203125,52.70000076293945,53.029998779296875,52.439998626708984,52.779998779296875,37260100
2025-07-31,51.75035095214844,52.369998931884766,52.9900016784668,52.27000045776367,52.47999954223633,46179400
2025-08-01,50.791831970214844,51.400001525878906,51.7599983215332,51.04999923706055,51.720001220703125,63060800
2025-08-04,51.29579162597656,51.90999984741211,51.90999984741211,51.4900016784668,51.599998474121094,40053100
2025-08-05,51.08828353881836,51.70000076293945,52.09000015258789,51.36000061035156,52.04999923706055,33551000
2025-08-06,51.335323333740234,51.95000076293945,52.029998779296875,51.65999984741211,51.810001373291016,34198700
2025-08-07,50.76218032836914,51.369998931884766,52.25,51.220001220703125,52.18000030517578,43119400
2025-08-08,51.236507415771484,51.849998474121094,51.970001220703125,51.5,51.66999816894531,39484400
2025-08-11,51.21674346923828,51.83000183105469,52.029998779296875,51.720001220703125,51.959999084472656,29351200
2025-08-12,51.83928680419922,52.459999084472656,52.54999923706055,52.040000915527344,52.04999923706055,37510000
2025-08-13,52.135738372802734,52.7599983215332,52.90999984741211,52.4900016784668,52.65999984741211,41154900
2025-08-14,52.38277816772461,53.0099983215332,53.04999923706055,52.529998779296875,52.709999084472656,35841500
2025-08-15,51.83928680419922,52.459999084472656,53.15999984741211,52.41999816894531,53.130001068115234,46108500
2025-08-18,51.87881088256836,52.5,52.560001373291016,52.290000915527344,52.38999938964844,25405100
2025-08-19,51.977630615234375,52.599998474121094,52.869998931884766,52.45000076293945,52.45000076293945,24870800
2025-08-20,52.24443435668945,52.869998931884766,53.0099983215332,52.5099983215332,52.63999938964844,39138800
2025-08-21,52.076446533203125,52.70000076293945,52.79999923706055,52.349998474121094,52.720001220703125,29037000
2025-08-22,52.9361572265625,53.56999969482422,53.68000030517578,52.95000076293945,52.970001220703125,47249800
2025-08-25,52.629817962646484,53.2599983215332,53.58000183105469,53.2400016784668,53.470001220703125,24756500
2025-08-26,53.034969329833984,53.66999816894531,53.689998626708984,53.099998474121094,53.099998474121094,27907000
2025-08-27,53.1436653137207,53.779998779296875,53.939998626708984,53.5099983215332,53.540000915527344,39530100
2025-08-28,53.21283721923828,53.849998474121094,53.90999984741211,53.70000076293945,53.88999938964844,28837300
2025-08-29,53.3511848449707,53.9900016784668,54.13999938964844,53.79999923706055,53.900001525878906,36062400
2025-09-02,52.95591735839844,53.59000015258789,53.70000076293945,53.119998931884766,53.70000076293945,38733100
2025-09-03,52.86698532104492,53.5,53.599998474121094,53.130001068115234,53.5,36420100
2025-09-04,53.42035675048828,54.060001373291016,54.08000183105469,53.56999969482422,53.689998626708984,32730000
2025-09-05,52.44207000732422,53.06999969482422,54.25,52.869998931884766,54.11000061035156,58377100
2025-09-08,52.48159408569336,53.11000061035156,53.16999816894531,52.84000015258789,53.09000015258789,49490900
2025-09-09,52.70887756347656,53.34000015258789,53.59000015258789,52.959999084472656,52.97999954223633,38884500
2025-09-10,52.531005859375,53.15999984741211,53.400001525878906,52.93000030517578,53.16999816894531,32915900
2025-09-11,53.390708923339844,54.029998779296875,54.06999969482422,53.18000030517578,53.189998626708984,36635400
2025-09-12,53.163429260253906,53.79999923706055,54.06999969482422,53.709999084472656,53.959999084472656,25705900
2025-09-15,53.04485321044922,53.68000030517578,54.09000015258789,53.619998931884766,53.88999938964844,31922000
2025-09-16,52.926273345947266,53.560001373291016,53.66999816894531,53.27000045776367,53.61000061035156,28482500
2025-09-17,53.440120697021484,54.08000183105469,54.33000183105469,53.650001525878906,53.66999816894531,47976100
2025-09-18,53.489532470703125,54.130001068115234,54.5,53.9900016784668,54.11000061035156,36609100
2025-09-19,53.60810852050781,54.25,54.40999984741211,53.91999816894531,54.2599983215332,46731400
2025-09-22,53.53672409057617,54.0,54.060001373291016,53.63999938964844,53.70000076293945,32393000
2025-09-23,53.29878234863281,53.7599983215332,54.4900016784668,53.630001068115234,53.95000076293945,28698900
2025-09-24,53.15007400512695,53.61000061035156,53.959999084472656,53.5,53.83000183105469,23893400
2025-09-25,53.01127624511719,53.470001220703125,53.709999084472656,53.2400016784668,53.470001220703125,24757500
2025-09-26,53.397926330566406,53.86000061035156,54.099998474121094,53.63999938964844,53.709999084472656,30686100
2025-09-29,53.665611267089844,54.130001068115234,54.150001525878906,53.7400016784668,54.040000915527344,20713800
2025-09-30,53.407840728759766,53.869998931884766,54.2400016784668,53.41999816894531,54.060001373291016,32442200
2025-10-01,52.93195724487305,53.38999938964844,53.7599983215332,53.369998931884766,53.61000061035156,33210100
2025-10-02,52.892303466796875,53.349998474121094,53.47999954223633,53.060001373291016,53.310001373291016,32443400
2025-10-03,53.259132385253906,53.720001220703125,53.970001220703125,53.380001068115234,53.41999816894531,32111600
2025-10-06,53.23929977416992,53.70000076293945,54.06999969482422,53.29999923706055,53.93000030517578,32001300
2025-10-07,53.30870056152344,53.77000045776367,54.04999923706055,53.52000045776367,53.880001068115234,31250500
2025-10-08,53.050926208496094,53.5099983215332,53.95000076293945,53.34000015258789,53.93000030517578,26848700
2025-10-09,52.8625602722168,53.31999969482422,53.810001373291016,53.189998626708984,53.630001068115234,33922400
2025-10-10,51.7125129699707,52.15999984741211,53.68000030517578,52.15999984741211,53.459999084472656,73596200
2025-10-13,52.208221435546875,52.65999984741211,52.81999969482422,52.34000015258789,52.54999923706055,39651900
2025-10-14,52.78324890136719,53.2400016784668,53.650001525878906,52.25,52.45000076293945,62588700
2025-10-15,52.78324890136719,53.2400016784668,53.7599983215332,52.86000061035156,53.43000030517578,39526600
2025-10-16,51.315940856933594,51.7599983215332,53.119998931884766,51.540000915527344,53.09000015258789,85420100
2025-10-17,51.732337951660156,52.18000030517578,52.36000061035156,51.72999954223633,51.900001525878906,52288900
2025-10-20,52.33710479736328,52.790000915527344,52.900001525878906,52.290000915527344,52.36000061035156,39479600
2025-10-21,52.27762222290039,52.72999954223633,53.130001068115234,52.65999984741211,52.65999984741211,31213600
2025-10-22,51.980194091796875,52.43000030517578,52.81999969482422,52.119998931884766,52.779998779296875,53727500
2025-10-23,52.08925247192383,52.540000915527344,52.68000030517578,52.290000915527344,52.59000015258789,29483700
2025-10-24,52.654361724853516,53.11000061035156,53.279998779296875,52.810001373291016,52.849998474121094,31947800
2025-10-27,52.872474670410156,53.33000183105469,53.43000030517578,53.20000076293945,53.369998931884766,27154100
2025-10-28,52.53539276123047,52.9900016784668,53.400001525878906,52.939998626708984,53.33000183105469,33648000
2025-10-29,51.64311218261719,52.09000015258789,52.58000183105469,51.869998931884766,52.45000076293945,61846300
2025-10-30,51.78190994262695,52.22999954223633,52.81999969482422,52.02000045776367,52.02000045776367,48568700
2025-10-31,51.92070770263672,52.369998931884766,52.5,51.939998626708984,52.0099983215332,40425800
2025-11-03,51.702598571777344,52.150001525878906,52.34000015258789,51.650001525878906,52.33000183105469,38693200
2025-11-04,51.97027587890625,52.41999816894531,52.540000915527344,51.84000015258789,51.95000076293945,44675200
2025-11-05,52.14873504638672,52.599998474121094,52.81999969482422,52.18000030517578,52.4900016784668,38036300
2025-11-06,51.96036911010742,52.40999984741211,52.70000076293945,52.16999816894531,52.5099983215332,42625700
2025-11-07,52.32719039916992,52.779998779296875,52.79999923706055,52.09000015258789,52.279998779296875,46218700
2025-11-10,52.51556396484375,52.970001220703125,53.150001525878906,52.650001525878906,52.93000030517578,42010600
2025-11-11,52.753501892089844,53.209999084472656,53.34000015258789,52.880001068115234,53.06999969482422,29995800
2025-11-12,53.209556579589844,53.66999816894531,53.88999938964844,53.220001220703125,53.220001220703125,46052700
2025-11-13,52.52547836303711,52.97999954223633,53.7599983215332,52.880001068115234,53.56999969482422,50455300
2025-11-14,52.000022888183594,52.45000076293945,52.810001373291016,52.27000045776367,52.810001373291016,46154600
2025-11-17,51.00860595703125,51.45000076293945,52.4900016784668,51.25,52.470001220703125,70048500
2025-11-18,50.92928695678711,51.369998931884766,51.75,51.150001525878906,51.279998779296875,66043600
2025-11-19,51.11766052246094,51.560001373291016,51.650001525878906,51.189998626708984,51.380001068115234,46003900
2025-11-20,50.6715202331543,51.11000061035156,52.38999938964844,51.08000183105469,52.029998779296875,70096400
2025-11-21,51.226715087890625,51.66999816894531,51.970001220703125,51.13999938964844,51.459999084472656,68942900
2025-11-24,51.444828033447266,51.88999938964844,51.970001220703125,51.33000183105469,51.7400016784668,43789100
2025-11-25,52.08925247192383,52.540000915527344,52.65999984741211,51.90999984741211,52.11000061035156,50989800
2025-11-26,52.49573516845703,52.95000076293945,53.150001525878906,52.599998474121094,52.66999816894531,35268500
2025-11-28,52.872474670410156,53.33000183105469,53.54999923706055,53.029998779296875,53.099998474121094,16136100
2025-12-01,52.436248779296875,52.88999938964844,53.400001525878906,52.84000015258789,53.06999969482422,29296300
2025-12-02,52.38667678833008,52.84000015258789,53.13999938964844,52.63999938964844,52.9900016784668,29771500
2025-12-03,53.0905876159668,53.54999923706055,53.599998474121094,52.880001068115234,52.939998626708984,32018000
2025-12-04,53.199642181396484,53.65999984741211,53.90999984741211,53.470001220703125,53.59000015258789,33678700
2025-12-05,53.2194709777832,53.68000030517578,53.93000030517578,53.45000076293945,53.540000915527344,28532300
2025-12-08,53.02118682861328,53.47999954223633,53.709999084472656,53.279998779296875,53.70000076293945,31164200
2025-12-09,52.82290267944336,53.279998779296875,53.95000076293945,53.25,53.5,46335400
2025-12-10,53.427669525146484,53.88999938964844,54.08000183105469,53.209999084472656,53.279998779296875,45437500
2025-12-11,54.399261474609375,54.869998931884766,54.97999954223633,53.93000030517578,53.959999084472656,51786500
2025-12-12,54.47857666015625,54.95000076293945,55.209999084472656,54.709999084472656,55.15999984741211,64428900
2025-12-15,54.51823425292969,54.9900016784668,55.310001373291016,54.81999969482422,55.18000030517578,35356800
2025-12-16,54.171234130859375,54.63999938964844,55.15999984741211,54.47999954223633,55.040000915527344,37342300
2025-12-17,54.16132354736328,54.630001068115234,55.06999969482422,54.58000183105469,54.79999923706055,41112400
2025-12-18,54.07209396362305,54.540000915527344,55.02000045776367,54.36000061035156,54.77000045776367,35021600
2025-12-19,54.3695182800293,54.84000015258789,55.02000045776367,54.560001373291016,54.560001373291016,46595300
2025-12-22,55.03709030151367,55.31999969482422,55.439998626708984,54.7400016784668,54.75,37987800
2025-12-23,55.14652633666992,55.43000030517578,55.560001373291016,55.310001373291016,55.310001373291016,24732900
2025-12-24,55.44499206542969,55.72999954223633,55.88999938964844,55.40999984741211,55.5099983215332,15685800
2025-12-26,55.33555221557617,55.619998931884766,55.79999923706055,55.439998626708984,55.709999084472656,20410100
2025-12-29,55.03709030151367,55.31999969482422,55.68000030517578,55.2599983215332,55.59000015258789,34223800
2025-12-30,54.897804260253906,55.18000030517578,55.400001525878906,55.13999938964844,55.400001525878906,16160900
