Date,Adj Close,Close,High,Low,Open,Volume
2010-01-04,9.378785133361816,11.635000228881836,11.645000457763672,11.550000190734863,11.569999694824219,16898800
2010-01-05,9.366693496704102,11.619999885559082,11.649999618530273,11.550000190734863,11.649999618530273,39976400
2010-01-06,9.2618989944458,11.489999771118164,11.625,11.479999542236328,11.619999885559082,20048200
2010-01-07,9.225624084472656,11.444999694824219,11.5,11.404999732971191,11.5,14584800
2010-01-08,9.286086082458496,11.520000457763672,11.529999732971191,11.390000343322754,11.430000305175781,23772400
2010-01-11,9.249811172485352,11.475000381469727,11.574999809265137,11.420000076293945,11.569999694824219,30477800
2010-01-12,9.149048805236816,11.350000381469727,11.425000190734863,11.305000305175781,11.40999984741211,19485600
2010-01-13,9.237716674804688,11.460000038146973,11.475000381469727,11.300000190734863,11.399999618530273,20107400
2010-01-14,9.2618989944458,11.489999771118164,11.529999732971191,11.4350004196167,11.449999809265137,15013200
2010-01-15,9.132925033569336,11.329999923706055,11.520000457763672,11.295000076293945,11.510000228881836,27066600
2010-01-19,9.290111541748047,11.524999618530273,11.524999618530273,11.354999542236328,11.354999542236328,14965600
2010-01-20,9.14098834991455,11.34000015258789,11.4350004196167,11.234999656677246,11.4350004196167,29398000
2010-01-21,9.044260025024414,11.220000267028809,11.430000305175781,11.1850004196167,11.375,25606800
2010-01-22,8.72988510131836,10.829999923706055,11.199999809265137,10.8149995803833,11.199999809265137,67402400
2010-01-25,8.8024320602417,10.920000076293945,10.989999771118164,10.859999656677246,10.930000305175781,66680200
2010-01-26,8.778251647949219,10.890000343322754,11.024999618530273,10.84000015258789,10.899999618530273,32250600
2010-01-27,8.850798606872559,10.979999542236328,11.005000114440918,10.8149995803833,10.895000457763672,35370000
2010-01-28,8.596884727478027,10.664999961853027,10.9399995803833,10.619999885559082,10.925000190734863,46278600
2010-01-29,8.447754859924316,10.479999542236328,10.779999732971191,10.430000305175781,10.765000343322754,53794800
2010-02-01,8.544486045837402,10.600000381469727,10.625,10.524999618530273,10.529999732971191,38415000
2010-02-02,8.629125595092773,10.704999923706055,10.734999656677246,10.574999809265137,10.635000228881836,27391200
2010-02-03,8.649272918701172,10.729999542236328,10.755000114440918,10.654999732971191,10.664999961853027,29566400
2010-02-04,8.407455444335938,10.430000305175781,10.6850004196167,10.420000076293945,10.664999961853027,32978200
2010-02-05,8.49208927154541,10.53499984741211,10.555000305175781,10.354999542236328,10.444999694824219,46507400
2010-02-08,8.455816268920898,10.489999771118164,10.609999656677246,10.475000381469727,10.550000190734863,45887600
2010-02-09,8.528366088867188,10.579999923706055,10.680000305175781,10.510000228881836,10.604999542236328,31774800
2010-02-10,8.504183769226074,10.550000190734863,10.619999885559082,10.484999656677246,10.604999542236328,20846800
2010-02-11,8.592851638793945,10.65999984741211,10.699999809265137,10.475000381469727,10.550000190734863,30349600
2010-02-12,8.608973503112793,10.680000305175781,10.699999809265137,10.520000457763672,10.585000038146973,30286000
2010-02-16,8.737947463989258,10.84000015258789,10.84000015258789,10.71500015258789,10.744999885559082,20466600
2010-02-17,8.762125968933105,10.869999885559082,10.890000343322754,10.8149995803833,10.890000343322754,17806600
2010-02-18,8.818557739257812,10.9399995803833,10.960000038146973,10.84000015258789,10.864999771118164,11527600
2010-02-19,8.794371604919434,10.90999984741211,10.96500015258789,10.864999771118164,10.880000114440918,13535600
2010-02-22,8.778251647949219,10.890000343322754,10.970000267028809,10.869999885559082,10.96500015258789,14074600
2010-02-23,8.669428825378418,10.755000114440918,10.885000228881836,10.710000038146973,10.880000114440918,20971400
2010-02-24,8.754067420959473,10.859999656677246,10.895000457763672,10.795000076293945,10.805000305175781,15078000
2010-02-25,8.72988510131836,10.829999923706055,10.850000381469727,10.649999618530273,10.720000267028809,23315000
2010-02-26,8.741976737976074,10.845000267028809,10.875,10.779999732971191,10.829999923706055,19404000
2010-03-01,8.854827880859375,10.984999656677246,10.994999885559082,10.880000114440918,10.899999618530273,12843600
2010-03-02,8.842734336853027,10.970000267028809,11.055000305175781,10.9350004196167,11.03499984741211,14023800
2010-03-03,8.846769332885742,10.975000381469727,11.029999732971191,10.944999694824219,11.0,16663600
2010-03-04,8.883040428161621,11.020000457763672,11.029999732971191,10.90999984741211,10.989999771118164,7247600
2010-03-05,8.991860389709473,11.154999732971191,11.170000076293945,11.0600004196167,11.100000381469727,14095800
2010-03-08,9.040228843688965,11.21500015258789,11.234999656677246,11.15999984741211,11.175000190734863,11718800
2010-03-09,9.080533981323242,11.265000343322754,11.335000038146973,11.180000305175781,11.199999809265137,24003800
2010-03-10,9.14098834991455,11.34000015258789,11.359999656677246,11.260000228881836,11.270000457763672,33817000
2010-03-11,9.177260398864746,11.385000228881836,11.385000228881836,11.289999961853027,11.3100004196167,10907400
2010-03-12,9.169200897216797,11.375,11.479999542236328,11.345000267028809,11.414999961853027,14918400
2010-03-15,9.16113567352295,11.364999771118164,11.380000114440918,11.279999732971191,11.335000038146973,17564000
2010-03-16,9.229656219482422,11.449999809265137,11.454999923706055,11.354999542236328,11.364999771118164,13229600
2010-03-17,9.2578706741333,11.484999656677246,11.550000190734863,11.4399995803833,11.46500015258789,19621000
2010-03-18,9.269964218139648,11.5,11.524999618530273,11.46500015258789,11.479999542236328,9003200
2010-03-19,9.214570045471191,11.395000457763672,11.515000343322754,11.345000267028809,11.395000457763672,18086000
2010-03-22,9.283303260803223,11.479999542236328,11.529999732971191,11.329999923706055,11.34000015258789,16861600
2010-03-23,9.372254371643066,11.59000015258789,11.600000381469727,11.470000267028809,11.520000457763672,11956800
2010-03-24,9.327780723571777,11.53499984741211,11.569999694824219,11.5,11.53499984741211,11754200
2010-03-25,9.343953132629395,11.555000305175781,11.6899995803833,11.529999732971191,11.609999656677246,16660400
2010-03-26,9.299476623535156,11.5,11.600000381469727,11.475000381469727,11.585000038146973,17161200
2010-03-29,9.327780723571777,11.53499984741211,11.600000381469727,11.520000457763672,11.550000190734863,15494400
2010-03-30,9.368209838867188,11.585000038146973,11.625,11.515000343322754,11.5649995803833,10629000
2010-03-31,9.339908599853516,11.550000190734863,11.59000015258789,11.5,11.550000190734863,9356400
2010-04-01,9.323735237121582,11.529999732971191,11.645000457763672,11.449999809265137,11.579999923706055,18213400
2010-04-05,9.432902336120605,11.664999961853027,11.670000076293945,11.46500015258789,11.569999694824219,9699200
2010-04-06,9.440987586975098,11.675000190734863,11.704999923706055,11.579999923706055,11.625,10143800
2010-04-07,9.404600143432617,11.630000114440918,11.6899995803833,11.569999694824219,11.640000343322754,11420600
2010-04-08,9.42077350616455,11.649999618530273,11.664999961853027,11.53499984741211,11.59000015258789,16910400
2010-04-09,9.493555068969727,11.739999771118164,11.744999885559082,11.635000228881836,11.675000190734863,10978600
2010-04-12,9.513769149780273,11.765000343322754,11.805000305175781,11.739999771118164,11.75,8320800
2010-04-13,9.542071342468262,11.800000190734863,11.819999694824219,11.710000038146973,11.75,11877200
2010-04-14,9.679542541503906,11.970000267028809,11.975000381469727,11.875,11.895000457763672,29962600
2010-04-15,9.724018096923828,12.024999618530273,12.029999732971191,11.944999694824219,11.979999542236328,18980400
2010-04-16,9.594635963439941,11.864999771118164,12.010000228881836,11.805000305175781,11.954999923706055,30402400
2010-04-19,9.614850044250488,11.890000343322754,11.90999984741211,11.760000228881836,11.845000267028809,17533600
2010-04-20,9.667413711547852,11.954999923706055,11.979999542236328,11.859999656677246,11.930000305175781,13887000
2010-04-21,9.687630653381348,11.979999542236328,12.039999961853027,11.920000076293945,12.024999618530273,18800600
2010-04-22,9.711888313293457,12.010000228881836,12.020000457763672,11.779999732971191,11.864999771118164,8321000
2010-04-23,9.73614501953125,12.039999961853027,12.055000305175781,11.9350004196167,12.005000114440918,25740400
2010-04-26,9.724018096923828,12.024999618530273,12.079999923706055,12.010000228881836,12.0649995803833,19625800
2010-04-27,9.53398609161377,11.789999961853027,12.029999732971191,11.770000457763672,11.975000381469727,56498000
2010-04-28,9.562287330627441,11.824999809265137,11.864999771118164,11.720000267028809,11.864999771118164,25521400
2010-04-29,9.65932559967041,11.944999694824219,11.96500015258789,11.854999542236328,11.880000114440918,18107200
2010-04-30,9.457164764404297,11.694999694824219,11.954999923706055,11.6899995803833,11.9350004196167,21095200
2010-05-03,9.586549758911133,11.854999542236328,11.899999618530273,11.729999542236328,11.729999542236328,13769000
2010-05-04,9.311612129211426,11.515000343322754,11.729999542236328,11.444999694824219,11.71500015258789,29680600
2010-05-05,9.271172523498535,11.46500015258789,11.545000076293945,11.390000343322754,11.399999618530273,26930000
2010-05-06,8.992193222045898,11.119999885559082,11.494999885559082,10.319999694824219,11.385000228881836,51044800
2010-05-07,8.794069290161133,10.875,11.154999732971191,10.625,11.069999694824219,50444200
2010-05-10,9.198395729064941,11.375,11.425000190734863,11.265000343322754,11.345000267028809,46776400
2010-05-11,9.137746810913086,11.300000190734863,11.5,11.244999885559082,11.255000114440918,25730000
2010-05-12,9.376297950744629,11.595000267028809,11.595000267028809,11.380000114440918,11.380000114440918,23624200
2010-05-13,9.238828659057617,11.425000190734863,11.635000228881836,11.399999618530273,11.555000305175781,22879600
2010-05-14,9.060925483703613,11.204999923706055,11.350000381469727,11.085000038146973,11.324999809265137,32993200
2010-05-17,9.105401039123535,11.260000228881836,11.274999618530273,11.03499984741211,11.234999656677246,29975200
2010-05-18,8.967927932739258,11.09000015258789,11.350000381469727,11.039999961853027,11.335000038146973,45030400
2010-05-19,8.899197578430176,11.005000114440918,11.149999618530273,10.914999961853027,11.0600004196167,53445200
2010-05-20,8.616164207458496,10.654999732971191,10.854999542236328,10.619999885559082,10.829999923706055,39636800
2010-05-21,8.680858612060547,10.734999656677246,10.800000190734863,10.430000305175781,10.470000267028809,42044000
2010-05-24,8.640429496765137,10.6850004196167,10.829999923706055,10.670000076293945,10.739999771118164,25923400
2010-05-25,8.616164207458496,10.654999732971191,10.675000190734863,10.335000038146973,10.40999984741211,36575800
2010-05-26,8.531261444091797,10.550000190734863,10.859999656677246,10.520000457763672,10.755000114440918,48645200
2010-05-27,8.822372436523438,10.90999984741211,10.920000076293945,10.755000114440918,10.789999961853027,38243400
2010-05-28,8.74959659576416,10.819999694824219,10.920000076293945,10.744999885559082,10.914999961853027,24232600
2010-06-01,8.664682388305664,10.71500015258789,10.9399995803833,10.699999809265137,10.770000457763672,26467000
2010-06-02,8.85876178741455,10.954999923706055,10.954999923706055,10.699999809265137,10.774999618530273,20760000
2010-06-03,8.947714805603027,11.0649995803833,11.085000038146973,10.925000190734863,10.989999771118164,25170000
2010-06-04,8.660643577575684,10.710000038146973,10.975000381469727,10.670000076293945,10.829999923706055,36989000
2010-06-07,8.53530216217041,10.555000305175781,10.800000190734863,10.53499984741211,10.765000343322754,21086400
2010-06-08,8.551473617553711,10.574999809265137,10.604999542236328,10.414999961853027,10.569999694824219,26650400
2010-06-09,8.506999969482422,10.520000457763672,10.75,10.470000267028809,10.654999732971191,26627000
2010-06-10,8.713205337524414,10.774999618530273,10.78499984741211,10.614999771118164,10.635000228881836,28425600
2010-06-11,8.79002571105957,10.869999885559082,10.890000343322754,10.664999961853027,10.664999961853027,21450600
2010-06-14,8.773853302001953,10.850000381469727,11.020000457763672,10.835000038146973,10.984999656677246,26047600
2010-06-15,9.004317283630371,11.135000228881836,11.145000457763672,10.899999618530273,10.914999961853027,23053600
2010-06-16,9.028573036193848,11.164999961853027,11.199999809265137,11.0649995803833,11.09000015258789,15507600
2010-06-17,9.060925483703613,11.204999923706055,11.225000381469727,11.09000015258789,11.21500015258789,19837200
2010-06-18,9.060518264770508,11.164999961853027,11.225000381469727,11.130000114440918,11.175000190734863,14238600
2010-06-21,8.995601654052734,11.085000038146973,11.3100004196167,11.029999732971191,11.289999961853027,17484400
2010-06-22,8.918506622314453,10.989999771118164,11.199999809265137,10.975000381469727,11.119999885559082,20366800
2010-06-23,8.902274131774902,10.970000267028809,11.055000305175781,10.885000228881836,11.024999618530273,18819600
2010-06-24,8.723743438720703,10.75,10.949999809265137,10.729999542236328,10.920000076293945,30528200
2010-06-25,8.715627670288086,10.739999771118164,10.824999809265137,10.654999732971191,10.8149995803833,31331000
2010-06-28,8.73185920715332,10.760000228881836,10.8100004196167,10.670000076293945,10.725000381469727,20527200
2010-06-29,8.40725326538086,10.359999656677246,10.595000267028809,10.28499984741211,10.579999923706055,39667200
2010-06-30,8.277411460876465,10.199999809265137,10.399999618530273,10.170000076293945,10.3149995803833,25000000
2010-07-01,8.244950294494629,10.15999984741211,10.270000457763672,10.005000114440918,10.204999923706055,45810800
2010-07-02,8.23277759552002,10.145000457763672,10.239999771118164,10.074999809265137,10.204999923706055,17022000
2010-07-06,8.31393051147461,10.244999885559082,10.380000114440918,10.140000343322754,10.305000305175781,30672400
2010-07-07,8.581725120544434,10.574999809265137,10.59000015258789,10.244999885559082,10.260000228881836,25780600
2010-07-08,8.63447380065918,10.640000343322754,10.680000305175781,10.520000457763672,10.680000305175781,17332800
2010-07-09,8.679109573364258,10.694999694824219,10.694999694824219,10.614999771118164,10.635000228881836,15716400
2010-07-12,8.719685554504395,10.744999885559082,10.789999961853027,10.670000076293945,10.670000076293945,17427200
2010-07-13,8.845465660095215,10.899999618530273,10.9350004196167,10.779999732971191,10.854999542236328,20582000
2010-07-14,8.898215293884277,10.96500015258789,11.03499984741211,10.904999732971191,10.9399995803833,24766800
2010-07-15,8.926615715026855,11.0,11.010000228881836,10.824999809265137,10.9399995803833,24839000
2010-07-16,8.670992851257324,10.6850004196167,10.930000305175781,10.675000190734863,10.904999732971191,30216200
2010-07-19,8.756202697753906,10.789999961853027,10.8149995803833,10.675000190734863,10.729999542236328,14704600
2010-07-20,8.813006401062012,10.859999656677246,10.875,10.555000305175781,10.600000381469727,31219600
2010-07-21,8.707512855529785,10.729999542236328,10.954999923706055,10.694999694824219,10.944999694824219,33310200
2010-07-22,8.942848205566406,11.020000457763672,11.055000305175781,10.859999656677246,10.864999771118164,23437600
2010-07-23,9.00371265411377,11.095000267028809,11.095000267028809,10.954999923706055,10.989999771118164,20772800
2010-07-26,9.060518264770508,11.164999961853027,11.170000076293945,11.050000190734863,11.095000267028809,13152600
2010-07-27,9.084864616394043,11.194999694824219,11.225000381469727,11.135000228881836,11.199999809265137,15588400
2010-07-28,9.01182746887207,11.104999542236328,11.21500015258789,11.0649995803833,11.175000190734863,26353400
2010-07-29,8.93067741394043,11.005000114440918,11.15999984741211,10.914999961853027,11.145000457763672,21295400
2010-07-30,8.894160270690918,10.960000038146973,11.020000457763672,10.850000381469727,10.885000228881836,17912400
2010-08-02,9.08080768585205,11.1899995803833,11.220000267028809,11.055000305175781,11.09000015258789,31420600
2010-08-03,9.032113075256348,11.130000114440918,11.180000305175781,11.104999542236328,11.175000190734863,10787400
2010-08-04,9.105152130126953,11.220000267028809,11.225000381469727,11.085000038146973,11.15999984741211,29363200
2010-08-05,9.064576148986816,11.170000076293945,11.1899995803833,11.100000381469727,11.145000457763672,10129600
2010-08-06,9.040231704711914,11.140000343322754,11.154999732971191,10.989999771118164,11.0649995803833,31234200
2010-08-09,9.101094245910645,11.21500015258789,11.234999656677246,11.125,11.170000076293945,27105600
2010-08-10,9.007769584655762,11.100000381469727,11.15999984741211,11.020000457763672,11.109999656677246,22578600
2010-08-11,8.792720794677734,10.835000038146973,10.9350004196167,10.795000076293945,10.930000305175781,36123000
2010-08-12,8.670992851257324,10.6850004196167,10.729999542236328,10.569999694824219,10.619999885559082,30331600
2010-08-13,8.630414962768555,10.635000228881836,10.699999809265137,10.619999885559082,10.640000343322754,12157600
2010-08-16,8.646646499633789,10.654999732971191,10.710000038146973,10.539999961853027,10.569999694824219,20537200
2010-08-17,8.739971160888672,10.770000457763672,10.864999771118164,10.71500015258789,10.755000114440918,34201200
2010-08-18,8.788663864135742,10.829999923706055,10.890000343322754,10.734999656677246,10.770000457763672,25232200
2010-08-19,8.6831636428833,10.699999809265137,10.824999809265137,10.635000228881836,10.789999961853027,27622200
2010-08-20,8.662877082824707,10.675000190734863,10.710000038146973,10.614999771118164,10.664999961853027,18632800
2010-08-23,8.585787773132324,10.579999923706055,10.755000114440918,10.579999923706055,10.729999542236328,16367400
2010-08-24,8.468117713928223,10.4350004196167,10.539999961853027,10.385000228881836,10.46500015258789,21180600
2010-08-25,8.52086353302002,10.5,10.545000076293945,10.345000267028809,10.369999885559082,22105800
2010-08-26,8.435656547546387,10.395000457763672,10.5649995803833,10.380000114440918,10.550000190734863,20309400
2010-08-27,8.537095069885254,10.520000457763672,10.524999618530273,10.289999961853027,10.454999923706055,29983400
2010-08-30,8.423484802246094,10.380000114440918,10.545000076293945,10.380000114440918,10.46500015258789,15187000
2010-08-31,8.395081520080566,10.345000267028809,10.420000076293945,10.289999961853027,10.354999542236328,31040000
2010-09-01,8.610130310058594,10.609999656677246,10.649999618530273,10.46500015258789,10.484999656677246,29596200
2010-09-02,8.687226295471191,10.704999923706055,10.704999923706055,10.595000267028809,10.614999771118164,18613000
2010-09-03,8.817069053649902,10.864999771118164,10.864999771118164,10.755000114440918,10.800000190734863,20718000
2010-09-07,8.744023323059082,10.774999618530273,10.869999885559082,10.765000343322754,10.8149995803833,15678800
2010-09-08,8.792720794677734,10.835000038146973,10.859999656677246,10.779999732971191,10.8100004196167,18581600
2010-09-09,8.817069053649902,10.864999771118164,10.944999694824219,10.845000267028809,10.925000190734863,13895200
2010-09-10,8.821126937866211,10.869999885559082,10.885000228881836,10.800000190734863,10.875,16300600
2010-09-13,8.97936725616455,11.0649995803833,11.085000038146973,10.960000038146973,10.975000381469727,23197400
2010-09-14,9.015885353088379,11.109999656677246,11.199999809265137,11.024999618530273,11.0649995803833,18854400
2010-09-15,9.072690963745117,11.180000305175781,11.204999923706055,11.079999923706055,11.100000381469727,14763400
2010-09-16,9.125441551208496,11.244999885559082,11.255000114440918,11.145000457763672,11.164999961853027,15599600
2010-09-17,9.174711227416992,11.265000343322754,11.289999961853027,11.210000038146973,11.279999732971191,28835400
2010-09-20,9.309099197387695,11.430000305175781,11.449999809265137,11.279999732971191,11.305000305175781,19105200
2010-09-21,9.292805671691895,11.40999984741211,11.505000114440918,11.369999885559082,11.444999694824219,37269200
2010-09-22,9.24801254272461,11.354999542236328,11.420000076293945,11.295000076293945,11.364999771118164,16811600
2010-09-23,9.235794067382812,11.34000015258789,11.460000038146973,11.265000343322754,11.279999732971191,19862600
2010-09-24,9.414976119995117,11.5600004196167,11.569999694824219,11.449999809265137,11.449999809265137,16332600
2010-09-27,9.419046401977539,11.5649995803833,11.654999732971191,11.539999961853027,11.585000038146973,30638200
2010-09-28,9.43126392364502,11.579999923706055,11.604999542236328,11.414999961853027,11.595000267028809,29432000
2010-09-29,9.410903930664062,11.555000305175781,11.604999542236328,11.524999618530273,11.555000305175781,12267000
2010-09-30,9.374250411987305,11.510000228881836,11.6850004196167,11.444999694824219,11.614999771118164,26278600
2010-10-01,9.378327369689941,11.515000343322754,11.609999656677246,11.475000381469727,11.59000015258789,24335400
2010-10-04,9.30095100402832,11.420000076293945,11.515000343322754,11.34000015258789,11.454999923706055,16976000
2010-10-05,9.48420524597168,11.645000457763672,11.675000190734863,11.494999885559082,11.5,15425800
2010-10-06,9.439408302307129,11.59000015258789,11.680000305175781,11.494999885559082,11.645000457763672,14340000
2010-10-07,9.439408302307129,11.59000015258789,11.640000343322754,11.510000228881836,11.635000228881836,9899400
2010-10-08,9.492347717285156,11.654999732971191,11.680000305175781,11.515000343322754,11.595000267028809,13341200
2010-10-11,9.50863265991211,11.675000190734863,11.725000381469727,11.630000114440918,11.680000305175781,12082000
2010-10-12,9.565648078918457,11.744999885559082,11.770000457763672,11.574999809265137,11.640000343322754,22014600
2010-10-13,9.643017768859863,11.84000015258789,11.895000457763672,11.779999732971191,11.8149995803833,30959000
2010-10-14,9.647090911865234,11.845000267028809,11.885000228881836,11.779999732971191,11.864999771118164,11029200
2010-10-15,9.809980392456055,12.045000076293945,12.050000190734863,11.904999732971191,12.005000114440918,42694000
2010-10-18,9.875137329101562,12.125,12.125,12.005000114440918,12.050000190734863,21501200
2010-10-19,9.70002555847168,11.90999984741211,12.0,11.819999694824219,11.895000457763672,50409400
2010-10-20,9.781474113464355,12.010000228881836,12.079999923706055,11.925000190734863,11.949999809265137,47254600
2010-10-21,9.789623260498047,12.020000457763672,12.100000381469727,11.895000457763672,12.074999809265137,55292800
2010-10-22,9.81812858581543,12.055000305175781,12.0649995803833,11.994999885559082,12.020000457763672,11525200
2010-10-25,9.84663200378418,12.09000015258789,12.180000305175781,12.09000015258789,12.100000381469727,19000000
2010-10-26,9.871064186096191,12.119999885559082,12.135000228881836,11.994999885559082,12.045000076293945,20635800
2010-10-27,9.899567604064941,12.154999732971191,12.164999961853027,12.029999732971191,12.069999694824219,23674600
2010-10-28,9.899567604064941,12.154999732971191,12.21500015258789,12.074999809265137,12.204999923706055,17096200
2010-10-29,9.915858268737793,12.175000190734863,12.225000381469727,12.154999732971191,12.175000190734863,16677200
2010-11-01,9.92400074005127,12.1850004196167,12.3100004196167,12.135000228881836,12.234999656677246,16937800
2010-11-02,10.021738052368164,12.305000305175781,12.335000038146973,12.270000457763672,12.295000076293945,14973800
2010-11-03,10.07874584197998,12.375,12.380000114440918,12.225000381469727,12.324999809265137,30232800
2010-11-04,10.22941780090332,12.5600004196167,12.569999694824219,12.479999542236328,12.505000114440918,27347000
2010-11-05,10.22127628326416,12.550000190734863,12.5649995803833,12.494999885559082,12.5649995803833,17475400
2010-11-08,10.22941780090332,12.5600004196167,12.574999809265137,12.5,12.524999618530273,15004200
2010-11-09,10.200913429260254,12.524999618530273,12.640000343322754,12.46500015258789,12.600000381469727,18159600
2010-11-10,10.209056854248047,12.53499984741211,12.555000305175781,12.420000076293945,12.539999961853027,14106000
2010-11-11,10.05431079864502,12.345000267028809,12.359999656677246,12.220000267028809,12.295000076293945,24255400
2010-11-12,9.911788940429688,12.170000076293945,12.34000015258789,12.109999656677246,12.279999732971191,21570800
2010-11-15,9.883281707763672,12.135000228881836,12.239999771118164,12.125,12.229999542236328,17599200
2010-11-16,9.704106330871582,11.914999961853027,12.09000015258789,11.869999885559082,12.050000190734863,35830800
2010-11-17,9.708173751831055,11.920000076293945,12.0,11.869999885559082,11.930000305175781,20825800
2010-11-18,9.871064186096191,12.119999885559082,12.170000076293945,12.045000076293945,12.050000190734863,21610400
2010-11-19,9.899567604064941,12.154999732971191,12.170000076293945,12.079999923706055,12.119999885559082,10239800
2010-11-22,9.95658016204834,12.225000381469727,12.225000381469727,12.069999694824219,12.100000381469727,18828400
2010-11-23,9.809980392456055,12.045000076293945,12.130000114440918,11.984999656677246,12.109999656677246,22018800
2010-11-24,9.972865104675293,12.244999885559082,12.25,12.130000114440918,12.145000457763672,14432400
2010-11-26,9.875137329101562,12.125,12.220000267028809,12.119999885559082,12.145000457763672,4980000
2010-11-29,9.85070514678955,12.095000267028809,12.149999618530273,11.984999656677246,12.114999771118164,14342000
2010-11-30,9.752969741821289,11.975000381469727,12.039999961853027,11.9350004196167,11.984999656677246,21385600
2010-12-01,9.960650444030762,12.229999542236328,12.265000343322754,12.119999885559082,12.149999618530273,21454600
2010-12-02,10.07874584197998,12.375,12.385000228881836,12.234999656677246,12.244999885559082,19251200
2010-12-03,10.103178024291992,12.404999732971191,12.40999984741211,12.305000305175781,12.3100004196167,18354800
2010-12-06,10.103178024291992,12.404999732971191,12.4350004196167,12.375,12.390000343322754,12875600
2010-12-07,10.115399360656738,12.420000076293945,12.550000190734863,12.40999984741211,12.550000190734863,19821200
2010-12-08,10.200913429260254,12.524999618530273,12.524999618530273,12.404999732971191,12.46500015258789,18021800
2010-12-09,10.209056854248047,12.53499984741211,12.579999923706055,12.484999656677246,12.574999809265137,12462600
2010-12-10,10.257923126220703,12.595000267028809,12.604999542236328,12.520000457763672,12.5600004196167,11634000
2010-12-13,10.237561225891113,12.569999694824219,12.65999984741211,12.5600004196167,12.645000457763672,13802200
2010-12-14,10.253850936889648,12.59000015258789,12.635000228881836,12.5600004196167,12.569999694824219,12583400
2010-12-15,10.213132858276367,12.539999961853027,12.640000343322754,12.505000114440918,12.574999809265137,9197000
2010-12-16,10.22941780090332,12.5600004196167,12.614999771118164,12.5,12.555000305175781,11870400
2010-12-17,10.249856948852539,12.539999961853027,12.5649995803833,12.510000228881836,12.545000076293945,11957600
2010-12-20,10.258027076721191,12.550000190734863,12.585000038146973,12.475000381469727,12.569999694824219,9538400
2010-12-21,10.319329261779785,12.625,12.630000114440918,12.569999694824219,12.59000015258789,11115400
2010-12-22,10.307066917419434,12.609999656677246,12.625,12.59000015258789,12.609999656677246,10815600
2010-12-23,10.302982330322266,12.604999542236328,12.619999885559082,12.5649995803833,12.595000267028809,6456400
2010-12-27,10.32341480255127,12.630000114440918,12.649999618530273,12.524999618530273,12.550000190734863,5982800
2010-12-28,10.311155319213867,12.614999771118164,12.664999961853027,12.604999542236328,12.654999732971191,5815000
2010-12-29,10.33159065246582,12.640000343322754,12.670000076293945,12.625,12.649999618530273,7469800
2010-12-30,10.307066917419434,12.609999656677246,12.645000457763672,12.595000267028809,12.630000114440918,10092000
2010-12-31,10.294808387756348,12.595000267028809,12.619999885559082,12.545000076293945,12.604999542236328,12704200
2011-01-03,10.409244537353516,12.734999656677246,12.805000305175781,12.6899995803833,12.6899995803833,14855000
2011-01-04,10.450111389160156,12.78499984741211,12.8100004196167,12.699999809265137,12.795000076293945,18383400
2011-01-05,10.51141357421875,12.859999656677246,12.875,12.734999656677246,12.760000228881836,23670800
2011-01-06,10.572718620300293,12.9350004196167,12.9350004196167,12.835000038146973,12.890000343322754,22089000
2011-01-07,10.523670196533203,12.875,12.9350004196167,12.765000343322754,12.925000190734863,17831200
2011-01-10,10.53184986114502,12.885000228881836,12.90999984741211,12.800000190734863,12.859999656677246,20666600
2011-01-11,10.515499114990234,12.864999771118164,12.9399995803833,12.824999809265137,12.930000305175781,16782800
2011-01-12,10.609498023986816,12.979999542236328,12.989999771118164,12.895000457763672,12.9399995803833,27155000
2011-01-13,10.601323127746582,12.970000267028809,13.005000114440918,12.930000305175781,12.989999771118164,26086800
2011-01-14,10.695320129394531,13.085000038146973,13.085000038146973,12.954999923706055,12.979999542236328,15706800
2011-01-18,10.707579612731934,13.100000381469727,13.114999771118164,12.989999771118164,13.005000114440918,17266000
2011-01-19,10.62993049621582,13.005000114440918,13.130000114440918,12.96500015258789,13.130000114440918,22431200
2011-01-20,10.572718620300293,12.9350004196167,12.96500015258789,12.824999809265137,12.960000038146973,30717200
2011-01-21,10.51141357421875,12.859999656677246,13.015000343322754,12.854999542236328,13.010000228881836,23263400
2011-01-24,10.658535957336426,13.039999961853027,13.050000190734863,12.864999771118164,12.864999771118164,36983400
2011-01-25,10.707579612731934,13.100000381469727,13.104999542236328,12.979999542236328,13.010000228881836,22027000
2011-01-26,10.76888370513916,13.175000190734863,13.21500015258789,13.100000381469727,13.135000228881836,16571000
2011-01-27,10.805665969848633,13.220000267028809,13.260000228881836,13.145000457763672,13.180000305175781,18093000
2011-01-28,10.556365013122559,12.914999961853027,13.234999656677246,12.869999885559082,13.234999656677246,32363400
2011-01-31,10.621755599975586,12.994999885559082,12.994999885559082,12.850000381469727,12.925000190734863,27973000
2011-02-01,10.801581382751465,13.21500015258789,13.244999885559082,13.074999809265137,13.09000015258789,24745400
2011-02-02,10.822012901306152,13.239999771118164,13.265000343322754,13.1850004196167,13.1850004196167,17495000
2011-02-03,10.838361740112305,13.260000228881836,13.289999961853027,13.125,13.234999656677246,22929000
2011-02-04,10.907837867736816,13.345000267028809,13.354999542236328,13.234999656677246,13.28499984741211,15135200
2011-02-07,10.960970878601074,13.40999984741211,13.475000381469727,13.369999885559082,13.375,19596400
2011-02-08,11.00592041015625,13.46500015258789,13.475000381469727,13.385000228881836,13.4399995803833,10376000
2011-02-09,10.985488891601562,13.4399995803833,13.479999542236328,13.399999618530273,13.444999694824219,10374400
2011-02-10,10.93644905090332,13.380000114440918,13.414999961853027,13.28499984741211,13.335000038146973,15676800
2011-02-11,10.99366569519043,13.449999809265137,13.470000267028809,13.350000381469727,13.385000228881836,25499200
2011-02-14,11.010013580322266,13.470000267028809,13.494999885559082,13.4350004196167,13.4399995803833,11883600
2011-02-15,10.96914291381836,13.420000076293945,13.444999694824219,13.369999885559082,13.444999694824219,12084800
2011-02-16,11.030447006225586,13.494999885559082,13.510000228881836,13.420000076293945,13.460000038146973,13573000
2011-02-17,11.05087947845459,13.520000457763672,13.53499984741211,13.420000076293945,13.430000305175781,13297800
2011-02-18,11.034530639648438,13.5,13.545000076293945,13.46500015258789,13.53499984741211,12668200
2011-02-22,10.764799118041992,13.170000076293945,13.395000457763672,13.145000457763672,13.329999923706055,44693600
2011-02-23,10.638105392456055,13.015000343322754,13.149999618530273,12.9350004196167,13.125,24511800
2011-02-24,10.674888610839844,13.0600004196167,13.100000381469727,12.914999961853027,13.024999618530273,22663400
2011-02-25,10.809755325317383,13.225000381469727,13.239999771118164,13.119999885559082,13.145000457763672,15605800
2011-02-28,10.85470962524414,13.279999732971191,13.3149995803833,13.1899995803833,13.270000457763672,18504600
2011-03-01,10.646275520324707,13.024999618530273,13.329999923706055,13.015000343322754,13.305000305175781,29088000
2011-03-02,10.711668968200684,13.104999542236328,13.204999923706055,13.029999732971191,13.045000076293945,19854600
2011-03-03,10.883315086364746,13.3149995803833,13.319999694824219,13.225000381469727,13.229999542236328,19117000
2011-03-04,10.797494888305664,13.210000038146973,13.3149995803833,13.130000114440918,13.3149995803833,27781400
2011-03-07,10.658535957336426,13.039999961853027,13.265000343322754,12.960000038146973,13.265000343322754,29609400
2011-03-08,10.74844741821289,13.149999618530273,13.204999923706055,13.0,13.050000190734863,21926400
2011-03-09,10.703495979309082,13.095000267028809,13.145000457763672,13.015000343322754,13.109999656677246,23727000
2011-03-10,10.5032377243042,12.850000381469727,12.954999923706055,12.829999923706055,12.944999694824219,29591200
2011-03-11,10.544108390808105,12.899999618530273,12.949999809265137,12.779999732971191,12.779999732971191,22764400
2011-03-14,10.495064735412598,12.84000015258789,12.925000190734863,12.765000343322754,12.835000038146973,19229600
2011-03-15,10.339762687683105,12.649999618530273,12.71500015258789,12.4350004196167,12.46500015258789,29789400
2011-03-16,10.086379051208496,12.34000015258789,12.625,12.260000228881836,12.579999923706055,42762200
2011-03-17,10.192636489868164,12.470000267028809,12.59000015258789,12.449999809265137,12.510000228881836,21866200
2011-03-18,10.210679054260254,12.449999809265137,12.600000381469727,12.4350004196167,12.595000267028809,36830200
2011-03-21,10.382905006408691,12.65999984741211,12.734999656677246,12.630000114440918,12.649999618530273,17801200
2011-03-22,10.366503715515137,12.640000343322754,12.6899995803833,12.625,12.680000305175781,18278600
2011-03-23,10.42391300201416,12.710000038146973,12.744999885559082,12.555000305175781,12.609999656677246,11671200
2011-03-24,10.587939262390137,12.90999984741211,12.925000190734863,12.75,12.8100004196167,20801200
2011-03-25,10.612544059753418,12.9399995803833,13.010000228881836,12.925000190734863,12.949999809265137,12480200
2011-03-28,10.587939262390137,12.90999984741211,13.020000457763672,12.899999618530273,12.989999771118164,16532200
2011-03-29,10.661752700805664,13.0,13.005000114440918,12.835000038146973,12.895000457763672,10271600
2011-03-30,10.70686149597168,13.055000305175781,13.085000038146973,13.024999618530273,13.074999809265137,12454600
2011-03-31,10.68635368347168,13.029999732971191,13.074999809265137,13.010000228881836,13.03499984741211,12432000
2011-04-01,10.665852546691895,13.005000114440918,13.119999885559082,12.96500015258789,13.09000015258789,21874800
2011-04-04,10.628949165344238,12.960000038146973,13.039999961853027,12.90999984741211,13.03499984741211,11739600
2011-04-05,10.612544059753418,12.9399995803833,13.03499984741211,12.925000190734863,12.954999923706055,19828400
2011-04-06,10.690459251403809,13.03499984741211,13.055000305175781,12.960000038146973,13.029999732971191,21893200
2011-04-07,10.694561958312988,13.039999961853027,13.085000038146973,12.9350004196167,13.020000457763672,18300600
2011-04-08,10.633049964904785,12.96500015258789,13.09000015258789,12.920000076293945,13.09000015258789,12734000
2011-04-11,10.616644859313965,12.944999694824219,13.015000343322754,12.904999732971191,12.984999656677246,11592800
2011-04-12,10.530531883239746,12.84000015258789,12.904999732971191,12.795000076293945,12.869999885559082,16106800
2011-04-13,10.596146583557129,12.920000076293945,12.970000267028809,12.850000381469727,12.904999732971191,14444400
2011-04-14,10.575640678405762,12.895000457763672,12.90999984741211,12.78499984741211,12.854999542236328,11015000
2011-04-15,10.55513858795166,12.869999885559082,12.899999618530273,12.795000076293945,12.859999656677246,20343600
2011-04-18,10.460821151733398,12.755000114440918,12.760000228881836,12.600000381469727,12.734999656677246,17627000
2011-04-19,10.489522933959961,12.789999961853027,12.789999961853027,12.710000038146973,12.770000457763672,19927800
2011-04-20,10.710959434509277,13.0600004196167,13.079999923706055,12.970000267028809,12.979999542236328,18449000
2011-04-21,10.805278778076172,13.175000190734863,13.1850004196167,13.109999656677246,13.180000305175781,20296000
2011-04-25,10.813480377197266,13.1850004196167,13.199999809265137,13.145000457763672,13.175000190734863,12519400
2011-04-26,10.903696060180664,13.295000076293945,13.34000015258789,13.194999694824219,13.21500015258789,14400000
2011-04-27,10.969304084777832,13.375,13.395000457763672,13.270000457763672,13.324999809265137,16033800
2011-04-28,10.973406791687012,13.380000114440918,13.395000457763672,13.319999694824219,13.345000267028809,16963600
2011-04-29,10.965200424194336,13.369999885559082,13.395000457763672,13.329999923706055,13.369999885559082,15000000
2011-05-02,10.924195289611816,13.319999694824219,13.444999694824219,13.305000305175781,13.430000305175781,13415000
2011-05-03,10.92829418182373,13.324999809265137,13.350000381469727,13.239999771118164,13.319999694824219,16303600
2011-05-04,10.895491600036621,13.28499984741211,13.354999542236328,13.194999694824219,13.329999923706055,21753800
2011-05-05,10.838080406188965,13.21500015258789,13.350000381469727,13.170000076293945,13.25,26800000
2011-05-06,10.858585357666016,13.239999771118164,13.399999618530273,13.229999542236328,13.329999923706055,21269000
2011-05-09,10.903696060180664,13.295000076293945,13.34000015258789,13.220000267028809,13.270000457763672,7888200
2011-05-10,11.002111434936523,13.414999961853027,13.430000305175781,13.305000305175781,13.324999809265137,27132000
2011-05-11,10.903696060180664,13.295000076293945,13.4399995803833,13.220000267028809,13.40999984741211,23684800
2011-05-12,10.985708236694336,13.395000457763672,13.40999984741211,13.1850004196167,13.260000228881836,21935400
2011-05-13,10.850385665893555,13.229999542236328,13.359999656677246,13.21500015258789,13.345000267028809,20408200
2011-05-16,10.694561958312988,13.039999961853027,13.234999656677246,13.015000343322754,13.170000076293945,33938800
2011-05-17,10.694561958312988,13.039999961853027,13.045000076293945,12.895000457763672,12.96500015258789,110101200
2011-05-18,10.772477149963379,13.135000228881836,13.154999732971191,13.024999618530273,13.050000190734863,23915400
2011-05-19,10.792974472045898,13.15999984741211,13.1899995803833,13.079999923706055,13.1850004196167,16237000
2011-05-20,10.731467247009277,13.085000038146973,13.180000305175781,13.055000305175781,13.145000457763672,26858600
2011-05-23,10.579741477966309,12.899999618530273,12.949999809265137,12.850000381469727,12.904999732971191,25196800
2011-05-24,10.546932220458984,12.859999656677246,12.9350004196167,12.854999542236328,12.930000305175781,17531400
2011-05-25,10.579741477966309,12.899999618530273,12.96500015258789,12.819999694824219,12.84000015258789,24816200
2011-05-26,10.649454116821289,12.984999656677246,13.010000228881836,12.875,12.880000114440918,22264200
2011-05-27,10.7027587890625,13.050000190734863,13.050000190734863,12.979999542236328,12.994999885559082,25109200
2011-05-31,10.850385665893555,13.229999542236328,13.229999542236328,13.095000267028809,13.15999984741211,21345200
2011-06-01,10.624847412109375,12.954999923706055,13.239999771118164,12.944999694824219,13.194999694824219,33255000
2011-06-02,10.633049964904785,12.96500015258789,13.015000343322754,12.904999732971191,12.970000267028809,20809800
2011-06-03,10.473124504089355,12.770000457763672,12.895000457763672,12.755000114440918,12.8149995803833,21554600
2011-06-06,10.395210266113281,12.675000190734863,12.800000190734863,12.664999961853027,12.760000228881836,16872000
2011-06-07,10.362407684326172,12.635000228881836,12.744999885559082,12.630000114440918,12.71500015258789,17582000
2011-06-08,10.292692184448242,12.550000190734863,12.619999885559082,12.515000343322754,12.585000038146973,19987200
2011-06-09,10.30089282989502,12.5600004196167,12.609999656677246,12.520000457763672,12.555000305175781,10667000
2011-06-10,10.15737247467041,12.385000228881836,12.529999732971191,12.375,12.515000343322754,21798400
2011-06-13,10.165571212768555,12.395000457763672,12.454999923706055,12.350000381469727,12.395000457763672,23329800
2011-06-14,10.292692184448242,12.550000190734863,12.585000038146973,12.489999771118164,12.505000114440918,18234400
2011-06-15,10.099959373474121,12.3149995803833,12.489999771118164,12.289999961853027,12.430000305175781,33123400
2011-06-16,10.075356483459473,12.28499984741211,12.375,12.194999694824219,12.305000305175781,18411800
2011-06-17,10.066302299499512,12.225000381469727,12.375,12.194999694824219,12.364999771118164,39895800
2011-06-20,10.103351593017578,12.270000457763672,12.305000305175781,12.170000076293945,12.175000190734863,17454200
2011-06-21,10.284503936767578,12.489999771118164,12.515000343322754,12.279999732971191,12.335000038146973,28681800
2011-06-22,10.210399627685547,12.399999618530273,12.494999885559082,12.390000343322754,12.420000076293945,22092400
2011-06-23,10.280391693115234,12.484999656677246,12.494999885559082,12.220000267028809,12.25,25150400
2011-06-24,10.103351593017578,12.270000457763672,12.449999809265137,12.255000114440918,12.444999694824219,23521200
2011-06-27,10.239218711853027,12.4350004196167,12.5,12.260000228881836,12.295000076293945,23962000
2011-06-28,10.366851806640625,12.59000015258789,12.595000267028809,12.460000038146973,12.470000267028809,16118800
2011-06-29,10.44919204711914,12.6899995803833,12.6899995803833,12.5600004196167,12.635000228881836,16565600
2011-06-30,10.580937385559082,12.850000381469727,12.864999771118164,12.729999542236328,12.744999885559082,18197000
2011-07-01,10.75385570526123,13.0600004196167,13.079999923706055,12.824999809265137,12.864999771118164,22902600
2011-07-05,10.770325660705566,13.079999923706055,13.100000381469727,13.020000457763672,13.050000190734863,16311800
2011-07-06,10.81972885131836,13.140000343322754,13.164999961853027,13.024999618530273,13.074999809265137,13517200
2011-07-07,10.951475143432617,13.300000190734863,13.329999923706055,13.21500015258789,13.225000381469727,26018200
2011-07-08,10.89795207977295,13.234999656677246,13.234999656677246,13.100000381469727,13.175000190734863,23908400
2011-07-11,10.71679973602295,13.015000343322754,13.154999732971191,12.970000267028809,13.09000015258789,23381400
2011-07-12,10.622109413146973,12.899999618530273,13.020000457763672,12.885000228881836,12.975000381469727,18861800
2011-07-13,10.64681339263916,12.930000305175781,13.0649995803833,12.890000343322754,12.96500015258789,11160200
2011-07-14,10.556233406066895,12.819999694824219,13.039999961853027,12.770000457763672,12.954999923706055,21495400
2011-07-15,10.671513557434082,12.960000038146973,12.975000381469727,12.864999771118164,12.944999694824219,28470800
2011-07-18,10.63446044921875,12.914999961853027,12.96500015258789,12.800000190734863,12.895000457763672,16761200
2011-07-19,10.889720916748047,13.225000381469727,13.229999542236328,13.029999732971191,13.039999961853027,24640800
2011-07-20,10.856785774230957,13.1850004196167,13.324999809265137,13.15999984741211,13.324999809265137,11853600
2011-07-21,10.906187057495117,13.244999885559082,13.3100004196167,13.100000381469727,13.164999961853027,22424400
2011-07-22,11.000882148742676,13.359999656677246,13.385000228881836,13.225000381469727,13.239999771118164,12630000
2011-07-25,10.972060203552246,13.324999809265137,13.395000457763672,13.220000267028809,13.25,11805600
2011-07-26,11.021466255187988,13.385000228881836,13.4399995803833,13.3149995803833,13.335000038146973,16658800
2011-07-27,10.729153633117676,13.029999732971191,13.260000228881836,13.005000114440918,13.25,26931400
2011-07-28,10.712681770324707,13.010000228881836,13.154999732971191,12.96500015258789,13.010000228881836,21409200
2011-07-29,10.626225471496582,12.904999732971191,13.045000076293945,12.805000305175781,12.890000343322754,22955000
2011-08-01,10.617993354797363,12.895000457763672,13.104999542236328,12.744999885559082,13.069999694824219,23996200
2011-08-02,10.39566707611084,12.625,12.890000343322754,12.604999542236328,12.819999694824219,42248200
2011-08-03,10.50270938873291,12.755000114440918,12.789999961853027,12.460000038146973,12.635000228881836,43071200
2011-08-04,10.078651428222656,12.239999771118164,12.630000114440918,12.220000267028809,12.604999542236328,67391800
2011-08-05,10.016890525817871,12.164999961853027,12.380000114440918,11.805000305175781,12.324999809265137,65683400
2011-08-08,9.452853202819824,11.479999542236328,11.989999771118164,11.479999542236328,11.795000076293945,89921600
2011-08-09,9.885149002075195,12.005000114440918,12.010000228881836,11.3100004196167,11.609999656677246,83606000
2011-08-10,9.49814224243164,11.53499984741211,11.895000457763672,11.505000114440918,11.779999732971191,69241200
2011-08-11,9.860445976257324,11.975000381469727,12.130000114440918,11.645000457763672,11.710000038146973,63193000
2011-08-12,9.930434226989746,12.0600004196167,12.145000457763672,11.944999694824219,12.130000114440918,29171800
2011-08-15,10.107470512390137,12.274999618530273,12.289999961853027,12.095000267028809,12.154999732971191,69936400
2011-08-16,10.033366203308105,12.1850004196167,12.274999618530273,12.020000457763672,12.175000190734863,40466400
2011-08-17,9.988077163696289,12.130000114440918,12.28499984741211,12.005000114440918,12.175000190734863,43154600
2011-08-18,9.502257347106934,11.539999961853027,11.789999961853027,11.425000190734863,11.78499984741211,61895000
2011-08-19,9.27170181274414,11.260000228881836,11.600000381469727,11.234999656677246,11.390000343322754,75489400
2011-08-22,9.32110595703125,11.319999694824219,11.515000343322754,11.274999618530273,11.489999771118164,40644800
2011-08-23,9.662822723388672,11.734999656677246,11.744999885559082,11.359999656677246,11.399999618530273,37140400
2011-08-24,9.749283790588379,11.84000015258789,11.869999885559082,11.640000343322754,11.725000381469727,44978600
2011-08-25,9.609302520751953,11.670000076293945,11.895000457763672,11.630000114440918,11.84000015258789,40875600
2011-08-26,9.798691749572754,11.899999618530273,11.9350004196167,11.5,11.625,46332800
2011-08-29,10.0457181930542,12.199999809265137,12.204999923706055,12.015000343322754,12.020000457763672,39852000
2011-08-30,10.08688735961914,12.25,12.3149995803833,12.085000038146973,12.175000190734863,24940400
2011-08-31,10.062180519104004,12.220000267028809,12.399999618530273,12.119999885559082,12.3149995803833,24520600
2011-09-01,9.951021194458008,12.085000038146973,12.34000015258789,12.079999923706055,12.244999885559082,22643200
2011-09-02,9.724579811096191,11.8100004196167,11.944999694824219,11.765000343322754,11.880000114440918,28679000
2011-09-06,9.679291725158691,11.755000114440918,11.779999732971191,11.5,11.555000305175781,22863200
2011-09-07,9.930434226989746,12.0600004196167,12.0600004196167,11.899999618530273,11.925000190734863,21515400
2011-09-08,9.881031036376953,12.0,12.175000190734863,11.970000267028809,12.015000343322754,18912000
2011-09-09,9.671061515808105,11.744999885559082,11.975000381469727,11.6850004196167,11.90999984741211,33013800
2011-09-12,9.786337852478027,11.885000228881836,11.890000343322754,11.609999656677246,11.625,22505200
2011-09-13,9.90161418914795,12.024999618530273,12.0600004196167,11.859999656677246,11.9399995803833,32684400
2011-09-14,10.04982852935791,12.204999923706055,12.34000015258789,11.970000267028809,12.114999771118164,33621600
2011-09-15,10.210399627685547,12.399999618530273,12.425000190734863,12.229999542236328,12.324999809265137,25153800
2011-09-16,10.323637008666992,12.489999771118164,12.489999771118164,12.364999771118164,12.395000457763672,30007200
2011-09-19,10.29883861541748,12.460000038146973,12.510000228881836,12.229999542236328,12.329999923706055,23528800
2011-09-20,10.274044036865234,12.430000305175781,12.645000457763672,12.420000076293945,12.529999732971191,49468200
2011-09-21,10.12113094329834,12.244999885559082,12.574999809265137,12.239999771118164,12.479999542236328,44161600
2011-09-22,9.80704116821289,11.864999771118164,12.039999961853027,11.710000038146973,11.925000190734863,82462000
2011-09-23,9.918623924255371,12.0,12.039999961853027,11.779999732971191,11.829999923706055,52197800
2011-09-26,10.042603492736816,12.149999618530273,12.175000190734863,11.854999542236328,12.055000305175781,41016200
2011-09-27,10.170727729797363,12.305000305175781,12.489999771118164,12.234999656677246,12.359999656677246,43886800
2011-09-28,10.026078224182129,12.130000114440918,12.420000076293945,12.119999885559082,12.345000267028809,24657600
2011-09-29,10.005412101745605,12.104999542236328,12.354999542236328,11.914999961853027,12.3100004196167,39385800
2011-09-30,9.753317832946777,11.800000190734863,12.045000076293945,11.78499984741211,11.944999694824219,32973200
2011-10-03,9.534276962280273,11.53499984741211,11.880000114440918,11.520000457763672,11.704999923706055,47078800
2011-10-04,9.728519439697266,11.770000457763672,11.774999618530273,11.300000190734863,11.40999984741211,33952200
2011-10-05,9.931026458740234,12.015000343322754,12.03499984741211,11.649999618530273,11.744999885559082,26480200
2011-10-06,10.079805374145508,12.194999694824219,12.199999809265137,11.920000076293945,11.989999771118164,21334800
2011-10-07,10.042603492736816,12.149999618530273,12.274999618530273,12.074999809265137,12.210000038146973,19545200
2011-10-10,10.352568626403809,12.524999618530273,12.53499984741211,12.28499984741211,12.28499984741211,16416600
2011-10-11,10.398026466369629,12.579999923706055,12.609999656677246,12.449999809265137,12.479999542236328,21544600
2011-10-12,10.443488121032715,12.635000228881836,12.770000457763672,12.635000228881836,12.680000305175781,19226600
2011-10-13,10.559202194213867,12.774999618530273,12.78499984741211,12.595000267028809,12.625,19951400
2011-10-14,10.745177268981934,13.0,13.020000457763672,12.890000343322754,12.949999809265137,23006000
2011-10-17,10.575736045837402,12.795000076293945,12.979999542236328,12.739999771118164,12.975000381469727,17802600
2011-10-18,10.670787811279297,12.90999984741211,12.984999656677246,12.640000343322754,12.760000228881836,17419600
2011-10-19,10.464153289794922,12.65999984741211,12.859999656677246,12.635000228881836,12.835000038146973,24489600
2011-10-20,10.418689727783203,12.604999542236328,12.670000076293945,12.449999809265137,12.654999732971191,17875400
2011-10-21,10.55094051361084,12.765000343322754,12.829999923706055,12.670000076293945,12.744999885559082,19584600
2011-10-24,10.7162504196167,12.96500015258789,13.005000114440918,12.78499984741211,12.8100004196167,25305200
2011-10-25,10.546807289123535,12.760000228881836,12.9350004196167,12.725000381469727,12.930000305175781,24070000
2011-10-26,10.592267990112305,12.8149995803833,12.885000228881836,12.579999923706055,12.880000114440918,14990200
2011-10-27,10.906355857849121,13.194999694824219,13.279999732971191,13.024999618530273,13.114999771118164,27882200
2011-10-28,10.943551063537598,13.239999771118164,13.270000457763672,13.125,13.140000343322754,18011600
2011-10-31,10.749310493469238,13.005000114440918,13.15999984741211,12.994999885559082,13.109999656677246,12862400
2011-11-01,10.451751708984375,12.645000457763672,12.78499984741211,12.619999885559082,12.699999809265137,33196600
2011-11-02,10.579865455627441,12.800000190734863,12.859999656677246,12.704999923706055,12.805000305175781,17999400
2011-11-03,10.831966400146484,13.104999542236328,13.119999885559082,12.789999961853027,12.9399995803833,23279200
2011-11-04,10.765843391418457,13.024999618530273,13.0649995803833,12.899999618530273,13.005000114440918,11387800
2011-11-07,10.831966400146484,13.104999542236328,13.119999885559082,12.885000228881836,13.015000343322754,12765000
2011-11-08,10.955948829650879,13.255000114440918,13.270000457763672,13.069999694824219,13.204999923706055,14476200
2011-11-09,10.575736045837402,12.795000076293945,13.024999618530273,12.760000228881836,13.0,20789600
2011-11-10,10.608796119689941,12.835000038146973,12.960000038146973,12.725000381469727,12.954999923706055,11454200
2011-11-11,10.811302185058594,13.079999923706055,13.119999885559082,12.949999809265137,12.954999923706055,9877200
2011-11-14,10.728647232055664,12.979999542236328,13.109999656677246,12.944999694824219,13.050000190734863,6522000
2011-11-15,10.873292922973633,13.154999732971191,13.199999809265137,12.954999923706055,12.960000038146973,15485600
2011-11-16,10.712117195129395,12.960000038146973,13.170000076293945,12.9350004196167,13.050000190734863,17483000
2011-11-17,10.505475997924805,12.710000038146973,12.9350004196167,12.604999542236328,12.925000190734863,24996600
2011-11-18,10.418689727783203,12.604999542236328,12.725000381469727,12.59000015258789,12.699999809265137,14593800
2011-11-21,10.236847877502441,12.385000228881836,12.475000381469727,12.270000457763672,12.46500015258789,18826000
2011-11-22,10.220314025878906,12.364999771118164,12.430000305175781,12.265000343322754,12.359999656677246,14135600
2011-11-23,9.976487159729004,12.069999694824219,12.289999961853027,12.069999694824219,12.265000343322754,25073600
2011-11-25,9.922757148742676,12.005000114440918,12.180000305175781,12.005000114440918,12.03499984741211,14131800
2011-11-28,10.249248504638672,12.399999618530273,12.420000076293945,12.305000305175781,12.3100004196167,19591800
2011-11-29,10.195524215698242,12.335000038146973,12.489999771118164,12.305000305175781,12.40999984741211,9531000
2011-11-30,10.58813762664795,12.8100004196167,12.819999694824219,12.625,12.65999984741211,27460600
2011-12-01,10.645988464355469,12.880000114440918,12.904999732971191,12.774999618530273,12.774999618530273,15959400
2011-12-02,10.637724876403809,12.869999885559082,13.010000228881836,12.850000381469727,12.975000381469727,11084800
2011-12-05,10.757575035095215,13.015000343322754,13.114999771118164,12.949999809265137,13.050000190734863,12168000
2011-12-06,10.753440856933594,13.010000228881836,13.079999923706055,12.954999923706055,13.015000343322754,11733200
2011-12-07,10.765843391418457,13.024999618530273,13.074999809265137,12.850000381469727,12.960000038146973,11650600
2011-12-08,10.596396446228027,12.819999694824219,13.03499984741211,12.800000190734863,12.954999923706055,13632200
2011-12-09,10.761709213256836,13.020000457763672,13.045000076293945,12.845000267028809,12.854999542236328,16561200
2011-12-12,10.625327110290527,12.854999542236328,12.90999984741211,12.760000228881836,12.904999732971191,116342000
2011-12-13,10.526141166687012,12.734999656677246,12.984999656677246,12.694999694824219,12.944999694824219,23459600
2011-12-14,10.364961624145508,12.539999961853027,12.720000267028809,12.494999885559082,12.710000038146973,27793400
2011-12-15,10.340164184570312,12.510000228881836,12.675000190734863,12.5,12.664999961853027,18948000
2011-12-16,10.36880874633789,12.489999771118164,12.645000457763672,12.454999923706055,12.520000457763672,39399000
2011-12-19,10.26918888092041,12.369999885559082,12.5600004196167,12.329999923706055,12.529999732971191,20306400
2011-12-20,10.559749603271484,12.720000267028809,12.734999656677246,12.53499984741211,12.53499984741211,17925600
2011-12-21,10.385406494140625,12.510000228881836,12.640000343322754,12.364999771118164,12.640000343322754,18212600
2011-12-22,10.505783081054688,12.654999732971191,12.654999732971191,12.550000190734863,12.550000190734863,9373800
2011-12-23,10.60955810546875,12.779999732971191,12.779999732971191,12.654999732971191,12.654999732971191,9490600
2011-12-27,10.626158714294434,12.800000190734863,12.84000015258789,12.744999885559082,12.755000114440918,5578000
2011-12-28,10.518239974975586,12.670000076293945,12.805000305175781,12.640000343322754,12.800000190734863,9702600
2011-12-29,10.59710693359375,12.765000343322754,12.78499984741211,12.680000305175781,12.699999809265137,11777800
2011-12-30,10.563896179199219,12.725000381469727,12.805000305175781,12.725000381469727,12.75,7502600
2012-01-03,10.71332836151123,12.904999732971191,13.010000228881836,12.895000457763672,12.9350004196167,53679800
2012-01-04,10.74238109588623,12.9399995803833,12.96500015258789,12.829999923706055,12.899999618530273,9488600
2012-01-05,10.775591850280762,12.979999542236328,13.005000114440918,12.864999771118164,12.925000190734863,13513800
2012-01-06,10.779741287231445,12.984999656677246,13.015000343322754,12.925000190734863,12.989999771118164,9978400
2012-01-09,10.763140678405762,12.96500015258789,13.039999961853027,12.930000305175781,13.029999732971191,8173200
2012-01-10,10.800492286682129,13.010000228881836,13.114999771118164,13.010000228881836,13.09000015258789,11466200
2012-01-11,10.83370304107666,13.050000190734863,13.085000038146973,12.975000381469727,12.984999656677246,8307600
2012-01-12,10.887661933898926,13.114999771118164,13.125,13.005000114440918,13.079999923706055,9731000
2012-01-13,10.825401306152344,13.039999961853027,13.055000305175781,12.944999694824219,13.03499984741211,11943000
2012-01-17,10.875212669372559,13.100000381469727,13.1899995803833,13.069999694824219,13.130000114440918,11066200
2012-01-18,11.03294563293457,13.289999961853027,13.305000305175781,13.130000114440918,13.135000228881836,14418800
2012-01-19,11.111809730529785,13.385000228881836,13.414999961853027,13.345000267028809,13.359999656677246,14850400
2012-01-20,11.124258995056152,13.399999618530273,13.420000076293945,13.354999542236328,13.359999656677246,26720600
2012-01-23,11.16161823272705,13.444999694824219,13.515000343322754,13.359999656677246,13.420000076293945,58044400
2012-01-24,11.153319358825684,13.4350004196167,13.460000038146973,13.369999885559082,13.385000228881836,11501800
2012-01-25,11.240484237670898,13.539999961853027,13.579999923706055,13.420000076293945,13.5600004196167,35868400
2012-01-26,11.165772438049316,13.449999809265137,13.600000381469727,13.395000457763672,13.585000038146973,17425800
2012-01-27,11.165772438049316,13.449999809265137,13.484999656677246,13.399999618530273,13.399999618530273,16520400
2012-01-30,11.19897747039795,13.489999771118164,13.510000228881836,13.324999809265137,13.335000038146973,15382400
2012-01-31,11.219735145568848,13.515000343322754,13.585000038146973,13.4350004196167,13.579999923706055,16178600
2012-02-01,11.331804275512695,13.649999618530273,13.710000038146973,13.595000267028809,13.645000457763672,17944800
2012-02-02,11.360857009887695,13.6850004196167,13.739999771118164,13.649999618530273,13.699999809265137,12041000
2012-02-03,11.506138801574707,13.859999656677246,13.885000228881836,13.774999618530273,13.800000190734863,14786400
2012-02-06,11.510290145874023,13.864999771118164,13.875,13.78499984741211,13.819999694824219,13401200
2012-02-07,11.539344787597656,13.899999618530273,13.9350004196167,13.795000076293945,13.859999656677246,14776000
2012-02-08,11.609912872314453,13.984999656677246,14.0,13.885000228881836,13.930000305175781,22989800
2012-02-09,11.721979141235352,14.119999885559082,14.140000343322754,14.005000114440918,14.050000190734863,18972800
2012-02-10,11.634817123413086,14.015000343322754,14.045000076293945,13.96500015258789,14.024999618530273,12739000
2012-02-13,11.709532737731934,14.104999542236328,14.135000228881836,14.024999618530273,14.114999771118164,16844000
2012-02-14,11.730281829833984,14.130000114440918,14.140000343322754,14.015000343322754,14.09000015258789,13086000
2012-02-15,11.66801929473877,14.055000305175781,14.289999961853027,14.029999732971191,14.199999809265137,24426200
2012-02-16,11.838205337524414,14.260000228881836,14.274999618530273,14.03499984741211,14.055000305175781,20095600
2012-02-17,11.838205337524414,14.260000228881836,14.305000305175781,14.210000038146973,14.305000305175781,18570000
2012-02-21,11.888016700744629,14.319999694824219,14.385000228881836,14.234999656677246,14.279999732971191,19440800
2012-02-22,11.846512794494629,14.270000457763672,14.335000038146973,14.239999771118164,14.300000190734863,16206000
2012-02-23,11.892165184020996,14.324999809265137,14.350000381469727,14.175000190734863,14.255000114440918,11013400
2012-02-24,11.962728500366211,14.40999984741211,14.4350004196167,14.369999885559082,14.375,10992000
2012-02-27,11.983488082885742,14.4350004196167,14.475000381469727,14.265000343322754,14.34000015258789,17053000
2012-02-28,12.07065200805664,14.539999961853027,14.539999961853027,14.420000076293945,14.449999809265137,20220200
2012-02-29,12.016695976257324,14.475000381469727,14.604999542236328,14.420000076293945,14.550000190734863,20911600
2012-03-01,12.08725643157959,14.5600004196167,14.585000038146973,14.484999656677246,14.550000190734863,27944800
2012-03-02,12.07065200805664,14.539999961853027,14.595000267028809,14.5,14.550000190734863,17570800
2012-03-05,11.96688175201416,14.414999961853027,14.550000190734863,14.359999656677246,14.524999618530273,14492400
2012-03-06,11.850658416748047,14.274999618530273,14.305000305175781,14.194999694824219,14.274999618530273,28072800
2012-03-07,11.937829971313477,14.380000114440918,14.399999618530273,14.3149995803833,14.335000038146973,21582000
2012-03-08,12.058197975158691,14.524999618530273,14.555000305175781,14.425000190734863,14.454999923706055,14517800
2012-03-09,12.112160682678223,14.59000015258789,14.604999542236328,14.539999961853027,14.545000076293945,12731600
2012-03-12,12.128764152526855,14.609999656677246,14.625,14.539999961853027,14.579999923706055,11853600
2012-03-13,12.369515419006348,14.899999618530273,14.899999618530273,14.680000305175781,14.694999694824219,38024200
2012-03-14,12.41517448425293,14.954999923706055,15.020000457763672,14.859999656677246,14.90999984741211,25483600
2012-03-15,12.448380470275879,14.994999885559082,15.029999732971191,14.930000305175781,15.015000343322754,24901000
2012-03-16,12.442548751831055,14.9399995803833,14.984999656677246,14.914999961853027,14.984999656677246,18957600
2012-03-19,12.534161567687988,15.050000190734863,15.085000038146973,14.9350004196167,14.970000267028809,17861600
2012-03-20,12.521668434143066,15.03499984741211,15.055000305175781,14.920000076293945,14.960000038146973,11426200
2012-03-21,12.517507553100586,15.029999732971191,15.125,15.024999618530273,15.0600004196167,17650000
2012-03-22,12.488358497619629,14.994999885559082,15.03499984741211,14.9399995803833,14.96500015258789,15001800
2012-03-23,12.488358497619629,14.994999885559082,15.020000457763672,14.914999961853027,15.020000457763672,19023200
2012-03-26,12.671584129333496,15.21500015258789,15.220000267028809,15.0600004196167,15.095000267028809,24374400
2012-03-27,12.667414665222168,15.210000038146973,15.270000457763672,15.199999809265137,15.229999542236328,12876000
2012-03-28,12.621610641479492,15.154999732971191,15.265000343322754,15.079999923706055,15.210000038146973,12979000
2012-03-29,12.596625328063965,15.125,15.145000457763672,15.015000343322754,15.074999809265137,11474400
2012-03-30,12.559146881103516,15.079999923706055,15.1899995803833,15.03499984741211,15.175000190734863,16014600
2012-04-02,12.692399978637695,15.239999771118164,15.260000228881836,15.045000076293945,15.074999809265137,32815600
2012-04-03,12.684072494506836,15.229999542236328,15.3100004196167,15.149999618530273,15.265000343322754,13552400
2012-04-04,12.534161567687988,15.050000190734863,15.114999771118164,14.954999923706055,15.104999542236328,18419600
2012-04-05,12.563309669494629,15.085000038146973,15.100000381469727,14.984999656677246,15.0,10119800
2012-04-09,12.475862503051758,14.979999542236328,15.055000305175781,14.890000343322754,14.899999618530273,13779800
2012-04-10,12.300970077514648,14.770000457763672,15.045000076293945,14.734999656677246,14.984999656677246,28745800
2012-04-11,12.371759414672852,14.854999542236328,14.930000305175781,14.819999694824219,14.890000343322754,18613200
2012-04-12,12.525833129882812,15.039999961853027,15.055000305175781,14.875,14.890000343322754,18139000
2012-04-13,12.330120086669922,14.805000305175781,15.0,14.789999961853027,15.0,21060800
2012-04-16,12.201026916503906,14.649999618530273,14.895000457763672,14.625,14.890000343322754,40978000
2012-04-17,12.46753978729248,14.970000267028809,14.994999885559082,14.694999694824219,14.699999809265137,20538200
2012-04-18,12.375925064086914,14.859999656677246,14.925000190734863,14.8100004196167,14.885000228881836,14212800
2012-04-19,12.238506317138672,14.694999694824219,14.944999694824219,14.609999656677246,14.8100004196167,38465200
2012-04-20,12.192700386047363,14.640000343322754,14.8149995803833,14.625,14.755000114440918,23242600
2012-04-23,12.096923828125,14.524999618530273,14.5649995803833,14.399999618530273,14.524999618530273,31060600
2012-04-24,12.071939468383789,14.494999885559082,14.600000381469727,14.4399995803833,14.510000228881836,19248800
2012-04-25,12.41340160369873,14.904999732971191,14.920000076293945,14.8100004196167,14.8100004196167,28710400
2012-04-26,12.509178161621094,15.020000457763672,15.050000190734863,14.899999618530273,14.899999618530273,18953600
2012-04-27,12.505012512207031,15.015000343322754,15.0649995803833,14.954999923706055,15.039999961853027,11353200
2012-04-30,12.41756534576416,14.90999984741211,15.005000114440918,14.890000343322754,14.994999885559082,20123600
2012-05-01,12.459209442138672,14.960000038146973,15.109999656677246,14.880000114440918,14.899999618530273,23355800
2012-05-02,12.46753978729248,14.970000267028809,14.975000381469727,14.845000267028809,14.880000114440918,12842600
2012-05-03,12.363431930541992,14.845000267028809,15.0,14.805000305175781,14.994999885559082,18397800
2012-05-04,12.105253219604492,14.53499984741211,14.739999771118164,14.529999732971191,14.71500015258789,24187200
2012-05-07,12.071939468383789,14.494999885559082,14.569999694824219,14.420000076293945,14.444999694824219,16165400
2012-05-08,12.03030014038086,14.444999694824219,14.484999656677246,14.260000228881836,14.420000076293945,20341600
2012-05-09,12.03030014038086,14.444999694824219,14.515000343322754,14.239999771118164,14.295000076293945,20923600
2012-05-10,11.938685417175293,14.335000038146973,14.475000381469727,14.305000305175781,14.46500015258789,17288600
2012-05-11,11.947011947631836,14.345000267028809,14.5,14.28499984741211,14.305000305175781,14323000
2012-05-14,11.842911720275879,14.220000267028809,14.329999923706055,14.199999809265137,14.244999885559082,28108600
2012-05-15,11.809596061706543,14.180000305175781,14.350000381469727,14.149999618530273,14.255000114440918,16883200
2012-05-16,11.713822364807129,14.0649995803833,14.255000114440918,14.050000190734863,14.244999885559082,25618800
2012-05-17,11.547250747680664,13.864999771118164,14.109999656677246,13.859999656677246,14.085000038146973,22552600
2012-05-18,11.438984870910645,13.734999656677246,13.96500015258789,13.704999923706055,13.920000076293945,25196200
2012-05-21,11.722147941589355,14.074999809265137,14.079999923706055,13.734999656677246,13.765000343322754,17104400
2012-05-22,11.684672355651855,14.029999732971191,14.15999984741211,13.949999809265137,14.119999885559082,15628600
2012-05-23,11.697161674499512,14.045000076293945,14.085000038146973,13.795000076293945,13.925000190734863,17437400
2012-05-24,11.630537986755371,13.96500015258789,14.09000015258789,13.859999656677246,14.085000038146973,16600800
2012-05-25,11.605550765991211,13.9350004196167,13.989999771118164,13.904999732971191,13.954999923706055,10010400
2012-05-29,11.759624481201172,14.119999885559082,14.180000305175781,14.020000457763672,14.079999923706055,14668400
2012-05-30,11.684672355651855,14.029999732971191,14.074999809265137,13.949999809265137,13.994999885559082,11103000
2012-05-31,11.630537986755371,13.96500015258789,14.055000305175781,13.864999771118164,14.005000114440918,23844200
2012-06-01,11.326556205749512,13.600000381469727,13.805000305175781,13.600000381469727,13.725000381469727,24028600
2012-06-04,11.393181800842285,13.680000305175781,13.710000038146973,13.520000457763672,13.645000457763672,15706600
2012-06-05,11.463969230651855,13.765000343322754,13.779999732971191,13.630000114440918,13.645000457763672,14268000
2012-06-06,11.726313591003418,14.079999923706055,14.095000267028809,13.854999542236328,13.859999656677246,17740600
2012-06-07,11.66801643371582,14.010000228881836,14.220000267028809,14.0,14.21500015258789,13362200
2012-06-08,11.797103881835938,14.164999961853027,14.175000190734863,13.960000038146973,14.0,15210200
2012-06-11,11.630537986755371,13.96500015258789,14.289999961853027,13.9399995803833,14.279999732971191,27117400
2012-06-12,11.747136116027832,14.104999542236328,14.119999885559082,13.914999961853027,13.994999885559082,16018800
2012-06-13,11.676344871520996,14.020000457763672,14.154999732971191,13.979999542236328,14.085000038146973,22709000
2012-06-14,11.734642028808594,14.09000015258789,14.140000343322754,13.9399995803833,14.029999732971191,21162400
2012-06-15,11.859635353088379,14.1850004196167,14.220000267028809,14.069999694824219,14.09000015258789,29203400
2012-06-18,11.947419166564941,14.289999961853027,14.345000267028809,14.119999885559082,14.140000343322754,17272400
2012-06-19,12.039389610290527,14.399999618530273,14.460000038146973,14.350000381469727,14.364999771118164,13112000
2012-06-20,12.06029224395752,14.425000190734863,14.470000267028809,14.3100004196167,14.420000076293945,18961600
2012-06-21,11.776021957397461,14.085000038146973,14.4350004196167,14.0649995803833,14.414999961853027,12344600
2012-06-22,11.905616760253906,14.239999771118164,14.255000114440918,14.104999542236328,14.135000228881836,28528600
2012-06-25,11.663153648376465,13.949999809265137,14.109999656677246,13.925000190734863,14.109999656677246,10928800
2012-06-26,11.70914077758789,14.005000114440918,14.039999961853027,13.904999732971191,13.989999771118164,11241000
2012-06-27,11.780205726623535,14.09000015258789,14.130000114440918,14.029999732971191,14.0649995803833,14875400
2012-06-28,11.68405818939209,13.975000381469727,14.015000343322754,13.8149995803833,13.994999885559082,21093800
2012-06-29,12.010123252868652,14.364999771118164,14.385000228881836,14.180000305175781,14.21500015258789,17999400
2012-07-02,12.077011108398438,14.444999694824219,14.449999809265137,14.335000038146973,14.404999732971191,16942800
2012-07-03,12.173158645629883,14.5600004196167,14.5600004196167,14.425000190734863,14.4350004196167,6851000
2012-07-05,12.173158645629883,14.5600004196167,14.635000228881836,14.46500015258789,14.524999618530273,14129200
2012-07-06,11.993403434753418,14.345000267028809,14.46500015258789,14.244999885559082,14.46500015258789,13804400
2012-07-09,11.968321800231934,14.3149995803833,14.345000267028809,14.229999542236328,14.3100004196167,14639400
2012-07-10,11.834551811218262,14.154999732971191,14.420000076293945,14.104999542236328,14.369999885559082,14580200
2012-07-11,11.780205726623535,14.09000015258789,14.180000305175781,13.975000381469727,14.145000457763672,15684200
2012-07-12,11.663153648376465,13.949999809265137,14.010000228881836,13.835000038146973,13.989999771118164,19515800
2012-07-13,11.817829132080078,14.135000228881836,14.170000076293945,13.975000381469727,13.979999542236328,13778800
2012-07-16,11.80528736114502,14.119999885559082,14.1899995803833,14.09000015258789,14.135000228881836,9420600
2012-07-17,11.851272583007812,14.175000190734863,14.220000267028809,14.0,14.210000038146973,16763800
2012-07-18,12.056110382080078,14.420000076293945,14.454999923706055,14.164999961853027,14.175000190734863,16260400
2012-07-19,12.160618782043457,14.545000076293945,14.595000267028809,14.489999771118164,14.510000228881836,19684800
2012-07-20,12.022668838500977,14.380000114440918,14.53499984741211,14.369999885559082,14.520000457763672,31410600
2012-07-23,11.905616760253906,14.239999771118164,14.289999961853027,14.024999618530273,14.135000228881836,13050200
2012-07-24,11.78438663482666,14.095000267028809,14.279999732971191,14.005000114440918,14.244999885559082,15751800
2012-07-25,11.73840618133545,14.039999961853027,14.130000114440918,13.960000038146973,13.994999885559082,16461200
2012-07-26,11.918158531188965,14.255000114440918,14.3149995803833,14.175000190734863,14.244999885559082,14088000
2012-07-27,12.177338600158691,14.5649995803833,14.59000015258789,14.295000076293945,14.335000038146973,18278200
2012-07-30,12.181520462036133,14.569999694824219,14.680000305175781,14.539999961853027,14.585000038146973,17853000
2012-07-31,12.231687545776367,14.630000114440918,14.710000038146973,14.600000381469727,14.609999656677246,17480600
2012-08-01,12.189879417419434,14.579999923706055,14.725000381469727,14.529999732971191,14.725000381469727,18240600
2012-08-02,12.110453605651855,14.484999656677246,14.649999618530273,14.40999984741211,14.460000038146973,13260800
2012-08-03,12.348732948303223,14.770000457763672,14.8149995803833,14.670000076293945,14.734999656677246,16377200
2012-08-06,12.436518669128418,14.875,14.9399995803833,14.8149995803833,14.824999809265137,22640400
2012-08-07,12.520126342773438,14.975000381469727,15.03499984741211,14.904999732971191,14.925000190734863,15374800
2012-08-08,12.524307250976562,14.979999542236328,15.020000457763672,14.920000076293945,14.944999694824219,17118400
2012-08-09,12.566112518310547,15.029999732971191,15.055000305175781,14.970000267028809,15.005000114440918,8787600
2012-08-10,12.595376014709473,15.0649995803833,15.069999694824219,14.949999809265137,14.979999542236328,22866200
2012-08-13,12.632996559143066,15.109999656677246,15.114999771118164,15.005000114440918,15.0649995803833,10418400
2012-08-14,12.60791301727295,15.079999923706055,15.15999984741211,15.03499984741211,15.154999732971191,12665400
2012-08-15,12.612095832824707,15.085000038146973,15.119999885559082,15.0600004196167,15.085000038146973,11301600
2012-08-16,12.783493041992188,15.289999961853027,15.3149995803833,15.145000457763672,15.164999961853027,14334000
2012-08-17,12.854557037353516,15.375,15.380000114440918,15.300000190734863,15.3149995803833,16269800
2012-08-20,12.867096900939941,15.390000343322754,15.40999984741211,15.3100004196167,15.359999656677246,16192600
2012-08-21,12.783493041992188,15.289999961853027,15.479999542236328,15.244999885559082,15.449999809265137,20252400
2012-08-22,12.804390907287598,15.3149995803833,15.354999542236328,15.199999809265137,15.255000114440918,37100000
2012-08-23,12.699882507324219,15.1899995803833,15.28499984741211,15.154999732971191,15.25,14113800
2012-08-24,12.779309272766113,15.28499984741211,15.3100004196167,15.104999542236328,15.140000343322754,12511800
2012-08-27,12.791850090026855,15.300000190734863,15.359999656677246,15.270000457763672,15.350000381469727,9647400
2012-08-28,12.762589454650879,15.265000343322754,15.319999694824219,15.220000267028809,15.28499984741211,15733800
2012-08-29,12.787671089172363,15.295000076293945,15.34000015258789,15.234999656677246,15.28499984741211,9583000
2012-08-30,12.645537376403809,15.125,15.244999885559082,15.114999771118164,15.225000381469727,12042200
2012-08-31,12.745864868164062,15.244999885559082,15.295000076293945,15.085000038146973,15.239999771118164,13221200
2012-09-04,12.745864868164062,15.244999885559082,15.289999961853027,15.095000267028809,15.229999542236328,13611800
2012-09-05,12.733325958251953,15.229999542236328,15.305000305175781,15.194999694824219,15.234999656677246,17578600
2012-09-06,13.017587661743164,15.569999694824219,15.574999809265137,15.319999694824219,15.34000015258789,15790800
2012-09-07,12.996689796447754,15.545000076293945,15.574999809265137,15.489999771118164,15.524999618530273,16006200
2012-09-10,12.858735084533691,15.380000114440918,15.5600004196167,15.380000114440918,15.515000343322754,12528400
2012-09-11,12.89217758178711,15.420000076293945,15.5,15.395000457763672,15.404999732971191,10634400
2012-09-12,12.963245391845703,15.505000114440918,15.520000457763672,15.40999984741211,15.484999656677246,10383200
2012-09-13,13.138816833496094,15.71500015258789,15.774999618530273,15.510000228881836,15.520000457763672,17639000
2012-09-14,13.201525688171387,15.789999961853027,15.859999656677246,15.739999771118164,15.755000114440918,20608200
2012-09-17,13.214065551757812,15.805000305175781,15.8149995803833,15.75,15.800000190734863,7630800
2012-09-18,13.22242546081543,15.8149995803833,15.8149995803833,15.765000343322754,15.770000457763672,10617800
2012-09-19,13.234968185424805,15.829999923706055,15.869999885559082,15.774999618530273,15.805000305175781,34489800
2012-09-20,13.20988655090332,15.800000190734863,15.819999694824219,15.720000267028809,15.774999618530273,14270400
2012-09-21,13.22667407989502,15.755000114440918,15.850000381469727,15.725000381469727,15.805000305175781,17937800
2012-09-24,13.14272403717041,15.654999732971191,15.680000305175781,15.595000267028809,15.635000228881836,9361400
2012-09-25,12.958024978637695,15.4350004196167,15.704999923706055,15.430000305175781,15.6899995803833,10879600
2012-09-26,12.865678787231445,15.324999809265137,15.414999961853027,15.239999771118164,15.404999732971191,14782000
2012-09-27,13.033583641052246,15.524999618530273,15.5600004196167,15.329999923706055,15.345000267028809,9697200
2012-09-28,12.941235542297363,15.414999961853027,15.539999961853027,15.390000343322754,15.484999656677246,16246800
2012-10-01,12.911853790283203,15.380000114440918,15.5600004196167,15.34000015258789,15.475000381469727,29855000
2012-10-02,12.928646087646484,15.399999618530273,15.475000381469727,15.28499984741211,15.449999809265137,15035400
2012-10-03,12.995803833007812,15.479999542236328,15.515000343322754,15.380000114440918,15.449999809265137,10537400
2012-10-04,13.033583641052246,15.524999618530273,15.555000305175781,15.425000190734863,15.494999885559082,7925600
2012-10-05,12.96642017364502,15.444999694824219,15.609999656677246,15.404999732971191,15.595000267028809,9157800
2012-10-08,12.832098007202148,15.28499984741211,15.380000114440918,15.260000228881836,15.335000038146973,35163800
2012-10-09,12.668392181396484,15.09000015258789,15.265000343322754,15.045000076293945,15.255000114440918,30969400
2012-10-10,12.618021011352539,15.029999732971191,15.119999885559082,15.0,15.095000267028809,26970200
2012-10-11,12.567651748657227,14.970000267028809,15.145000457763672,14.970000267028809,15.140000343322754,13798800
2012-10-12,12.559252738952637,14.960000038146973,15.050000190734863,14.930000305175781,14.975000381469727,14276400
2012-10-15,12.622217178344727,15.03499984741211,15.055000305175781,14.904999732971191,14.994999885559082,10338200
2012-10-16,12.79432201385498,15.239999771118164,15.255000114440918,15.055000305175781,15.055000305175781,22450400
2012-10-17,12.727156639099121,15.15999984741211,15.210000038146973,15.085000038146973,15.114999771118164,21197000
2012-10-18,12.580241203308105,14.984999656677246,15.175000190734863,14.930000305175781,15.119999885559082,24502400
2012-10-19,12.294804573059082,14.645000457763672,14.975000381469727,14.645000457763672,14.975000381469727,25686400
2012-10-22,12.37875747680664,14.744999885559082,14.779999732971191,14.614999771118164,14.645000457763672,12177800
2012-10-23,12.244431495666504,14.585000038146973,14.725000381469727,14.5649995803833,14.645000457763672,21124000
2012-10-24,12.173073768615723,14.5,14.670000076293945,14.475000381469727,14.630000114440918,12784600
2012-10-25,12.147890090942383,14.470000267028809,14.609999656677246,14.414999961853027,14.59000015258789,10469800
2012-10-26,12.168875694274902,14.494999885559082,14.5600004196167,14.359999656677246,14.449999809265137,19385400
2012-10-31,12.11850643157959,14.4350004196167,14.510000228881836,14.390000343322754,14.489999771118164,38869000
2012-11-01,12.315793991088867,14.670000076293945,14.6850004196167,14.479999542236328,14.510000228881836,12538200
2012-11-02,12.15628433227539,14.479999542236328,14.734999656677246,14.46500015258789,14.71500015258789,18269000
2012-11-05,12.223444938659668,14.5600004196167,14.595000267028809,14.454999923706055,14.489999771118164,12036400
2012-11-06,12.27801513671875,14.625,14.729999542236328,14.59000015258789,14.625,12140800
2012-11-07,11.971588134765625,14.260000228881836,14.475000381469727,14.220000267028809,14.470000267028809,20196800
2012-11-08,11.799485206604004,14.055000305175781,14.350000381469727,14.050000190734863,14.305000305175781,18926800
2012-11-09,11.854055404663086,14.119999885559082,14.260000228881836,14.03499984741211,14.045000076293945,28790800
2012-11-12,11.837265968322754,14.100000381469727,14.194999694824219,14.050000190734863,14.175000190734863,10224000
2012-11-13,11.778498649597168,14.029999732971191,14.15999984741211,13.954999923706055,13.994999885559082,20176000
2012-11-14,11.660965919494629,13.890000343322754,14.125,13.859999656677246,14.095000267028809,30501800
2012-11-15,11.593803405761719,13.8100004196167,13.954999923706055,13.765000343322754,13.899999618530273,17899000
2012-11-16,11.610591888427734,13.829999923706055,13.880000114440918,13.604999542236328,13.824999809265137,17345200
2012-11-19,11.929611206054688,14.210000038146973,14.220000267028809,13.989999771118164,14.0,21953600
2012-11-20,11.879240036010742,14.149999618530273,14.194999694824219,14.020000457763672,14.1899995803833,29239400
2012-11-21,11.917023658752441,14.194999694824219,14.225000381469727,14.135000228881836,14.154999732971191,20198200
2012-11-23,12.110111236572266,14.425000190734863,14.4350004196167,14.265000343322754,14.28499984741211,16571000
2012-11-26,12.164677619934082,14.489999771118164,14.489999771118164,14.345000267028809,14.399999618530273,16138400
2012-11-27,12.110111236572266,14.425000190734863,14.520000457763672,14.390000343322754,14.475000381469727,21487800
2012-11-28,12.181471824645996,14.510000228881836,14.520000457763672,14.25,14.329999923706055,22532200
2012-11-29,12.240236282348633,14.579999923706055,14.630000114440918,14.515000343322754,14.579999923706055,27040800
2012-11-30,12.227641105651855,14.5649995803833,14.604999542236328,14.515000343322754,14.574999809265137,12603600
2012-12-03,12.210851669311523,14.545000076293945,14.694999694824219,14.529999732971191,14.675000190734863,15813000
2012-12-04,12.189865112304688,14.520000457763672,14.555000305175781,14.444999694824219,14.545000076293945,21323600
2012-12-05,12.068132400512695,14.375,14.489999771118164,14.28499984741211,14.489999771118164,25176600
2012-12-06,12.139495849609375,14.460000038146973,14.494999885559082,14.274999618530273,14.335000038146973,19477800
2012-12-07,12.07652759552002,14.385000228881836,14.545000076293945,14.324999809265137,14.529999732971191,47442800
2012-12-10,12.105912208557129,14.420000076293945,14.489999771118164,14.34000015258789,14.350000381469727,27452400
2012-12-11,12.269622802734375,14.614999771118164,14.699999809265137,14.510000228881836,14.53499984741211,19842000
2012-12-12,12.248628616333008,14.59000015258789,14.694999694824219,14.555000305175781,14.6850004196167,13110000
2012-12-13,12.160479545593262,14.484999656677246,14.635000228881836,14.4350004196167,14.569999694824219,17561400
2012-12-14,12.042948722839355,14.345000267028809,14.4350004196167,14.305000305175781,14.390000343322754,18332200
2012-12-17,12.189865112304688,14.520000457763672,14.524999618530273,14.34000015258789,14.345000267028809,17626200
2012-12-18,12.370362281799316,14.734999656677246,14.75,14.53499984741211,14.585000038146973,22085000
2012-12-19,12.307395935058594,14.65999984741211,14.779999732971191,14.654999732971191,14.770000457763672,18421600
2012-12-20,12.328385353088379,14.6850004196167,14.710000038146973,14.585000038146973,14.670000076293945,14209600
2012-12-21,12.221999168395996,14.475000381469727,14.494999885559082,14.359999656677246,14.40999984741211,27099200
2012-12-24,12.188223838806152,14.4350004196167,14.460000038146973,14.404999732971191,14.4350004196167,5188600
2012-12-26,12.120674133300781,14.354999542236328,14.479999542236328,14.295000076293945,14.4350004196167,8450000
2012-12-27,12.10800838470459,14.34000015258789,14.380000114440918,14.154999732971191,14.345000267028809,21490400
2012-12-28,11.972911834716797,14.180000305175781,14.324999809265137,14.164999961853027,14.225000381469727,16506800
2012-12-31,12.179781913757324,14.425000190734863,14.484999656677246,14.125,14.145000457763672,30372600
2013-01-02,12.58506965637207,14.904999732971191,14.914999961853027,14.739999771118164,14.8100004196167,30083000
2013-01-03,12.50485610961914,14.8100004196167,14.9350004196167,14.765000343322754,14.895000457763672,19579400
2013-01-04,12.454193115234375,14.75,14.8100004196167,14.699999809265137,14.795000076293945,13665800
2013-01-07,12.437304496765137,14.729999542236328,14.765000343322754,14.645000457763672,14.704999923706055,15376000
2013-01-08,12.390868186950684,14.675000190734863,14.760000228881836,14.595000267028809,14.729999542236328,11130400
2013-01-09,12.411980628967285,14.699999809265137,14.729999542236328,14.670000076293945,14.6899995803833,23198600
2013-01-10,12.475302696228027,14.774999618530273,14.8100004196167,14.649999618530273,14.805000305175781,19470600
2013-01-11,12.492189407348633,14.795000076293945,14.8149995803833,14.739999771118164,14.770000457763672,10115800
2013-01-14,12.411980628967285,14.699999809265137,14.734999656677246,14.645000457763672,14.694999694824219,19463000
2013-01-15,12.331765174865723,14.604999542236328,14.635000228881836,14.550000190734863,14.635000228881836,16168400
2013-01-16,12.373979568481445,14.654999732971191,14.71500015258789,14.595000267028809,14.614999771118164,17444800
2013-01-17,12.424641609191895,14.71500015258789,14.770000457763672,14.699999809265137,14.729999542236328,12706200
2013-01-18,12.407755851745605,14.694999694824219,14.699999809265137,14.619999885559082,14.65999984741211,15481000
2013-01-22,12.44153118133545,14.734999656677246,14.734999656677246,14.625,14.704999923706055,12799000
2013-01-23,12.572403907775879,14.890000343322754,14.944999694824219,14.850000381469727,14.869999885559082,18974600
2013-01-24,12.357094764709473,14.635000228881836,14.770000457763672,14.614999771118164,14.654999732971191,26757000
2013-01-25,12.369757652282715,14.649999618530273,14.744999885559082,14.630000114440918,14.6899995803833,32417000
2013-01-28,12.411980628967285,14.699999809265137,14.75,14.640000343322754,14.670000076293945,14428400
2013-01-29,12.428863525390625,14.720000267028809,14.755000114440918,14.604999542236328,14.675000190734863,13582800
2013-01-30,12.390868186950684,14.675000190734863,14.779999732971191,14.654999732971191,14.710000038146973,11926600
2013-01-31,12.411980628967285,14.699999809265137,14.8100004196167,14.6850004196167,14.725000381469727,10834600
2013-02-01,12.55129337310791,14.864999771118164,14.899999618530273,14.770000457763672,14.824999809265137,14645000
2013-02-04,12.386645317077637,14.670000076293945,14.835000038146973,14.65999984741211,14.8149995803833,21763600
2013-02-05,12.530189514160156,14.84000015258789,14.895000457763672,14.710000038146973,14.725000381469727,19259200
2013-02-06,12.525965690612793,14.835000038146973,14.895000457763672,14.774999618530273,14.774999618530273,14869600
2013-02-07,12.525965690612793,14.835000038146973,14.864999771118164,14.694999694824219,14.850000381469727,19868600
2013-02-08,12.635726928710938,14.96500015258789,15.0,14.890000343322754,14.895000457763672,18265200
2013-02-11,12.661060333251953,14.994999885559082,15.010000228881836,14.9350004196167,14.984999656677246,12871200
2013-02-12,12.618841171264648,14.944999694824219,15.010000228881836,14.920000076293945,14.979999542236328,10737800
2013-02-13,12.61462116241455,14.9399995803833,15.0,14.895000457763672,14.96500015258789,17994600
2013-02-14,12.58084487915039,14.899999618530273,14.920000076293945,14.829999923706055,14.854999542236328,12739000
2013-02-15,12.572403907775879,14.890000343322754,14.96500015258789,14.845000267028809,14.90999984741211,10023400
2013-02-19,12.656839370727539,14.989999771118164,14.989999771118164,14.914999961853027,14.914999961853027,9237200
2013-02-20,12.483743667602539,14.78499984741211,14.994999885559082,14.779999732971191,14.984999656677246,13324400
2013-02-21,12.382424354553223,14.664999961853027,14.744999885559082,14.614999771118164,14.734999656677246,33263200
2013-02-22,12.534407615661621,14.845000267028809,14.850000381469727,14.710000038146973,14.765000343322754,17345400
2013-02-25,12.357094764709473,14.635000228881836,14.975000381469727,14.625,14.925000190734863,16158600
2013-02-26,12.428863525390625,14.720000267028809,14.75,14.604999542236328,14.675000190734863,15219000
2013-02-27,12.534407615661621,14.845000267028809,14.920000076293945,14.6850004196167,14.699999809265137,16499400
2013-02-28,12.509076118469238,14.8149995803833,14.944999694824219,14.8149995803833,14.850000381469727,13330400
2013-03-01,12.530189514160156,14.84000015258789,14.875,14.675000190734863,14.744999885559082,11010400
2013-03-04,12.568182945251465,14.885000228881836,14.895000457763672,14.774999618530273,14.795000076293945,9996800
2013-03-05,12.7412748336792,15.09000015258789,15.125,14.970000267028809,14.970000267028809,24873600
2013-03-06,12.732831001281738,15.079999923706055,15.145000457763672,15.055000305175781,15.140000343322754,14349800
2013-03-07,12.762383460998535,15.114999771118164,15.140000343322754,15.0649995803833,15.085000038146973,10654000
2013-03-08,12.787717819213867,15.145000457763672,15.1850004196167,15.100000381469727,15.1850004196167,11980400
2013-03-11,12.817265510559082,15.180000305175781,15.1899995803833,15.069999694824219,15.114999771118164,10737000
2013-03-12,12.77082347869873,15.125,15.164999961853027,15.0600004196167,15.140000343322754,9704200
2013-03-13,12.762383460998535,15.114999771118164,15.175000190734863,15.0649995803833,15.119999885559082,10970800
2013-03-14,12.855260848999023,15.225000381469727,15.234999656677246,15.164999961853027,15.164999961853027,11512200
2013-03-15,12.801849365234375,15.100000381469727,15.175000190734863,15.0600004196167,15.164999961853027,19710200
2013-03-18,12.806086540222168,15.104999542236328,15.170000076293945,14.960000038146973,14.979999542236328,12344800
2013-03-19,12.789134979248047,15.085000038146973,15.175000190734863,14.960000038146973,15.145000457763672,14551600
2013-03-20,12.852720260620117,15.15999984741211,15.194999694824219,15.114999771118164,15.170000076293945,14613800
2013-03-21,12.70859146118164,14.989999771118164,15.050000190734863,14.954999923706055,15.010000228881836,11593600
2013-03-22,12.789134979248047,15.085000038146973,15.104999542236328,15.015000343322754,15.029999732971191,6818400
2013-03-25,12.759459495544434,15.050000190734863,15.175000190734863,14.994999885559082,15.149999618530273,9150200
2013-03-26,12.840002059936523,15.145000457763672,15.149999618530273,15.09000015258789,15.125,8449600
2013-03-27,12.806086540222168,15.104999542236328,15.114999771118164,15.015000343322754,15.039999961853027,14460800
2013-03-28,12.831522941589355,15.135000228881836,15.149999618530273,15.045000076293945,15.069999694824219,14831800
2013-04-01,12.746739387512207,15.03499984741211,15.149999618530273,14.994999885559082,15.149999618530273,9260000
2013-04-02,12.797607421875,15.095000267028809,15.15999984741211,15.0600004196167,15.09000015258789,8435600
2013-04-03,12.695873260498047,14.975000381469727,15.135000228881836,14.949999809265137,15.109999656677246,16947400
2013-04-04,12.700111389160156,14.979999542236328,15.010000228881836,14.90999984741211,14.975000381469727,11271400
2013-04-05,12.602616310119629,14.864999771118164,14.890000343322754,14.734999656677246,14.774999618530273,14025000
2013-04-08,12.657722473144531,14.930000305175781,14.930000305175781,14.819999694824219,14.875,12646000
2013-04-09,12.746739387512207,15.03499984741211,15.074999809265137,14.899999618530273,14.96500015258789,11940200
2013-04-10,12.971412658691406,15.300000190734863,15.3149995803833,15.0649995803833,15.074999809265137,21103800
2013-04-11,12.929020881652832,15.25,15.274999618530273,15.1850004196167,15.220000267028809,12486400
2013-04-12,12.87391471862793,15.1850004196167,15.225000381469727,15.085000038146973,15.180000305175781,11499000
2013-04-15,12.661959648132324,14.9350004196167,15.15999984741211,14.9350004196167,15.130000114440918,32840200
2013-04-16,12.818806648254395,15.119999885559082,15.140000343322754,15.005000114440918,15.045000076293945,16621000
2013-04-17,12.555989265441895,14.8100004196167,14.994999885559082,14.744999885559082,14.984999656677246,24093000
2013-04-18,12.424577713012695,14.654999732971191,14.880000114440918,14.614999771118164,14.875,31544800
2013-04-19,12.441534996032715,14.675000190734863,14.729999542236328,14.550000190734863,14.625,17220000
2013-04-22,12.539031028747559,14.789999961853027,14.829999923706055,14.654999732971191,14.725000381469727,14642600
2013-04-23,12.674677848815918,14.949999809265137,15.005000114440918,14.8149995803833,14.859999656677246,24907600
2013-04-24,12.695873260498047,14.975000381469727,15.015000343322754,14.84000015258789,14.854999542236328,11095800
2013-04-25,12.738264083862305,15.024999618530273,15.104999542236328,14.989999771118164,15.010000228881836,12937600
2013-04-26,12.734026908874512,15.020000457763672,15.0649995803833,14.960000038146973,15.0,10734200
2013-04-29,12.916300773620605,15.234999656677246,15.274999618530273,15.055000305175781,15.055000305175781,16512000
2013-04-30,13.056192398071289,15.399999618530273,15.404999732971191,15.220000267028809,15.255000114440918,26792000
2013-05-01,12.94173812866211,15.265000343322754,15.399999618530273,15.25,15.380000114440918,17378400
2013-05-02,13.10705852508545,15.460000038146973,15.479999542236328,15.279999732971191,15.28499984741211,12827000
2013-05-03,13.229990005493164,15.604999542236328,15.640000343322754,15.569999694824219,15.59000015258789,20859400
2013-05-06,13.293575286865234,15.680000305175781,15.699999809265137,15.625,15.645000457763672,14483000
2013-05-07,13.285097122192383,15.670000076293945,15.71500015258789,15.59000015258789,15.6899995803833,12561000
2013-05-08,13.391077041625977,15.795000076293945,15.800000190734863,15.625,15.654999732971191,16986800
2013-05-09,13.352924346923828,15.75,15.845000267028809,15.704999923706055,15.765000343322754,20527800
2013-05-10,13.391077041625977,15.795000076293945,15.819999694824219,15.725000381469727,15.779999732971191,9388600
2013-05-13,13.357161521911621,15.755000114440918,15.800000190734863,15.729999542236328,15.779999732971191,9465800
2013-05-14,13.399554252624512,15.805000305175781,15.859999656677246,15.739999771118164,15.739999771118164,14746800
2013-05-15,13.441940307617188,15.854999542236328,15.859999656677246,15.760000228881836,15.795000076293945,12837600
2013-05-16,13.514002799987793,15.9399995803833,16.03499984741211,15.890000343322754,15.895000457763672,18301800
2013-05-17,13.649652481079102,16.100000381469727,16.104999542236328,15.960000038146973,16.0,34379200
2013-05-20,13.649652481079102,16.100000381469727,16.155000686645508,16.045000076293945,16.059999465942383,16182200
2013-05-21,13.607263565063477,16.049999237060547,16.100000381469727,15.989999771118164,16.065000534057617,16769000
2013-05-22,13.45889663696289,15.875,16.145000457763672,15.8100004196167,16.075000762939453,28816800
2013-05-23,13.454656600952148,15.869999885559082,15.925000190734863,15.704999923706055,15.739999771118164,34028800
2013-05-24,13.433466911315918,15.845000267028809,15.854999542236328,15.734999656677246,15.765000343322754,10553400
2013-05-28,13.497051239013672,15.920000076293945,16.06999969482422,15.885000228881836,16.020000457763672,12611800
2013-05-29,13.463140487670898,15.880000114440918,15.930000305175781,15.765000343322754,15.84000015258789,16462000
2013-05-30,13.547920227050781,15.979999542236328,16.045000076293945,15.875,15.895000457763672,17675000
2013-05-31,13.420748710632324,15.829999923706055,16.059999465942383,15.819999694824219,15.920000076293945,13932600
2013-06-03,13.48857307434082,15.90999984741211,15.914999961853027,15.739999771118164,15.850000381469727,20009200
2013-06-04,13.429224967956543,15.84000015258789,16.014999389648438,15.795000076293945,15.925000190734863,18547200
2013-06-05,13.297815322875977,15.6850004196167,15.84000015258789,15.664999961853027,15.800000190734863,15854600
2013-06-06,13.32748794555664,15.720000267028809,15.744999885559082,15.555000305175781,15.6899995803833,29453600
2013-06-07,13.450419425964355,15.864999771118164,15.880000114440918,15.720000267028809,15.800000190734863,13022800
2013-06-10,13.480093955993652,15.899999618530273,15.96500015258789,15.875,15.925000190734863,12782000
2013-06-11,13.340208053588867,15.734999656677246,15.895000457763672,15.71500015258789,15.755000114440918,14615200
2013-06-12,13.251185417175293,15.630000114440918,15.850000381469727,15.595000267028809,15.819999694824219,17901400
2013-06-13,13.403792381286621,15.8100004196167,15.84000015258789,15.574999809265137,15.600000381469727,15217200
2013-06-14,13.302054405212402,15.6899995803833,15.84000015258789,15.675000190734863,15.789999961853027,11558600
2013-06-17,13.424983024597168,15.835000038146973,15.930000305175781,15.770000457763672,15.789999961853027,13176800
2013-06-18,13.530960083007812,15.960000038146973,16.0,15.854999542236328,15.864999771118164,12637600
2013-06-19,13.374117851257324,15.774999618530273,15.979999542236328,15.765000343322754,15.975000381469727,22447400
2013-06-20,13.077388763427734,15.425000190734863,15.6850004196167,15.390000343322754,15.609999656677246,31563000
2013-06-21,12.998568534851074,15.255000114440918,15.390000343322754,15.149999618530273,15.369999885559082,24222200
2013-06-24,12.840933799743652,15.069999694824219,15.175000190734863,14.970000267028809,15.119999885559082,22370400
2013-06-25,12.947442054748535,15.194999694824219,15.255000114440918,15.100000381469727,15.225000381469727,16527600
2013-06-26,13.024134635925293,15.28499984741211,15.350000381469727,15.239999771118164,15.345000267028809,40940600
2013-06-27,13.08803653717041,15.359999656677246,15.4399995803833,15.350000381469727,15.375,13088600
2013-06-28,13.032649993896484,15.295000076293945,15.375,15.180000305175781,15.234999656677246,18291200
2013-07-01,13.100821495056152,15.375,15.494999885559082,15.359999656677246,15.40999984741211,19152800
2013-07-02,13.12212085723877,15.399999618530273,15.505000114440918,15.3100004196167,15.364999771118164,28990400
2013-07-03,13.198808670043945,15.489999771118164,15.5600004196167,15.359999656677246,15.359999656677246,23194200
2013-07-05,13.284016609191895,15.59000015258789,15.600000381469727,15.425000190734863,15.579999923706055,28408200
2013-07-08,13.27549934387207,15.579999923706055,15.6850004196167,15.539999961853027,15.670000076293945,15658000
2013-07-09,13.326622009277344,15.640000343322754,15.664999961853027,15.5649995803833,15.645000457763672,24937800
2013-07-10,13.36922550201416,15.6899995803833,15.739999771118164,15.630000114440918,15.635000228881836,17662800
2013-07-11,13.595029830932617,15.954999923706055,15.970000267028809,15.835000038146973,15.850000381469727,20648400
2013-07-12,13.60354995727539,15.96500015258789,15.984999656677246,15.904999732971191,15.970000267028809,14418000
2013-07-15,13.641892433166504,16.010000228881836,16.024999618530273,15.914999961853027,15.975000381469727,9100000
2013-07-16,13.65041446685791,16.020000457763672,16.03499984741211,15.970000267028809,16.0,9948400
2013-07-17,13.66319465637207,16.03499984741211,16.094999313354492,16.0049991607666,16.06999969482422,10961000
2013-07-18,13.629114151000977,15.994999885559082,16.075000762939453,15.960000038146973,16.045000076293945,8532400
2013-07-19,13.3990478515625,15.725000381469727,15.845000267028809,15.6850004196167,15.829999923706055,27199000
2013-07-22,13.437395095825195,15.770000457763672,15.789999961853027,15.720000267028809,15.755000114440918,10077200
2013-07-23,13.382004737854004,15.704999923706055,15.8149995803833,15.699999809265137,15.789999961853027,9169000
2013-07-24,13.471478462219238,15.8100004196167,15.890000343322754,15.779999732971191,15.880000114440918,11583000
2013-07-25,13.479997634887695,15.819999694824219,15.84000015258789,15.744999885559082,15.795000076293945,9657600
2013-07-26,13.518338203430176,15.864999771118164,15.864999771118164,15.710000038146973,15.75,12054000
2013-07-29,13.497041702270508,15.84000015258789,15.890000343322754,15.805000305175781,15.829999923706055,7955400
2013-07-30,13.565204620361328,15.920000076293945,15.984999656677246,15.885000228881836,15.899999618530273,11122600
2013-07-31,13.518338203430176,15.864999771118164,16.010000228881836,15.84000015258789,15.949999809265137,13681800
2013-08-01,13.66319465637207,16.03499984741211,16.049999237060547,15.96500015258789,15.970000267028809,15494600
2013-08-02,13.722844123840332,16.104999542236328,16.114999771118164,16.0049991607666,16.03499984741211,8849800
2013-08-05,13.752666473388672,16.139999389648438,16.15999984741211,16.065000534057617,16.06999969482422,8738200
2013-08-06,13.680238723754883,16.05500030517578,16.139999389648438,16.010000228881836,16.139999389648438,9372400
2013-08-07,13.64615249633789,16.014999389648438,16.059999465942383,15.949999809265137,16.020000457763672,10500000
2013-08-08,13.688758850097656,16.065000534057617,16.100000381469727,15.970000267028809,16.09000015258789,10117000
2013-08-09,13.620591163635254,15.984999656677246,16.075000762939453,15.9350004196167,16.040000915527344,7339200
2013-08-12,13.710058212280273,16.09000015258789,16.104999542236328,15.895000457763672,15.895000457763672,9966200
2013-08-13,13.803790092468262,16.200000762939453,16.229999542236328,16.030000686645508,16.110000610351562,9431000
2013-08-14,13.791006088256836,16.184999465942383,16.235000610351562,16.1299991607666,16.19499969482422,10591400
2013-08-15,13.569466590881348,15.925000190734863,16.024999618530273,15.899999618530273,16.024999618530273,14072200
2013-08-16,13.556684494018555,15.90999984741211,15.989999771118164,15.875,15.925000190734863,14471200
2013-08-19,13.514083862304688,15.859999656677246,16.020000457763672,15.859999656677246,15.920000076293945,9623600
2013-08-20,13.535381317138672,15.885000228881836,15.960000038146973,15.845000267028809,15.904999732971191,6635800
2013-08-21,13.505562782287598,15.850000381469727,15.970000267028809,15.8100004196167,15.885000228881836,12131600
2013-08-22,13.565204620361328,15.920000076293945,15.9399995803833,15.819999694824219,15.895000457763672,12098200
2013-08-23,13.66319465637207,16.03499984741211,16.06999969482422,15.989999771118164,16.05500030517578,10137000
2013-08-26,13.599287033081055,15.960000038146973,16.100000381469727,15.954999923706055,16.024999618530273,13585400
2013-08-27,13.36070442199707,15.680000305175781,15.864999771118164,15.645000457763672,15.8100004196167,13703000
2013-08-28,13.36922550201416,15.6899995803833,15.770000457763672,15.649999618530273,15.65999984741211,9001200
2013-08-29,13.44165325164795,15.774999618530273,15.854999542236328,15.699999809265137,15.720000267028809,9575400
2013-08-30,13.377747535705566,15.699999809265137,15.8100004196167,15.65999984741211,15.8100004196167,14343200
2013-09-03,13.39052677154541,15.71500015258789,15.829999923706055,15.654999732971191,15.765000343322754,14790000
2013-09-04,13.518338203430176,15.864999771118164,15.890000343322754,15.729999542236328,15.75,14321200
2013-09-05,13.526860237121582,15.875,15.930000305175781,15.850000381469727,15.885000228881836,7428000
2013-09-06,13.535381317138672,15.885000228881836,15.954999923706055,15.755000114440918,15.925000190734863,10285800
2013-09-09,13.697280883789062,16.075000762939453,16.110000610351562,15.96500015258789,15.979999542236328,11429200
2013-09-10,13.782487869262695,16.174999237060547,16.209999084472656,16.114999771118164,16.170000076293945,13548800
2013-09-11,13.71858024597168,16.100000381469727,16.139999389648438,16.030000686645508,16.040000915527344,18665400
2013-09-12,13.731363296508789,16.114999771118164,16.170000076293945,16.06999969482422,16.110000610351562,12104600
2013-09-13,13.744142532348633,16.1299991607666,16.165000915527344,16.075000762939453,16.145000457763672,7982400
2013-09-16,13.722844123840332,16.104999542236328,16.2549991607666,16.059999465942383,16.2549991607666,16322400
2013-09-17,13.791006088256836,16.184999465942383,16.219999313354492,16.125,16.1299991607666,12802800
2013-09-18,13.965682983398438,16.389999389648438,16.40999984741211,16.19499969482422,16.235000610351562,17652600
2013-09-19,13.974206924438477,16.399999618530273,16.454999923706055,16.389999389648438,16.415000915527344,13298400
2013-09-20,13.874885559082031,16.204999923706055,16.389999389648438,16.190000534057617,16.3799991607666,15559200
2013-09-23,13.917699813842773,16.2549991607666,16.350000381469727,16.170000076293945,16.309999465942383,16087000
2013-09-24,13.857766151428223,16.184999465942383,16.260000228881836,16.1200008392334,16.225000381469727,9495000
2013-09-25,13.836359977722168,16.15999984741211,16.225000381469727,16.110000610351562,16.204999923706055,9182600
2013-09-26,13.887730598449707,16.219999313354492,16.295000076293945,16.170000076293945,16.225000381469727,10130600
2013-09-27,13.802108764648438,16.1200008392334,16.149999618530273,16.065000534057617,16.125,12399000
2013-09-30,13.7164888381958,16.020000457763672,16.079999923706055,15.904999732971191,15.949999809265137,15044200
2013-10-01,13.836359977722168,16.15999984741211,16.19499969482422,16.020000457763672,16.03499984741211,16354000
2013-10-02,13.840641975402832,16.165000915527344,16.184999465942383,16.045000076293945,16.06999969482422,16256000
2013-10-03,13.720770835876465,16.024999618530273,16.18000030517578,15.944999694824219,16.174999237060547,12985200
2013-10-04,13.776426315307617,16.09000015258789,16.114999771118164,16.0,16.010000228881836,10681600
2013-10-07,13.7164888381958,16.020000457763672,16.114999771118164,15.970000267028809,15.975000381469727,9135400
2013-10-08,13.49815559387207,15.765000343322754,16.030000686645508,15.75,16.010000228881836,16185400
2013-10-09,13.549527168273926,15.824999809265137,15.885000228881836,15.6899995803833,15.8100004196167,20539800
2013-10-10,13.776426315307617,16.09000015258789,16.110000610351562,15.949999809265137,15.960000038146973,16409600
2013-10-11,13.892011642456055,16.225000381469727,16.225000381469727,16.045000076293945,16.059999465942383,17817200
2013-10-14,13.939105033874512,16.280000686645508,16.295000076293945,16.104999542236328,16.1299991607666,14279600
2013-10-15,13.853482246398926,16.18000030517578,16.31999969482422,16.174999237060547,16.239999771118164,14500600
2013-10-16,13.986193656921387,16.334999084472656,16.360000610351562,16.239999771118164,16.25,16384400
2013-10-17,13.990473747253418,16.34000015258789,16.354999542236328,16.19499969482422,16.229999542236328,14842200
2013-10-18,14.230213165283203,16.6200008392334,16.6299991607666,16.454999923706055,16.510000228881836,15869400
2013-10-21,14.307275772094727,16.709999084472656,16.7549991607666,16.674999237060547,16.690000534057617,10803000
2013-10-22,14.302993774414062,16.704999923706055,16.78499984741211,16.614999771118164,16.770000457763672,32716200
2013-10-23,14.234495162963867,16.625,16.65999984741211,16.549999237060547,16.625,10266600
2013-10-24,14.268741607666016,16.665000915527344,16.71500015258789,16.600000381469727,16.645000457763672,7067200
2013-10-25,14.341521263122559,16.75,16.825000762939453,16.700000762939453,16.78499984741211,6762600
2013-10-28,14.388612747192383,16.80500030517578,16.81999969482422,16.725000381469727,16.795000076293945,10021000
2013-10-29,14.482799530029297,16.915000915527344,16.954999923706055,16.834999084472656,16.899999618530273,9950000
2013-10-30,14.452829360961914,16.8799991607666,16.959999084472656,16.809999465942383,16.950000762939453,11149000
2013-10-31,14.40573787689209,16.825000762939453,16.920000076293945,16.80500030517578,16.844999313354492,57424000
2013-11-01,14.410014152526855,16.829999923706055,16.924999237060547,16.764999389648438,16.895000457763672,9270400
2013-11-04,14.465676307678223,16.895000457763672,16.90999984741211,16.829999923706055,16.8799991607666,11953400
2013-11-05,14.427143096923828,16.850000381469727,16.899999618530273,16.790000915527344,16.829999923706055,9023800
2013-11-06,14.572697639465332,17.020000457763672,17.024999618530273,16.915000915527344,16.934999465942383,10501600
2013-11-07,14.384326934814453,16.799999237060547,17.049999237060547,16.780000686645508,17.020000457763672,21070600
2013-11-08,14.512763977050781,16.950000762939453,16.959999084472656,16.7549991607666,16.834999084472656,17894400
2013-11-11,14.529887199401855,16.969999313354492,16.985000610351562,16.899999618530273,16.94499969482422,15659800
2013-11-12,14.568415641784668,17.014999389648438,17.049999237060547,16.895000457763672,16.895000457763672,9419400
2013-11-13,14.692567825317383,17.15999984741211,17.165000915527344,16.934999465942383,16.94499969482422,13496800
2013-11-14,14.654034614562988,17.114999771118164,17.1299991607666,17.024999618530273,17.049999237060547,16957000
2013-11-15,14.684005737304688,17.149999618530273,17.165000915527344,17.094999313354492,17.104999542236328,15412600
2013-11-18,14.628351211547852,17.084999084472656,17.184999465942383,17.049999237060547,17.18000030517578,10479800
2013-11-19,14.576979637145996,17.024999618530273,17.149999618530273,16.9950008392334,17.065000534057617,8898200
2013-11-20,14.529887199401855,16.969999313354492,17.125,16.93000030517578,17.040000915527344,8652200
2013-11-21,14.654034614562988,17.114999771118164,17.1200008392334,17.014999389648438,17.014999389648438,10782000
2013-11-22,14.624069213867188,17.079999923706055,17.114999771118164,17.05500030517578,17.114999771118164,6221800
2013-11-25,14.624069213867188,17.079999923706055,17.125,17.040000915527344,17.110000610351562,18360800
2013-11-26,14.675440788269043,17.139999389648438,17.184999465942383,17.06999969482422,17.084999084472656,10631800
2013-11-27,14.791029930114746,17.274999618530273,17.28499984741211,17.174999237060547,17.174999237060547,13210800
2013-11-29,14.850964546203613,17.344999313354492,17.395000457763672,17.299999237060547,17.30500030517578,8466000
2013-12-02,14.803875923156738,17.290000915527344,17.395000457763672,17.25,17.360000610351562,9883200
2013-12-03,14.838120460510254,17.329999923706055,17.350000381469727,17.229999542236328,17.229999542236328,11455800
2013-12-04,14.850964546203613,17.344999313354492,17.40999984741211,17.229999542236328,17.280000686645508,13147800
2013-12-05,14.803875923156738,17.290000915527344,17.389999389648438,17.264999389648438,17.389999389648438,8537400
2013-12-06,14.906622886657715,17.40999984741211,17.450000762939453,17.354999542236328,17.40999984741211,8796600
2013-12-09,14.953710556030273,17.46500015258789,17.514999389648438,17.424999237060547,17.459999084472656,7997200
2013-12-10,14.923745155334473,17.43000030517578,17.469999313354492,17.40999984741211,17.459999084472656,16249800
2013-12-11,14.786755561828613,17.270000457763672,17.489999771118164,17.2450008392334,17.454999923706055,15075400
2013-12-12,14.688288688659668,17.155000686645508,17.274999618530273,17.149999618530273,17.274999618530273,11008200
2013-12-13,14.641193389892578,17.100000381469727,17.239999771118164,17.100000381469727,17.239999771118164,9705400
2013-12-16,14.786755561828613,17.270000457763672,17.315000534057617,17.170000076293945,17.190000534057617,12029000
2013-12-17,14.782466888427734,17.264999389648438,17.31999969482422,17.239999771118164,17.2549991607666,11153800
2013-12-18,14.89806079864502,17.399999618530273,17.40999984741211,17.014999389648438,17.25,34219600
2013-12-19,14.923745155334473,17.43000030517578,17.459999084472656,17.364999771118164,17.395000457763672,17322600
2013-12-20,15.040335655212402,17.479999542236328,17.520000457763672,17.3700008392334,17.389999389648438,17653800
2013-12-23,15.23823356628418,17.709999084472656,17.71500015258789,17.600000381469727,17.639999389648438,14570800
2013-12-24,15.28125286102295,17.760000228881836,17.760000228881836,17.709999084472656,17.71500015258789,5228200
2013-12-26,15.319968223571777,17.80500030517578,17.825000762939453,17.764999389648438,17.795000076293945,7160400
2013-12-27,15.307071685791016,17.790000915527344,17.850000381469727,17.770000457763672,17.850000381469727,7649000
2013-12-30,15.276949882507324,17.7549991607666,17.78499984741211,17.729999542236328,17.774999618530273,9277600
2013-12-31,15.375894546508789,17.8700008392334,17.8799991607666,17.774999618530273,17.795000076293945,13689400
2014-01-02,15.225322723388672,17.69499969482422,17.809999465942383,17.665000915527344,17.809999465942383,17105000
2014-01-03,15.152190208435059,17.610000610351562,17.739999771118164,17.600000381469727,17.739999771118164,10409600
2014-01-06,15.126376152038574,17.579999923706055,17.645000457763672,17.514999389648438,17.59000015258789,9049400
2014-01-07,15.264045715332031,17.739999771118164,17.764999389648438,17.625,17.65999984741211,14323600
2014-01-08,15.264045715332031,17.739999771118164,17.799999237060547,17.68000030517578,17.75,9392800
2014-01-09,15.165098190307617,17.625,17.815000534057617,17.579999923706055,17.815000534057617,12683800
2014-01-10,15.195204734802246,17.65999984741211,17.709999084472656,17.56999969482422,17.674999237060547,25920200
2014-01-13,15.031726837158203,17.469999313354492,17.729999542236328,17.415000915527344,17.645000457763672,12890600
2014-01-14,15.28554916381836,17.764999389648438,17.774999618530273,17.520000457763672,17.540000915527344,12838800
2014-01-15,15.470541000366211,17.979999542236328,18.024999618530273,17.84000015258789,17.864999771118164,19348000
2014-01-16,15.466253280639648,17.975000381469727,18.0049991607666,17.934999465942383,17.989999771118164,13862600
2014-01-17,15.38019847869873,17.875,17.979999542236328,17.834999084472656,17.94499969482422,12677400
2014-01-21,15.457642555236816,17.96500015258789,18.014999389648438,17.815000534057617,18.014999389648438,12588400
2014-01-22,15.44043254852295,17.94499969482422,17.975000381469727,17.899999618530273,17.94499969482422,8431800
2014-01-23,15.410314559936523,17.90999984741211,17.90999984741211,17.790000915527344,17.864999771118164,12836000
2014-01-24,15.113472938537598,17.565000534057617,17.864999771118164,17.559999465942383,17.834999084472656,30993400
2014-01-27,14.971500396728516,17.399999618530273,17.600000381469727,17.315000534057617,17.59000015258789,16028000
2014-01-28,14.881156921386719,17.295000076293945,17.325000762939453,17.19499969482422,17.2450008392334,26291000
2014-01-29,14.764989852905273,17.15999984741211,17.260000228881836,17.094999313354492,17.149999618530273,22438800
2014-01-30,14.945682525634766,17.3700008392334,17.43000030517578,17.274999618530273,17.364999771118164,16659800
2014-01-31,14.9801025390625,17.40999984741211,17.4950008392334,17.225000381469727,17.229999542236328,21887000
2014-02-03,14.666046142578125,17.045000076293945,17.434999465942383,16.979999542236328,17.3700008392334,31951600
2014-02-04,14.721975326538086,17.110000610351562,17.155000686645508,17.024999618530273,17.075000762939453,11451400
2014-02-05,14.734878540039062,17.125,17.174999237060547,16.959999084472656,17.075000762939453,18406200
2014-02-06,14.89836311340332,17.315000534057617,17.31999969482422,17.139999389648438,17.139999389648438,18279400
2014-02-07,15.100565910339355,17.549999237060547,17.55500030517578,17.350000381469727,17.424999237060547,20929600
2014-02-10,15.1306791305542,17.584999084472656,17.614999771118164,17.5049991607666,17.549999237060547,13517400
2014-02-11,15.315668106079102,17.799999237060547,17.850000381469727,17.639999389648438,17.65999984741211,14082800
2014-02-12,15.375894546508789,17.8700008392334,17.899999618530273,17.829999923706055,17.844999313354492,16095600
2014-02-13,15.487751960754395,18.0,18.014999389648438,17.7450008392334,17.770000457763672,13828600
2014-02-14,15.517868995666504,18.03499984741211,18.06999969482422,17.940000534057617,17.985000610351562,24752600
2014-02-18,15.52647590637207,18.045000076293945,18.09000015258789,17.9950008392334,18.05500030517578,11893000
2014-02-19,15.474854469299316,17.985000610351562,18.09000015258789,17.94499969482422,18.010000228881836,17223400
2014-02-20,15.52647590637207,18.045000076293945,18.084999084472656,17.905000686645508,17.985000610351562,13394000
2014-02-21,15.466253280639648,17.975000381469727,18.1299991607666,17.969999313354492,18.100000381469727,12745200
2014-02-24,15.52647590637207,18.045000076293945,18.135000228881836,17.954999923706055,17.954999923706055,15690400
2014-02-25,15.4834566116333,17.9950008392334,18.079999923706055,17.950000762939453,18.075000762939453,11223200
2014-02-26,15.496359825134277,18.010000228881836,18.079999923706055,17.940000534057617,18.0049991607666,11641400
2014-02-27,15.62111759185791,18.155000686645508,18.165000915527344,17.989999771118164,18.0049991607666,10898800
2014-02-28,15.638327598571777,18.174999237060547,18.225000381469727,17.969999313354492,18.145000457763672,19402000
2014-03-03,15.470541000366211,17.979999542236328,18.024999618530273,17.834999084472656,17.950000762939453,18054600
2014-03-04,15.672752380371094,18.21500015258789,18.264999389648438,18.149999618530273,18.174999237060547,23209800
2014-03-05,15.694259643554688,18.239999771118164,18.274999618530273,18.204999923706055,18.2549991607666,17861600
2014-03-06,15.715766906738281,18.264999389648438,18.299999237060547,18.225000381469727,18.264999389648438,17330800
2014-03-07,15.668445587158203,18.209999084472656,18.325000762939453,18.135000228881836,18.315000534057617,14394800
2014-03-10,15.642626762390137,18.18000030517578,18.239999771118164,18.110000610351562,18.200000762939453,15115400
2014-03-11,15.6082181930542,18.139999389648438,18.274999618530273,18.09000015258789,18.209999084472656,18913200
2014-03-12,15.63403034210205,18.170000076293945,18.190000534057617,18.0049991607666,18.065000534057617,12712200
2014-03-13,15.42322063446045,17.924999237060547,18.225000381469727,17.860000610351562,18.219999313354492,18794800
2014-03-14,15.328574180603027,17.815000534057617,17.950000762939453,17.799999237060547,17.889999389648438,17879600
2014-03-17,15.50927448272705,18.024999618530273,18.075000762939453,17.899999618530273,17.934999465942383,32889800
2014-03-18,15.711474418640137,18.260000228881836,18.280000686645508,18.03499984741211,18.03499984741211,13728000
2014-03-19,15.646932601928711,18.184999465942383,18.309999465942383,18.06999969482422,18.225000381469727,15578800
2014-03-20,15.7673978805542,18.325000762939453,18.375,18.135000228881836,18.165000915527344,11791000
2014-03-21,15.68832778930664,18.155000686645508,18.3700008392334,18.1200008392334,18.329999923706055,18219400
2014-03-24,15.675369262695312,18.139999389648438,18.280000686645508,17.989999771118164,18.209999084472656,20708200
2014-03-25,15.77042007446289,18.25,18.290000915527344,18.104999542236328,18.174999237060547,15252600
2014-03-26,15.580307006835938,18.030000686645508,18.3700008392334,18.030000686645508,18.334999084472656,15026800
2014-03-27,15.524144172668457,17.96500015258789,18.049999237060547,17.8700008392334,18.020000457763672,25854800
2014-03-28,15.584633827209473,18.03499984741211,18.149999618530273,17.959999084472656,18.020000457763672,12711600
2014-03-31,15.705611228942871,18.174999237060547,18.2450008392334,18.125,18.149999618530273,14567000
2014-04-01,15.891398429870605,18.389999389648438,18.389999389648438,18.204999923706055,18.209999084472656,14048400
2014-04-02,15.900041580200195,18.399999618530273,18.454999923706055,18.329999923706055,18.440000534057617,21009400
2014-04-03,15.822273254394531,18.309999465942383,18.46500015258789,18.2549991607666,18.424999237060547,15525200
2014-04-04,15.51982307434082,17.959999084472656,18.434999465942383,17.90999984741211,18.405000686645508,20191600
2014-04-07,15.398842811584473,17.81999969482422,17.985000610351562,17.75,17.885000228881836,22362600
2014-04-08,15.53709888458252,17.979999542236328,18.0049991607666,17.799999237060547,17.854999542236328,14659400
2014-04-09,15.744494438171387,18.219999313354492,18.225000381469727,17.985000610351562,18.040000915527344,13313800
2014-04-10,15.381558418273926,17.799999237060547,18.25,17.770000457763672,18.219999313354492,16173600
2014-04-11,15.208739280700684,17.600000381469727,17.81999969482422,17.584999084472656,17.68000030517578,28508800
2014-04-14,15.35996150970459,17.774999618530273,17.84000015258789,17.649999618530273,17.71500015258789,9984600
2014-04-15,15.437726974487305,17.864999771118164,17.90999984741211,17.565000534057617,17.80500030517578,17178600
2014-04-16,15.588955879211426,18.040000915527344,18.045000076293945,17.84000015258789,17.96500015258789,27999400
2014-04-17,15.567347526550293,18.014999389648438,18.084999084472656,17.860000610351562,17.954999923706055,15763400
2014-04-21,15.627838134765625,18.084999084472656,18.104999542236328,17.979999542236328,18.030000686645508,7052000
2014-04-22,15.692648887634277,18.15999984741211,18.200000762939453,18.059999465942383,18.094999313354492,10957000
2014-04-23,15.524144172668457,17.96500015258789,18.1299991607666,17.959999084472656,18.1299991607666,22848200
2014-04-24,15.645126342773438,18.104999542236328,18.264999389648438,17.985000610351562,18.260000228881836,10021400
2014-04-25,15.446371078491211,17.875,18.040000915527344,17.834999084472656,17.9950008392334,12804000
2014-04-28,15.593276023864746,18.045000076293945,18.104999542236328,17.809999465942383,17.934999465942383,24138200
2014-04-29,15.70129108428955,18.170000076293945,18.209999084472656,18.05500030517578,18.09000015258789,10952200
2014-04-30,15.748818397521973,18.225000381469727,18.270000457763672,18.094999313354492,18.145000457763672,18331200
2014-05-01,15.766098976135254,18.2450008392334,18.334999084472656,18.200000762939453,18.219999313354492,9955400
2014-05-02,15.722891807556152,18.19499969482422,18.295000076293945,18.18000030517578,18.290000915527344,13440200
2014-05-05,15.804987907409668,18.290000915527344,18.290000915527344,18.084999084472656,18.149999618530273,8164400
2014-05-06,15.627838134765625,18.084999084472656,18.2549991607666,18.079999923706055,18.2549991607666,9399800
2014-05-07,15.63647747039795,18.094999313354492,18.139999389648438,17.889999389648438,18.114999771118164,13653800
2014-05-08,15.679691314697266,18.145000457763672,18.30500030517578,18.024999618530273,18.049999237060547,7574800
2014-05-09,15.696969032287598,18.165000915527344,18.174999237060547,18.03499984741211,18.1299991607666,14877000
2014-05-12,15.908679962158203,18.40999984741211,18.420000076293945,18.239999771118164,18.25,11186800
2014-05-13,15.917328834533691,18.420000076293945,18.469999313354492,18.3700008392334,18.434999465942383,11488200
2014-05-14,15.843867301940918,18.334999084472656,18.424999237060547,18.295000076293945,18.389999389648438,10223200
2014-05-15,15.748818397521973,18.225000381469727,18.3799991607666,18.149999618530273,18.364999771118164,14576600
2014-05-16,15.848194122314453,18.34000015258789,18.350000381469727,18.165000915527344,18.219999313354492,11607400
2014-05-19,15.951882362365723,18.459999084472656,18.485000610351562,18.274999618530273,18.274999618530273,6597000
2014-05-20,15.861149787902832,18.354999542236328,18.4950008392334,18.295000076293945,18.479999542236328,8474200
2014-05-21,15.969164848327637,18.479999542236328,18.485000610351562,18.3700008392334,18.3700008392334,8322800
2014-05-22,15.999411582946777,18.514999389648438,18.575000762939453,18.454999923706055,18.479999542236328,6350000
2014-05-23,16.133352279663086,18.670000076293945,18.68000030517578,18.530000686645508,18.559999465942383,6624200
2014-05-27,16.271617889404297,18.829999923706055,18.834999084472656,18.709999084472656,18.71500015258789,11349000
2014-05-28,16.228416442871094,18.780000686645508,18.854999542236328,18.764999389648438,18.84000015258789,13553800
2014-05-29,16.323463439941406,18.889999389648438,18.895000457763672,18.799999237060547,18.844999313354492,9328000
2014-05-30,16.340744018554688,18.90999984741211,18.934999465942383,18.829999923706055,18.895000457763672,12438400
2014-06-02,16.3148250579834,18.8799991607666,18.954999923706055,18.799999237060547,18.940000534057617,10923000
2014-06-03,16.288902282714844,18.850000381469727,18.895000457763672,18.790000915527344,18.850000381469727,11338600
2014-06-04,16.31913948059082,18.885000228881836,18.90999984741211,18.770000457763672,18.81999969482422,6998400
2014-06-05,16.427160263061523,19.010000228881836,19.030000686645508,18.834999084472656,18.950000762939453,11335200
2014-06-06,16.5006103515625,19.094999313354492,19.110000610351562,19.045000076293945,19.110000610351562,9597800
2014-06-09,16.552465438842773,19.155000686645508,19.184999465942383,19.084999084472656,19.1200008392334,12784000
2014-06-10,16.56110954284668,19.165000915527344,19.190000534057617,19.125,19.155000686645508,7189400
2014-06-11,16.5222110748291,19.1200008392334,19.170000076293945,19.06999969482422,19.084999084472656,8509400
2014-06-12,16.379642486572266,18.954999923706055,19.190000534057617,18.895000457763672,19.1299991607666,9636000
2014-06-13,16.474695205688477,19.065000534057617,19.100000381469727,18.985000610351562,19.06999969482422,14663400
2014-06-16,16.474695205688477,19.065000534057617,19.1200008392334,19.0,19.030000686645508,14128800
2014-06-17,16.513582229614258,19.110000610351562,19.145000457763672,19.030000686645508,19.049999237060547,14075200
2014-06-18,16.599987030029297,19.209999084472656,19.219999313354492,19.010000228881836,19.149999618530273,26070600
2014-06-19,16.56974220275879,19.174999237060547,19.239999771118164,19.100000381469727,19.239999771118164,11837400
2014-06-20,16.533287048339844,19.045000076293945,19.110000610351562,19.0049991607666,19.100000381469727,10854400
2014-06-23,16.581031799316406,19.100000381469727,19.100000381469727,19.010000228881836,19.024999618530273,7534200
2014-06-24,16.494218826293945,19.0,19.190000534057617,18.954999923706055,19.09000015258789,16942600
2014-06-25,16.559329986572266,19.075000762939453,19.104999542236328,18.940000534057617,18.959999084472656,10223800
2014-06-26,16.541969299316406,19.05500030517578,19.100000381469727,18.94499969482422,19.09000015258789,22704600
2014-06-27,16.64179229736328,19.170000076293945,19.170000076293945,19.030000686645508,19.040000915527344,21766600
2014-06-30,16.646137237548828,19.174999237060547,19.239999771118164,19.139999389648438,19.155000686645508,8980800
2014-07-01,16.81542205810547,19.3700008392334,19.43000030517578,19.229999542236328,19.2450008392334,14977800
2014-07-02,16.83277702331543,19.389999389648438,19.415000915527344,19.360000610351562,19.405000686645508,9940000
2014-07-03,16.906578063964844,19.475000381469727,19.485000610351562,19.395000457763672,19.459999084472656,4386000
2014-07-07,16.923933029174805,19.4950008392334,19.510000228881836,19.424999237060547,19.475000381469727,20964400
2014-07-08,16.772014617919922,19.31999969482422,19.485000610351562,19.21500015258789,19.485000610351562,13847800
2014-07-09,16.854490280151367,19.415000915527344,19.424999237060547,19.309999465942383,19.350000381469727,14236200
2014-07-10,16.806743621826172,19.360000610351562,19.44499969482422,19.110000610351562,19.110000610351562,8843800
2014-07-11,16.893550872802734,19.459999084472656,19.459999084472656,19.354999542236328,19.405000686645508,6522600
2014-07-14,17.01508903503418,19.600000381469727,19.625,19.530000686645508,19.549999237060547,8418200
2014-07-15,16.984703063964844,19.565000534057617,19.670000076293945,19.454999923706055,19.645000457763672,14829000
2014-07-16,17.140960693359375,19.7450008392334,19.795000076293945,19.704999923706055,19.75,16129600
2014-07-17,16.91959571838379,19.489999771118164,19.75,19.43000030517578,19.725000381469727,11341400
2014-07-18,17.12360191345215,19.725000381469727,19.739999771118164,19.55500030517578,19.579999923706055,9541000
2014-07-21,17.10190200805664,19.700000762939453,19.7549991607666,19.6200008392334,19.71500015258789,12363200
2014-07-22,17.245136260986328,19.864999771118164,19.8799991607666,19.780000686645508,19.815000534057617,9579600
2014-07-23,17.275524139404297,19.899999618530273,19.954999923706055,19.825000762939453,19.90999984741211,10946800
2014-07-24,17.26250457763672,19.885000228881836,19.959999084472656,19.844999313354492,19.959999084472656,23319200
2014-07-25,17.240793228149414,19.860000610351562,19.885000228881836,19.764999389648438,19.825000762939453,9499000
2014-07-28,17.271181106567383,19.895000457763672,19.934999465942383,19.739999771118164,19.875,15524400
2014-07-29,17.23646354675293,19.854999542236328,20.040000915527344,19.844999313354492,20.040000915527344,14624800
2014-07-30,17.25381851196289,19.875,19.94499969482422,19.780000686645508,19.94499969482422,15524600
2014-07-31,16.928274154663086,19.5,19.770000457763672,19.469999313354492,19.75,34833000
2014-08-01,16.837120056152344,19.395000457763672,19.530000686645508,19.299999237060547,19.450000762939453,31014800
2014-08-04,16.958660125732422,19.53499984741211,19.584999084472656,19.354999542236328,19.454999923706055,12667400
2014-08-05,16.798063278198242,19.350000381469727,19.479999542236328,19.270000457763672,19.415000915527344,24586800
2014-08-06,16.7459716796875,19.290000915527344,19.385000228881836,19.19499969482422,19.219999313354492,18281800
2014-08-07,16.676515579223633,19.209999084472656,19.405000686645508,19.145000457763672,19.3700008392334,13730000
2014-08-08,16.785030364990234,19.334999084472656,19.350000381469727,19.139999389648438,19.200000762939453,12045600
2014-08-11,16.867502212524414,19.43000030517578,19.485000610351562,19.385000228881836,19.424999237060547,13015400
2014-08-12,16.858827590942383,19.420000076293945,19.469999313354492,19.325000762939453,19.40999984741211,13409800
2014-08-13,17.023771286010742,19.610000610351562,19.610000610351562,19.46500015258789,19.46500015258789,10985400
2014-08-14,17.054153442382812,19.645000457763672,19.645000457763672,19.559999465942383,19.625,9229200
2014-08-15,17.054153442382812,19.645000457763672,19.739999771118164,19.5049991607666,19.690000534057617,17821800
2014-08-18,17.21475601196289,19.829999923706055,19.84000015258789,19.725000381469727,19.780000686645508,8496000
2014-08-19,17.323270797729492,19.954999923706055,19.959999084472656,19.860000610351562,19.885000228881836,10095600
2014-08-20,17.323270797729492,19.954999923706055,19.989999771118164,19.90999984741211,19.924999237060547,14010600
2014-08-21,17.40574073791504,20.049999237060547,20.079999923706055,19.954999923706055,19.954999923706055,6909000
2014-08-22,17.410078048706055,20.05500030517578,20.094999313354492,20.010000228881836,20.065000534057617,8815400
2014-08-25,17.427438735961914,20.075000762939453,20.155000686645508,20.03499984741211,20.149999618530273,6861400
2014-08-26,17.436126708984375,20.084999084472656,20.110000610351562,20.059999465942383,20.104999542236328,6704600
2014-08-27,17.43178367614746,20.079999923706055,20.104999542236328,20.024999618530273,20.09000015258789,8661400
2014-08-28,17.40574073791504,20.049999237060547,20.079999923706055,19.975000381469727,20.010000228881836,7056600
2014-08-29,17.483863830566406,20.139999389648438,20.145000457763672,20.030000686645508,20.084999084472656,15368000
2014-09-02,17.488210678100586,20.145000457763672,20.184999465942383,20.084999084472656,20.184999465942383,11377600
2014-09-03,17.392711639404297,20.03499984741211,20.219999313354492,20.010000228881836,20.219999313354492,13783200
2014-09-04,17.3840389251709,20.024999618530273,20.170000076293945,19.96500015258789,20.075000762939453,10426400
2014-09-05,17.488210678100586,20.145000457763672,20.149999618530273,20.014999389648438,20.065000534057617,14050400
2014-09-08,17.514251708984375,20.174999237060547,20.225000381469727,20.09000015258789,20.135000228881836,12772200
2014-09-09,17.388378143310547,20.030000686645508,20.270000457763672,19.975000381469727,20.184999465942383,17125400
2014-09-10,17.492551803588867,20.149999618530273,20.174999237060547,19.979999542236328,20.03499984741211,14459600
2014-09-11,17.531620025634766,20.19499969482422,20.204999923706055,20.040000915527344,20.110000610351562,20644400
2014-09-12,17.457828521728516,20.110000610351562,20.190000534057617,20.045000076293945,20.18000030517578,11111400
2014-09-15,17.353656768798828,19.989999771118164,20.145000457763672,19.954999923706055,20.145000457763672,13764400
2014-09-16,17.483863830566406,20.139999389648438,20.165000915527344,19.895000457763672,19.93000030517578,23821200
2014-09-17,17.518592834472656,20.18000030517578,20.2549991607666,20.059999465942383,20.135000228881836,15309000
2014-09-18,17.622772216796875,20.299999237060547,20.309999465942383,20.219999313354492,20.219999313354492,14790600
2014-09-19,17.585275650024414,20.170000076293945,20.28499984741211,20.094999313354492,20.28499984741211,31452600
2014-09-22,17.46757698059082,20.03499984741211,20.174999237060547,19.979999542236328,20.174999237060547,12760800
2014-09-23,17.428340911865234,19.989999771118164,20.079999923706055,19.954999923706055,20.0049991607666,11937000
2014-09-24,17.541688919067383,20.1200008392334,20.125,19.905000686645508,19.9950008392334,14289000
2014-09-25,17.158069610595703,19.68000030517578,20.049999237060547,19.68000030517578,20.040000915527344,18703000
2014-09-26,17.345521926879883,19.895000457763672,19.934999465942383,19.71500015258789,19.71500015258789,9763000
2014-09-29,17.341161727905273,19.889999389648438,19.920000076293945,19.670000076293945,19.735000610351562,9652800
2014-09-30,17.39347267150879,19.950000762939453,20.040000915527344,19.8700008392334,19.924999237060547,13519800
2014-10-01,17.12319564819336,19.639999389648438,19.90999984741211,19.584999084472656,19.885000228881836,26118400
2014-10-02,17.114477157592773,19.6299991607666,19.700000762939453,19.43000030517578,19.649999618530273,26753600
2014-10-03,17.253982543945312,19.790000915527344,19.850000381469727,19.68000030517578,19.75,13410200
2014-10-06,17.258329391479492,19.795000076293945,19.924999237060547,19.7450008392334,19.889999389648438,13895600
2014-10-07,16.988065719604492,19.485000610351562,19.7549991607666,19.485000610351562,19.739999771118164,18013400
2014-10-08,17.31064796447754,19.854999542236328,19.889999389648438,19.375,19.510000228881836,17341200
2014-10-09,17.022930145263672,19.524999618530273,19.8700008392334,19.5049991607666,19.834999084472656,30600200
2014-10-10,16.587005615234375,19.024999618530273,19.4950008392334,19.024999618530273,19.395000457763672,60365200
2014-10-13,16.403919219970703,18.815000534057617,19.184999465942383,18.790000915527344,19.0,57207800
2014-10-14,16.430076599121094,18.844999313354492,19.059999465942383,18.795000076293945,18.969999313354492,43084200
2014-10-15,16.316728591918945,18.71500015258789,18.790000915527344,18.290000915527344,18.575000762939453,58134400
2014-10-16,16.220836639404297,18.604999542236328,18.729999542236328,18.350000381469727,18.399999618530273,54246200
2014-10-17,16.412639617919922,18.825000762939453,18.959999084472656,18.700000762939453,18.790000915527344,25571800
2014-10-20,16.530338287353516,18.959999084472656,18.969999313354492,18.625,18.719999313354492,18442800
2014-10-21,16.852924346923828,19.329999923706055,19.34000015258789,19.094999313354492,19.094999313354492,23145600
2014-10-22,16.774456024169922,19.239999771118164,19.440000534057617,19.225000381469727,19.395000457763672,24158400
2014-10-23,16.961904525756836,19.454999923706055,19.559999465942383,19.334999084472656,19.375,64432000
2014-10-24,17.110118865966797,19.625,19.639999389648438,19.43000030517578,19.540000915527344,13806400
2014-10-27,17.127559661865234,19.645000457763672,19.69499969482422,19.545000076293945,19.565000534057617,11887000
2014-10-28,17.362964630126953,19.915000915527344,19.924999237060547,19.700000762939453,19.700000762939453,15490800
2014-10-29,17.345521926879883,19.895000457763672,19.959999084472656,19.770000457763672,19.889999389648438,26352200
2014-10-30,17.40219497680664,19.959999084472656,19.9950008392334,19.795000076293945,19.8799991607666,18376400
2014-10-31,17.672475814819336,20.270000457763672,20.274999618530273,20.165000915527344,20.204999923706055,19925800
2014-11-03,17.746572494506836,20.354999542236328,20.389999389648438,20.264999389648438,20.295000076293945,19059600
2014-11-04,17.742212295532227,20.350000381469727,20.405000686645508,20.225000381469727,20.325000762939453,12866400
2014-11-05,17.79016876220703,20.405000686645508,20.485000610351562,20.315000534057617,20.475000381469727,14556200
2014-11-06,17.781450271606445,20.395000457763672,20.40999984741211,20.270000457763672,20.395000457763672,17179200
2014-11-07,17.803241729736328,20.420000076293945,20.440000534057617,20.31999969482422,20.415000915527344,14951400
2014-11-10,17.851194381713867,20.475000381469727,20.4950008392334,20.375,20.40999984741211,9641800
2014-11-11,17.859922409057617,20.485000610351562,20.4950008392334,20.399999618530273,20.489999771118164,6108600
2014-11-12,17.916576385498047,20.549999237060547,20.565000534057617,20.40999984741211,20.420000076293945,9033200
2014-11-13,18.012489318847656,20.65999984741211,20.729999542236328,20.565000534057617,20.600000381469727,10792200
2014-11-14,18.138904571533203,20.80500030517578,20.80500030517578,20.665000915527344,20.665000915527344,8686600
2014-11-17,18.10403823852539,20.764999389648438,20.795000076293945,20.665000915527344,20.7450008392334,8265400
2014-11-18,18.16506004333496,20.834999084472656,20.8799991607666,20.7450008392334,20.75,9659800
2014-11-19,18.047365188598633,20.700000762939453,20.84000015258789,20.604999542236328,20.84000015258789,14334000
2014-11-20,18.138904571533203,20.80500030517578,20.80500030517578,20.59000015258789,20.6299991607666,9794800
2014-11-21,18.16506004333496,20.834999084472656,20.979999542236328,20.75,20.969999313354492,12925600
2014-11-24,18.26097297668457,20.94499969482422,20.950000762939453,20.815000534057617,20.875,6226400
2014-11-25,18.26968002319336,20.954999923706055,21.040000915527344,20.940000534057617,20.975000381469727,9489200
2014-11-26,18.435333251953125,21.145000457763672,21.155000686645508,20.959999084472656,20.959999084472656,20482000
2014-11-28,18.522525787353516,21.2450008392334,21.290000915527344,21.145000457763672,21.184999465942383,10865000
2014-12-01,18.313270568847656,21.0049991607666,21.219999313354492,20.915000915527344,21.19499969482422,23329400
2014-12-02,18.317630767822266,21.010000228881836,21.045000076293945,20.924999237060547,20.9950008392334,11261200
2014-12-03,18.383028030395508,21.084999084472656,21.1200008392334,20.96500015258789,21.05500030517578,8543400
2014-12-04,18.383028030395508,21.084999084472656,21.149999618530273,21.0049991607666,21.06999969482422,7533600
2014-12-05,18.36122703552246,21.059999465942383,21.139999389648438,21.010000228881836,21.100000381469727,14359000
2014-12-08,18.173782348632812,20.844999313354492,21.05500030517578,20.7549991607666,21.020000457763672,13379800
2014-12-09,18.169424057006836,20.84000015258789,20.8700008392334,20.5,20.56999969482422,16443400
2014-12-10,17.894790649414062,20.524999618530273,20.844999313354492,20.485000610351562,20.844999313354492,16541200
2014-12-11,17.973257064819336,20.614999771118164,20.850000381469727,20.559999465942383,20.559999465942383,18076400
2014-12-12,17.707338333129883,20.309999465942383,20.610000610351562,20.28499984741211,20.454999923706055,17966000
2014-12-15,17.598358154296875,20.184999465942383,20.530000686645508,20.094999313354492,20.44499969482422,20502200
2014-12-16,17.362964630126953,19.915000915527344,20.405000686645508,19.915000915527344,20.040000915527344,31303000
2014-12-17,17.68990707397461,20.290000915527344,20.354999542236328,19.940000534057617,19.975000381469727,30566000
2014-12-18,18.19557762145996,20.8700008392334,20.8799991607666,20.59000015258789,20.649999618530273,21318600
2014-12-19,18.215730667114258,20.78499984741211,20.895000457763672,20.760000228881836,20.850000381469727,23388800
2014-12-22,18.434829711914062,21.03499984741211,21.03499984741211,20.829999923706055,20.864999771118164,12214000
2014-12-23,18.483036041259766,21.09000015258789,21.15999984741211,21.079999923706055,21.125,13398800
2014-12-24,18.46550178527832,21.06999969482422,21.139999389648438,21.065000534057617,21.139999389648438,5311200
2014-12-26,18.544382095336914,21.15999984741211,21.200000762939453,21.100000381469727,21.110000610351562,4557000
2014-12-29,18.452362060546875,21.05500030517578,21.139999389648438,21.03499984741211,21.079999923706055,9276600
2014-12-30,18.320907592773438,20.905000686645508,21.045000076293945,20.885000228881836,21.014999389648438,11006800
2014-12-31,18.119327545166016,20.674999237060547,21.0,20.655000686645508,20.975000381469727,11910600
2015-01-02,18.084274291992188,20.635000228881836,20.854999542236328,20.530000686645508,20.80500030517578,16990400
2015-01-05,17.80821418762207,20.31999969482422,20.559999465942383,20.260000228881836,20.559999465942383,14389400
2015-01-06,17.593496322631836,20.075000762939453,20.3799991607666,19.979999542236328,20.3799991607666,17491200
2015-01-07,17.74247932434082,20.2450008392334,20.295000076293945,20.100000381469727,20.229999542236328,13069200
2015-01-08,18.132482528686523,20.690000534057617,20.735000610351562,20.3799991607666,20.40999984741211,28423400
2015-01-09,18.075510025024414,20.625,20.799999237060547,20.475000381469727,20.75,18339800
2015-01-12,17.86517333984375,20.385000228881836,20.665000915527344,20.315000534057617,20.614999771118164,11257400
2015-01-13,17.85203742980957,20.3700008392334,20.809999465942383,20.225000381469727,20.55500030517578,23358400
2015-01-14,17.751243591308594,20.2549991607666,20.344999313354492,20.06999969482422,20.204999923706055,17661400
2015-01-15,17.52338218688965,19.9950008392334,20.389999389648438,19.979999542236328,20.34000015258789,18655400
2015-01-16,17.69428253173828,20.190000534057617,20.209999084472656,19.920000076293945,19.93000030517578,37643000
2015-01-20,17.84326934814453,20.360000610351562,20.405000686645508,20.104999542236328,20.309999465942383,24031600
2015-01-21,17.87393569946289,20.395000457763672,20.479999542236328,20.170000076293945,20.270000457763672,27838200
2015-01-22,18.167539596557617,20.729999542236328,20.7450008392334,20.280000686645508,20.450000762939453,17624400
2015-01-23,18.16315460205078,20.725000381469727,20.81999969482422,20.655000686645508,20.725000381469727,12957600
2015-01-26,18.088653564453125,20.639999389648438,20.7549991607666,20.575000762939453,20.700000762939453,19467000
2015-01-27,17.567209243774414,20.045000076293945,20.299999237060547,19.954999923706055,20.299999237060547,21584000
2015-01-28,17.536529541015625,20.010000228881836,20.469999313354492,20.010000228881836,20.405000686645508,26094400
2015-01-29,17.703046798706055,20.200000762939453,20.239999771118164,19.829999923706055,20.020000457763672,33635200
2015-01-30,17.483943939208984,19.950000762939453,20.2450008392334,19.90999984741211,20.145000457763672,26012600
2015-02-02,17.663606643676758,20.155000686645508,20.18000030517578,19.69499969482422,20.020000457763672,31247200
2015-02-03,17.86517333984375,20.385000228881836,20.405000686645508,20.15999984741211,20.21500015258789,19767400
2015-02-04,17.900236129760742,20.424999237060547,20.575000762939453,20.350000381469727,20.350000381469727,11778800
2015-02-05,18.066747665405273,20.614999771118164,20.625,20.44499969482422,20.510000228881836,10183600
2015-02-06,18.00977897644043,20.549999237060547,20.739999771118164,20.489999771118164,20.645000457763672,9580600
2015-02-09,17.983495712280273,20.520000457763672,20.6200008392334,20.475000381469727,20.4950008392334,14331400
2015-02-10,18.25079345703125,20.825000762939453,20.850000381469727,20.584999084472656,20.65999984741211,22491400
2015-02-11,18.320907592773438,20.905000686645508,20.940000534057617,20.795000076293945,20.854999542236328,12500000
2015-02-12,18.570676803588867,21.190000534057617,21.204999923706055,21.03499984741211,21.065000534057617,13538400
2015-02-13,18.688987731933594,21.325000762939453,21.34000015258789,21.200000762939453,21.239999771118164,8631600
2015-02-17,18.697742462158203,21.334999084472656,21.3700008392334,21.280000686645508,21.344999313354492,10680600
2015-02-18,18.71527099609375,21.354999542236328,21.375,21.274999618530273,21.334999084472656,7499600
2015-02-19,18.781005859375,21.43000030517578,21.450000762939453,21.299999237060547,21.34000015258789,6250800
2015-02-20,18.877408981323242,21.540000915527344,21.56999969482422,21.31999969482422,21.43000030517578,13867000
2015-02-23,18.890552520751953,21.55500030517578,21.56999969482422,21.44499969482422,21.565000534057617,8094000
2015-02-24,18.947513580322266,21.6200008392334,21.649999618530273,21.43000030517578,21.540000915527344,9311000
2015-02-25,18.829206466674805,21.485000610351562,21.584999084472656,21.440000534057617,21.559999465942383,11734800
2015-02-26,18.947513580322266,21.6200008392334,21.649999618530273,21.489999771118164,21.549999237060547,15118800
2015-02-27,18.881790161132812,21.545000076293945,21.65999984741211,21.524999618530273,21.614999771118164,12112000
2015-03-02,19.030771255493164,21.71500015258789,21.729999542236328,21.549999237060547,21.6200008392334,13689000
2015-03-03,18.90369987487793,21.56999969482422,21.69499969482422,21.475000381469727,21.69499969482422,17224200
2015-03-04,18.829206466674805,21.485000610351562,21.524999618530273,21.3700008392334,21.514999389648438,11765400
2015-03-05,18.807302474975586,21.459999084472656,21.53499984741211,21.385000228881836,21.53499984741211,15408600
2015-03-06,18.57504653930664,21.19499969482422,21.479999542236328,21.15999984741211,21.450000762939453,16153400
2015-03-09,18.662694931030273,21.295000076293945,21.385000228881836,21.204999923706055,21.235000610351562,12498600
2015-03-10,18.281463623046875,20.860000610351562,21.18000030517578,20.860000610351562,21.174999237060547,17595800
2015-03-11,18.16315460205078,20.725000381469727,20.90999984741211,20.709999084472656,20.90999984741211,23040400
2015-03-12,18.281463623046875,20.860000610351562,20.875,20.645000457763672,20.665000915527344,24669800
2015-03-13,18.180683135986328,20.7450008392334,20.8799991607666,20.6299991607666,20.829999923706055,30375400
2015-03-16,18.39539337158203,20.989999771118164,21.0049991607666,20.790000915527344,20.854999542236328,17278800
2015-03-17,18.39977264404297,20.9950008392334,21.05500030517578,20.905000686645508,20.940000534057617,19067400
2015-03-18,18.6495418548584,21.280000686645508,21.354999542236328,20.885000228881836,20.969999313354492,31710800
2015-03-19,18.596956253051758,21.219999313354492,21.325000762939453,21.204999923706055,21.25,17984800
2015-03-20,18.71708106994629,21.270000457763672,21.375,21.225000381469727,21.260000228881836,38592200
2015-03-23,18.71708106994629,21.270000457763672,21.375,21.264999389648438,21.274999618530273,7506200
2015-03-24,18.65547752380371,21.200000762939453,21.344999313354492,21.200000762939453,21.28499984741211,14234800
2015-03-25,18.17589569091797,20.655000686645508,21.21500015258789,20.655000686645508,21.174999237060547,16348600
2015-03-26,18.189096450805664,20.670000076293945,20.774999618530273,20.469999313354492,20.540000915527344,18004800
2015-03-27,18.20229721069336,20.684999465942383,20.739999771118164,20.575000762939453,20.674999237060547,15818600
2015-03-30,18.422285079956055,20.934999465942383,20.950000762939453,20.799999237060547,20.84000015258789,13210800
2015-03-31,18.23309326171875,20.719999313354492,20.90999984741211,20.719999313354492,20.8700008392334,15927200
2015-04-01,18.206703186035156,20.690000534057617,20.760000228881836,20.545000076293945,20.739999771118164,20855600
2015-04-02,18.20229721069336,20.684999465942383,20.770000457763672,20.645000457763672,20.725000381469727,10938600
2015-04-06,18.37828254699707,20.885000228881836,20.924999237060547,20.520000457763672,20.540000915527344,14689400
2015-04-07,18.33869171142578,20.84000015258789,21.010000228881836,20.834999084472656,20.885000228881836,9368600
2015-04-08,18.395891189575195,20.905000686645508,20.969999313354492,20.799999237060547,20.84000015258789,14407000
2015-04-09,18.444278717041016,20.959999084472656,20.9950008392334,20.795000076293945,20.905000686645508,14580200
2015-04-10,18.514684677124023,21.040000915527344,21.059999465942383,20.915000915527344,20.979999542236328,8632600
2015-04-13,18.461883544921875,20.979999542236328,21.170000076293945,20.975000381469727,21.079999923706055,7774400
2015-04-14,18.404693603515625,20.915000915527344,21.014999389648438,20.815000534057617,20.989999771118164,11702600
2015-04-15,18.567481994628906,21.100000381469727,21.145000457763672,20.950000762939453,20.969999313354492,25166200
2015-04-16,18.501482009887695,21.024999618530273,21.09000015258789,20.96500015258789,21.014999389648438,18228600
2015-04-17,18.246294021606445,20.735000610351562,20.895000457763672,20.670000076293945,20.850000381469727,20318800
2015-04-20,18.558679580688477,21.09000015258789,21.114999771118164,20.81999969482422,20.829999923706055,9691600
2015-04-21,18.54987907409668,21.079999923706055,21.219999313354492,21.05500030517578,21.21500015258789,10002800
2015-04-22,18.73908233642578,21.295000076293945,21.315000534057617,21.045000076293945,21.114999771118164,12190200
2015-04-23,18.813875198364258,21.3799991607666,21.46500015258789,21.19499969482422,21.2450008392334,11799600
2015-04-24,18.976673126220703,21.565000534057617,21.59000015258789,21.44499969482422,21.549999237060547,12457600
2015-04-27,19.02947235107422,21.625,21.71500015258789,21.579999923706055,21.645000457763672,18501400
2015-04-28,19.09107208251953,21.69499969482422,21.774999618530273,21.475000381469727,21.645000457763672,18299600
2015-04-29,18.99867057800293,21.59000015258789,21.719999313354492,21.454999923706055,21.59000015258789,17142200
2015-04-30,18.73468017578125,21.290000915527344,21.545000076293945,21.204999923706055,21.479999542236328,17305200
2015-05-01,18.963472366333008,21.549999237060547,21.559999465942383,21.360000610351562,21.420000076293945,21096800
2015-05-04,18.98107147216797,21.56999969482422,21.68000030517578,21.559999465942383,21.600000381469727,15397600
2015-05-05,18.686283111572266,21.235000610351562,21.549999237060547,21.219999313354492,21.514999389648438,16209800
2015-05-06,18.527891159057617,21.05500030517578,21.354999542236328,20.93000030517578,21.315000534057617,19747800
2015-05-07,18.664281845092773,21.209999084472656,21.28499984741211,21.045000076293945,21.09000015258789,11280600
2015-05-08,18.93267250061035,21.514999389648438,21.530000686645508,21.389999389648438,21.424999237060547,19638400
2015-05-11,18.83588218688965,21.405000686645508,21.524999618530273,21.385000228881836,21.5,12093000
2015-05-12,18.73468017578125,21.290000915527344,21.385000228881836,21.104999542236328,21.290000915527344,15301000
2015-05-13,18.813875198364258,21.3799991607666,21.5049991607666,21.334999084472656,21.3799991607666,18613000
2015-05-14,19.117467880249023,21.725000381469727,21.735000610351562,21.530000686645508,21.549999237060547,13952400
2015-05-15,19.055871963500977,21.655000686645508,21.790000915527344,21.604999542236328,21.770000457763672,16936400
2015-05-18,19.148273468017578,21.760000228881836,21.799999237060547,21.594999313354492,21.625,6786600
2015-05-19,19.09986686706543,21.704999923706055,21.809999465942383,21.68000030517578,21.78499984741211,9130800
2015-05-20,19.113067626953125,21.719999313354492,21.834999084472656,21.639999389648438,21.719999313354492,22021800
2015-05-21,19.196672439575195,21.815000534057617,21.84000015258789,21.665000915527344,21.690000534057617,7426200
2015-05-22,19.183462142944336,21.799999237060547,21.854999542236328,21.7450008392334,21.7450008392334,7937000
2015-05-26,18.906282424926758,21.485000610351562,21.75,21.420000076293945,21.735000610351562,15848800
2015-05-27,19.26266098022461,21.889999389648438,21.905000686645508,21.549999237060547,21.565000534057617,25174200
2015-05-28,19.223068237304688,21.844999313354492,21.885000228881836,21.780000686645508,21.81999969482422,9329600
2015-05-29,19.082265853881836,21.684999465942383,21.854999542236328,21.6299991607666,21.844999313354492,15476800
2015-06-01,19.135068893432617,21.7450008392334,21.81999969482422,21.610000610351562,21.809999465942383,13872600
2015-06-02,19.095476150512695,21.700000762939453,21.799999237060547,21.559999465942383,21.665000915527344,11275600
2015-06-03,19.135068893432617,21.7450008392334,21.864999771118164,21.704999923706055,21.735000610351562,11314600
2015-06-04,18.959074020385742,21.545000076293945,21.75,21.4950008392334,21.625,16694600
2015-06-05,18.897472381591797,21.475000381469727,21.565000534057617,21.3799991607666,21.520000457763672,15455000
2015-06-08,18.686283111572266,21.235000610351562,21.475000381469727,21.19499969482422,21.469999313354492,16759000
2015-06-09,18.64228057861328,21.184999465942383,21.264999389648438,21.045000076293945,21.200000762939453,15413400
2015-06-10,18.93267250061035,21.514999389648438,21.559999465942383,21.235000610351562,21.235000610351562,17929600
2015-06-11,18.94147300720215,21.524999618530273,21.645000457763672,21.4950008392334,21.59000015258789,11289400
2015-06-12,18.774280548095703,21.334999084472656,21.454999923706055,21.315000534057617,21.420000076293945,12317600
2015-06-15,18.65988540649414,21.204999923706055,21.235000610351562,21.045000076293945,21.19499969482422,18358200
2015-06-16,18.783077239990234,21.344999313354492,21.3700008392334,21.15999984741211,21.19499969482422,18346600
2015-06-17,18.7918758392334,21.354999542236328,21.440000534057617,21.229999542236328,21.360000610351562,22047800
2015-06-18,18.959074020385742,21.545000076293945,21.579999923706055,21.34000015258789,21.344999313354492,17926400
2015-06-19,18.801288604736328,21.270000457763672,21.454999923706055,21.270000457763672,21.405000686645508,26869600
2015-06-22,18.955978393554688,21.44499969482422,21.510000228881836,21.395000457763672,21.450000762939453,10876000
2015-06-23,18.969240188598633,21.459999084472656,21.4950008392334,21.40999984741211,21.489999771118164,7986600
2015-06-24,18.880847930908203,21.360000610351562,21.53499984741211,21.360000610351562,21.40999984741211,9693600
2015-06-25,18.83664894104004,21.309999465942383,21.489999771118164,21.30500030517578,21.475000381469727,9827600
2015-06-26,18.67754364013672,21.1299991607666,21.31999969482422,21.06999969482422,21.295000076293945,20348600
2015-06-29,18.27977752685547,20.68000030517578,21.030000686645508,20.674999237060547,20.905000686645508,26214800
2015-06-30,18.297449111938477,20.700000762939453,20.844999313354492,20.645000457763672,20.834999084472656,22765800
2015-07-01,18.421194076538086,20.84000015258789,20.93000030517578,20.75,20.885000228881836,16299000
2015-07-02,18.447717666625977,20.8700008392334,20.940000534057617,20.790000915527344,20.899999618530273,10321400
2015-07-06,18.372587203979492,20.78499984741211,20.8799991607666,20.670000076293945,20.725000381469727,15018000
2015-07-07,18.39910316467285,20.815000534057617,20.844999313354492,20.424999237060547,20.825000762939453,39319800
2015-07-08,18.098560333251953,20.475000381469727,20.690000534057617,20.46500015258789,20.645000457763672,32320000
2015-07-09,18.027851104736328,20.395000457763672,20.764999389648438,20.395000457763672,20.709999084472656,17987600
2015-07-10,18.315128326416016,20.719999313354492,20.790000915527344,20.604999542236328,20.655000686645508,13496600
2015-07-13,18.593564987182617,21.03499984741211,21.049999237060547,20.844999313354492,20.850000381469727,14143000
2015-07-14,18.664281845092773,21.114999771118164,21.170000076293945,21.030000686645508,21.040000915527344,12252800
2015-07-15,18.668699264526367,21.1200008392334,21.184999465942383,21.059999465942383,21.104999542236328,13077000
2015-07-16,18.907365798950195,21.389999389648438,21.399999618530273,21.2450008392334,21.28499984741211,10413200
2015-07-17,19.19905662536621,21.719999313354492,21.719999313354492,21.545000076293945,21.575000762939453,15550000
2015-07-20,19.30071258544922,21.834999084472656,21.905000686645508,21.719999313354492,21.795000076293945,18619000
2015-07-21,19.172544479370117,21.690000534057617,21.80500030517578,21.670000076293945,21.725000381469727,11950400
2015-07-22,18.863170623779297,21.34000015258789,21.44499969482422,21.25,21.264999389648438,17182600
2015-07-23,18.82338523864746,21.295000076293945,21.485000610351562,21.2450008392334,21.399999618530273,12645200
2015-07-24,18.721738815307617,21.18000030517578,21.43000030517578,21.165000915527344,21.399999618530273,19492200
2015-07-27,18.553789138793945,20.989999771118164,21.145000457763672,20.959999084472656,21.010000228881836,17307200
2015-07-28,18.721738815307617,21.18000030517578,21.219999313354492,20.934999465942383,21.079999923706055,15775000
2015-07-29,18.845483779907227,21.31999969482422,21.364999771118164,21.104999542236328,21.18000030517578,16752600
2015-07-30,18.880847930908203,21.360000610351562,21.395000457763672,21.1299991607666,21.229999542236328,13616400
2015-07-31,18.81896209716797,21.290000915527344,21.420000076293945,21.25,21.385000228881836,21824000
2015-08-03,18.71731948852539,21.174999237060547,21.315000534057617,21.045000076293945,21.280000686645508,18396600
2015-08-04,18.606822967529297,21.049999237060547,21.174999237060547,20.975000381469727,21.155000686645508,14765400
2015-08-05,18.788036346435547,21.2549991607666,21.405000686645508,21.139999389648438,21.184999465942383,20785600
2015-08-06,18.602397918701172,21.045000076293945,21.34000015258789,20.969999313354492,21.2549991607666,13019800
2015-08-07,18.615665435791016,21.059999465942383,21.09000015258789,20.915000915527344,20.9950008392334,15825000
2015-08-10,18.907365798950195,21.389999389648438,21.415000915527344,21.155000686645508,21.155000686645508,11144000
2015-08-11,18.6245059967041,21.06999969482422,21.360000610351562,21.010000228881836,21.329999923706055,54689000
2015-08-12,18.708478927612305,21.165000915527344,21.204999923706055,20.719999313354492,20.915000915527344,20071400
2015-08-13,18.655439376831055,21.104999542236328,21.2450008392334,21.065000534057617,21.18000030517578,13287800
2015-08-14,18.748254776000977,21.209999084472656,21.229999542236328,21.03499984741211,21.049999237060547,11906000
2015-08-17,18.854333877563477,21.329999923706055,21.334999084472656,21.059999465942383,21.1299991607666,11183400
2015-08-18,18.757095336914062,21.219999313354492,21.309999465942383,21.19499969482422,21.280000686645508,9383800
2015-08-19,18.633344650268555,21.079999923706055,21.260000228881836,20.959999084472656,21.155000686645508,18455200
2015-08-20,18.178119659423828,20.565000534057617,20.94499969482422,20.565000534057617,20.854999542236328,27453800
2015-08-21,17.48423194885254,19.780000686645508,20.5,19.780000686645508,20.344999313354492,47332800
2015-08-24,16.794761657714844,19.0,19.80500030517578,15.65999984741211,18.5049991607666,72207800
2015-08-25,16.66216468811035,18.850000381469727,19.770000457763672,18.829999923706055,19.735000610351562,37210800
2015-08-26,17.50189971923828,19.799999237060547,19.829999923706055,19.059999465942383,19.225000381469727,68776800
2015-08-27,17.908527374267578,20.260000228881836,20.264999389648438,19.815000534057617,20.06999969482422,40211000
2015-08-28,17.943872451782227,20.299999237060547,20.334999084472656,20.125,20.170000076293945,27672200
2015-08-31,17.78034782409668,20.114999771118164,20.334999084472656,20.065000534057617,20.135000228881836,22100600
2015-09-01,17.2102108001709,19.469999313354492,19.860000610351562,19.375,19.690000534057617,42578000
2015-09-02,17.625654220581055,19.940000534057617,19.959999084472656,19.56999969482422,19.760000228881836,25370200
2015-09-03,17.638916015625,19.954999923706055,20.209999084472656,19.895000457763672,20.049999237060547,22062200
2015-09-04,17.36931800842285,19.649999618530273,19.790000915527344,19.55500030517578,19.690000534057617,27561000
2015-09-08,17.855480194091797,20.200000762939453,20.21500015258789,19.975000381469727,20.024999618530273,18909200
2015-09-09,17.621238708496094,19.934999465942383,20.43000030517578,19.889999389648438,20.329999923706055,19304600
2015-09-10,17.79802894592285,20.135000228881836,20.25,19.895000457763672,19.905000686645508,28048800
2015-09-11,17.881996154785156,20.229999542236328,20.229999542236328,19.989999771118164,19.9950008392334,13719400
2015-09-14,17.837797164916992,20.18000030517578,20.334999084472656,20.1299991607666,20.315000534057617,14890800
2015-09-15,18.067623138427734,20.440000534057617,20.4950008392334,20.190000534057617,20.2450008392334,17612000
2015-09-16,18.14276123046875,20.524999618530273,20.545000076293945,20.389999389648438,20.415000915527344,15436200
2015-09-17,18.019006729125977,20.385000228881836,20.700000762939453,20.315000534057617,20.440000534057617,33565200
2015-09-18,17.785043716430664,20.030000686645508,20.239999771118164,19.985000610351562,20.05500030517578,36230200
2015-09-21,17.962621688842773,20.229999542236328,20.290000915527344,20.045000076293945,20.065000534057617,13921200
2015-09-22,17.660730361938477,19.889999389648438,19.985000610351562,19.764999389648438,19.905000686645508,24576400
2015-09-23,17.705121994018555,19.940000534057617,20.014999389648438,19.829999923706055,19.959999084472656,11356400
2015-09-24,17.705121994018555,19.940000534057617,19.9950008392334,19.610000610351562,19.71500015258789,22056400
2015-09-25,17.674053192138672,19.905000686645508,20.149999618530273,19.815000534057617,20.125,21657800
2015-09-28,17.270044326782227,19.450000762939453,19.850000381469727,19.440000534057617,19.81999969482422,25166600
2015-09-29,17.19457244873047,19.364999771118164,19.6299991607666,19.225000381469727,19.5,26206800
2015-09-30,17.536420822143555,19.75,19.780000686645508,19.545000076293945,19.600000381469727,24933600
2015-10-01,17.545307159423828,19.760000228881836,19.81999969482422,19.4950008392334,19.75,27036000
2015-10-02,17.793926239013672,20.040000915527344,20.040000915527344,19.459999084472656,19.530000686645508,29834000
2015-10-05,18.144651412963867,20.434999465942383,20.485000610351562,20.125,20.165000915527344,17137800
2015-10-06,18.16684913635254,20.459999084472656,20.5049991607666,20.360000610351562,20.364999771118164,19715800
2015-10-07,18.251201629638672,20.55500030517578,20.639999389648438,20.309999465942383,20.56999969482422,30437800
2015-10-08,18.33555030822754,20.649999618530273,20.690000534057617,20.375,20.475000381469727,30749600
2015-10-09,18.41546630859375,20.739999771118164,20.7549991607666,20.625,20.709999084472656,22753000
2015-10-12,18.437667846679688,20.764999389648438,20.799999237060547,20.674999237060547,20.78499984741211,12687400
2015-10-13,18.397708892822266,20.719999313354492,20.844999313354492,20.649999618530273,20.655000686645508,17903600
2015-10-14,18.362192153930664,20.68000030517578,20.80500030517578,20.625,20.65999984741211,25512200
2015-10-15,18.597492218017578,20.94499969482422,20.954999923706055,20.7549991607666,20.764999389648438,16843800
2015-10-16,18.633007049560547,20.985000610351562,21.0,20.860000610351562,21.0,14972600
2015-10-19,18.70404052734375,21.065000534057617,21.065000534057617,20.8799991607666,20.940000534057617,14184200
2015-10-20,18.655202865600586,21.010000228881836,21.06999969482422,20.924999237060547,20.979999542236328,11857800
2015-10-21,18.51313018798828,20.850000381469727,21.110000610351562,20.825000762939453,21.05500030517578,18834400
2015-10-22,18.93045425415039,21.31999969482422,21.364999771118164,21.0,21.0,28472000
2015-10-23,19.458772659301758,21.915000915527344,22.0,21.780000686645508,21.850000381469727,33383400
2015-10-26,19.3832950592041,21.829999923706055,21.895000457763672,21.75,21.895000457763672,16576200
2015-10-27,19.27230453491211,21.704999923706055,21.84000015258789,21.68000030517578,21.780000686645508,15358000
2015-10-28,19.56088638305664,22.030000686645508,22.030000686645508,21.739999771118164,21.80500030517578,29559200
2015-10-29,19.507604598999023,21.969999313354492,22.0,21.834999084472656,21.899999618530273,15218000
2015-10-30,19.378862380981445,21.825000762939453,22.010000228881836,21.81999969482422,22.0049991607666,18679000
2015-11-02,19.552003860473633,22.020000457763672,22.030000686645508,21.809999465942383,21.864999771118164,27486600
2015-11-03,19.654115676879883,22.135000228881836,22.21500015258789,21.90999984741211,21.950000762939453,13758000
2015-11-04,19.676311492919922,22.15999984741211,22.219999313354492,22.104999542236328,22.184999465942383,14597200
2015-11-05,19.618593215942383,22.094999313354492,22.290000915527344,22.049999237060547,22.18000030517578,13457600
2015-11-06,19.685192108154297,22.170000076293945,22.18000030517578,21.989999771118164,22.06999969482422,13737800
2015-11-09,19.49428367614746,21.954999923706055,22.104999542236328,21.850000381469727,22.104999542236328,20292400
2015-11-10,19.365537643432617,21.809999465942383,21.834999084472656,21.719999313354492,21.829999923706055,34546600
2015-11-11,19.356658935546875,21.799999237060547,21.969999313354492,21.764999389648438,21.860000610351562,16402200
2015-11-12,19.187955856323242,21.610000610351562,21.799999237060547,21.604999542236328,21.69499969482422,16068000
2015-11-13,18.810592651367188,21.184999465942383,21.565000534057617,21.18000030517578,21.53499984741211,30089800
2015-11-16,19.099166870117188,21.510000228881836,21.514999389648438,21.139999389648438,21.149999618530273,18158400
2015-11-17,19.103601455688477,21.514999389648438,21.68000030517578,21.469999313354492,21.55500030517578,18788800
2015-11-18,19.392179489135742,21.84000015258789,21.860000610351562,21.59000015258789,21.614999771118164,20333600
2015-11-19,19.480968475341797,21.940000534057617,22.045000076293945,21.854999542236328,21.860000610351562,18735000
2015-11-20,19.623031616210938,22.100000381469727,22.110000610351562,22.0049991607666,22.030000686645508,14576400
2015-11-23,19.507604598999023,21.969999313354492,22.125,21.889999389648438,22.114999771118164,14454200
2015-11-24,19.512046813964844,21.975000381469727,22.045000076293945,21.7549991607666,21.80500030517578,22606800
2015-11-25,19.44989013671875,21.905000686645508,21.985000610351562,21.899999618530273,21.979999542236328,13153200
2015-11-27,19.49428367614746,21.954999923706055,21.9950008392334,21.895000457763672,21.93000030517578,7601400
2015-11-30,19.5164852142334,21.979999542236328,22.049999237060547,21.905000686645508,21.985000610351562,34051200
2015-12-01,19.689634323120117,22.174999237060547,22.18000030517578,22.024999618530273,22.06999969482422,15558000
2015-12-02,19.565322875976562,22.03499984741211,22.28499984741211,22.010000228881836,22.200000762939453,19394200
2015-12-03,19.31226348876953,21.75,22.15999984741211,21.645000457763672,22.094999313354492,23708600
2015-12-04,19.78729820251465,22.28499984741211,22.325000762939453,21.770000457763672,21.815000534057617,25680400
2015-12-07,19.689634323120117,22.174999237060547,22.280000686645508,22.06999969482422,22.260000228881836,25629800
2015-12-08,19.64080047607422,22.1200008392334,22.18000030517578,21.920000076293945,21.985000610351562,22756600
2015-12-09,19.352218627929688,21.795000076293945,22.190000534057617,21.690000534057617,22.024999618530273,32507800
2015-12-10,19.405500411987305,21.854999542236328,22.020000457763672,21.790000915527344,21.854999542236328,18146800
2015-12-11,19.001489639282227,21.399999618530273,21.670000076293945,21.385000228881836,21.614999771118164,33920600
2015-12-14,19.148000717163086,21.565000534057617,21.56999969482422,21.174999237060547,21.395000457763672,42068400
2015-12-15,19.232343673706055,21.65999984741211,21.809999465942383,21.6299991607666,21.729999542236328,34043800
2015-12-16,19.49428367614746,21.954999923706055,21.9950008392334,21.575000762939453,21.795000076293945,36347600
2015-12-17,19.187955856323242,21.610000610351562,22.045000076293945,21.604999542236328,22.045000076293945,24217200
2015-12-18,18.81583595275879,21.084999084472656,21.485000610351562,21.049999237060547,21.440000534057617,45627800
2015-12-21,19.0076961517334,21.299999237060547,21.315000534057617,21.1200008392334,21.260000228881836,22326600
2015-12-22,19.14601707458496,21.454999923706055,21.489999771118164,21.280000686645508,21.3799991607666,18965200
2015-12-23,19.306640625,21.635000228881836,21.655000686645508,21.5,21.56999969482422,16090600
2015-12-24,19.297714233398438,21.625,21.68000030517578,21.600000381469727,21.649999618530273,4865600
2015-12-28,19.284332275390625,21.610000610351562,21.625,21.424999237060547,21.545000076293945,14354400
2015-12-29,19.547582626342773,21.905000686645508,21.959999084472656,21.69499969482422,21.739999771118164,13618400
2015-12-30,19.382492065429688,21.719999313354492,21.895000457763672,21.719999313354492,21.895000457763672,14393000
2015-12-31,19.110321044921875,21.415000915527344,21.65999984741211,21.415000915527344,21.645000457763672,17669000
2016-01-04,18.86045265197754,21.135000228881836,21.139999389648438,20.80500030517578,21.030000686645508,43277200
2016-01-05,18.811368942260742,21.079999923706055,21.25,20.985000610351562,21.200000762939453,32134400
2016-01-06,18.579345703125,20.81999969482422,20.959999084472656,20.69499969482422,20.770000457763672,27716800
2016-01-07,18.030534744262695,20.204999923706055,20.65999984741211,20.19499969482422,20.395000457763672,33681400
2016-01-08,17.887754440307617,20.045000076293945,20.450000762939453,20.020000457763672,20.3799991607666,38466200
2016-01-11,18.003767013549805,20.174999237060547,20.264999389648438,19.924999237060547,20.184999465942383,38270200
2016-01-12,18.21793556213379,20.415000915527344,20.459999084472656,20.155000686645508,20.389999389648438,31683200
2016-01-13,17.727123260498047,19.864999771118164,20.565000534057617,19.829999923706055,20.565000534057617,43924600
2016-01-14,18.061767578125,20.239999771118164,20.395000457763672,19.709999084472656,19.950000762939453,39591200
2016-01-15,17.553119659423828,19.670000076293945,19.860000610351562,19.43000030517578,19.579999923706055,40355600
2016-01-19,17.57096290588379,19.690000534057617,19.934999465942383,19.514999389648438,19.899999618530273,39317600
2016-01-20,17.432641983032227,19.53499984741211,19.729999542236328,19.014999389648438,19.354999542236328,59263600
2016-01-21,17.530807495117188,19.645000457763672,19.93000030517578,19.399999618530273,19.645000457763672,44271400
2016-01-22,18.017154693603516,20.190000534057617,20.19499969482422,19.989999771118164,20.020000457763672,22496400
2016-01-25,17.80744171142578,19.954999923706055,20.2549991607666,19.920000076293945,20.079999923706055,20961200
2016-01-26,17.98145294189453,20.149999618530273,20.19499969482422,19.90999984741211,20.03499984741211,22947400
2016-01-27,17.61112403869629,19.735000610351562,20.104999542236328,19.645000457763672,19.985000610351562,36044800
2016-01-28,17.838674545288086,19.989999771118164,20.065000534057617,19.75,20.024999618530273,35133600
2016-01-29,18.40087890625,20.6200008392334,20.635000228881836,20.114999771118164,20.155000686645508,32226600
2016-02-01,18.467803955078125,20.69499969482422,20.790000915527344,20.520000457763672,20.53499984741211,29594600
2016-02-02,18.137624740600586,20.325000762939453,20.639999389648438,20.260000228881836,20.635000228881836,27902400
2016-02-03,18.11531639099121,20.299999237060547,20.46500015258789,19.985000610351562,20.454999923706055,43012400
2016-02-04,18.13316535949707,20.31999969482422,20.454999923706055,20.104999542236328,20.260000228881836,36405800
2016-02-05,17.6245059967041,19.75,20.274999618530273,19.670000076293945,20.239999771118164,47554800
2016-02-08,17.37017059326172,19.46500015258789,19.520000457763672,19.1299991607666,19.420000076293945,49642800
2016-02-09,17.289865493774414,19.375,19.649999618530273,19.200000762939453,19.229999542236328,49510600
2016-02-10,17.31662940979004,19.405000686645508,19.764999389648438,19.395000457763672,19.540000915527344,33950000
2016-02-11,17.28093910217285,19.364999771118164,19.489999771118164,19.125,19.165000915527344,49254600
2016-02-12,17.521879196166992,19.635000228881836,19.649999618530273,19.40999984741211,19.520000457763672,21786800
2016-02-16,17.834218978881836,19.985000610351562,19.989999771118164,19.7450008392334,19.854999542236328,20586600
2016-02-17,18.20009422302246,20.395000457763672,20.434999465942383,20.075000762939453,20.100000381469727,22257400
2016-02-18,18.12870216369629,20.315000534057617,20.489999771118164,20.274999618530273,20.46500015258789,23156800
2016-02-19,18.142080307006836,20.329999923706055,20.389999389648438,20.190000534057617,20.239999771118164,17158600
2016-02-22,18.383026123046875,20.600000381469727,20.6299991607666,20.485000610351562,20.514999389648438,13181400
2016-02-23,18.093002319335938,20.274999618530273,20.53499984741211,20.235000610351562,20.514999389648438,16379000
2016-02-24,18.231321334838867,20.43000030517578,20.469999313354492,19.950000762939453,20.05500030517578,20288800
2016-02-25,18.458881378173828,20.684999465942383,20.69499969482422,20.34000015258789,20.5,18806800
2016-02-26,18.40980339050293,20.6299991607666,20.81999969482422,20.584999084472656,20.799999237060547,19545200
2016-02-29,18.2804012298584,20.485000610351562,20.80500030517578,20.485000610351562,20.610000610351562,27203800
2016-03-01,18.82475471496582,21.094999313354492,21.094999313354492,20.6299991607666,20.65999984741211,24608400
2016-03-02,18.8782901763916,21.155000686645508,21.155000686645508,20.985000610351562,21.020000457763672,17496200
2016-03-03,18.8782901763916,21.155000686645508,21.170000076293945,20.989999771118164,21.165000915527344,15767800
2016-03-04,18.927379608154297,21.209999084472656,21.315000534057617,21.075000762939453,21.15999984741211,15771800
2016-03-07,18.811368942260742,21.079999923706055,21.174999237060547,20.924999237060547,21.09000015258789,31627000
2016-03-08,18.695362091064453,20.950000762939453,21.125,20.875,20.954999923706055,23401000
2016-03-09,18.855987548828125,21.1299991607666,21.135000228881836,20.979999542236328,20.979999542236328,24321200
2016-03-10,18.838144302368164,21.110000610351562,21.315000534057617,20.850000381469727,21.219999313354492,25856800
2016-03-11,19.1281681060791,21.434999465942383,21.440000534057617,21.270000457763672,21.31999969482422,17640200
2016-03-14,19.150474548339844,21.459999084472656,21.5,21.360000610351562,21.3700008392334,20121800
2016-03-15,19.22186279296875,21.540000915527344,21.559999465942383,21.364999771118164,21.375,12642200
2016-03-16,19.44495964050293,21.790000915527344,21.825000762939453,21.434999465942383,21.440000534057617,29513800
2016-03-17,19.516353607177734,21.8700008392334,21.940000534057617,21.725000381469727,21.75,18734200
2016-03-18,19.547746658325195,21.795000076293945,21.860000610351562,21.700000762939453,21.844999313354492,18828800
2016-03-21,19.61501121520996,21.8700008392334,21.8799991607666,21.735000610351562,21.7450008392334,16007000
2016-03-22,19.619489669799805,21.875,21.959999084472656,21.770000457763672,21.770000457763672,26225800
2016-03-23,19.507383346557617,21.75,21.8700008392334,21.704999923706055,21.844999313354492,21350200
2016-03-24,19.561195373535156,21.809999465942383,21.809999465942383,21.625,21.655000686645508,13486400
2016-03-28,19.51186752319336,21.7549991607666,21.860000610351562,21.71500015258789,21.829999923706055,12816000
2016-03-29,19.81680679321289,22.094999313354492,22.110000610351562,21.690000534057617,21.71500015258789,20163000
2016-03-30,19.93341064453125,22.225000381469727,22.334999084472656,22.174999237060547,22.209999084472656,21976600
2016-03-31,19.893047332763672,22.18000030517578,22.290000915527344,22.139999389648438,22.19499969482422,29189800
2016-04-01,20.045516967773438,22.350000381469727,22.360000610351562,22.0049991607666,22.024999618530273,19309800
2016-04-04,19.96927833557129,22.264999389648438,22.364999771118164,22.219999313354492,22.315000534057617,15292400
2016-04-05,19.776447296142578,22.049999237060547,22.174999237060547,22.0049991607666,22.1200008392334,21452200
2016-04-06,19.96927833557129,22.264999389648438,22.264999389648438,21.975000381469727,22.05500030517578,22277000
2016-04-07,19.682275772094727,21.94499969482422,22.149999618530273,21.860000610351562,22.104999542236328,21261800
2016-04-08,19.682275772094727,21.94499969482422,22.145000457763672,21.8700008392334,22.059999465942383,17525600
2016-04-11,19.628463745117188,21.885000228881836,22.170000076293945,21.885000228881836,22.040000915527344,16277200
2016-04-12,19.76299285888672,22.03499984741211,22.05500030517578,21.774999618530273,21.924999237060547,19184000
2016-04-13,19.964801788330078,22.260000228881836,22.295000076293945,22.139999389648438,22.165000915527344,15753200
2016-04-14,19.960309982299805,22.2549991607666,22.325000762939453,22.18000030517578,22.229999542236328,13005400
2016-04-15,19.88407325744629,22.170000076293945,22.28499984741211,22.125,22.225000381469727,12921800
2016-04-18,19.96927833557129,22.264999389648438,22.264999389648438,22.06999969482422,22.104999542236328,14225800
2016-04-19,19.857166290283203,22.139999389648438,22.329999923706055,22.014999389648438,22.30500030517578,12942000
2016-04-20,19.897525787353516,22.184999465942383,22.28499984741211,22.094999313354492,22.15999984741211,13755600
2016-04-21,19.82577896118164,22.104999542236328,22.200000762939453,22.049999237060547,22.149999618530273,22555800
2016-04-22,19.480470657348633,21.719999313354492,21.864999771118164,21.604999542236328,21.7549991607666,29848800
2016-04-25,19.484960556030273,21.725000381469727,21.735000610351562,21.604999542236328,21.65999984741211,18715000
2016-04-26,19.390790939331055,21.6200008392334,21.799999237060547,21.549999237060547,21.75,14734800
2016-04-27,19.301103591918945,21.520000457763672,21.545000076293945,21.264999389648438,21.344999313354492,25559200
2016-04-28,19.058931350708008,21.25,21.6299991607666,21.18000030517578,21.55500030517578,45339200
2016-04-29,18.89301109313965,21.065000534057617,21.165000915527344,20.90999984741211,21.1299991607666,23792400
2016-05-02,19.032026290893555,21.219999313354492,21.2450008392334,21.020000457763672,21.110000610351562,25105400
2016-05-03,18.85713768005371,21.024999618530273,21.1200008392334,20.954999923706055,21.075000762939453,25062400
2016-05-04,18.798839569091797,20.959999084472656,21.020000457763672,20.899999618530273,20.93000030517578,22491400
2016-05-05,18.807798385620117,20.969999313354492,21.06999969482422,20.920000076293945,21.020000457763672,27119800
2016-05-06,18.94682502746582,21.125,21.125,20.8799991607666,20.8799991607666,18459800
2016-05-09,18.94682502746582,21.125,21.225000381469727,21.110000610351562,21.135000228881836,15082400
2016-05-10,19.193471908569336,21.399999618530273,21.399999618530273,21.165000915527344,21.190000534057617,27840400
2016-05-11,19.054452896118164,21.2450008392334,21.46500015258789,21.2450008392334,21.344999313354492,14304200
2016-05-12,19.000640869140625,21.184999465942383,21.325000762939453,21.049999237060547,21.325000762939453,18673000
2016-05-13,18.928890228271484,21.104999542236328,21.309999465942383,21.079999923706055,21.18000030517578,21842600
2016-05-16,19.193471908569336,21.399999618530273,21.450000762939453,21.125,21.125,12788400
2016-05-17,19.000640869140625,21.184999465942383,21.440000534057617,21.1200008392334,21.334999084472656,19880200
2016-05-18,19.036518096923828,21.225000381469727,21.389999389648438,21.100000381469727,21.1299991607666,21807000
2016-05-19,18.933372497558594,21.110000610351562,21.200000762939453,20.985000610351562,21.174999237060547,17269600
2016-05-20,19.162084579467773,21.364999771118164,21.415000915527344,21.209999084472656,21.225000381469727,11746000
2016-05-23,19.126209259033203,21.325000762939453,21.44499969482422,21.30500030517578,21.354999542236328,16855400
2016-05-24,19.484960556030273,21.725000381469727,21.760000228881836,21.40999984741211,21.40999984741211,18923000
2016-05-25,19.619489669799805,21.875,21.94499969482422,21.78499984741211,21.815000534057617,19629400
2016-05-26,19.682275772094727,21.94499969482422,21.979999542236328,21.829999923706055,21.875,13034200
2016-05-27,19.776447296142578,22.049999237060547,22.079999923706055,21.915000915527344,21.940000534057617,15576000
2016-05-31,19.81680679321289,22.094999313354492,22.125,21.96500015258789,22.06999969482422,24742800
2016-06-01,19.767480850219727,22.040000915527344,22.100000381469727,21.985000610351562,22.020000457763672,13771000
2016-06-02,19.749544143676758,22.020000457763672,22.020000457763672,21.84000015258789,21.950000762939453,15529000
2016-06-03,19.70469093322754,21.969999313354492,22.020000457763672,21.850000381469727,21.989999771118164,16609400
2016-06-06,19.74057388305664,22.010000228881836,22.09000015258789,21.96500015258789,21.985000610351562,17271200
2016-06-07,19.821292877197266,22.100000381469727,22.149999618530273,22.075000762939453,22.079999923706055,8818800
2016-06-08,19.861656188964844,22.145000457763672,22.18000030517578,22.059999465942383,22.094999313354492,16317000
2016-06-09,19.866134643554688,22.149999618530273,22.174999237060547,22.040000915527344,22.05500030517578,25839000
2016-06-10,19.713668823242188,21.979999542236328,22.05500030517578,21.905000686645508,21.979999542236328,16565200
2016-06-13,19.493928909301758,21.735000610351562,21.915000915527344,21.729999542236328,21.78499984741211,23566200
2016-06-14,19.538772583007812,21.78499984741211,21.81999969482422,21.6299991607666,21.684999465942383,16841200
2016-06-15,19.489444732666016,21.729999542236328,21.864999771118164,21.704999923706055,21.81999969482422,14156200
2016-06-16,19.529809951782227,21.774999618530273,21.809999465942383,21.5,21.6200008392334,19192600
2016-06-17,19.399572372436523,21.524999618530273,21.674999237060547,21.43000030517578,21.625,22930400
2016-06-20,19.480690002441406,21.614999771118164,21.80500030517578,21.610000610351562,21.71500015258789,13712000
2016-06-21,19.615877151489258,21.764999389648438,21.815000534057617,21.65999984741211,21.68000030517578,11487800
2016-06-22,19.548280715942383,21.690000534057617,21.850000381469727,21.665000915527344,21.770000457763672,12990400
2016-06-23,19.81415557861328,21.985000610351562,22.0049991607666,21.75,21.829999923706055,19526800
2016-06-24,19.05258560180664,21.139999389648438,21.56999969482422,21.094999313354492,21.209999084472656,47246000
2016-06-27,18.6695499420166,20.71500015258789,20.985000610351562,20.6299991607666,20.985000610351562,36818000
2016-06-28,19.039072036743164,21.125,21.125,20.90999984741211,20.94499969482422,26489400
2016-06-29,19.33197784423828,21.450000762939453,21.485000610351562,21.264999389648438,21.270000457763672,21008400
2016-06-30,19.54376792907715,21.684999465942383,21.69499969482422,21.450000762939453,21.5,26710600
2016-07-01,19.588844299316406,21.735000610351562,21.799999237060547,21.670000076293945,21.700000762939453,14949400
2016-07-05,19.444637298583984,21.575000762939453,21.649999618530273,21.510000228881836,21.6200008392334,17361400
2016-07-06,19.5798282623291,21.725000381469727,21.729999542236328,21.43000030517578,21.5049991607666,15701600
2016-07-07,19.5798282623291,21.725000381469727,21.825000762939453,21.645000457763672,21.704999923706055,12332200
2016-07-08,19.886249542236328,22.065000534057617,22.079999923706055,21.80500030517578,21.829999923706055,25496000
2016-07-11,20.003414154052734,22.19499969482422,22.2450008392334,22.114999771118164,22.135000228881836,11663600
2016-07-12,20.1656436920166,22.375,22.405000686645508,22.274999618530273,22.344999313354492,32085600
2016-07-13,20.170150756835938,22.3799991607666,22.454999923706055,22.364999771118164,22.440000534057617,21218800
2016-07-14,20.30082893371582,22.524999618530273,22.575000762939453,22.454999923706055,22.5049991607666,30976600
2016-07-15,20.282808303833008,22.5049991607666,22.600000381469727,22.440000534057617,22.600000381469727,9729600
2016-07-18,20.41799545288086,22.655000686645508,22.68000030517578,22.5,22.540000915527344,8214400
2016-07-19,20.372928619384766,22.604999542236328,22.65999984741211,22.56999969482422,22.614999771118164,8915800
2016-07-20,20.638797760009766,22.899999618530273,22.940000534057617,22.75,22.780000686645508,10769800
2016-07-21,20.53065299987793,22.780000686645508,22.934999465942383,22.725000381469727,22.905000686645508,10946800
2016-07-22,20.652320861816406,22.915000915527344,22.915000915527344,22.71500015258789,22.764999389648438,9414600
2016-07-25,20.625276565551758,22.885000228881836,22.93000030517578,22.815000534057617,22.875,8489600
2016-07-26,20.67034339904785,22.934999465942383,23.0049991607666,22.825000762939453,22.90999984741211,18115400
2016-07-27,20.841581344604492,23.125,23.184999465942383,23.014999389648438,23.184999465942383,21820200
2016-07-28,20.855106353759766,23.139999389648438,23.209999084472656,23.049999237060547,23.155000686645508,12658600
2016-07-29,20.931718826293945,23.225000381469727,23.280000686645508,23.155000686645508,23.239999771118164,21179400
2016-08-01,20.972270965576172,23.270000457763672,23.315000534057617,23.184999465942383,23.225000381469727,15683400
2016-08-02,20.814544677734375,23.094999313354492,23.274999618530273,22.985000610351562,23.225000381469727,22224400
2016-08-03,20.886648178100586,23.174999237060547,23.174999237060547,23.06999969482422,23.075000762939453,15961800
2016-08-04,20.999305725097656,23.299999237060547,23.309999465942383,23.15999984741211,23.18000030517578,16752400
2016-08-05,21.202085494995117,23.524999618530273,23.53499984741211,23.350000381469727,23.375,12126200
2016-08-08,21.197580337524414,23.520000457763672,23.610000610351562,23.469999313354492,23.549999237060547,10439200
2016-08-09,21.242647171020508,23.56999969482422,23.6299991607666,23.520000457763672,23.520000457763672,29836800
2016-08-10,21.175050735473633,23.4950008392334,23.59000015258789,23.46500015258789,23.579999923706055,7112400
2016-08-11,21.251657485961914,23.579999923706055,23.645000457763672,23.545000076293945,23.56999969482422,10518600
2016-08-12,21.229124069213867,23.55500030517578,23.575000762939453,23.5049991607666,23.575000762939453,6937400
2016-08-15,21.33277130126953,23.670000076293945,23.71500015258789,23.56999969482422,23.584999084472656,16561400
2016-08-16,21.175050735473633,23.4950008392334,23.6299991607666,23.4950008392334,23.6299991607666,9078000
2016-08-17,21.16604232788086,23.485000610351562,23.514999389648438,23.350000381469727,23.5049991607666,10575000
2016-08-18,21.175050735473633,23.4950008392334,23.520000457763672,23.40999984741211,23.479999542236328,7086400
2016-08-19,21.188570022583008,23.510000228881836,23.530000686645508,23.375,23.43000030517578,9576200
2016-08-22,21.188570022583008,23.510000228881836,23.53499984741211,23.405000686645508,23.44499969482422,9257400
2016-08-23,21.265174865722656,23.594999313354492,23.649999618530273,23.575000762939453,23.579999923706055,16630600
2016-08-24,21.14801788330078,23.46500015258789,23.594999313354492,23.40999984741211,23.584999084472656,13648800
2016-08-25,21.193082809448242,23.514999389648438,23.545000076293945,23.385000228881836,23.424999237060547,11825400
2016-08-26,21.202085494995117,23.524999618530273,23.69499969482422,23.399999618530273,23.5,24227200
2016-08-29,21.28321075439453,23.614999771118164,23.649999618530273,23.514999389648438,23.514999389648438,13964800
2016-08-30,21.21109962463379,23.53499984741211,23.6200008392334,23.454999923706055,23.56999969482422,11436400
2016-08-31,21.175050735473633,23.4950008392334,23.530000686645508,23.420000076293945,23.5049991607666,22322400
2016-09-01,21.242647171020508,23.56999969482422,23.59000015258789,23.385000228881836,23.489999771118164,18479200
2016-09-02,21.337282180786133,23.674999237060547,23.739999771118164,23.56999969482422,23.684999465942383,13814400
2016-09-06,21.4454288482666,23.795000076293945,23.795000076293945,23.65999984741211,23.690000534057617,30214800
2016-09-07,21.49951171875,23.854999542236328,23.860000610351562,23.729999542236328,23.795000076293945,23170000
2016-09-08,21.323755264282227,23.65999984741211,23.774999618530273,23.600000381469727,23.770000457763672,16605200
2016-09-09,20.801025390625,23.079999923706055,23.530000686645508,23.079999923706055,23.44499969482422,33618400
2016-09-12,21.14801788330078,23.46500015258789,23.514999389648438,22.93000030517578,22.96500015258789,38020600
2016-09-13,20.994802474975586,23.295000076293945,23.459999084472656,23.200000762939453,23.375,34717600
2016-09-14,21.093936920166016,23.405000686645508,23.549999237060547,23.295000076293945,23.299999237060547,34217400
2016-09-15,21.440919876098633,23.790000915527344,23.834999084472656,23.405000686645508,23.454999923706055,32572600
2016-09-16,21.362186431884766,23.604999542236328,23.700000762939453,23.5,23.700000762939453,31766200
2016-09-19,21.321455001831055,23.559999465942383,23.780000686645508,23.4950008392334,23.665000915527344,14242600
2016-09-20,21.307880401611328,23.545000076293945,23.684999465942383,23.514999389648438,23.639999389648438,10002200
2016-09-21,21.547714233398438,23.809999465942383,23.825000762939453,23.545000076293945,23.635000228881836,24095200
2016-09-22,21.678936004638672,23.954999923706055,23.985000610351562,23.895000457763672,23.950000762939453,20997000
2016-09-23,21.4888916015625,23.7450008392334,23.950000762939453,23.704999923706055,23.950000762939453,23973000
2016-09-26,21.362186431884766,23.604999542236328,23.684999465942383,23.559999465942383,23.645000457763672,19240800
2016-09-27,21.597482681274414,23.864999771118164,23.875,23.575000762939453,23.635000228881836,17569000
2016-09-28,21.638212203979492,23.90999984741211,23.920000076293945,23.760000228881836,23.885000228881836,18096800
2016-09-29,21.506988525390625,23.764999389648438,23.940000534057617,23.69499969482422,23.8799991607666,22813800
2016-09-30,21.6201114654541,23.889999389648438,23.96500015258789,23.799999237060547,23.81999969482422,18510600
2016-10-03,21.55675506591797,23.81999969482422,23.8799991607666,23.764999389648438,23.825000762939453,12462800
2016-10-04,21.47983741760254,23.735000610351562,23.940000534057617,23.649999618530273,23.899999618530273,17804400
2016-10-05,21.55675506591797,23.81999969482422,23.875,23.774999618530273,23.799999237060547,18015200
2016-10-06,21.606538772583008,23.875,23.899999618530273,23.735000610351562,23.84000015258789,10011800
2016-10-07,21.547714233398438,23.809999465942383,23.924999237060547,23.69499969482422,23.895000457763672,12147800
2016-10-10,21.697038650512695,23.975000381469727,24.030000686645508,23.920000076293945,23.934999465942383,13315600
2016-10-11,21.452686309814453,23.704999923706055,24.0049991607666,23.600000381469727,23.975000381469727,17454600
2016-10-12,21.4888916015625,23.7450008392334,23.809999465942383,23.604999542236328,23.725000381469727,11040800
2016-10-13,21.35314178466797,23.594999313354492,23.670000076293945,23.395000457763672,23.59000015258789,19338400
2016-10-14,21.434587478637695,23.684999465942383,23.844999313354492,23.665000915527344,23.690000534057617,18896600
2016-10-17,21.38933563232422,23.635000228881836,23.735000610351562,23.6200008392334,23.684999465942383,10150200
2016-10-18,21.506988525390625,23.764999389648438,23.8700008392334,23.735000610351562,23.809999465942383,10117800
2016-10-19,21.547714233398438,23.809999465942383,23.834999084472656,23.704999923706055,23.75,10070000
2016-10-20,21.448156356811523,23.700000762939453,23.760000228881836,23.584999084472656,23.75,12296000
2016-10-21,21.506988525390625,23.764999389648438,23.780000686645508,23.670000076293945,23.735000610351562,16153800
2016-10-24,21.715133666992188,23.9950008392334,24.010000228881836,23.8700008392334,23.889999389648438,10786200
2016-10-25,21.638212203979492,23.90999984741211,24.030000686645508,23.864999771118164,24.030000686645508,8724800
2016-10-26,21.516033172607422,23.774999618530273,23.905000686645508,23.700000762939453,23.709999084472656,12559400
2016-10-27,21.4888916015625,23.7450008392334,23.885000228881836,23.71500015258789,23.8799991607666,17642200
2016-10-28,21.466262817382812,23.719999313354492,23.96500015258789,23.65999984741211,23.809999465942383,20837800
2016-10-31,21.45720863342285,23.709999084472656,23.815000534057617,23.709999084472656,23.780000686645508,11760000
2016-11-01,21.271686553955078,23.5049991607666,23.78499984741211,23.344999313354492,23.760000228881836,18130600
2016-11-02,21.135936737060547,23.354999542236328,23.575000762939453,23.299999237060547,23.5049991607666,16334600
2016-11-03,20.93231964111328,23.1299991607666,23.34000015258789,23.1200008392334,23.290000915527344,20251400
2016-11-04,20.8961181640625,23.09000015258789,23.274999618530273,23.030000686645508,23.110000610351562,16308000
2016-11-07,21.34861183166504,23.59000015258789,23.600000381469727,23.375,23.43000030517578,26452000
2016-11-08,21.452686309814453,23.704999923706055,23.80500030517578,23.520000457763672,23.545000076293945,19560000
2016-11-09,21.425537109375,23.674999237060547,23.71500015258789,23.219999313354492,23.344999313354492,54258800
2016-11-10,21.081640243530273,23.295000076293945,23.809999465942383,22.969999313354492,23.809999465942383,79031000
2016-11-11,21.144989013671875,23.364999771118164,23.415000915527344,23.165000915527344,23.165000915527344,28183200
2016-11-14,20.82372283935547,23.010000228881836,23.399999618530273,22.899999618530273,23.385000228881836,37942000
2016-11-15,21.117841720581055,23.334999084472656,23.415000915527344,23.155000686645508,23.165000915527344,34741600
2016-11-16,21.31241798400879,23.549999237060547,23.565000534057617,23.25,23.280000686645508,20248400
2016-11-17,21.448156356811523,23.700000762939453,23.719999313354492,23.524999618530273,23.56999969482422,17048200
2016-11-18,21.430068969726562,23.68000030517578,23.80500030517578,23.635000228881836,23.7549991607666,17646000
2016-11-21,21.647258758544922,23.920000076293945,23.940000534057617,23.729999542236328,23.764999389648438,17951000
2016-11-22,21.715133666992188,23.9950008392334,24.03499984741211,23.940000534057617,24.0,16977600
2016-11-23,21.6291561126709,23.899999618530273,23.979999542236328,23.815000534057617,23.979999542236328,16233600
2016-11-25,21.71965980529785,24.0,24.0049991607666,23.889999389648438,23.915000915527344,6219000
2016-11-28,21.73775863647461,24.020000457763672,24.1299991607666,23.96500015258789,23.979999542236328,14975600
2016-11-29,21.75132942199707,24.03499984741211,24.149999618530273,23.950000762939453,24.0049991607666,11856800
2016-11-30,21.49341583251953,23.75,24.06999969482422,23.7450008392334,24.06999969482422,23633200
2016-12-01,21.049970626831055,23.260000228881836,23.780000686645508,23.19499969482422,23.719999313354492,43731200
2016-12-02,21.12689208984375,23.344999313354492,23.399999618530273,23.184999465942383,23.239999771118164,20105400
2016-12-05,21.33051300048828,23.56999969482422,23.6299991607666,23.3799991607666,23.475000381469727,18010000
2016-12-06,21.393856048583984,23.639999389648438,23.68000030517578,23.530000686645508,23.625,18509600
2016-12-07,21.80109977722168,24.09000015258789,24.110000610351562,23.610000610351562,23.625,19945800
2016-12-08,21.85540199279785,24.149999618530273,24.2549991607666,24.03499984741211,24.100000381469727,19354200
2016-12-09,22.013778686523438,24.325000762939453,24.325000762939453,24.200000762939453,24.239999771118164,24615000
2016-12-12,21.945905685424805,24.25,24.30500030517578,24.174999237060547,24.25,19170200
2016-12-13,22.221925735473633,24.55500030517578,24.674999237060547,24.34000015258789,24.354999542236328,27934000
2016-12-14,22.145002365112305,24.469999313354492,24.665000915527344,24.420000076293945,24.56999969482422,35830000
2016-12-15,22.244550704956055,24.579999923706055,24.704999923706055,24.459999084472656,24.5,23140000
2016-12-16,22.083656311035156,24.295000076293945,24.545000076293945,24.260000228881836,24.540000915527344,21131400
2016-12-19,22.242733001708984,24.469999313354492,24.549999237060547,24.295000076293945,24.315000534057617,13254000
2016-12-20,22.324539184570312,24.559999465942383,24.600000381469727,24.5,24.53499984741211,11413000
2016-12-21,22.279088973999023,24.510000228881836,24.559999465942383,24.459999084472656,24.549999237060547,9247400
2016-12-22,22.233642578125,24.459999084472656,24.524999618530273,24.385000228881836,24.510000228881836,22210400
2016-12-23,22.256362915039062,24.485000610351562,24.489999771118164,24.389999389648438,24.434999465942383,12717400
2016-12-27,22.347265243530273,24.584999084472656,24.700000762939453,24.5,24.510000228881836,13681400
2016-12-28,22.14729118347168,24.364999771118164,24.649999618530273,24.354999542236328,24.614999771118164,15555200
2016-12-29,22.151836395263672,24.3700008392334,24.434999465942383,24.309999465942383,24.364999771118164,9593000
2016-12-30,21.9791259765625,24.18000030517578,24.424999237060547,24.104999542236328,24.424999237060547,17003200
2017-01-03,22.174556732177734,24.395000457763672,24.479999542236328,24.25,24.334999084472656,27881200
2017-01-04,22.25181770324707,24.479999542236328,24.514999389648438,24.399999618530273,24.415000915527344,14446200
2017-01-05,22.288185119628906,24.520000457763672,24.579999923706055,24.424999237060547,24.454999923706055,11005800
2017-01-06,22.451797485351562,24.700000762939453,24.735000610351562,24.450000762939453,24.520000457763672,17501200
2017-01-09,22.447248458862305,24.69499969482422,24.774999618530273,24.68000030517578,24.71500015258789,16627000
2017-01-10,22.451797485351562,24.700000762939453,24.78499984741211,24.614999771118164,24.700000762939453,15471600
2017-01-11,22.556331634521484,24.815000534057617,24.815000534057617,24.625,24.655000686645508,15173000
2017-01-12,22.501787185668945,24.7549991607666,24.78499984741211,24.520000457763672,24.719999313354492,13725400
2017-01-13,22.56996726989746,24.829999923706055,24.875,24.7549991607666,24.7549991607666,9665800
2017-01-17,22.483610153198242,24.735000610351562,24.80500030517578,24.68000030517578,24.764999389648438,9651600
2017-01-18,22.542694091796875,24.799999237060547,24.834999084472656,24.739999771118164,24.80500030517578,12315400
2017-01-19,22.51087760925293,24.764999389648438,24.889999389648438,24.719999313354492,24.799999237060547,14500000
2017-01-20,22.633590698242188,24.899999618530273,24.96500015258789,24.834999084472656,24.875,17510800
2017-01-23,22.674497604370117,24.94499969482422,24.954999923706055,24.770000457763672,24.875,23955200
2017-01-24,22.815385818481445,25.100000381469727,25.139999389648438,24.915000915527344,24.924999237060547,13021800
2017-01-25,23.033538818359375,25.34000015258789,25.34000015258789,25.21500015258789,25.235000610351562,18395600
2017-01-26,22.969911575317383,25.270000457763672,25.354999542236328,25.200000762939453,25.334999084472656,14253000
2017-01-27,23.060810089111328,25.3700008392334,25.415000915527344,25.315000534057617,25.360000610351562,12046000
2017-01-30,22.87447166442871,25.165000915527344,25.28499984741211,25.049999237060547,25.28499984741211,16893200
2017-01-31,22.76085090637207,25.040000915527344,25.110000610351562,24.93000030517578,25.084999084472656,19115600
2017-02-01,22.93355369567871,25.229999542236328,25.309999465942383,25.09000015258789,25.270000457763672,23362200
2017-02-02,22.88810920715332,25.18000030517578,25.225000381469727,25.049999237060547,25.155000686645508,17197800
2017-02-03,23.038089752197266,25.344999313354492,25.3799991607666,25.270000457763672,25.274999618530273,13667200
2017-02-06,23.051725387573242,25.360000610351562,25.364999771118164,25.2450008392334,25.309999465942383,13453000
2017-02-07,23.14262580871582,25.459999084472656,25.489999771118164,25.389999389648438,25.40999984741211,20106200
2017-02-08,23.18352699279785,25.5049991607666,25.545000076293945,25.389999389648438,25.459999084472656,12706200
2017-02-09,23.256248474121094,25.584999084472656,25.649999618530273,25.5049991607666,25.5049991607666,9739200
2017-02-10,23.324413299560547,25.65999984741211,25.700000762939453,25.579999923706055,25.645000457763672,8355800
2017-02-13,23.42894744873047,25.774999618530273,25.80500030517578,25.670000076293945,25.704999923706055,13159400
2017-02-14,23.50621795654297,25.860000610351562,25.860000610351562,25.670000076293945,25.7450008392334,12467600
2017-02-15,23.583477020263672,25.94499969482422,25.96500015258789,25.815000534057617,25.84000015258789,11895000
2017-02-16,23.638015747070312,26.0049991607666,26.075000762939453,25.94499969482422,25.979999542236328,14123000
2017-02-17,23.71982192993164,26.094999313354492,26.094999313354492,25.934999465942383,25.975000381469727,14175400
2017-02-21,23.842538833618164,26.229999542236328,26.239999771118164,26.110000610351562,26.149999618530273,15237400
2017-02-22,23.86980438232422,26.260000228881836,26.280000686645508,26.149999618530273,26.204999923706055,13769600
2017-02-23,23.865264892578125,26.2549991607666,26.315000534057617,26.139999389648438,26.295000076293945,13405400
2017-02-24,23.919801712036133,26.315000534057617,26.325000762939453,26.084999084472656,26.100000381469727,15544200
2017-02-27,23.906158447265625,26.299999237060547,26.309999465942383,26.239999771118164,26.309999465942383,15951200
2017-02-28,23.79254722595215,26.174999237060547,26.280000686645508,26.135000228881836,26.2549991607666,15243000
2017-03-01,24.128864288330078,26.545000076293945,26.579999923706055,26.274999618530273,26.334999084472656,18190600
2017-03-02,23.969789505004883,26.3700008392334,26.524999618530273,26.354999542236328,26.520000457763672,14340200
2017-03-03,24.024335861206055,26.43000030517578,26.43000030517578,26.295000076293945,26.350000381469727,15714000
2017-03-06,23.987977981567383,26.389999389648438,26.434999465942383,26.274999618530273,26.31999969482422,13430400
2017-03-07,23.987977981567383,26.389999389648438,26.5,26.350000381469727,26.3700008392334,13960800
2017-03-08,24.01524543762207,26.420000076293945,26.5,26.385000228881836,26.420000076293945,11361800
2017-03-09,24.010696411132812,26.415000915527344,26.454999923706055,26.28499984741211,26.424999237060547,15300400
2017-03-10,24.137956619262695,26.55500030517578,26.610000610351562,26.44499969482422,26.540000915527344,14709000
2017-03-13,24.16067886352539,26.579999923706055,26.610000610351562,26.530000686645508,26.55500030517578,14922400
2017-03-14,24.106138229370117,26.520000457763672,26.559999465942383,26.420000076293945,26.559999465942383,14479800
2017-03-15,24.269756317138672,26.700000762939453,26.7450008392334,26.479999542236328,26.559999465942383,17867200
2017-03-16,24.28339195251465,26.71500015258789,26.809999465942383,26.684999465942383,26.799999237060547,21956000
2017-03-17,24.335857391357422,26.670000076293945,26.7549991607666,26.65999984741211,26.71500015258789,13790800
2017-03-20,24.358678817749023,26.69499969482422,26.7549991607666,26.6200008392334,26.674999237060547,9083600
2017-03-21,24.002805709838867,26.30500030517578,26.829999923706055,26.295000076293945,26.764999389648438,29811000
2017-03-22,24.153366088867188,26.469999313354492,26.510000228881836,26.274999618530273,26.309999465942383,22766600
2017-03-23,24.089488983154297,26.399999618530273,26.510000228881836,26.360000610351562,26.43000030517578,22718800
2017-03-24,24.10774040222168,26.420000076293945,26.579999923706055,26.329999923706055,26.489999771118164,26281800
2017-03-27,24.10774040222168,26.420000076293945,26.475000381469727,26.165000915527344,26.200000762939453,13690000
2017-03-28,24.281110763549805,26.610000610351562,26.670000076293945,26.350000381469727,26.395000457763672,16907800
2017-03-29,24.32217788696289,26.655000686645508,26.670000076293945,26.540000915527344,26.600000381469727,11410200
2017-03-30,24.367794036865234,26.704999923706055,26.739999771118164,26.614999771118164,26.635000228881836,17508400
2017-03-31,24.32217788696289,26.655000686645508,26.7450008392334,26.625,26.68000030517578,12207000
2017-04-03,24.299360275268555,26.6299991607666,26.719999313354492,26.469999313354492,26.68000030517578,26035800
2017-04-04,24.317607879638672,26.649999618530273,26.649999618530273,26.510000228881836,26.520000457763672,15041600
2017-04-05,24.217235565185547,26.540000915527344,26.854999542236328,26.514999389648438,26.674999237060547,20955800
2017-04-06,24.221797943115234,26.545000076293945,26.625,26.479999542236328,26.56999969482422,13870200
2017-04-07,24.20810890197754,26.530000686645508,26.600000381469727,26.434999465942383,26.5049991607666,12938800
2017-04-10,24.16248893737793,26.479999542236328,26.610000610351562,26.424999237060547,26.545000076293945,9687200
2017-04-11,24.07123374938965,26.3799991607666,26.475000381469727,26.165000915527344,26.434999465942383,16914200
2017-04-12,23.989120483398438,26.290000915527344,26.385000228881836,26.239999771118164,26.354999542236328,17368400
2017-04-13,23.893308639526367,26.184999465942383,26.434999465942383,26.184999465942383,26.260000228881836,19533200
2017-04-17,24.112300872802734,26.424999237060547,26.434999465942383,26.264999389648438,26.264999389648438,14132000
2017-04-18,24.10774040222168,26.420000076293945,26.469999313354492,26.315000534057617,26.354999542236328,12487200
2017-04-19,24.089488983154297,26.399999618530273,26.55500030517578,26.350000381469727,26.459999084472656,14521000
2017-04-20,24.308486938476562,26.639999389648438,26.684999465942383,26.43000030517578,26.469999313354492,15163800
2017-04-21,24.2582950592041,26.584999084472656,26.655000686645508,26.53499984741211,26.649999618530273,15233000
2017-04-24,24.545732498168945,26.899999618530273,26.920000076293945,26.815000534057617,26.875,16210000
2017-04-25,24.673473358154297,27.040000915527344,27.094999313354492,26.96500015258789,27.010000228881836,20089600
2017-04-26,24.646099090576172,27.010000228881836,27.104999542236328,26.985000610351562,27.040000915527344,16294400
2017-04-27,24.746471405029297,27.1200008392334,27.139999389648438,27.05500030517578,27.079999923706055,17183400
2017-04-28,24.810348510742188,27.190000534057617,27.2450008392334,27.125,27.204999923706055,22836800
2017-05-01,24.99740982055664,27.395000457763672,27.43000030517578,27.239999771118164,27.290000915527344,15126000
2017-05-02,25.052160263061523,27.454999923706055,27.4950008392334,27.354999542236328,27.450000762939453,15070200
2017-05-03,25.006532669067383,27.405000686645508,27.424999237060547,27.280000686645508,27.364999771118164,14309000
2017-05-04,24.988283157348633,27.385000228881836,27.43000030517578,27.295000076293945,27.415000915527344,15159800
2017-05-05,25.07953453063965,27.485000610351562,27.4950008392334,27.364999771118164,27.43000030517578,13651600
2017-05-08,25.18903350830078,27.604999542236328,27.6200008392334,27.454999923706055,27.5049991607666,12140200
2017-05-09,25.220966339111328,27.639999389648438,27.71500015258789,27.584999084472656,27.635000228881836,15388600
2017-05-10,25.3167781829834,27.7450008392334,27.764999389648438,27.610000610351562,27.670000076293945,10604000
2017-05-11,25.28483772277832,27.709999084472656,27.725000381469727,27.549999237060547,27.65999984741211,18196000
2017-05-12,25.348716735839844,27.780000686645508,27.795000076293945,27.704999923706055,27.735000610351562,9307600
2017-05-15,25.49014663696289,27.934999465942383,27.934999465942383,27.799999237060547,27.815000534057617,19898600
2017-05-16,25.608768463134766,28.065000534057617,28.065000534057617,27.905000686645508,28.0,18122200
2017-05-17,24.910722732543945,27.299999237060547,27.8700008392334,27.28499984741211,27.844999313354492,37090000
2017-05-18,25.056716918945312,27.459999084472656,27.565000534057617,27.184999465942383,27.229999542236328,33644400
2017-05-19,25.202716827392578,27.6200008392334,27.704999923706055,27.579999923706055,27.610000610351562,20438200
2017-05-22,25.403467178344727,27.84000015258789,27.875,27.68000030517578,27.684999465942383,21020600
2017-05-23,25.449085235595703,27.889999389648438,27.985000610351562,27.815000534057617,27.954999923706055,13221000
2017-05-24,25.554012298583984,28.0049991607666,28.010000228881836,27.899999618530273,27.96500015258789,18643800
2017-05-25,25.736520767211914,28.204999923706055,28.264999389648438,28.040000915527344,28.094999313354492,12227000
2017-05-26,25.72283172607422,28.190000534057617,28.225000381469727,28.1200008392334,28.18000030517578,72564400
2017-05-30,25.83232879638672,28.309999465942383,28.34000015258789,28.165000915527344,28.200000762939453,11850600
2017-05-31,25.79126739501953,28.264999389648438,28.424999237060547,28.170000076293945,28.415000915527344,28492200
2017-06-01,25.855138778686523,28.334999084472656,28.334999084472656,28.15999984741211,28.325000762939453,16872400
2017-06-02,26.092382431030273,28.594999313354492,28.600000381469727,28.350000381469727,28.440000534057617,16982000
2017-06-05,26.115190505981445,28.6200008392334,28.69499969482422,28.559999465942383,28.594999313354492,13531600
2017-06-06,26.06501007080078,28.565000534057617,28.709999084472656,28.530000686645508,28.584999084472656,15370400
2017-06-07,26.147136688232422,28.655000686645508,28.704999923706055,28.5049991607666,28.6299991607666,17407400
2017-06-08,26.206443786621094,28.719999313354492,28.739999771118164,28.559999465942383,28.704999923706055,14204800
2017-06-09,25.55858039855957,28.010000228881836,28.809999465942383,27.610000610351562,28.760000228881836,70285000
2017-06-12,25.408021926879883,27.844999313354492,27.889999389648438,27.385000228881836,27.719999313354492,71412800
2017-06-13,25.59051513671875,28.045000076293945,28.135000228881836,27.84000015258789,27.979999542236328,36586800
2017-06-14,25.467336654663086,27.90999984741211,28.15999984741211,27.68000030517578,28.155000686645508,32361200
2017-06-15,25.3532772064209,27.78499984741211,27.825000762939453,27.475000381469727,27.594999313354492,29501000
2017-06-16,25.3088436126709,27.625,27.684999465942383,27.510000228881836,27.674999237060547,43222600
2017-06-19,25.68446159362793,28.03499984741211,28.05500030517578,27.81999969482422,27.834999084472656,19858400
2017-06-20,25.478328704833984,27.809999465942383,28.040000915527344,27.809999465942383,28.024999618530273,21915400
2017-06-21,25.620330810546875,27.96500015258789,27.979999542236328,27.81999969482422,27.905000686645508,24586400
2017-06-22,25.629497528076172,27.975000381469727,28.06999969482422,27.885000228881836,28.049999237060547,17585600
2017-06-23,25.78982162475586,28.149999618530273,28.219999313354492,27.905000686645508,27.950000762939453,32847200
2017-06-26,25.652400970458984,28.0,28.360000610351562,27.969999313354492,28.299999237060547,19455800
2017-06-27,25.230966567993164,27.540000915527344,27.899999618530273,27.540000915527344,27.850000381469727,25791000
2017-06-28,25.54704475402832,27.885000228881836,27.90999984741211,27.459999084472656,27.645000457763672,25952000
2017-06-29,25.08896255493164,27.385000228881836,27.7549991607666,27.165000915527344,27.7549991607666,41946800
2017-06-30,25.066057205200195,27.360000610351562,27.545000076293945,27.334999084472656,27.5,30743800
2017-07-03,24.891990661621094,27.170000076293945,27.524999618530273,27.139999389648438,27.475000381469727,33105200
2017-07-05,25.13935661315918,27.440000534057617,27.4950008392334,27.18000030517578,27.270000457763672,29618800
2017-07-06,24.910314559936523,27.190000534057617,27.34000015258789,27.125,27.200000762939453,25514800
2017-07-07,25.198896408081055,27.5049991607666,27.594999313354492,27.270000457763672,27.290000915527344,17636400
2017-07-10,25.38213539123535,27.704999923706055,27.770000457763672,27.469999313354492,27.510000228881836,11188400
2017-07-11,25.437101364135742,27.764999389648438,27.809999465942383,27.56999969482422,27.674999237060547,13713000
2017-07-12,25.76692008972168,28.125,28.149999618530273,27.940000534057617,27.954999923706055,33103800
2017-07-13,25.817310333251953,28.18000030517578,28.280000686645508,28.114999771118164,28.165000915527344,16250200
2017-07-14,26.046344757080078,28.43000030517578,28.459999084472656,28.260000228881836,28.299999237060547,13379200
2017-07-17,26.050931930541992,28.434999465942383,28.514999389648438,28.3799991607666,28.454999923706055,19674200
2017-07-18,26.170026779174805,28.565000534057617,28.565000534057617,28.309999465942383,28.3799991607666,19840400
2017-07-19,26.30286979675293,28.709999084472656,28.735000610351562,28.584999084472656,28.610000610351562,13347200
2017-07-20,26.35783576965332,28.770000457763672,28.799999237060547,28.604999542236328,28.790000915527344,20745800
2017-07-21,26.325773239135742,28.735000610351562,28.739999771118164,28.614999771118164,28.645000457763672,11610000
2017-07-24,26.389902114868164,28.80500030517578,28.829999923706055,28.65999984741211,28.719999313354492,10756200
2017-07-25,26.339523315429688,28.75,28.809999465942383,28.625,28.71500015258789,13760600
2017-07-26,26.44029998779297,28.860000610351562,28.90999984741211,28.764999389648438,28.905000686645508,21205200
2017-07-27,26.339523315429688,28.75,29.100000381469727,28.395000457763672,29.065000534057617,46094400
2017-07-28,26.312028884887695,28.719999313354492,28.774999618530273,28.579999923706055,28.604999542236328,20586200
2017-07-31,26.18377113342285,28.579999923706055,28.829999923706055,28.549999237060547,28.764999389648438,21965600
2017-08-01,26.316612243652344,28.725000381469727,28.75,28.6200008392334,28.725000381469727,16614400
2017-08-02,26.389902114868164,28.80500030517578,29.024999618530273,28.625,29.020000457763672,25147800
2017-08-03,26.330350875854492,28.739999771118164,28.844999313354492,28.655000686645508,28.844999313354492,21375600
2017-08-04,26.389902114868164,28.80500030517578,28.895000457763672,28.739999771118164,28.799999237060547,9513800
2017-08-07,26.55023193359375,28.979999542236328,28.979999542236328,28.834999084472656,28.844999313354492,15366000
2017-08-08,26.513587951660156,28.940000534057617,29.165000915527344,28.860000610351562,28.940000534057617,20921400
2017-08-09,26.499849319458008,28.924999237060547,28.94499969482422,28.739999771118164,28.7549991607666,13945600
2017-08-10,25.977638244628906,28.354999542236328,28.799999237060547,28.34000015258789,28.770000457763672,29823800
2017-08-11,26.15628433227539,28.549999237060547,28.645000457763672,28.364999771118164,28.399999618530273,29936200
2017-08-14,26.57313346862793,29.0049991607666,29.045000076293945,28.75,28.809999465942383,19517000
2017-08-15,26.614362716674805,29.049999237060547,29.114999771118164,28.959999084472656,29.065000534057617,14105200
2017-08-16,26.692235946655273,29.135000228881836,29.239999771118164,29.040000915527344,29.094999313354492,18111800
2017-08-17,26.170026779174805,28.565000534057617,29.06999969482422,28.565000534057617,29.024999618530273,25937800
2017-08-18,26.142541885375977,28.53499984741211,28.735000610351562,28.424999237060547,28.565000534057617,33393000
2017-08-21,26.133386611938477,28.524999618530273,28.584999084472656,28.334999084472656,28.55500030517578,15957200
2017-08-22,26.522747039794922,28.950000762939453,28.969999313354492,28.655000686645508,28.674999237060547,16922400
2017-08-23,26.458614349365234,28.8799991607666,28.959999084472656,28.780000686645508,28.790000915527344,17847400
2017-08-24,26.435710906982422,28.854999542236328,28.979999542236328,28.709999084472656,28.950000762939453,16187800
2017-08-25,26.431137084960938,28.850000381469727,29.03499984741211,28.790000915527344,28.950000762939453,16666200
2017-08-28,26.481521606445312,28.905000686645508,28.959999084472656,28.825000762939453,28.920000076293945,11986600
2017-08-29,26.596040725708008,29.030000686645508,29.06999969482422,28.635000228881836,28.670000076293945,17379600
2017-08-30,26.78843116760254,29.239999771118164,29.260000228881836,28.9950008392334,29.059999465942383,15308000
2017-08-31,26.948760986328125,29.415000915527344,29.46500015258789,29.274999618530273,29.309999465942383,18851600
2017-09-01,26.92585563659668,29.389999389648438,29.514999389648438,29.354999542236328,29.489999771118164,12026200
2017-09-05,26.68766212463379,29.1299991607666,29.360000610351562,28.934999465942383,29.30500030517578,23803400
2017-09-06,26.710559844970703,29.155000686645508,29.260000228881836,29.030000686645508,29.219999313354492,18227400
2017-09-07,26.802175521850586,29.2549991607666,29.315000534057617,29.145000457763672,29.25,15387600
2017-09-08,26.58229637145996,29.014999389648438,29.25,28.9950008392334,29.209999084472656,12518400
2017-09-11,26.95792579650879,29.424999237060547,29.454999923706055,29.2450008392334,29.2450008392334,14074600
2017-09-12,27.02206039428711,29.4950008392334,29.549999237060547,29.360000610351562,29.510000228881836,15723400
2017-09-13,26.985401153564453,29.454999923706055,29.46500015258789,29.34000015258789,29.459999084472656,16256600
2017-09-14,26.893789291381836,29.354999542236328,29.489999771118164,29.290000915527344,29.344999313354492,15253400
2017-09-15,27.003671646118164,29.3700008392334,29.395000457763672,29.174999237060547,29.225000381469727,26247600
2017-09-18,27.026653289794922,29.395000457763672,29.5049991607666,29.28499984741211,29.415000915527344,20824000
2017-09-19,27.146175384521484,29.524999618530273,29.584999084472656,29.364999771118164,29.440000534057617,11232200
2017-09-20,27.03584098815918,29.405000686645508,29.530000686645508,29.200000762939453,29.520000457763672,17901600
2017-09-21,26.888736724853516,29.2450008392334,29.395000457763672,29.149999618530273,29.395000457763672,16209200
2017-09-22,26.902530670166016,29.260000228881836,29.299999237060547,29.135000228881836,29.149999618530273,9649600
2017-09-25,26.585323333740234,28.915000915527344,29.165000915527344,28.78499984741211,29.165000915527344,27146200
2017-09-26,26.681859970092773,29.020000457763672,29.139999389648438,28.93000030517578,29.06999969482422,18106600
2017-09-27,26.953092575073242,29.315000534057617,29.405000686645508,29.104999542236328,29.149999618530273,15271000
2017-09-28,26.985275268554688,29.350000381469727,29.364999771118164,29.18000030517578,29.239999771118164,11178400
2017-09-29,27.169164657592773,29.549999237060547,29.575000762939453,29.364999771118164,29.399999618530273,24857400
2017-10-02,27.210535049438477,29.594999313354492,29.690000534057617,29.450000762939453,29.625,15143800
2017-10-03,27.2748966217041,29.665000915527344,29.68000030517578,29.584999084472656,29.6200008392334,12932000
2017-10-04,27.25650978088379,29.645000457763672,29.690000534057617,29.514999389648438,29.614999771118164,13299200
2017-10-05,27.51854133605957,29.93000030517578,29.934999465942383,29.719999313354492,29.735000610351562,12845400
2017-10-06,27.559917449951172,29.975000381469727,29.989999771118164,29.81999969482422,29.829999923706055,11852800
2017-10-09,27.628873825073242,30.049999237060547,30.114999771118164,30.0,30.020000457763672,13898400
2017-10-10,27.656461715698242,30.079999923706055,30.170000076293945,29.924999237060547,30.145000457763672,10945800
2017-10-11,27.748401641845703,30.18000030517578,30.190000534057617,30.040000915527344,30.040000915527344,9961800
2017-10-12,27.6794490814209,30.104999542236328,30.25,30.06999969482422,30.110000610351562,12212800
2017-10-13,27.812767028808594,30.25,30.30500030517578,30.21500015258789,30.21500015258789,11900000
2017-10-16,27.91390037536621,30.360000610351562,30.364999771118164,30.2549991607666,30.325000762939453,16612800
2017-10-17,27.91390037536621,30.360000610351562,30.360000610351562,30.260000228881836,30.350000381469727,10263400
2017-10-18,27.98285675048828,30.434999465942383,30.475000381469727,30.34000015258789,30.450000762939453,12182600
2017-10-19,27.90011215209961,30.344999313354492,30.3799991607666,30.145000457763672,30.30500030517578,13745200
2017-10-20,28.088592529296875,30.549999237060547,30.584999084472656,30.479999542236328,30.530000686645508,14814800
2017-10-23,27.955278396606445,30.405000686645508,30.625,30.3700008392334,30.600000381469727,14109800
2017-10-24,28.033430099487305,30.489999771118164,30.540000915527344,30.364999771118164,30.46500015258789,16071600
2017-10-25,27.881723403930664,30.325000762939453,30.510000228881836,30.125,30.420000076293945,18451800
2017-10-26,27.99664878845215,30.450000762939453,30.579999923706055,30.43000030517578,30.5,18872800
2017-10-27,28.750591278076172,31.270000457763672,31.354999542236328,30.940000534057617,30.940000534057617,29078400
2017-10-30,28.81494140625,31.34000015258789,31.459999084472656,30.940000534057617,30.940000534057617,17149400
2017-10-31,28.93906593322754,31.475000381469727,31.540000915527344,31.334999084472656,31.459999084472656,20222600
2017-11-01,28.94365882873535,31.479999542236328,31.665000915527344,31.315000534057617,31.625,19101400
2017-11-02,28.95745277404785,31.4950008392334,31.524999618530273,31.2549991607666,31.479999542236328,20449200
2017-11-03,29.18731117248535,31.7450008392334,31.774999618530273,31.475000381469727,31.65999984741211,15319400
2017-11-06,29.251672744750977,31.815000534057617,31.825000762939453,31.704999923706055,31.725000381469727,12000400
2017-11-07,29.265464782714844,31.829999923706055,31.860000610351562,31.700000762939453,31.850000381469727,11551200
2017-11-08,29.426366806030273,32.005001068115234,32.0099983215332,31.7450008392334,31.829999923706055,18201000
2017-11-09,29.191911697387695,31.75,31.80500030517578,31.43000030517578,31.760000228881836,20490800
2017-11-10,29.191911697387695,31.75,31.774999618530273,31.635000228881836,31.709999084472656,11966400
2017-11-13,29.18271255493164,31.739999771118164,31.780000686645508,31.625,31.6299991607666,8600600
2017-11-14,29.12295150756836,31.674999237060547,31.709999084472656,31.5,31.645000457763672,14741600
2017-11-15,28.906888961791992,31.440000534057617,31.565000534057617,31.354999542236328,31.520000457763672,16985000
2017-11-16,29.311437606811523,31.8799991607666,31.94499969482422,31.670000076293945,31.670000076293945,15282200
2017-11-17,29.12295150756836,31.674999237060547,31.860000610351562,31.655000686645508,31.834999084472656,16604200
2017-11-20,29.23328399658203,31.795000076293945,31.81999969482422,31.704999923706055,31.75,13159800
2017-11-21,29.54129409790039,32.130001068115234,32.150001525878906,31.895000457763672,31.920000076293945,16348000
2017-11-22,29.48612403869629,32.06999969482422,32.13999938964844,32.01499938964844,32.130001068115234,24231600
2017-11-24,29.65162467956543,32.25,32.26499938964844,32.11000061035156,32.119998931884766,8678200
2017-11-27,29.65162467956543,32.25,32.290000915527344,32.13999938964844,32.19499969482422,13778200
2017-11-28,29.748159408569336,32.35499954223633,32.3849983215332,32.16999816894531,32.29999923706055,22623200
2017-11-29,29.090768814086914,31.639999389648438,32.30500030517578,31.420000076293945,32.29999923706055,67280400
2017-11-30,29.34821128845215,31.920000076293945,32.005001068115234,31.665000915527344,31.780000686645508,42095000
2017-12-01,29.196508407592773,31.7549991607666,31.915000915527344,31.295000076293945,31.725000381469727,38423600
2017-12-04,28.727598190307617,31.2450008392334,31.969999313354492,31.21500015258789,31.954999923706055,33611000
2017-12-05,28.736791610717773,31.2549991607666,31.614999771118164,31.05500030517578,31.190000534057617,27854200
2017-12-06,28.92068099975586,31.454999923706055,31.524999618530273,31.05500030517578,31.1299991607666,26524200
2017-12-07,29.099966049194336,31.649999618530273,31.709999084472656,31.454999923706055,31.59000015258789,23371000
2017-12-08,29.237876892089844,31.799999237060547,31.954999923706055,31.725000381469727,31.860000610351562,20118000
2017-12-11,29.490732192993164,32.07500076293945,32.07500076293945,31.764999389648438,31.78499984741211,22843200
2017-12-12,29.481525421142578,32.064998626708984,32.18000030517578,31.934999465942383,32.05500030517578,16794000
2017-12-13,29.490732192993164,32.07500076293945,32.22999954223633,32.03499984741211,32.17499923706055,20712200
2017-12-14,29.453947067260742,32.03499984741211,32.21500015258789,32.02000045776367,32.1150016784668,21892000
2017-12-15,29.789867401123047,32.279998779296875,32.32500076293945,31.934999465942383,32.01499938964844,42610400
2017-12-18,30.052875518798828,32.564998626708984,32.599998474121094,32.45500183105469,32.5099983215332,21521600
2017-12-19,29.868310928344727,32.3650016784668,32.52000045776367,32.28499984741211,32.5,23953600
2017-12-20,29.85907554626465,32.35499954223633,32.505001068115234,32.20000076293945,32.505001068115234,17930400
2017-12-21,29.799091339111328,32.290000915527344,32.46500015258789,32.2599983215332,32.40999984741211,31883800
2017-12-22,29.780641555786133,32.27000045776367,32.29999923706055,32.185001373291016,32.23500061035156,10971000
2017-12-26,29.58222770690918,32.05500030517578,32.09000015258789,31.940000534057617,32.06999969482422,12438200
2017-12-27,29.614521026611328,32.09000015258789,32.150001525878906,32.03499984741211,32.060001373291016,10693200
2017-12-28,29.665279388427734,32.14500045776367,32.20500183105469,32.09000015258789,32.185001373291016,19316000
2017-12-29,29.508392333984375,31.975000381469727,32.17499923706055,31.950000762939453,32.165000915527344,13386400
2018-01-02,29.8729248046875,32.369998931884766,32.369998931884766,32.025001525878906,32.10499954223633,27445600
2018-01-03,30.122087478637695,32.63999938964844,32.65999984741211,32.39500045776367,32.43000030517578,22663600
2018-01-04,30.27437400817871,32.80500030517578,32.88999938964844,32.69499969482422,32.77000045776367,21493200
2018-01-05,30.592754364013672,33.150001525878906,33.18000030517578,32.90999984741211,32.974998474121094,19356000
2018-01-08,30.708110809326172,33.275001525878906,33.334999084472656,33.1150016784668,33.1349983215332,13467800
2018-01-09,30.629669189453125,33.189998626708984,33.349998474121094,33.1349983215332,33.34000015258789,21212800
2018-01-10,30.523534774780273,33.07500076293945,33.084999084472656,32.915000915527344,33.0099983215332,20815600
2018-01-11,30.648130416870117,33.209999084472656,33.224998474121094,33.06999969482422,33.150001525878906,15775600
2018-01-12,30.828083038330078,33.404998779296875,33.45000076293945,33.125,33.16999816894531,16308600
2018-01-16,30.708110809326172,33.275001525878906,33.72999954223633,33.189998626708984,33.61000061035156,36443600
2018-01-17,31.16954803466797,33.775001525878906,33.80500030517578,33.35499954223633,33.46500015258789,29376200
2018-01-18,31.224918365478516,33.834999084472656,33.92499923706055,33.744998931884766,33.775001525878906,29845800
2018-01-19,31.284902572631836,33.900001525878906,33.95500183105469,33.724998474121094,33.900001525878906,23894400
2018-01-22,31.58944320678711,34.22999954223633,34.23500061035156,33.80500030517578,33.875,18004200
2018-01-23,31.72787094116211,34.380001068115234,34.45000076293945,34.27000045776367,34.34000015258789,20460200
2018-01-24,31.48331069946289,34.1150016784668,34.529998779296875,34.0,34.470001220703125,37019000
2018-01-25,31.427934646606445,34.05500030517578,34.36000061035156,33.970001220703125,34.33000183105469,25951800
2018-01-26,31.926288604736328,34.595001220703125,34.595001220703125,34.21500015258789,34.290000915527344,20097200
2018-01-29,31.635581970214844,34.279998779296875,34.494998931884766,34.23500061035156,34.494998931884766,55179800
2018-01-30,31.349502563476562,33.970001220703125,34.16999816894531,33.880001068115234,34.0,29662400
2018-01-31,31.58483123779297,34.224998474121094,34.279998779296875,34.0,34.16999816894531,30135800
2018-02-01,31.612518310546875,34.255001068115234,34.494998931884766,34.095001220703125,34.099998474121094,32650000
2018-02-02,30.675809860229492,33.2400016784668,33.900001525878906,33.23500061035156,33.869998931884766,43929400
2018-02-05,29.39303970336914,31.850000381469727,33.5099983215332,31.834999084472656,32.8849983215332,98559600
2018-02-06,30.237455368041992,32.76499938964844,32.81999969482422,31.239999771118164,31.420000076293945,90269400
2018-02-07,29.849857330322266,32.345001220703125,33.02000045776367,32.345001220703125,32.685001373291016,47425200
2018-02-08,28.61322021484375,31.0049991607666,32.494998931884766,30.9950008392334,32.435001373291016,55628600
2018-02-09,29.314594268798828,31.764999389648438,31.9950008392334,30.485000610351562,31.5049991607666,72700400
2018-02-12,29.840621948242188,32.334999084472656,32.53499984741211,31.8700008392334,32.10499954223633,35629600
2018-02-13,29.914453506469727,32.415000915527344,32.494998931884766,32.05500030517578,32.150001525878906,19084000
2018-02-14,30.46355628967285,33.0099983215332,33.064998626708984,32.21500015258789,32.23500061035156,32117600
2018-02-15,31.04495620727539,33.63999938964844,33.63999938964844,32.935001373291016,33.32500076293945,24305000
2018-02-16,30.998809814453125,33.59000015258789,33.95000076293945,33.505001068115234,33.540000915527344,20334200
2018-02-20,31.026504516601562,33.619998931884766,33.8849983215332,33.3849983215332,33.41999816894531,33835200
2018-02-21,30.828083038330078,33.404998779296875,34.03499984741211,33.400001525878906,33.75,29102400
2018-02-22,30.865001678466797,33.44499969482422,33.75,33.349998474121094,33.52000045776367,21958800
2018-02-23,31.511003494262695,34.14500045776367,34.14500045776367,33.63999938964844,33.720001220703125,20772400
2018-02-26,32.004730224609375,34.68000030517578,34.68000030517578,34.290000915527344,34.290000915527344,21594400
2018-02-27,31.681732177734375,34.33000183105469,34.85499954223633,34.33000183105469,34.69499969482422,25581200
2018-02-28,31.455617904663086,34.084999084472656,34.66999816894531,34.08000183105469,34.525001525878906,30464000
2018-03-01,30.934215545654297,33.52000045776367,34.29499816894531,33.26499938964844,34.165000915527344,42973600
2018-03-02,31.22952651977539,33.84000015258789,33.90999984741211,33.04999923706055,33.13999938964844,38392200
2018-03-05,31.547910690307617,34.185001373291016,34.29999923706055,33.60499954223633,33.68000030517578,21777800
2018-03-06,31.61712074279785,34.2599983215332,34.42499923706055,34.11000061035156,34.380001068115234,20303800
2018-03-07,31.79246711730957,34.45000076293945,34.48500061035156,34.005001068115234,34.005001068115234,22219600
2018-03-08,31.9309024810791,34.599998474121094,34.630001068115234,34.3849983215332,34.55500030517578,15248000
2018-03-09,32.53535842895508,35.255001068115234,35.255001068115234,34.79999923706055,34.845001220703125,24685000
2018-03-12,32.63688278198242,35.3650016784668,35.505001068115234,35.26499938964844,35.36000061035156,27012400
2018-03-13,32.26312255859375,34.959999084472656,35.66999816894531,34.84000015258789,35.54499816894531,27618800
2018-03-14,32.235443115234375,34.93000030517578,35.165000915527344,34.755001068115234,35.1349983215332,27762800
2018-03-15,32.25389862060547,34.95000076293945,35.154998779296875,34.779998779296875,34.939998626708984,23002800
2018-03-16,32.2205810546875,34.80500030517578,35.025001525878906,34.7599983215332,34.900001525878906,24404600
2018-03-19,31.581806182861328,34.1150016784668,34.53499984741211,33.834999084472656,34.47999954223633,39736800
2018-03-20,31.56790542602539,34.099998474121094,34.22999954223633,33.90999984741211,34.029998779296875,18765600
2018-03-21,31.378150939941406,33.89500045776367,34.345001220703125,33.80500030517578,34.025001525878906,21867000
2018-03-22,30.568126678466797,33.02000045776367,33.68000030517578,32.994998931884766,33.48500061035156,42390200
2018-03-23,29.753459930419922,32.13999938964844,33.084999084472656,32.125,33.0,41901600
2018-03-26,30.882869720458984,33.36000061035156,33.404998779296875,32.34000015258789,32.79499816894531,50251600
2018-03-27,29.892316818237305,32.290000915527344,33.584999084472656,32.040000915527344,33.564998626708984,59497200
2018-03-28,29.693288803100586,32.07500076293945,32.60499954223633,31.885000228881836,32.21500015258789,53622000
2018-03-29,30.28113555908203,32.709999084472656,33.03499984741211,32.08000183105469,32.30500030517578,35368200
2018-04-02,29.559051513671875,31.93000030517578,32.724998474121094,31.575000762939453,32.58000183105469,52034200
2018-04-03,29.85066795349121,32.244998931884766,32.31999969482422,31.704999923706055,32.16999816894531,36101400
2018-04-04,30.267253875732422,32.69499969482422,32.78499984741211,31.584999084472656,31.655000686645508,36298400
2018-04-05,30.39223289489746,32.83000183105469,33.04499816894531,32.61000061035156,32.994998931884766,32738200
2018-04-06,29.646997451782227,32.025001525878906,32.790000915527344,31.885000228881836,32.4900016784668,40477800
2018-04-09,29.878435134887695,32.275001525878906,32.904998779296875,32.23500061035156,32.2599983215332,21859400
2018-04-10,30.61440658569336,33.06999969482422,33.20500183105469,32.60499954223633,32.78499984741211,31297800
2018-04-11,30.433887481689453,32.875,33.16999816894531,32.81999969482422,32.8650016784668,17315600
2018-04-12,30.799551010131836,33.27000045776367,33.415000915527344,33.03499984741211,33.08000183105469,21256000
2018-04-13,30.69771957397461,33.15999984741211,33.51499938964844,33.0,33.5,22421600
2018-04-16,30.933788299560547,33.415000915527344,33.540000915527344,33.19499969482422,33.38999938964844,19477400
2018-04-17,31.507747650146484,34.03499984741211,34.14500045776367,33.650001525878906,33.709999084472656,30445600
2018-04-18,31.424421310424805,33.94499969482422,34.07500076293945,33.7400016784668,34.0,19764400
2018-04-19,31.0772762298584,33.56999969482422,33.76499938964844,33.45000076293945,33.72999954223633,25811600
2018-04-20,30.646800994873047,33.10499954223633,33.494998931884766,32.96500015258789,33.470001220703125,32477000
2018-04-23,30.535709381103516,32.98500061035156,33.32500076293945,32.83000183105469,33.22999954223633,37920600
2018-04-24,30.00341033935547,32.40999984741211,33.22999954223633,32.17499923706055,33.17499923706055,34847600
2018-04-25,30.008041381835938,32.415000915527344,32.525001525878906,32.0,32.459999084472656,30581600
2018-04-26,30.55423355102539,33.005001068115234,33.1349983215332,32.685001373291016,32.81999969482422,33086800
2018-04-27,30.49868392944336,32.94499969482422,33.36000061035156,32.77000045776367,33.334999084472656,26313000
2018-04-30,30.299644470214844,32.72999954223633,33.23500061035156,32.689998626708984,33.029998779296875,17372200
2018-05-01,30.6792049407959,33.13999938964844,33.15999984741211,32.60499954223633,32.685001373291016,18547800
2018-05-02,30.646800994873047,33.10499954223633,33.474998474121094,33.04499816894531,33.349998474121094,26587400
2018-05-03,30.71623420715332,33.18000030517578,33.30500030517578,32.665000915527344,32.95500183105469,31090800
2018-05-04,31.299457550048828,33.810001373291016,33.869998931884766,33.01499938964844,33.05500030517578,21682600
2018-05-07,31.517011642456055,34.04499816894531,34.20500183105469,33.915000915527344,33.970001220703125,26914800
2018-05-08,31.586442947387695,34.119998931884766,34.150001525878906,33.834999084472656,33.9900016784668,30294800
2018-05-09,31.975236892700195,34.540000915527344,34.540000915527344,34.095001220703125,34.20500183105469,28826600
2018-05-10,32.3918342590332,34.9900016784668,35.01499938964844,34.665000915527344,34.70000076293945,23132600
2018-05-11,32.34554672241211,34.939998626708984,35.07500076293945,34.82500076293945,34.95500183105469,17521200
2018-05-14,32.34092330932617,34.935001373291016,35.209999084472656,34.900001525878906,35.05500030517578,20261800
2018-05-15,32.03541946411133,34.60499954223633,34.720001220703125,34.42499923706055,34.689998626708984,28525200
2018-05-16,32.17890930175781,34.7599983215332,34.84000015258789,34.58000183105469,34.65999984741211,13361000
2018-05-17,32.012290954589844,34.58000183105469,34.869998931884766,34.439998626708984,34.6349983215332,21600200
2018-05-18,31.87804412841797,34.435001373291016,34.619998931884766,34.404998779296875,34.46500015258789,15765800
2018-05-21,32.1557731628418,34.73500061035156,34.904998779296875,34.560001373291016,34.75,22578400
2018-05-22,32.109474182128906,34.685001373291016,34.95500183105469,34.61000061035156,34.904998779296875,14782000
2018-05-23,32.34554672241211,34.939998626708984,34.939998626708984,34.39500045776367,34.400001525878906,29387600
2018-05-24,32.30851745605469,34.900001525878906,34.970001220703125,34.54999923706055,34.93000030517578,22401400
2018-05-25,32.28536605834961,34.875,35.0,34.790000915527344,34.92499923706055,18782800
2018-05-29,32.109474182128906,34.685001373291016,34.880001068115234,34.45500183105469,34.70000076293945,58660800
2018-05-30,32.34554672241211,34.939998626708984,34.98500061035156,34.7599983215332,34.86000061035156,19930400
2018-05-31,32.35480499267578,34.95000076293945,35.18000030517578,34.869998931884766,34.939998626708984,30568000
2018-06-01,32.90562057495117,35.54499816894531,35.54999923706055,35.125,35.185001373291016,25445800
2018-06-04,33.169464111328125,35.83000183105469,35.8650016784668,35.599998474121094,35.6349983215332,19866000
2018-06-05,33.28518295288086,35.95500183105469,36.02000045776367,35.81999969482422,35.91999816894531,34549600
2018-06-06,33.502723693847656,36.189998626708984,36.189998626708984,35.83000183105469,36.01499938964844,35379000
2018-06-07,33.2342643737793,35.900001525878906,36.16999816894531,35.63999938964844,36.16999816894531,39047200
2018-06-08,33.17873001098633,35.84000015258789,35.904998779296875,35.55500030517578,35.630001068115234,19809600
2018-06-11,33.21574020385742,35.880001068115234,35.994998931884766,35.779998779296875,35.86000061035156,14647000
2018-06-12,33.37775421142578,36.05500030517578,36.084999084472656,35.8849983215332,35.94499969482422,15626800
2018-06-13,33.20648956298828,35.869998931884766,36.21500015258789,35.85499954223633,36.05500030517578,29278000
2018-06-14,33.44256591796875,36.125,36.21500015258789,35.95500183105469,36.0099983215332,22654800
2018-06-15,33.31482696533203,35.86000061035156,35.915000915527344,35.64500045776367,35.869998931884766,33641200
2018-06-18,33.35198211669922,35.900001525878906,35.92499923706055,35.5,35.61000061035156,16580400
2018-06-19,33.180110931396484,35.71500015258789,35.72999954223633,35.2599983215332,35.459999084472656,25913400
2018-06-20,33.249786376953125,35.790000915527344,35.959999084472656,35.75,35.79999923706055,22931200
2018-06-21,32.994300842285156,35.51499938964844,35.95000076293945,35.43000030517578,35.93000030517578,29634200
2018-06-22,32.8874626159668,35.400001525878906,35.6150016784668,35.255001068115234,35.60499954223633,31385800
2018-06-25,32.204627990722656,34.665000915527344,35.150001525878906,34.36000061035156,35.1150016784668,36055400
2018-06-26,32.33469772338867,34.80500030517578,35.03499984741211,34.689998626708984,34.775001525878906,27719000
2018-06-27,31.893415451049805,34.33000183105469,35.07500076293945,34.31999969482422,34.915000915527344,44109200
2018-06-28,32.28361129760742,34.75,34.8650016784668,34.28499984741211,34.28499984741211,35598000
2018-06-29,32.26966857910156,34.73500061035156,35.03499984741211,34.71500015258789,34.8849983215332,20019200
2018-07-02,32.55765914916992,35.04499816894531,35.05500030517578,34.3849983215332,34.435001373291016,25091200
2018-07-03,32.17212677001953,34.630001068115234,35.17499923706055,34.60499954223633,35.150001525878906,12722800
2018-07-05,32.62734603881836,35.119998931884766,35.13999938964844,34.744998931884766,34.845001220703125,27320000
2018-07-06,33.00823974609375,35.529998779296875,35.584999084472656,35.05500030517578,35.13999938964844,25603800
2018-07-09,33.25906753540039,35.79999923706055,35.810001373291016,35.53499984741211,35.720001220703125,17455200
2018-07-10,33.33804702758789,35.8849983215332,35.98500061035156,35.80500030517578,35.80500030517578,22986200
2018-07-11,33.20796585083008,35.744998931884766,35.8849983215332,35.57500076293945,35.630001068115234,25949800
2018-07-12,33.732879638671875,36.310001373291016,36.33000183105469,35.86000061035156,35.900001525878906,23706600
2018-07-13,33.69572067260742,36.27000045776367,36.36000061035156,36.150001525878906,36.314998626708984,18516800
2018-07-16,33.61675262451172,36.185001373291016,36.35499954223633,36.1150016784668,36.279998779296875,13332000
2018-07-17,33.86758804321289,36.45500183105469,36.51499938964844,35.904998779296875,35.92499923706055,14903200
2018-07-18,33.811851501464844,36.39500045776367,36.45000076293945,36.26499938964844,36.44499969482422,14164000
2018-07-19,33.691078186035156,36.26499938964844,36.44499969482422,36.20000076293945,36.30500030517578,14910000
2018-07-20,33.700374603271484,36.275001525878906,36.474998474121094,36.22999954223633,36.404998779296875,14439600
2018-07-23,33.872222900390625,36.459999084472656,36.47999954223633,36.05500030517578,36.20000076293945,25151000
2018-07-24,34.05804443359375,36.65999984741211,36.970001220703125,36.5099983215332,36.82500076293945,21557200
2018-07-25,34.48538589477539,37.119998931884766,37.119998931884766,36.6150016784668,36.66999816894531,30466200
2018-07-26,33.955848693847656,36.54999923706055,36.66999816894531,36.41999816894531,36.48500061035156,25094400
2018-07-27,33.37519454956055,35.92499923706055,36.619998931884766,35.70000076293945,36.595001220703125,63550200
2018-07-30,32.854949951171875,35.3650016784668,35.959999084472656,35.15999984741211,35.904998779296875,35695400
2018-07-31,32.94320297241211,35.459999084472656,35.689998626708984,35.26499938964844,35.474998474121094,29954000
2018-08-01,33.24048614501953,35.779998779296875,35.89500045776367,35.584999084472656,35.71500015258789,29322800
2018-08-02,33.65855026245117,36.22999954223633,36.275001525878906,35.45000076293945,35.45000076293945,26209800
2018-08-03,33.77933120727539,36.36000061035156,36.36000061035156,36.07500076293945,36.2400016784668,14491400
2018-08-06,33.960487365722656,36.55500030517578,36.57500076293945,36.2599983215332,36.345001220703125,15000400
2018-08-07,34.0905647277832,36.69499969482422,36.82500076293945,36.630001068115234,36.685001373291016,20545400
2018-08-08,34.183448791503906,36.79499816894531,36.8650016784668,36.58000183105469,36.67499923706055,14197200
2018-08-09,34.1973876953125,36.810001373291016,36.95000076293945,36.779998779296875,36.83000183105469,23446200
2018-08-10,33.92332458496094,36.51499938964844,36.689998626708984,36.40999984741211,36.53499984741211,23138400
2018-08-13,33.87687301635742,36.46500015258789,36.849998474121094,36.45500183105469,36.56999969482422,24128800
2018-08-14,34.08591079711914,36.689998626708984,36.73500061035156,36.3849983215332,36.59000015258789,18359000
2018-08-15,33.77933120727539,36.36000061035156,36.595001220703125,36.07500076293945,36.459999084472656,35584400
2018-08-16,33.92797088623047,36.52000045776367,36.7400016784668,36.439998626708984,36.63999938964844,18208800
2018-08-17,33.979068756103516,36.57500076293945,36.67499923706055,36.290000915527344,36.40999984741211,18048200
2018-08-20,33.92797088623047,36.52000045776367,36.66999816894531,36.375,36.65999984741211,21239600
2018-08-21,33.98371505737305,36.58000183105469,36.810001373291016,36.53499984741211,36.619998931884766,16004600
2018-08-22,34.08591079711914,36.689998626708984,36.744998931884766,36.415000915527344,36.470001220703125,12742400
2018-08-23,34.160221099853516,36.77000045776367,36.970001220703125,36.625,36.625,18735000
2018-08-24,34.503971099853516,37.13999938964844,37.150001525878906,36.8650016784668,36.869998931884766,13115200
2018-08-27,34.81983184814453,37.47999954223633,37.5,37.2400016784668,37.34000015258789,16415000
2018-08-28,34.880226135253906,37.54499816894531,37.630001068115234,37.439998626708984,37.55500030517578,14770400
2018-08-29,35.19608688354492,37.8849983215332,37.90999984741211,37.584999084472656,37.59000015258789,22364600
2018-08-30,35.08925247192383,37.77000045776367,38.01499938964844,37.654998779296875,37.779998779296875,21040600
2018-08-31,35.11711883544922,37.79999923706055,37.900001525878906,37.66999816894531,37.73500061035156,20537800
2018-09-04,34.982418060302734,37.654998779296875,37.709999084472656,37.400001525878906,37.625,22147600
2018-09-05,34.545772552490234,37.185001373291016,37.6349983215332,36.994998931884766,37.60499954223633,32853200
2018-09-06,34.2949333190918,36.915000915527344,37.209999084472656,36.625,37.130001068115234,27957600
2018-09-07,34.178810119628906,36.790000915527344,37.084999084472656,36.6349983215332,36.67499923706055,28462000
2018-09-10,34.28565216064453,36.904998779296875,36.974998474121094,36.70500183105469,36.92499923706055,33309000
2018-09-11,34.578285217285156,37.220001220703125,37.29999923706055,36.709999084472656,36.79999923706055,27189800
2018-09-12,34.434288024902344,37.064998626708984,37.14500045776367,36.76499938964844,37.13999938964844,32536400
2018-09-13,34.838417053222656,37.5,37.595001220703125,37.28499984741211,37.29499816894531,25454800
2018-09-14,34.810546875,37.470001220703125,37.6349983215332,37.29999923706055,37.53499984741211,18878400
2018-09-17,34.373897552490234,37.0,37.47999954223633,36.959999084472656,37.415000915527344,29584200
2018-09-18,34.592227935791016,37.23500061035156,37.415000915527344,36.95500183105469,36.95500183105469,19302000
2018-09-19,34.503971099853516,37.13999938964844,37.35499954223633,36.93000030517578,37.22999954223633,20870600
2018-09-20,34.91273880004883,37.58000183105469,37.619998931884766,37.244998931884766,37.36000061035156,27401800
2018-09-21,34.7747688293457,37.30500030517578,37.654998779296875,37.290000915527344,37.595001220703125,46041000
2018-09-24,34.947235107421875,37.4900016784668,37.494998931884766,36.97999954223633,37.125,34513600
2018-09-25,34.9052848815918,37.44499969482422,37.52000045776367,37.290000915527344,37.44499969482422,21101000
2018-09-26,34.7747688293457,37.30500030517578,37.650001525878906,37.2400016784668,37.48500061035156,26641200
2018-09-27,34.979862213134766,37.525001525878906,37.630001068115234,37.439998626708984,37.439998626708984,28466400
2018-09-28,35.1103630065918,37.665000915527344,37.70000076293945,37.400001525878906,37.41999816894531,23421200
2018-10-01,35.27815628051758,37.845001220703125,38.0,37.72999954223633,37.904998779296875,20668200
2018-10-02,35.28281021118164,37.849998474121094,38.064998626708984,37.68000030517578,37.79999923706055,28014000
2018-10-03,35.3900146484375,37.96500015258789,38.1349983215332,37.89500045776367,37.97999954223633,26584800
2018-10-04,34.751468658447266,37.279998779296875,37.810001373291016,37.03499984741211,37.779998779296875,46584800
2018-10-05,34.313350677490234,36.810001373291016,37.380001068115234,36.45000076293945,37.26499938964844,44577000
2018-10-08,33.926509857177734,36.39500045776367,36.75,35.97999954223633,36.6349983215332,39946000
2018-10-09,34.04768753051758,36.525001525878906,36.7400016784668,36.30500030517578,36.380001068115234,30277800
2018-10-10,32.397735595703125,34.755001068115234,36.310001373291016,34.72999954223633,36.30500030517578,88286000
2018-10-11,31.987571716308594,34.314998626708984,35.244998931884766,34.03499984741211,34.654998779296875,136539000
2018-10-12,33.01296615600586,35.415000915527344,35.529998779296875,34.724998474121094,35.28499984741211,71818800
2018-10-15,32.4723014831543,34.834999084472656,35.314998626708984,34.814998626708984,35.28499984741211,38305000
2018-10-16,33.451087951660156,35.8849983215332,36.0,35.189998626708984,35.275001525878906,41998600
2018-10-17,33.29727554321289,35.720001220703125,35.95500183105469,35.400001525878906,35.93000030517578,48329800
2018-10-18,32.64475631713867,35.02000045776367,35.584999084472656,34.810001373291016,35.560001373291016,45920600
2018-10-19,32.63079071044922,35.005001068115234,35.60499954223633,34.875,35.224998474121094,44283400
2018-10-22,32.90110778808594,35.29499816894531,35.525001525878906,34.959999084472656,35.16999816894531,31962000
2018-10-23,32.77525329589844,35.15999984741211,35.345001220703125,34.209999084472656,34.560001373291016,48132200
2018-10-24,31.307090759277344,33.584999084472656,35.154998779296875,33.54499816894531,35.06999969482422,68330800
2018-10-25,32.38375473022461,34.7400016784668,34.91999816894531,34.0099983215332,34.064998626708984,46754400
2018-10-26,31.735883712768555,34.04499816894531,34.665000915527344,33.55500030517578,33.875,85487200
2018-10-29,31.19989776611328,33.470001220703125,34.7599983215332,32.79499816894531,34.51499938964844,68110600
2018-10-30,31.5494441986084,33.845001220703125,33.96500015258789,33.154998779296875,33.439998626708984,61121600
2018-10-31,32.29984664916992,34.650001525878906,34.92499923706055,34.334999084472656,34.349998474121094,42288200
2018-11-01,32.67737579345703,35.05500030517578,35.08000183105469,34.404998779296875,34.70000076293945,31106200
2018-11-02,32.038848876953125,34.369998931884766,34.9900016784668,34.08000183105469,34.78499984741211,40426200
2018-11-05,32.006221771240234,34.334999084472656,34.404998779296875,33.84000015258789,34.349998474121094,28416400
2018-11-06,32.20663070678711,34.54999923706055,34.71500015258789,34.275001525878906,34.30500030517578,18267600
2018-11-07,33.15278625488281,35.564998626708984,35.564998626708984,34.904998779296875,34.95000076293945,32629600
2018-11-08,33.12483215332031,35.53499984741211,35.58000183105469,35.310001373291016,35.43000030517578,20819400
2018-11-09,32.55154037475586,34.91999816894531,35.2599983215332,34.625,35.22999954223633,25883600
2018-11-12,31.404949188232422,33.689998626708984,34.65999984741211,33.650001525878906,34.599998474121094,32862200
2018-11-13,31.44224739074707,33.72999954223633,34.310001373291016,33.630001068115234,33.77000045776367,31407000
2018-11-14,31.06472396850586,33.32500076293945,34.17499923706055,33.154998779296875,34.10499954223633,38993400
2018-11-15,31.843088150024414,34.15999984741211,34.2400016784668,33.185001373291016,33.380001068115234,52602200
2018-11-16,31.79182243347168,34.10499954223633,34.310001373291016,33.689998626708984,33.7599983215332,35945800
2018-11-19,30.57999610900879,32.80500030517578,33.97999954223633,32.71500015258789,33.94499969482422,38397200
2018-11-20,29.922805786132812,32.099998474121094,32.53499984741211,31.690000534057617,31.889999389648438,56129600
2018-11-21,30.141862869262695,32.334999084472656,32.665000915527344,32.20000076293945,32.53499984741211,33006600
2018-11-23,29.86687469482422,32.040000915527344,32.39500045776367,31.975000381469727,31.989999771118164,10676200
2018-11-26,30.542707443237305,32.76499938964844,32.76499938964844,32.290000915527344,32.459999084472656,25069200
2018-11-27,30.603300094604492,32.83000183105469,32.880001068115234,32.349998474121094,32.540000915527344,23076400
2018-11-28,31.67529296875,33.97999954223633,33.97999954223633,33.03499984741211,33.15999984741211,33219200
2018-11-29,31.367673873901367,33.650001525878906,33.92499923706055,33.470001220703125,33.875,28230800
2018-11-30,31.665977478027344,33.970001220703125,33.994998931884766,33.505001068115234,33.66999816894531,33019600
2018-12-03,32.36510467529297,34.720001220703125,34.85499954223633,34.345001220703125,34.81999969482422,32463400
2018-12-04,31.139297485351562,33.404998779296875,34.54999923706055,33.32500076293945,34.474998474121094,41982200
2018-12-06,31.20920753479004,33.47999954223633,33.47999954223633,32.45500183105469,32.619998931884766,43155800
2018-12-07,30.109237670898438,32.29999923706055,33.470001220703125,32.150001525878906,33.31999969482422,39875000
2018-12-10,30.52406120300293,32.744998931884766,32.869998931884766,31.934999465942383,32.119998931884766,40895600
2018-12-11,30.56135368347168,32.78499984741211,33.31999969482422,32.52000045776367,33.255001068115234,31626200
2018-12-12,30.799053192138672,33.040000915527344,33.560001373291016,33.025001525878906,33.314998626708984,33857600
2018-12-13,30.850326538085938,33.095001220703125,33.44499969482422,32.904998779296875,33.20000076293945,25638600
2018-12-14,30.095266342163086,32.28499984741211,32.880001068115234,32.255001068115234,32.70000076293945,31032400
2018-12-17,29.45671844482422,31.600000381469727,32.3849983215332,31.344999313354492,32.165000915527344,46527000
2018-12-18,29.68976593017578,31.850000381469727,32.125,31.594999313354492,31.844999313354492,39253200
2018-12-19,29.102489471435547,31.219999313354492,32.369998931884766,30.8799991607666,31.80500030517578,67212200
2018-12-20,28.580474853515625,30.65999984741211,31.399999618530273,30.21500015258789,31.084999084472656,79003600
2018-12-21,27.712135314941406,29.600000381469727,30.90999984741211,29.469999313354492,30.53499984741211,83227400
2018-12-24,26.972518920898438,28.809999465942383,29.68000030517578,28.78499984741211,29.31999969482422,42234000
2018-12-26,28.601537704467773,30.549999237060547,30.549999237060547,28.844999313354492,29.010000228881836,58120200
2018-12-27,28.807510375976562,30.770000457763672,30.780000686645508,29.540000915527344,30.125,46877600
2018-12-28,28.741975784301758,30.700000762939453,31.209999084472656,30.434999465942383,30.9950008392334,39685800
2018-12-31,29.013477325439453,30.989999771118164,31.104999542236328,30.729999542236328,30.96500015258789,33720200
2019-01-02,29.032196044921875,31.010000228881836,31.19499969482422,30.315000534057617,30.354999542236328,30885800
2019-01-03,27.567014694213867,29.44499969482422,30.239999771118164,29.405000686645508,30.219999313354492,49893400
2019-01-04,28.788782119750977,30.75,30.8799991607666,29.889999389648438,29.985000610351562,41535600
2019-01-07,29.046241760253906,31.024999618530273,31.235000610351562,30.68000030517578,30.75,23817200
2019-01-08,29.28966522216797,31.28499984741211,31.434999465942383,30.915000915527344,31.325000762939453,26005200
2019-01-09,29.668834686279297,31.690000534057617,31.854999542236328,31.420000076293945,31.454999923706055,28044800
2019-01-10,29.799898147583008,31.829999923706055,31.844999313354492,31.295000076293945,31.440000534057617,21868200
2019-01-11,29.743730545043945,31.770000457763672,31.790000915527344,31.575000762939453,31.645000457763672,15451200
2019-01-14,29.46754264831543,31.475000381469727,31.584999084472656,31.364999771118164,31.489999771118164,14483800
2019-01-15,29.912246704101562,31.950000762939453,32.01499938964844,31.520000457763672,31.575000762939453,28654000
2019-01-16,29.940336227416992,31.979999542236328,32.17499923706055,31.920000076293945,31.985000610351562,18937000
2019-01-17,30.132261276245117,32.185001373291016,32.369998931884766,31.780000686645508,31.864999771118164,20256800
2019-01-18,30.59100914001465,32.67499923706055,32.7400016784668,32.29499816894531,32.505001068115234,27303200
2019-01-22,30.076086044311523,32.125,32.46500015258789,31.8700008392334,32.40999984741211,29985000
2019-01-23,30.179073333740234,32.23500061035156,32.5,31.875,32.2599983215332,19152200
2019-01-24,30.431856155395508,32.505001068115234,32.619998931884766,32.334999084472656,32.349998474121094,28341800
2019-01-25,30.862504959106445,32.96500015258789,33.064998626708984,32.630001068115234,32.75,20061600
2019-01-28,30.450576782226562,32.525001525878906,32.53499984741211,32.255001068115234,32.474998474121094,19324800
2019-01-29,30.122901916503906,32.17499923706055,32.595001220703125,32.125,32.59000015258789,17147800
2019-01-30,31.059118270874023,33.17499923706055,33.27000045776367,32.564998626708984,32.709999084472656,33990600
2019-01-31,31.026351928710938,33.13999938964844,33.31999969482422,32.900001525878906,33.005001068115234,36501800
2019-02-01,31.208913803100586,33.334999084472656,33.51499938964844,33.10499954223633,33.154998779296875,19475600
2019-02-04,31.709781646728516,33.869998931884766,33.875,33.35499954223633,33.380001068115234,15208600
2019-02-05,31.976612091064453,34.154998779296875,34.2400016784668,33.94499969482422,33.98500061035156,24121400
2019-02-06,32.08428192138672,34.27000045776367,34.3650016784668,34.064998626708984,34.19499969482422,20379200
2019-02-07,31.64425277709961,33.79999923706055,34.099998474121094,33.56999969482422,33.95500183105469,29264000
2019-02-08,31.826831817626953,33.994998931884766,33.994998931884766,33.474998474121094,33.494998931884766,16977600
2019-02-11,31.812772750854492,33.97999954223633,34.20500183105469,33.900001525878906,34.099998474121094,14869400
2019-02-12,32.23407745361328,34.43000030517578,34.474998474121094,34.165000915527344,34.21500015258789,19418200
2019-02-13,32.27619934082031,34.474998474121094,34.724998474121094,34.45500183105469,34.599998474121094,18241800
2019-02-14,32.33237075805664,34.53499984741211,34.65999984741211,34.31999969482422,34.345001220703125,19484000
2019-02-15,32.58983612060547,34.810001373291016,34.845001220703125,34.6150016784668,34.79499816894531,14712000
2019-02-19,32.59920120239258,34.81999969482422,34.92499923706055,34.6349983215332,34.66999816894531,16638200
2019-02-20,32.63664245605469,34.86000061035156,35.005001068115234,34.67499923706055,34.849998474121094,19704200
2019-02-21,32.65068435668945,34.875,35.01499938964844,34.65999984741211,34.775001525878906,19508200
2019-02-22,33.067325592041016,35.31999969482422,35.34000015258789,35.025001525878906,35.03499984741211,24493200
2019-02-25,33.22647476196289,35.4900016784668,35.73500061035156,35.46500015258789,35.584999084472656,40341000
2019-02-26,33.29668426513672,35.564998626708984,35.665000915527344,35.334999084472656,35.3650016784668,28268000
2019-02-27,33.26392364501953,35.529998779296875,35.57500076293945,35.165000915527344,35.43000030517578,19555000
2019-02-28,33.170291900634766,35.43000030517578,35.564998626708984,35.34000015258789,35.400001525878906,18876600
2019-03-01,33.394981384277344,35.66999816894531,35.76499938964844,35.3849983215332,35.709999084472656,24668000
2019-03-04,33.26860427856445,35.53499984741211,35.90999984741211,35.13999938964844,35.81999969482422,31653000
2019-03-05,33.170291900634766,35.43000030517578,35.560001373291016,35.31999969482422,35.51499938964844,17907600
2019-03-06,32.99708938598633,35.244998931884766,35.44499969482422,35.20000076293945,35.404998779296875,26244200
2019-03-07,32.68346405029297,34.90999984741211,35.17499923706055,34.79499816894531,35.14500045776367,36996600
2019-03-08,32.678775787353516,34.904998779296875,34.935001373291016,34.41999816894531,34.4900016784668,25781400
2019-03-11,33.38093566894531,35.654998779296875,35.689998626708984,35.029998779296875,35.029998779296875,29153800
2019-03-12,33.57755661010742,35.8650016784668,35.98500061035156,35.64500045776367,35.755001068115234,36101200
2019-03-13,33.79756546020508,36.099998474121094,36.314998626708984,36.0,36.02000045776367,35667200
2019-03-14,33.86778259277344,36.17499923706055,36.28499984741211,36.07500076293945,36.15999984741211,21313200
2019-03-15,34.27775573730469,36.494998931884766,36.65999984741211,36.15999984741211,36.185001373291016,42049000
2019-03-18,34.423336029052734,36.650001525878906,36.744998931884766,36.42499923706055,36.52000045776367,29675200
2019-03-19,34.493778228759766,36.724998474121094,36.900001525878906,36.58000183105469,36.79999923706055,32306200
2019-03-20,34.399871826171875,36.625,36.92499923706055,36.404998779296875,36.685001373291016,27408600
2019-03-21,35.263973236083984,37.54499816894531,37.625,36.625,36.630001068115234,54548200
2019-03-22,34.43274688720703,36.65999984741211,37.505001068115234,36.64500045776367,37.349998474121094,53494800
2019-03-25,34.28245162963867,36.5,36.744998931884766,36.26499938964844,36.540000915527344,43893800
2019-03-26,34.47030258178711,36.70000076293945,37.05500030517578,36.48500061035156,36.81999969482422,27930200
2019-03-27,34.2730712890625,36.4900016784668,36.89500045776367,36.16999816894531,36.755001068115234,31662400
2019-03-28,34.4139518737793,36.63999938964844,36.790000915527344,36.415000915527344,36.599998474121094,21079400
2019-03-29,34.752079010009766,37.0,37.01499938964844,36.76499938964844,36.94499969482422,28694400
2019-04-01,35.22639083862305,37.505001068115234,37.54999923706055,37.150001525878906,37.36000061035156,25181000
2019-04-02,35.34849548339844,37.6349983215332,37.685001373291016,37.41999816894531,37.53499984741211,23574200
2019-04-03,35.63496398925781,37.939998626708984,38.130001068115234,37.790000915527344,37.86000061035156,27738000
2019-04-04,35.48468780517578,37.779998779296875,38.025001525878906,37.55500030517578,37.92499923706055,23006200
2019-04-05,35.65375518798828,37.959999084472656,38.0,37.84000015258789,37.904998779296875,13419600
2019-04-08,35.78994369506836,38.10499954223633,38.125,37.709999084472656,37.869998931884766,14619800
2019-04-09,35.620880126953125,37.92499923706055,38.08000183105469,37.84000015258789,37.939998626708984,26880200
2019-04-10,35.869781494140625,38.189998626708984,38.20000076293945,37.939998626708984,37.959999084472656,17234800
2019-04-11,35.82282257080078,38.13999938964844,38.279998779296875,38.060001373291016,38.27000045776367,15394600
2019-04-12,36.07171630859375,38.404998779296875,38.404998779296875,38.13999938964844,38.35499954223633,17110000
2019-04-15,36.05763244628906,38.38999938964844,38.5,38.185001373291016,38.404998779296875,19821400
2019-04-16,36.240787506103516,38.584999084472656,38.625,38.400001525878906,38.5099983215332,19218600
2019-04-17,36.442718505859375,38.79999923706055,38.849998474121094,38.61000061035156,38.83000183105469,24495800
2019-04-18,36.54603958129883,38.90999984741211,38.91999816894531,38.619998931884766,38.8849983215332,22983800
2019-04-22,36.63056945800781,39.0,39.01499938964844,38.69499969482422,38.72999954223633,16168800
2019-04-23,37.02973175048828,39.42499923706055,39.474998474121094,39.02000045776367,39.060001373291016,33385600
2019-04-24,37.0438346862793,39.439998626708984,39.619998931884766,39.380001068115234,39.45500183105469,21876600
2019-04-25,37.034446716308594,39.43000030517578,39.72999954223633,39.220001220703125,39.619998931884766,22775200
2019-04-26,36.89356231689453,39.279998779296875,39.290000915527344,38.86000061035156,39.189998626708984,22100400
2019-04-29,36.902957916259766,39.290000915527344,39.415000915527344,39.244998931884766,39.28499984741211,21226400
2019-04-30,36.96400833129883,39.35499954223633,39.40999984741211,39.04999923706055,39.27000045776367,37685800
2019-05-01,36.870079040527344,39.255001068115234,39.849998474121094,39.25,39.75,30893600
2019-05-02,36.67753219604492,39.04999923706055,39.529998779296875,38.84000015258789,39.244998931884766,49977600
2019-05-03,37.025054931640625,39.41999816894531,39.45500183105469,39.1349983215332,39.189998626708984,26576600
2019-05-06,36.73857116699219,39.1150016784668,39.18000030517578,38.33000183105469,38.47999954223633,26045000
2019-05-07,35.949615478515625,38.275001525878906,38.82500076293945,37.92499923706055,38.67499923706055,41251200
2019-05-08,35.90736389160156,38.22999954223633,38.560001373291016,38.084999084472656,38.150001525878906,27334600
2019-05-09,35.66314697265625,37.970001220703125,38.095001220703125,37.33000183105469,37.755001068115234,38601800
2019-05-10,35.77585983276367,38.09000015258789,38.2599983215332,37.18000030517578,37.724998474121094,39192400
2019-05-13,34.42803955078125,36.654998779296875,37.23500061035156,36.54999923706055,37.01499938964844,50922400
2019-05-14,34.98219299316406,37.244998931884766,37.474998474121094,36.810001373291016,36.84000015258789,36808600
2019-05-15,35.362586975097656,37.650001525878906,37.76499938964844,36.92499923706055,36.98500061035156,30097200
2019-05-16,35.68663024902344,37.994998931884766,38.27000045776367,37.625,37.67499923706055,30889400
2019-05-17,35.4001579284668,37.689998626708984,38.20000076293945,37.599998474121094,37.60499954223633,27087800
2019-05-20,34.78496551513672,37.03499984741211,37.345001220703125,36.85499954223633,37.05500030517578,29349200
2019-05-21,35.212318420410156,37.4900016784668,37.61000061035156,37.34000015258789,37.42499923706055,29682200
2019-05-22,35.029151916503906,37.29499816894531,37.52000045776367,37.224998474121094,37.244998931884766,23042200
2019-05-23,34.4139518737793,36.63999938964844,36.810001373291016,36.369998931884766,36.790000915527344,32171400
2019-05-24,34.423336029052734,36.650001525878906,37.029998779296875,36.61000061035156,36.84000015258789,23500000
2019-05-28,34.32473373413086,36.54499816894531,37.0,36.525001525878906,36.76499938964844,51545600
2019-05-29,34.12278747558594,36.33000183105469,36.505001068115234,36.084999084472656,36.275001525878906,29509600
2019-05-30,34.3341178894043,36.55500030517578,36.630001068115234,36.30500030517578,36.415000915527344,22841000
2019-05-31,33.76117706298828,35.94499969482422,36.28499984741211,35.93000030517578,36.1150016784668,24079600
2019-06-03,33.1694450378418,35.314998626708984,36.20000076293945,35.07500076293945,36.0,39407400
2019-06-04,34.27775573730469,36.494998931884766,36.494998931884766,35.584999084472656,35.76499938964844,30192400
2019-06-05,34.723899841308594,36.970001220703125,37.05500030517578,36.54999923706055,36.97999954223633,28791600
2019-06-06,35.127777099609375,37.400001525878906,37.474998474121094,36.900001525878906,37.06999969482422,23845000
2019-06-07,35.78054428100586,38.095001220703125,38.31999969482422,37.52000045776367,37.595001220703125,23984200
2019-06-10,36.14685821533203,38.48500061035156,38.845001220703125,38.369998931884766,38.369998931884766,26927600
2019-06-11,36.14685821533203,38.48500061035156,38.915000915527344,38.26499938964844,38.875,23100200
2019-06-12,35.94491195678711,38.27000045776367,38.404998779296875,38.18000030517578,38.29999923706055,15193800
2019-06-13,36.05293273925781,38.3849983215332,38.52000045776367,38.244998931884766,38.404998779296875,19734800
2019-06-14,35.73828887939453,38.04999923706055,38.17499923706055,37.8849983215332,38.03499984741211,16883400
2019-06-17,35.76647186279297,38.08000183105469,38.27000045776367,37.994998931884766,38.07500076293945,18702200
2019-06-18,36.414554595947266,38.77000045776367,38.959999084472656,38.3650016784668,38.48500061035156,32362400
2019-06-19,36.54603958129883,38.90999984741211,39.0099983215332,38.60499954223633,38.869998931884766,24742400
2019-06-20,37.08140563964844,39.47999954223633,39.61000061035156,39.150001525878906,39.47999954223633,27783800
2019-06-21,36.90609359741211,39.154998779296875,39.494998931884766,39.13999938964844,39.19499969482422,41430400
2019-06-24,36.976776123046875,39.22999954223633,39.36000061035156,39.16999816894531,39.224998474121094,16431800
2019-06-25,36.298133850097656,38.5099983215332,39.244998931884766,38.46500015258789,39.209999084472656,26245400
2019-06-26,36.68929672241211,38.92499923706055,39.20000076293945,38.875,38.8849983215332,18138400
2019-06-27,36.78355407714844,39.025001525878906,39.15999984741211,38.939998626708984,39.05500030517578,13675000
2019-06-28,36.778846740722656,39.02000045776367,39.189998626708984,38.900001525878906,39.14500045776367,35566800
2019-07-01,37.36323165893555,39.63999938964844,39.96500015258789,39.474998474121094,39.915000915527344,28553200
2019-07-02,37.46220779418945,39.744998931884766,39.77000045776367,39.529998779296875,39.619998931884766,15568400
2019-07-03,37.74968719482422,40.04999923706055,40.04999923706055,39.76499938964844,39.845001220703125,10683600
2019-07-05,37.67900085449219,39.974998474121094,40.04499816894531,39.58000183105469,39.724998474121094,11847800
2019-07-08,37.39151382446289,39.66999816894531,39.720001220703125,39.48500061035156,39.665000915527344,14919800
2019-07-09,37.52347183227539,39.810001373291016,39.84000015258789,39.404998779296875,39.46500015258789,18499600
2019-07-10,37.82038879394531,40.125,40.3650016784668,40.0,40.029998779296875,20217200
2019-07-11,37.961769104003906,40.275001525878906,40.43000030517578,40.13999938964844,40.224998474121094,22704400
2019-07-12,38.23982238769531,40.56999969482422,40.595001220703125,40.33000183105469,40.400001525878906,15506800
2019-07-15,38.367069244384766,40.70500183105469,40.755001068115234,40.59000015258789,40.68000030517578,12572000
2019-07-16,38.00889205932617,40.32500076293945,40.65999984741211,40.255001068115234,40.654998779296875,16011400
2019-07-17,37.909915924072266,40.220001220703125,40.4900016784668,40.21500015258789,40.400001525878906,13416000
2019-07-18,38.19269943237305,40.52000045776367,40.58000183105469,40.099998474121094,40.130001068115234,16044000
2019-07-19,38.02774429321289,40.345001220703125,40.939998626708984,40.29499816894531,40.92499923706055,23359400
2019-07-22,38.46603775024414,40.810001373291016,40.90999984741211,40.494998931884766,40.5,13849400
2019-07-23,38.6781005859375,41.03499984741211,41.07500076293945,40.72999954223633,41.04499816894531,11010800
2019-07-24,38.998592376708984,41.375,41.38999938964844,40.97999954223633,40.97999954223633,18514200
2019-07-25,38.83835220336914,41.20500183105469,41.28499984741211,40.98500061035156,41.28499984741211,19846800
2019-07-26,38.92317581176758,41.29499816894531,41.375,41.185001373291016,41.224998474121094,22240400
2019-07-29,38.89962387084961,41.27000045776367,41.34000015258789,40.95000076293945,41.314998626708984,16946400
2019-07-30,38.649837493896484,41.005001068115234,41.18000030517578,40.89500045776367,40.98500061035156,14728000
2019-07-31,38.065452575683594,40.3849983215332,41.27000045776367,39.959999084472656,41.224998474121094,33738600
2019-08-01,37.872230529785156,40.18000030517578,41.310001373291016,39.97999954223633,40.45500183105469,57666000
2019-08-02,37.25484085083008,39.525001525878906,39.869998931884766,39.165000915527344,39.85499954223633,44743800
2019-08-05,35.69960403442383,37.875,38.525001525878906,37.56999969482422,38.470001220703125,55653200
2019-08-06,36.293426513671875,38.505001068115234,38.64500045776367,38.064998626708984,38.3849983215332,38301600
2019-08-07,36.51963806152344,38.744998931884766,38.849998474121094,37.85499954223633,38.064998626708984,41164800
2019-08-08,37.41508483886719,39.69499969482422,39.70500183105469,38.95500183105469,39.05500030517578,31983200
2019-08-09,36.99091720581055,39.244998931884766,39.56999969482422,38.94499969482422,39.459999084472656,31145200
2019-08-12,36.5055046081543,38.72999954223633,39.119998931884766,38.54999923706055,38.974998474121094,21786800
2019-08-13,37.41979217529297,39.70000076293945,39.849998474121094,38.61000061035156,38.69499969482422,52085600
2019-08-14,36.26985168457031,38.47999954223633,39.14500045776367,38.380001068115234,38.970001220703125,47138600
2019-08-15,36.203880310058594,38.40999984741211,38.61000061035156,38.084999084472656,38.51499938964844,31324600
2019-08-16,36.891944885253906,39.13999938964844,39.220001220703125,38.75,38.80500030517578,21694000
2019-08-19,37.45279312133789,39.73500061035156,39.85499954223633,39.529998779296875,39.755001068115234,15756200
2019-08-20,37.264259338378906,39.53499984741211,39.8849983215332,39.51499938964844,39.685001373291016,16675400
2019-08-21,37.702552795410156,40.0,40.099998474121094,39.81999969482422,39.915000915527344,16802600
2019-08-22,37.613006591796875,39.904998779296875,40.19499969482422,39.54999923706055,40.10499954223633,15188200
2019-08-23,36.368839263916016,38.584999084472656,40.04999923706055,38.42499923706055,39.685001373291016,40797800
2019-08-26,36.873104095458984,39.119998931884766,39.1349983215332,38.79499816894531,39.060001373291016,20717000
2019-08-27,36.816551208496094,39.060001373291016,39.44499969482422,38.834999084472656,39.375,20066000
2019-08-28,36.84954071044922,39.095001220703125,39.15999984741211,38.56999969482422,38.849998474121094,14279000
2019-08-29,37.490482330322266,39.775001525878906,39.89500045776367,39.48500061035156,39.625,16241200
2019-08-30,37.481040954589844,39.76499938964844,40.084999084472656,39.47999954223633,40.03499984741211,20150800
2019-09-03,37.0239143371582,39.279998779296875,39.78499984741211,39.13999938964844,39.435001373291016,23675000
2019-09-04,37.655433654785156,39.95000076293945,39.970001220703125,39.665000915527344,39.70500183105469,15458800
2019-09-05,38.442481994628906,40.78499984741211,40.95000076293945,40.45500183105469,40.474998474121094,20086600
2019-09-06,38.40948486328125,40.75,40.89500045776367,40.63999938964844,40.875,18300200
2019-09-09,38.12200164794922,40.44499969482422,40.959999084472656,40.22999954223633,40.939998626708984,25221400
2019-09-10,37.928768157958984,40.2400016784668,40.2599983215332,39.78499984741211,40.2599983215332,19717000
2019-09-11,38.324642181396484,40.65999984741211,40.66999816894531,40.279998779296875,40.3650016784668,18818600
2019-09-12,38.532012939453125,40.880001068115234,41.209999084472656,40.709999084472656,40.90999984741211,25542000
2019-09-13,38.24925231933594,40.58000183105469,40.814998626708984,40.53499984741211,40.814998626708984,33067200
2019-09-16,38.15498352050781,40.47999954223633,40.56999969482422,40.20500183105469,40.244998931884766,15451800
2019-09-17,38.310508728027344,40.64500045776367,40.64500045776367,40.415000915527344,40.5099983215332,15402600
2019-09-18,38.30580139160156,40.63999938964844,40.66999816894531,40.09000015258789,40.58000183105469,17261400
2019-09-19,38.39063262939453,40.72999954223633,41.09000015258789,40.67499923706055,40.76499938964844,16387000
2019-09-20,37.94293212890625,40.130001068115234,40.755001068115234,40.025001525878906,40.73500061035156,30027200
2019-09-23,38.06113052368164,40.255001068115234,40.375,40.04999923706055,40.1349983215332,15648400
2019-09-24,37.692378997802734,39.8650016784668,40.67499923706055,39.69499969482422,40.52000045776367,35448200
2019-09-25,38.14149856567383,40.34000015258789,40.45000076293945,39.44499969482422,39.810001373291016,23913200
2019-09-26,38.18404006958008,40.3849983215332,40.525001525878906,40.06999969482422,40.32500076293945,18178600
2019-09-27,37.6734619140625,39.845001220703125,40.470001220703125,39.54499816894531,40.3849983215332,25564200
2019-09-30,38.07057571411133,40.26499938964844,40.36000061035156,39.959999084472656,40.01499938964844,22002800
2019-10-01,37.71601486206055,39.88999938964844,40.71500015258789,39.875,40.44499969482422,22044600
2019-10-02,37.00688171386719,39.13999938964844,39.6349983215332,38.845001220703125,39.625,39509600
2019-10-03,37.46073532104492,39.619998931884766,39.6349983215332,38.63999938964844,39.125,34944400
2019-10-04,38.08004379272461,40.275001525878906,40.32500076293945,39.86000061035156,39.900001525878906,21876800
2019-10-07,37.91929626464844,40.10499954223633,40.439998626708984,40.07500076293945,40.13999938964844,21238800
2019-10-08,37.22434997558594,39.369998931884766,39.96500015258789,39.3650016784668,39.845001220703125,28733600
2019-10-09,37.77748107910156,39.95500183105469,40.10499954223633,39.720001220703125,39.779998779296875,20503000
2019-10-10,38.0374870300293,40.22999954223633,40.38999938964844,39.8849983215332,39.915000915527344,18796200
2019-10-11,38.5622444152832,40.78499984741211,41.14500045776367,40.65999984741211,40.724998474121094,31941200
2019-10-14,38.538604736328125,40.7599983215332,40.93000030517578,40.7400016784668,40.744998931884766,11325600
2019-10-15,38.964073181152344,41.209999084472656,41.310001373291016,40.8849983215332,40.92499923706055,16205800
2019-10-16,38.69461441040039,40.92499923706055,41.005001068115234,40.775001525878906,40.98500061035156,20066000
2019-10-17,38.61897277832031,40.845001220703125,41.18000030517578,40.630001068115234,41.064998626708984,13731800
2019-10-18,38.250221252441406,40.45500183105469,40.845001220703125,40.20000076293945,40.78499984741211,17452600
2019-10-21,38.66151809692383,40.88999938964844,40.90999984741211,40.54999923706055,40.69499969482422,12678600
2019-10-22,38.14149856567383,40.34000015258789,41.1150016784668,40.310001373291016,40.970001220703125,18916000
2019-10-23,38.17457962036133,40.375,40.380001068115234,40.130001068115234,40.21500015258789,17617000
2019-10-24,38.73243713378906,40.96500015258789,41.0,40.654998779296875,40.80500030517578,14508200
2019-10-25,39.20045471191406,41.459999084472656,41.5099983215332,40.939998626708984,40.96500015258789,16305400
2019-10-28,39.69683837890625,41.98500061035156,42.005001068115234,41.80500030517578,41.82500076293945,14459800
2019-10-29,39.337547302246094,41.60499954223633,42.025001525878906,41.59000015258789,41.95000076293945,15520800
2019-10-30,39.57863998413086,41.86000061035156,41.90999984741211,41.45000076293945,41.72999954223633,25558600
2019-10-31,39.555015563964844,41.834999084472656,41.970001220703125,41.564998626708984,41.92499923706055,22461800
2019-11-01,40.02775955200195,42.334999084472656,42.334999084472656,41.90999984741211,41.974998474121094,19841200
2019-11-04,40.235774993896484,42.55500030517578,42.685001373291016,42.46500015258789,42.65999984741211,20363200
2019-11-05,40.188507080078125,42.505001068115234,42.689998626708984,42.36000061035156,42.67499923706055,15799600
2019-11-06,40.16958999633789,42.48500061035156,42.525001525878906,42.27000045776367,42.5,17077200
2019-11-07,40.486328125,42.81999969482422,43.060001373291016,42.70000076293945,42.77000045776367,28085000
2019-11-08,40.713253021240234,43.060001373291016,43.060001373291016,42.540000915527344,42.709999084472656,12573000
2019-11-11,40.73216247558594,43.08000183105469,43.13999938964844,42.7599983215332,42.814998626708984,8488000
2019-11-12,40.869258880615234,43.224998474121094,43.3849983215332,43.03499984741211,43.13999938964844,16562400
2019-11-13,40.95907974243164,43.31999969482422,43.36000061035156,43.04499816894531,43.05500030517578,15372200
2019-11-14,40.911808013916016,43.27000045776367,43.30500030517578,43.029998779296875,43.150001525878906,12182600
2019-11-15,41.24273681640625,43.619998931884766,43.619998931884766,43.439998626708984,43.57500076293945,14124800
2019-11-18,41.36565017700195,43.75,43.814998626708984,43.439998626708984,43.60499954223633,13022200
2019-11-19,41.44602584838867,43.834999084472656,43.96500015258789,43.67499923706055,43.92499923706055,14087400
2019-11-20,41.19545364379883,43.56999969482422,43.8650016784668,43.2400016784668,43.73500061035156,24759800
2019-11-21,40.98744201660156,43.349998474121094,43.53499984741211,43.2599983215332,43.48500061035156,18755400
2019-11-22,40.93544387817383,43.29499816894531,43.54499816894531,43.125,43.474998474121094,11780000
2019-11-25,41.53110885620117,43.92499923706055,43.92499923706055,43.474998474121094,43.4900016784668,14739800
2019-11-26,41.568931579589844,43.96500015258789,44.07500076293945,43.880001068115234,43.95000076293945,19454400
2019-11-27,41.800575256347656,44.209999084472656,44.209999084472656,43.970001220703125,44.099998474121094,18697000
2019-11-29,41.67766571044922,44.08000183105469,44.165000915527344,44.005001068115234,44.095001220703125,11360200
2019-12-02,41.08199691772461,43.45000076293945,44.099998474121094,43.2599983215332,44.099998474121094,23167600
2019-12-03,40.717987060546875,43.064998626708984,43.095001220703125,42.58000183105469,42.76499938964844,22494400
2019-12-04,40.88344955444336,43.2400016784668,43.380001068115234,43.17499923706055,43.345001220703125,13829000
2019-12-05,41.034725189208984,43.400001525878906,43.435001373291016,43.19499969482422,43.39500045776367,15620600
2019-12-06,41.48856735229492,43.880001068115234,43.91999816894531,43.69499969482422,43.72999954223633,18407000
2019-12-09,41.271095275878906,43.650001525878906,43.94499969482422,43.650001525878906,43.80500030517578,11370200
2019-12-10,41.304195404052734,43.685001373291016,43.915000915527344,43.57500076293945,43.720001220703125,12350800
2019-12-11,41.5831184387207,43.97999954223633,44.02000045776367,43.709999084472656,43.79999923706055,9879000
2019-12-12,42.027496337890625,44.45000076293945,44.51499938964844,43.75,43.85499954223633,24189400
2019-12-13,42.306419372558594,44.744998931884766,44.845001220703125,44.31999969482422,44.404998779296875,26256200
2019-12-16,42.68461990356445,45.14500045776367,45.29999923706055,45.07500076293945,45.084999084472656,19744600
2019-12-17,42.58534622192383,45.040000915527344,45.244998931884766,44.97999954223633,45.224998474121094,14919400
2019-12-18,42.58061599731445,45.03499984741211,45.209999084472656,45.02000045776367,45.095001220703125,12970200
2019-12-19,42.88789749145508,45.36000061035156,45.3650016784668,45.04999923706055,45.064998626708984,13724000
2019-12-20,43.13690185546875,45.474998474121094,45.529998779296875,45.36000061035156,45.47999954223633,23400800
2019-12-23,43.26022720336914,45.60499954223633,45.720001220703125,45.54999923706055,45.6150016784668,15530400
2019-12-24,43.27444839477539,45.619998931884766,45.685001373291016,45.51499938964844,45.685001373291016,4890800
2019-12-26,43.59697341918945,45.959999084472656,45.970001220703125,45.685001373291016,45.71500015258789,8269200
2019-12-27,43.592227935791016,45.95500183105469,46.14500045776367,45.84000015258789,46.14500045776367,19332200
2019-12-30,43.34086227416992,45.689998626708984,45.95000076293945,45.34000015258789,45.94499969482422,16491200
2019-12-31,43.478397369384766,45.834999084472656,45.8849983215332,45.474998474121094,45.53499984741211,11601800
2020-01-02,44.294193267822266,46.69499969482422,46.69499969482422,46.15999984741211,46.25,26567000
2020-01-03,43.79618453979492,46.16999816894531,46.4900016784668,46.0099983215332,46.01499938964844,30023600
2020-01-06,43.9005126953125,46.279998779296875,46.33000183105469,45.625,45.709999084472656,15630000
2020-01-07,43.88154983520508,46.2599983215332,46.4900016784668,46.189998626708984,46.36000061035156,15363600
2020-01-08,44.35110092163086,46.755001068115234,46.959999084472656,46.224998474121094,46.310001373291016,23254400
2020-01-09,44.85383605957031,47.28499984741211,47.314998626708984,46.94499969482422,47.185001373291016,15554800
2020-01-10,44.7495002746582,47.17499923706055,47.55500030517578,47.095001220703125,47.4900016784668,15330600
2020-01-13,45.30916976928711,47.76499938964844,47.81999969482422,47.3650016784668,47.38999938964844,15524400
2020-01-14,45.09574508666992,47.540000915527344,47.869998931884766,47.46500015258789,47.82500076293945,16134600
2020-01-15,45.14791488647461,47.595001220703125,47.82500076293945,47.435001373291016,47.56999969482422,14417000
2020-01-16,45.7550048828125,48.23500061035156,48.244998931884766,47.834999084472656,47.900001525878906,11543200
2020-01-17,46.06328582763672,48.560001373291016,48.60499954223633,48.20000076293945,48.459999084472656,21661000
2020-01-21,46.04432678222656,48.540000915527344,48.81999969482422,48.400001525878906,48.40999984741211,17975000
2020-01-22,46.210323333740234,48.71500015258789,49.05500030517578,48.67499923706055,48.845001220703125,15491600
2020-01-23,46.42849349975586,48.94499969482422,48.98500061035156,48.55500030517578,48.76499938964844,14956400
2020-01-24,46.210323333740234,48.71500015258789,49.415000915527344,48.54499816894531,49.30500030517578,23617400
2020-01-27,45.10996627807617,47.55500030517578,47.93000030517578,47.35499954223633,47.58000183105469,35574600
2020-01-28,45.97318649291992,48.46500015258789,48.595001220703125,47.869998931884766,47.970001220703125,31184400
2020-01-29,46.09175109863281,48.59000015258789,48.935001373291016,48.39500045776367,48.8650016784668,21126600
2020-01-30,46.49015808105469,49.0099983215332,49.05500030517578,48.275001525878906,48.56999969482422,19933600
2020-01-31,45.21430969238281,47.665000915527344,48.75,47.494998931884766,48.724998474121094,26964600
2020-02-03,45.81191635131836,48.29499816894531,48.415000915527344,47.665000915527344,47.720001220703125,25075600
2020-02-04,47.011878967285156,49.560001373291016,49.665000915527344,49.01499938964844,49.1349983215332,19097800
2020-02-05,47.28696823120117,49.849998474121094,50.400001525878906,49.4900016784668,50.375,32697000
2020-02-06,47.71857833862305,50.30500030517578,50.31999969482422,49.83000183105469,50.05500030517578,13505600
2020-02-07,47.28223419189453,49.845001220703125,50.26499938964844,49.744998931884766,50.06999969482422,16598000
2020-02-10,47.922523498535156,50.52000045776367,50.529998779296875,49.54499816894531,49.55500030517578,16347600
2020-02-11,47.761260986328125,50.349998474121094,50.95000076293945,50.20000076293945,50.904998779296875,15105800
2020-02-12,48.27823257446289,50.89500045776367,50.915000915527344,50.40999984741211,50.69499969482422,12152800
2020-02-13,48.15018081665039,50.7599983215332,51.025001525878906,50.41999816894531,50.494998931884766,14802800
2020-02-14,48.35887145996094,50.97999954223633,51.064998626708984,50.70000076293945,50.86000061035156,12392400
2020-02-18,48.17863845825195,50.790000915527344,50.900001525878906,50.51499938964844,50.56999969482422,20633200
2020-02-19,48.75252914428711,51.39500045776367,51.470001220703125,51.084999084472656,51.119998931884766,16615600
2020-02-20,48.245033264160156,50.86000061035156,51.40999984741211,50.165000915527344,51.28499984741211,26324600
2020-02-21,47.16366195678711,49.720001220703125,50.64500045776367,49.40999984741211,50.599998474121094,29899000
2020-02-24,45.21430969238281,47.665000915527344,48.35499954223633,46.900001525878906,47.334999084472656,42365200
2020-02-25,43.76771926879883,46.13999938964844,48.27000045776367,45.970001220703125,48.095001220703125,62934400
2020-02-26,43.96692657470703,46.349998474121094,47.35499954223633,46.0,46.314998626708984,55759600
2020-02-27,41.595458984375,43.849998474121094,45.779998779296875,43.81999969482422,44.83000183105469,67825800
2020-02-28,41.913246154785156,44.185001373291016,44.60499954223633,42.029998779296875,42.10499954223633,111854400
2020-03-02,44.33687973022461,46.7400016784668,46.75,44.189998626708984,44.97999954223633,70008600
2020-03-03,42.65312576293945,44.96500015258789,47.33000183105469,44.4900016784668,47.005001068115234,94989200
2020-03-04,44.48389434814453,46.89500045776367,46.90999984741211,45.29999923706055,45.935001373291016,44727600
2020-03-05,43.07999801635742,45.415000915527344,46.51499938964844,45.119998931884766,45.64500045776367,49019000
2020-03-06,42.16935729980469,44.45500183105469,44.720001220703125,43.244998931884766,43.89500045776367,57631800
2020-03-09,38.96788787841797,41.08000183105469,43.0,40.75,40.790000915527344,59119800
2020-03-10,41.56700134277344,43.81999969482422,43.82500076293945,41.310001373291016,42.84000015258789,71164600
2020-03-11,39.603431701660156,41.75,42.90999984741211,41.154998779296875,42.64500045776367,63304200
2020-03-12,35.73794174194336,37.67499923706055,40.95000076293945,37.5,38.720001220703125,65490600
2020-03-13,39.930694580078125,42.095001220703125,42.189998626708984,38.150001525878906,40.04499816894531,65849600
2020-03-16,34.4146728515625,36.279998779296875,39.60499954223633,35.595001220703125,35.86000061035156,81244800
2020-03-17,36.75766372680664,38.75,39.220001220703125,35.970001220703125,37.1349983215332,100814600
2020-03-18,35.372737884521484,37.290000915527344,37.90999984741211,35.1349983215332,36.17499923706055,107412400
2020-03-19,35.50080871582031,37.42499923706055,38.69499969482422,36.060001373291016,36.94499969482422,123454200
2020-03-20,33.87397384643555,35.709999084472656,38.52000045776367,35.59000015258789,38.130001068115234,90444000
2020-03-23,33.56455993652344,35.20000076293945,36.11000061035156,34.04999923706055,35.345001220703125,84958400
2020-03-24,37.00204849243164,38.80500030517578,38.834999084472656,37.18000030517578,37.33000183105469,75329000
2020-03-25,36.95439147949219,38.755001068115234,40.54499816894531,38.0099983215332,39.099998474121094,57480800
2020-03-26,39.24287414550781,41.154998779296875,41.255001068115234,39.150001525878906,39.244998931884766,56425800
2020-03-27,37.46928405761719,39.29499816894531,40.630001068115234,39.125,39.880001068115234,58485400
2020-03-30,39.04739761352539,40.95000076293945,41.04499816894531,39.69499969482422,39.81999969482422,47480200
2020-03-31,38.31794357299805,40.185001373291016,41.59000015258789,39.974998474121094,40.85499954223633,39988800
2020-04-01,36.49191665649414,38.27000045776367,39.625,37.98500061035156,38.79499816894531,54984800
2020-04-02,37.345333099365234,39.165000915527344,39.21500015258789,37.97999954223633,38.1349983215332,44223600
2020-04-03,36.7684440612793,38.560001373291016,39.415000915527344,38.07500076293945,38.994998931884766,31572000
2020-04-06,39.90557861328125,41.849998474121094,42.125,40.0,40.255001068115234,35987200
2020-04-07,39.54800796508789,41.474998474121094,43.34000015258789,41.43000030517578,43.32500076293945,44298800
2020-04-08,40.6111946105957,42.59000015258789,42.76499938964844,41.625,42.02000045776367,27428600
2020-04-09,40.62073516845703,42.599998474121094,43.314998626708984,42.29999923706055,43.095001220703125,39259800
2020-04-13,40.71132278442383,42.69499969482422,42.755001068115234,41.82500076293945,42.43000030517578,25301600
2020-04-14,42.418148040771484,44.48500061035156,44.564998626708984,43.470001220703125,43.64500045776367,31779000
2020-04-15,41.49321746826172,43.51499938964844,43.869998931884766,43.189998626708984,43.599998474121094,25858200
2020-04-16,41.998592376708984,44.04499816894531,44.154998779296875,43.32500076293945,44.084999084472656,23667600
2020-04-17,42.556419372558594,44.630001068115234,44.834999084472656,43.98500061035156,44.82500076293945,28284800
2020-04-20,41.8746337890625,43.915000915527344,44.61000061035156,43.85499954223633,44.025001525878906,20407000
2020-04-21,40.120121002197266,42.07500076293945,43.400001525878906,41.81999969482422,43.29499816894531,32765000
2020-04-22,41.664852142333984,43.69499969482422,43.935001373291016,42.939998626708984,43.095001220703125,24032000
2020-04-23,41.37880325317383,43.39500045776367,44.290000915527344,43.36000061035156,43.79499816894531,21169600
2020-04-24,42.256046295166016,44.314998626708984,44.32500076293945,43.29499816894531,43.57500076293945,16885000
2020-04-27,42.61839294433594,44.69499969482422,44.845001220703125,44.42499923706055,44.71500015258789,15598600
2020-04-28,42.05104446411133,44.099998474121094,45.279998779296875,44.040000915527344,45.25,25267600
2020-04-29,43.776947021484375,45.90999984741211,46.06999969482422,44.880001068115234,45.040000915527344,22925800
2020-04-30,43.58147430419922,45.70500183105469,46.005001068115234,45.3650016784668,46.005001068115234,30861200
2020-05-01,42.38478088378906,44.45000076293945,45.32500076293945,44.279998779296875,44.70000076293945,23990200
2020-05-04,42.947364807128906,45.040000915527344,45.084999084472656,44.040000915527344,44.244998931884766,21458000
2020-05-05,43.53856658935547,45.65999984741211,46.2400016784668,45.474998474121094,45.55500030517578,17374600
2020-05-06,43.87705993652344,46.01499938964844,46.459999084472656,45.810001373291016,46.099998474121094,16941000
2020-05-07,44.53501510620117,46.70500183105469,46.970001220703125,46.56999969482422,46.63999938964844,21088800
2020-05-08,45.18818283081055,47.38999938964844,47.45500183105469,46.875,47.150001525878906,15221600
2020-05-11,45.48855209350586,47.70500183105469,47.98500061035156,46.970001220703125,47.064998626708984,20768800
2020-05-12,44.54931640625,46.720001220703125,48.03499984741211,46.685001373291016,47.900001525878906,27042000
2020-05-13,43.78172302246094,45.915000915527344,47.10499954223633,45.310001373291016,46.744998931884766,33942200
2020-05-14,44.339542388916016,46.5,46.529998779296875,45.095001220703125,45.595001220703125,30475200
2020-05-15,44.56361770629883,46.73500061035156,46.744998931884766,45.6349983215332,45.76499938964844,28032800
2020-05-18,45.65541458129883,47.880001068115234,48.150001525878906,47.4900016784668,47.654998779296875,20033400
2020-05-19,45.48855209350586,47.70500183105469,48.44499969482422,47.685001373291016,47.900001525878906,20092800
2020-05-20,46.4849853515625,48.75,48.84000015258789,48.34000015258789,48.3650016784668,18192000
2020-05-21,45.83658218383789,48.06999969482422,48.845001220703125,48.04499816894531,48.70000076293945,20581600
2020-05-22,46.00346374511719,48.244998931884766,48.30500030517578,47.80500030517578,48.0,18489600
2020-05-26,45.95578384399414,48.19499969482422,49.244998931884766,48.154998779296875,49.209999084472656,26001400
2020-05-27,46.21800231933594,48.470001220703125,48.4900016784668,47.165000915527344,48.189998626708984,38856800
2020-05-28,46.127410888671875,48.375,49.2599983215332,48.255001068115234,48.290000915527344,21147400
2020-05-29,46.709075927734375,48.98500061035156,49.099998474121094,48.1150016784668,48.52000045776367,35555000
2020-06-01,46.69477462768555,48.970001220703125,49.07500076293945,48.540000915527344,48.755001068115234,26719400
2020-06-02,47.133419036865234,49.43000030517578,49.43000030517578,48.60499954223633,49.06999969482422,22415200
2020-06-03,47.500511169433594,49.814998626708984,49.974998474121094,49.415000915527344,49.630001068115234,22035800
2020-06-04,47.10956954956055,49.404998779296875,49.96500015258789,49.130001068115234,49.619998931884766,15138800
2020-06-05,48.34916305541992,50.70500183105469,50.849998474121094,49.66999816894531,49.755001068115234,20756400
2020-06-08,48.59231185913086,50.959999084472656,50.97999954223633,50.150001525878906,50.6150016784668,16130200
2020-06-09,48.821170806884766,51.20000076293945,51.45000076293945,50.65999984741211,50.70500183105469,14707800
2020-06-10,49.63644790649414,52.05500030517578,52.44499969482422,51.474998474121094,51.56999969482422,24389600
2020-06-11,46.79012680053711,49.06999969482422,51.224998474121094,49.05500030517578,51.150001525878906,39742000
2020-06-12,47.39562225341797,49.70500183105469,50.6349983215332,48.84000015258789,50.3849983215332,43287000
2020-06-15,47.85331344604492,50.185001373291016,50.40999984741211,48.63999938964844,48.79999923706055,29924000
2020-06-16,48.87361145019531,51.255001068115234,51.69499969482422,50.459999084472656,51.3849983215332,27935800
2020-06-17,48.86407470703125,51.244998931884766,51.72999954223633,51.15999984741211,51.54499816894531,17324200
2020-06-18,49.08338928222656,51.474998474121094,51.529998779296875,51.040000915527344,51.150001525878906,13717200
2020-06-19,48.74488830566406,51.119998931884766,52.154998779296875,50.875,52.095001220703125,31280000
2020-06-22,49.66327667236328,51.939998626708984,51.98500061035156,50.96500015258789,51.04499816894531,14738000
2020-06-23,50.02184295654297,52.314998626708984,52.915000915527344,52.2400016784668,52.404998779296875,19028000
2020-06-24,48.8935661315918,51.1349983215332,52.38999938964844,50.85499954223633,52.099998474121094,25425600
2020-06-25,49.51985549926758,51.790000915527344,51.845001220703125,50.654998779296875,51.209999084472656,20534400
2020-06-26,48.5445671081543,50.77000045776367,51.76499938964844,50.6150016784668,51.689998626708984,44275600
2020-06-29,49.07524108886719,51.32500076293945,51.33000183105469,50.154998779296875,50.76499938964844,18547200
2020-06-30,49.95490264892578,52.244998931884766,52.45500183105469,51.2599983215332,51.33000183105469,16500000
2020-07-01,50.03618621826172,52.33000183105469,52.6349983215332,52.040000915527344,52.279998779296875,21709200
2020-07-02,50.327816009521484,52.6349983215332,53.11000061035156,52.525001525878906,52.82500076293945,19144600
2020-07-06,51.207489013671875,53.55500030517578,53.80500030517578,53.28499984741211,53.314998626708984,16046200
2020-07-07,50.672035217285156,52.994998931884766,54.03499984741211,52.939998626708984,53.494998931884766,15863600
2020-07-08,51.499114990234375,53.86000061035156,53.8650016784668,53.130001068115234,53.415000915527344,13327000
2020-07-09,51.685569763183594,54.05500030517578,54.310001373291016,53.279998779296875,54.29999923706055,17767800
2020-07-10,51.671234130859375,54.040000915527344,54.064998626708984,53.400001525878906,53.93000030517578,14724600
2020-07-13,50.60032653808594,52.91999816894531,54.86000061035156,52.78499984741211,54.5,28910400
2020-07-14,51.18357467651367,53.529998779296875,53.60499954223633,51.939998626708984,52.5,30053200
2020-07-15,51.46087646484375,53.81999969482422,54.28499984741211,53.189998626708984,54.02000045776367,23779200
2020-07-16,50.82502365112305,53.154998779296875,53.39500045776367,52.744998931884766,53.244998931884766,17180600
2020-07-17,51.07362365722656,53.415000915527344,53.564998626708984,52.92499923706055,53.470001220703125,12710400
2020-07-20,52.3787956237793,54.779998779296875,54.90999984741211,53.26499938964844,53.564998626708984,17018400
2020-07-21,51.8529052734375,54.22999954223633,55.189998626708984,54.029998779296875,55.16999816894531,18794800
2020-07-22,52.268829345703125,54.665000915527344,54.834999084472656,54.23500061035156,54.279998779296875,15028000
2020-07-23,50.911075592041016,53.244998931884766,54.73500061035156,53.005001068115234,54.375,23349600
2020-07-24,50.294342041015625,52.599998474121094,52.94499969482422,51.73500061035156,52.35499954223633,22911600
2020-07-27,51.087974548339844,53.43000030517578,53.48500061035156,52.814998626708984,52.91999816894531,16908000
2020-07-28,50.490360260009766,52.80500030517578,53.43000030517578,52.76499938964844,53.26499938964844,17825400
2020-07-29,51.221839904785156,53.56999969482422,53.71500015258789,53.005001068115234,53.005001068115234,13187000
2020-07-30,51.50867462158203,53.869998931884766,53.904998779296875,52.79999923706055,53.084999084472656,21556800
2020-07-31,52.79471969604492,55.21500015258789,55.23500061035156,53.83000183105469,54.720001220703125,25185800
2020-08-03,54.095115661621094,56.57500076293945,56.755001068115234,55.939998626708984,55.96500015258789,24327000
2020-08-04,54.2337532043457,56.720001220703125,56.724998474121094,56.209999084472656,56.45500183105469,17971600
2020-08-05,54.43455123901367,56.93000030517578,57.060001373291016,56.64500045776367,56.900001525878906,12960200
2020-08-06,55.19948959350586,57.72999954223633,57.78499984741211,56.7599983215332,56.8849983215332,16399400
2020-08-07,54.37717819213867,56.869998931884766,57.505001068115234,56.41999816894531,57.5,27476200
2020-08-10,54.22419738769531,56.709999084472656,57.07500076293945,55.94499969482422,56.97999954223633,16481200
2020-08-11,53.248905181884766,55.689998626708984,56.76499938964844,55.57500076293945,56.525001525878906,18844400
2020-08-12,54.45845413208008,56.95500183105469,57.10499954223633,56.06999969482422,56.13999938964844,14196800
2020-08-13,54.48236846923828,56.97999954223633,57.45500183105469,56.775001525878906,57.03499984741211,11453600
2020-08-14,54.444114685058594,56.939998626708984,57.10499954223633,56.625,57.005001068115234,8334200
2020-08-17,54.80745315551758,57.31999969482422,57.45000076293945,57.21500015258789,57.28499984741211,8174600
2020-08-18,55.01304244995117,57.53499984741211,57.689998626708984,57.04999923706055,57.43000030517578,8930000
2020-08-19,54.94609832763672,57.46500015258789,57.935001373291016,57.369998931884766,57.68000030517578,14239400
2020-08-20,55.67756652832031,58.22999954223633,58.345001220703125,57.189998626708984,57.25,12803000
2020-08-21,56.385128021240234,58.970001220703125,59.03499984741211,58.255001068115234,58.28499984741211,15288600
2020-08-24,56.872772216796875,59.47999954223633,59.84000015258789,58.98500061035156,59.81999969482422,16440600
2020-08-25,57.15961837768555,59.779998779296875,59.80500030517578,59.255001068115234,59.345001220703125,18628200
2020-08-26,58.32136535644531,60.994998931884766,61.154998779296875,60.27000045776367,60.404998779296875,16463000
2020-08-27,58.369178771972656,61.04499816894531,61.529998779296875,60.494998931884766,61.25,18174200
2020-08-28,58.88071823120117,61.58000183105469,61.779998779296875,61.20500183105469,61.28499984741211,13092600
2020-08-31,59.06717300415039,61.775001525878906,62.17499923706055,61.439998626708984,61.82500076293945,19040000
2020-09-01,60.19545364379883,62.95500183105469,63.03499984741211,61.939998626708984,62.33000183105469,25612600
2020-09-02,60.73088836669922,63.51499938964844,63.86000061035156,62.404998779296875,63.85499954223633,40395000
2020-09-03,57.26958084106445,59.89500045776367,62.54999923706055,59.400001525878906,62.5,54162000
2020-09-04,56.471187591552734,59.060001373291016,60.40999984741211,56.525001525878906,59.560001373291016,62544200
2020-09-08,53.918216705322266,56.38999938964844,58.165000915527344,56.290000915527344,56.814998626708984,47860400
2020-09-09,55.67756652832031,58.22999954223633,58.79999923706055,57.1349983215332,57.76499938964844,36783800
2020-09-10,54.420204162597656,56.915000915527344,59.119998931884766,56.56999969482422,59.029998779296875,32109800
2020-09-11,54.004276275634766,56.47999954223633,57.66999816894531,55.7599983215332,57.45000076293945,37166400
2020-09-14,55.137332916259766,57.665000915527344,57.974998474121094,57.150001525878906,57.41999816894531,24730200
2020-09-15,55.682350158691406,58.23500061035156,58.650001525878906,57.845001220703125,58.54499816894531,18260400
2020-09-16,54.8217887878418,57.334999084472656,58.57500076293945,57.279998779296875,58.494998931884766,19637000
2020-09-17,54.36761474609375,56.86000061035156,57.255001068115234,55.904998779296875,55.994998931884766,30403600
2020-09-18,53.430572509765625,55.880001068115234,57.05500030517578,55.189998626708984,56.95500183105469,41837600
2020-09-21,53.8747444152832,56.220001220703125,56.244998931884766,54.55500030517578,54.75,38381800
2020-09-22,54.72761917114258,57.11000061035156,57.255001068115234,55.88999938964844,56.85499954223633,25537400
2020-09-23,53.02186965942383,55.33000183105469,57.19499969482422,55.15999984741211,57.13999938964844,23707800
2020-09-24,53.31892776489258,55.63999938964844,56.33000183105469,54.744998931884766,54.814998626708984,31838600
2020-09-25,54.59344482421875,56.970001220703125,57.13999938964844,55.31999969482422,55.66999816894531,19326600
2020-09-28,55.637977600097656,58.060001373291016,58.064998626708984,57.435001373291016,57.915000915527344,17473200
2020-09-29,55.45111846923828,57.8650016784668,58.22999954223633,57.7400016784668,57.98500061035156,20851000
2020-09-30,55.9158821105957,58.349998474121094,58.94499969482422,57.810001373291016,57.834999084472656,22318400
2020-10-01,56.505226135253906,58.96500015258789,59.2400016784668,58.59000015258789,59.15999984741211,27076400
2020-10-02,55.072593688964844,57.470001220703125,58.470001220703125,57.2400016784668,57.51499938964844,37251600
2020-10-05,56.280029296875,58.72999954223633,58.76499938964844,57.845001220703125,57.880001068115234,12270600
2020-10-06,55.40799331665039,57.81999969482422,59.14500045776367,57.6150016784668,58.59000015258789,26862200
2020-10-07,56.42377471923828,58.880001068115234,58.994998931884766,58.380001068115234,58.42499923706055,12992400
2020-10-08,56.7160530090332,59.185001373291016,59.39500045776367,58.98500061035156,59.39500045776367,10109600
2020-10-09,57.583309173583984,60.09000015258789,60.10499954223633,59.45000076293945,59.46500015258789,14425400
2020-10-12,59.15488815307617,61.72999954223633,62.1349983215332,60.66999816894531,60.974998474121094,19163800
2020-10-13,58.776371002197266,61.334999084472656,62.040000915527344,61.099998474121094,61.93000030517578,17613800
2020-10-14,58.46492004394531,61.0099983215332,61.810001373291016,60.55500030517578,61.48500061035156,14534000
2020-10-15,58.20139694213867,60.73500061035156,60.85499954223633,59.84000015258789,60.0,13185000
2020-10-16,58.03369140625,60.560001373291016,61.314998626708984,60.505001068115234,61.06999969482422,11544200
2020-10-19,56.96999740600586,59.45000076293945,61.095001220703125,59.26499938964844,60.8650016784668,16616400
2020-10-20,57.16644287109375,59.654998779296875,60.28499984741211,59.290000915527344,59.67499923706055,14566600
2020-10-21,57.0802001953125,59.564998626708984,60.1349983215332,59.43000030517578,59.5099983215332,12171800
2020-10-22,56.81188201904297,59.28499984741211,59.78499984741211,58.60499954223633,59.59000015258789,13486400
2020-10-23,56.74959182739258,59.220001220703125,59.380001068115234,58.724998474121094,59.369998931884766,10312800
2020-10-26,55.5181884765625,57.935001373291016,59.03499984741211,57.21500015258789,58.564998626708984,18189200
2020-10-27,55.79609680175781,58.224998474121094,58.470001220703125,57.89500045776367,58.21500015258789,19064800
2020-10-28,53.429141998291016,55.755001068115234,57.154998779296875,55.65999984741211,57.119998931884766,32756600
2020-10-29,54.32034683227539,56.685001373291016,57.34000015258789,55.935001373291016,55.970001220703125,19409000
2020-10-30,53.1176872253418,55.43000030517578,56.2400016784668,54.78499984741211,55.88999938964844,25848600
2020-11-02,53.25185775756836,55.56999969482422,56.310001373291016,55.040000915527344,55.85499954223633,24039800
2020-11-03,54.19096755981445,56.54999923706055,57.04999923706055,55.775001525878906,56.005001068115234,20970200
2020-11-04,56.299198150634766,58.75,59.189998626708984,57.685001373291016,58.27000045776367,30763800
2020-11-05,58.048065185546875,60.57500076293945,60.75,60.04499816894531,60.29499816894531,22189800
2020-11-06,58.25408935546875,60.790000915527344,60.98500061035156,59.60499954223633,60.43000030517578,19455200
2020-11-09,57.83244705200195,60.349998474121094,62.68000030517578,60.29499816894531,62.08000183105469,39768200
2020-11-10,56.75437927246094,59.224998474121094,60.244998931884766,58.744998931884766,59.82500076293945,23538400
2020-11-11,58.10076904296875,60.630001068115234,60.79499816894531,59.70500183105469,59.82500076293945,14488600
2020-11-12,57.583309173583984,60.09000015258789,60.93000030517578,59.810001373291016,60.630001068115234,14352800
2020-11-13,58.07202911376953,60.599998474121094,60.724998474121094,59.974998474121094,60.54499816894531,11851600
2020-11-16,58.632625579833984,61.185001373291016,61.29499816894531,60.47999954223633,60.60499954223633,14864200
2020-11-17,58.30679702758789,60.845001220703125,61.17499923706055,60.584999084472656,60.880001068115234,9939400
2020-11-18,57.68391799926758,60.19499969482422,61.029998779296875,60.16999816894531,60.7400016784668,9542800
2020-11-19,58.148685455322266,60.68000030517578,60.790000915527344,59.810001373291016,60.07500076293945,12155200
2020-11-20,57.54976272583008,60.05500030517578,60.75,60.03499984741211,60.73500061035156,9915800
2020-11-23,57.53539276123047,60.040000915527344,60.6349983215332,59.52000045776367,60.2400016784668,9807000
2020-11-24,58.33555603027344,60.875,60.994998931884766,59.834999084472656,60.27000045776367,13634000
2020-11-25,58.46013641357422,61.005001068115234,61.2599983215332,60.775001525878906,61.084999084472656,12186400
2020-11-27,58.77157974243164,61.33000183105469,61.59000015258789,61.21500015258789,61.33000183105469,7025800
2020-11-30,59.164466857910156,61.7400016784668,61.83000183105469,60.6150016784668,61.310001373291016,32229200
2020-12-01,59.9215087890625,62.529998779296875,62.875,61.9900016784668,62.25,22681200
2020-12-02,59.830474853515625,62.435001373291016,62.505001068115234,61.79499816894531,62.26499938964844,16038800
2020-12-03,59.792137145996094,62.39500045776367,62.814998626708984,62.22999954223633,62.505001068115234,13775400
2020-12-04,60.39107131958008,63.02000045776367,63.029998779296875,62.349998474121094,62.48500061035156,10358800
2020-12-07,60.563568115234375,63.20000076293945,63.3849983215332,62.94499969482422,63.05500030517578,8905400
2020-12-08,60.7599983215332,63.404998779296875,63.60499954223633,62.869998931884766,63.13999938964844,7886800
2020-12-09,59.595699310302734,62.189998626708984,63.55500030517578,61.974998474121094,63.3650016784668,17271800
2020-12-10,59.68193817138672,62.279998779296875,62.57500076293945,61.665000915527344,61.810001373291016,9997400
2020-12-11,59.5573616027832,62.150001525878906,62.150001525878906,61.45000076293945,61.904998779296875,13023200
2020-12-14,59.77297592163086,62.375,62.935001373291016,62.29999923706055,62.34000015258789,11055800
2020-12-15,60.76959991455078,63.415000915527344,63.415000915527344,62.64500045776367,63.04999923706055,9099200
2020-12-16,61.181663513183594,63.845001220703125,64.06999969482422,63.290000915527344,63.5,10309200
2020-12-17,61.66558837890625,64.3499984741211,64.48999786376953,64.04499816894531,64.30999755859375,11505000
2020-12-18,61.449981689453125,64.125,64.45500183105469,63.71500015258789,64.44499969482422,17693400
2020-12-21,61.511451721191406,64.04000091552734,64.06999969482422,62.599998474121094,63.165000915527344,15232200
2020-12-22,62.0445442199707,64.59500122070312,64.88500213623047,64.0999984741211,64.3949966430664,14334200
2020-12-23,61.57388687133789,64.1050033569336,64.71499633789062,64.01000213623047,64.66999816894531,11300800
2020-12-24,61.98210144042969,64.52999877929688,64.69000244140625,64.16999816894531,64.21499633789062,4384600
2020-12-28,62.68326950073242,65.26000213623047,65.38999938964844,64.86499786376953,65.16999816894531,8171000
2020-12-29,62.385520935058594,64.94999694824219,65.69999694824219,64.83499908447266,65.61499786376953,8841400
2020-12-30,62.35189437866211,64.91500091552734,65.30999755859375,64.81999969482422,65.17500305175781,8141400
2020-12-31,62.44314193725586,65.01000213623047,65.19499969482422,64.48500061035156,64.94499969482422,11058400
2021-01-04,61.42499542236328,63.95000076293945,65.3550033569336,63.119998931884766,65.33999633789062,21017200
2021-01-05,61.82361602783203,64.36499786376953,64.47000122070312,63.76499938964844,63.80500030517578,12361400
2021-01-06,60.757442474365234,63.255001068115234,64.48999786376953,63.060001373291016,63.44499969482422,27258000
2021-01-07,62.395111083984375,64.95999908447266,65.08499908447266,63.84000015258789,63.8650016784668,19652000
2021-01-08,62.79854202270508,65.37999725341797,65.55500030517578,64.63999938964844,65.27999877929688,12387600
2021-01-11,62.27986145019531,64.83999633789062,65.30000305175781,64.56999969482422,64.74500274658203,17853200
2021-01-12,61.98210144042969,64.52999877929688,64.84500122070312,63.915000915527344,64.76000213623047,17089200
2021-01-13,62.37591552734375,64.94000244140625,65.13999938964844,64.48999786376953,64.61499786376953,13605200
2021-01-14,61.82841873168945,64.37000274658203,65.23500061035156,64.2750015258789,65.0999984741211,15624800
2021-01-15,61.194480895996094,63.709999084472656,64.55999755859375,63.58000183105469,64.2750015258789,12641200
2021-01-19,61.9917106628418,64.54000091552734,64.6500015258789,63.92499923706055,64.1500015258789,11569600
2021-01-20,63.221168518066406,65.81999969482422,66.05000305175781,64.94499969482422,65.03500366210938,11770000
2021-01-21,64.03760528564453,66.66999816894531,66.88999938964844,65.81999969482422,66.17500305175781,8945200
2021-01-22,63.792667388916016,66.41500091552734,66.75,66.25499725341797,66.38999938964844,11243600
2021-01-25,64.32576751708984,66.97000122070312,67.3949966430664,65.3499984741211,67.16500091552734,18205200
2021-01-26,64.36898040771484,67.01499938964844,67.30999755859375,66.76000213623047,67.20500183105469,8593400
2021-01-27,63.153934478759766,65.75,66.91000366210938,65.15499877929688,66.69499969482422,24484600
2021-01-28,63.41326904296875,66.0199966430664,67.12000274658203,65.86000061035156,66.08499908447266,16181600
2021-01-29,61.91966247558594,64.46499633789062,65.94999694824219,64.11499786376953,65.69000244140625,19023200
2021-02-01,63.47089767456055,66.08000183105469,66.4000015258789,64.75,65.2300033569336,11232600
2021-02-02,64.33056640625,66.9749984741211,67.16999816894531,66.625,66.72000122070312,8595000
2021-02-03,64.10966491699219,66.74500274658203,67.25,66.54499816894531,67.11000061035156,11574800
2021-02-04,65.1325912475586,67.80999755859375,67.80999755859375,66.91000366210938,67.1050033569336,8134200
2021-02-05,64.9885025024414,67.66000366210938,68.0250015258789,67.46499633789062,68.01499938964844,9413800
2021-02-08,65.67047119140625,68.37000274658203,68.4000015258789,67.83999633789062,67.93499755859375,11713200
2021-02-09,65.59366607666016,68.29000091552734,68.61499786376953,68.16999816894531,68.19000244140625,10552200
2021-02-10,65.49759674072266,68.19000244140625,68.6500015258789,67.61000061035156,68.56500244140625,9464400
2021-02-11,66.21797943115234,68.94000244140625,68.98500061035156,68.38500213623047,68.6500015258789,7565800
2021-02-12,66.55895233154297,69.29499816894531,69.33999633789062,68.56999969482422,68.76000213623047,6755600
2021-02-16,66.34282684326172,69.06999969482422,69.62000274658203,68.88999938964844,69.56999969482422,9722200
2021-02-17,65.75692749023438,68.45999908447266,68.61000061035156,67.7699966430664,68.43499755859375,15274800
2021-02-18,65.43516540527344,68.125,68.23999786376953,67.26499938964844,67.75,10954800
2021-02-19,65.33909606933594,68.0250015258789,68.53500366210938,67.72000122070312,68.4749984741211,11685600
2021-02-22,63.898319244384766,66.5250015258789,67.41000366210938,66.48500061035156,67.19000244140625,14262600
2021-02-23,63.72063446044922,66.33999633789062,66.75,64.30500030517578,65.41999816894531,24198400
2021-02-24,64.69557189941406,67.3550033569336,67.41500091552734,65.33999633789062,65.84500122070312,16472200
2021-02-25,62.43354415893555,65.0,67.19999694824219,64.70999908447266,66.75499725341797,34313800
2021-02-26,62.764923095703125,65.34500122070312,66.3499984741211,64.76499938964844,65.6449966430664,35511600
2021-03-01,64.78681182861328,67.44999694824219,67.48999786376953,66.03500366210938,66.45500183105469,24773800
2021-03-02,63.759056091308594,66.37999725341797,67.58999633789062,66.28500366210938,67.54499816894531,24802800
2021-03-03,62.154991149902344,64.70999908447266,66.25,64.63999938964844,66.05999755859375,29889600
2021-03-04,60.781455993652344,63.279998779296875,64.9800033569336,62.47999954223633,64.51000213623047,76955600
2021-03-05,61.929264068603516,64.4749984741211,64.65499877929688,62.35499954223633,64.06999969482422,46085800
2021-03-08,60.430877685546875,62.915000915527344,64.7249984741211,62.849998474121094,64.41500091552734,35242400
2021-03-09,62.48636245727539,65.05500030517578,65.45500183105469,64.30000305175781,64.38500213623047,22987200
2021-03-10,62.23663330078125,64.79499816894531,65.76499938964844,64.74500274658203,65.75499725341797,18459000
2021-03-11,63.566959381103516,66.18000030517578,66.58999633789062,65.62999725341797,65.7699966430664,13362800
2021-03-12,63.1107292175293,65.70500183105469,65.7249984741211,64.97000122070312,65.38999938964844,12442200
2021-03-15,63.78307342529297,66.40499877929688,66.44499969482422,65.49500274658203,65.75499725341797,16585000
2021-03-16,64.26331329345703,66.90499877929688,67.54499816894531,66.62000274658203,66.91500091552734,13106800
2021-03-17,64.21049499511719,66.8499984741211,67.25,65.86000061035156,66.36499786376953,19366400
2021-03-18,62.42874526977539,64.99500274658203,66.05000305175781,64.91500091552734,65.93499755859375,17584800
2021-03-19,62.24143600463867,64.80000305175781,65.29499816894531,64.48999786376953,65.01000213623047,27224800
2021-03-22,63.465328216552734,65.93499755859375,66.25499725341797,64.90499877929688,65.01000213623047,15984200
2021-03-23,63.07067108154297,65.5250015258789,66.40499877929688,65.3499984741211,66.11499786376953,12929200
2021-03-24,62.305450439453125,64.7300033569336,65.93000030517578,64.72000122070312,65.91999816894531,14209400
2021-03-25,62.26696014404297,64.69000244140625,64.9800033569336,63.86000061035156,64.34500122070312,22573000
2021-03-26,63.850318908691406,66.33499908447266,66.40499877929688,64.62999725341797,64.65499877929688,14883200
2021-03-29,63.51824951171875,65.98999786376953,66.31999969482422,65.48999786376953,66.13500213623047,17317800
2021-03-30,62.91666030883789,65.36499786376953,65.59500122070312,64.97000122070312,65.5250015258789,13235400
2021-03-31,63.91771697998047,66.40499877929688,66.80999755859375,65.80999755859375,65.86499786376953,15430400
2021-04-01,65.20269012451172,67.73999786376953,67.74500274658203,67.06500244140625,67.12999725341797,14351600
2021-04-05,66.5502700805664,69.13999938964844,69.26000213623047,68.04499816894531,68.13500213623047,12866800
2021-04-06,66.26630401611328,68.84500122070312,69.25499725341797,68.61499786376953,69.02999877929688,11315600
2021-04-07,66.61763763427734,69.20999908447266,69.33499908447266,68.54000091552734,68.79000091552734,10085200
2021-04-08,67.5801773071289,70.20999908447266,70.2249984741211,69.73999786376953,69.86000061035156,14144600
2021-04-09,68.22991180419922,70.88500213623047,70.90499877929688,69.83000183105469,69.95500183105469,9401000
2021-04-12,67.90264129638672,70.54499816894531,70.7699966430664,70.19999694824219,70.59500122070312,15907000
2021-04-13,68.542724609375,71.20999908447266,71.26499938964844,70.68499755859375,70.81500244140625,11315800
2021-04-14,67.81600189208984,70.45500183105469,71.23500061035156,70.31999969482422,71.19999694824219,11216200
2021-04-15,68.98068237304688,71.66500091552734,71.72000122070312,71.08999633789062,71.0999984741211,11028800
2021-04-16,68.96624755859375,71.6500015258789,71.78500366210938,71.3499984741211,71.72000122070312,11695600
2021-04-19,68.39354705810547,71.05500030517578,71.66000366210938,70.62999725341797,71.33000183105469,10254000
2021-04-20,67.78714752197266,70.42500305175781,71.21499633789062,70.02999877929688,70.90499877929688,9873400
2021-04-21,68.47054290771484,71.13500213623047,71.16000366210938,70.1050033569336,70.30000305175781,9254200
2021-04-22,67.66681671142578,70.30000305175781,71.31500244140625,69.98999786376953,71.01000213623047,11652200
2021-04-23,68.67747497558594,71.3499984741211,71.57499694824219,70.41500091552734,70.43000030517578,8886000
2021-04-26,69.02880859375,71.71499633789062,71.79000091552734,71.32499694824219,71.375,7735000
2021-04-27,68.86036682128906,71.54000091552734,71.88500213623047,71.28500366210938,71.83000183105469,10822000
2021-04-28,68.22026062011719,70.875,71.22000122070312,70.70500183105469,71.125,10691200
2021-04-29,68.16253662109375,70.81500244140625,71.54499816894531,70.09500122070312,71.45500183105469,13416600
2021-04-30,67.23365020751953,69.8499984741211,70.4749984741211,69.68499755859375,70.09500122070312,10583400
2021-05-03,67.04596710205078,69.65499877929688,70.36499786376953,69.4800033569336,70.2249984741211,10805800
2021-05-04,65.84281921386719,68.40499877929688,69.15499877929688,67.6449966430664,69.13500213623047,19919600
2021-05-05,65.68396759033203,68.23999786376953,68.99500274658203,68.11000061035156,68.96499633789062,11245800
2021-05-06,66.34332275390625,68.92500305175781,68.96499633789062,67.72000122070312,68.20999908447266,14338600
2021-05-07,66.9112319946289,69.51499938964844,69.92500305175781,69.21499633789062,69.61499786376953,19196600
2021-05-10,65.22197723388672,67.76000213623047,69.21499633789062,67.73500061035156,69.18000030517578,20281000
2021-05-11,65.02462768554688,67.55500030517578,67.69499969482422,66.30500030517578,66.46499633789062,27046800
2021-05-12,63.19580078125,65.65499877929688,66.92500305175781,65.4800033569336,66.55999755859375,29414600
2021-05-13,64.03321075439453,66.5250015258789,67.125,66.08000183105469,66.375,22610400
2021-05-14,65.4433364868164,67.98999786376953,68.2249984741211,67.13999938964844,67.2699966430664,16823000
2021-05-17,64.9620590209961,67.48999786376953,67.61000061035156,66.875,67.58999633789062,16267200
2021-05-18,64.44229888916016,66.94999694824219,67.82499694824219,66.90499877929688,67.68499755859375,11737200
2021-05-19,64.66848754882812,67.18499755859375,67.23500061035156,65.75,65.91000366210938,30581200
2021-05-20,65.90536499023438,68.47000122070312,68.69999694824219,67.44499969482422,67.45500183105469,16828200
2021-05-21,65.54442596435547,68.09500122070312,68.88500213623047,68.03500366210938,68.81999969482422,14148400
2021-05-24,66.7090835571289,69.30500030517578,69.54499816894531,68.625,68.66000366210938,13229000
2021-05-25,66.72834777832031,69.32499694824219,69.74500274658203,69.16999816894531,69.58499908447266,11245800
2021-05-26,66.7235107421875,69.31999969482422,69.625,69.09500122070312,69.42500305175781,13311400
2021-05-27,66.3721923828125,68.95500183105469,69.54499816894531,68.94000244140625,69.26000213623047,11354600
2021-05-28,66.60801696777344,69.19999694824219,69.5999984741211,69.16500091552734,69.30500030517578,9222600
2021-06-01,66.28074645996094,68.86000061035156,69.58499908447266,68.73500061035156,69.51000213623047,12907400
2021-06-02,66.73794555664062,69.33499908447266,69.61499786376953,68.87000274658203,69.0,10098200
2021-06-03,66.11713409423828,68.69000244140625,69.05000305175781,68.2699966430664,68.7750015258789,12721200
2021-06-04,67.38770294189453,70.01000213623047,70.08999633789062,69.11000061035156,69.11000061035156,11182600
2021-06-07,67.37324523925781,69.99500274658203,70.07499694824219,69.65499877929688,69.94999694824219,11784000
2021-06-08,67.3780517578125,70.0,70.625,69.80500030517578,70.33000183105469,8902600
2021-06-09,67.42619323730469,70.05000305175781,70.45999908447266,70.01000213623047,70.33999633789062,9763400
2021-06-10,67.92189025878906,70.56500244140625,70.73999786376953,69.94499969482422,70.19499969482422,11275400
2021-06-11,68.326171875,70.98500061035156,70.98500061035156,70.58999633789062,70.65499877929688,12100600
2021-06-14,69.01921844482422,71.70500183105469,71.70999908447266,70.76499938964844,71.05500030517578,11426600
2021-06-15,68.59567260742188,71.26499938964844,71.6500015258789,71.13500213623047,71.6500015258789,15079600
2021-06-16,68.22508239746094,70.87999725341797,71.53500366210938,70.18499755859375,71.4000015258789,19202800
2021-06-17,69.0143814086914,71.69999694824219,71.99500274658203,70.67500305175781,70.67500305175781,15864200
2021-06-18,68.3839111328125,71.04499816894531,71.63500213623047,70.95999908447266,71.3550033569336,20816600
2021-06-21,69.11677551269531,71.67500305175781,71.71499633789062,70.48500061035156,70.94499969482422,12276000
2021-06-22,69.74358367919922,72.32499694824219,72.36499786376953,71.55000305175781,71.62999725341797,9253200
2021-06-23,69.66645050048828,72.24500274658203,72.5,72.08499908447266,72.33499908447266,8271000
2021-06-24,70.10518646240234,72.69999694824219,72.91999816894531,72.55500030517578,72.70999908447266,12279000
2021-06-25,70.02324676513672,72.61499786376953,72.81999969482422,72.49500274658203,72.76499938964844,14385800
2021-06-28,70.7561264038086,73.375,73.45999908447266,72.9000015258789,72.91500091552734,12557400
2021-06-29,71.27202606201172,73.91000366210938,73.94499969482422,73.24500274658203,73.41500091552734,9829200
2021-06-30,71.19486999511719,73.83000183105469,74.01000213623047,73.5999984741211,73.79499816894531,11013600
2021-07-01,71.31541442871094,73.95500183105469,73.95500183105469,73.45500183105469,73.7300033569336,11636600
2021-07-02,72.2555923461914,74.93000030517578,75.00499725341797,74.29000091552734,74.30999755859375,12780000
2021-07-06,72.53042602539062,75.21499633789062,75.56999969482422,74.49500274658203,75.08999633789062,11870600
2021-07-07,72.92579650878906,75.625,75.77999877929688,75.0199966430664,75.69499969482422,14883800
2021-07-08,72.23634338378906,74.91000366210938,75.12000274658203,74.0999984741211,74.43499755859375,17086200
2021-07-09,72.90170288085938,75.5999984741211,75.66999816894531,74.70999908447266,74.81999969482422,9775800
2021-07-12,72.95954132080078,75.66000366210938,75.93499755859375,75.41500091552734,75.9000015258789,9619600
2021-07-13,73.25847625732422,75.97000122070312,76.5199966430664,75.46499633789062,75.52999877929688,15202800
2021-07-14,73.79850006103516,76.52999877929688,76.91999816894531,76.19499969482422,76.58000183105469,12886800
2021-07-15,73.19098663330078,75.9000015258789,76.5,75.49500274658203,76.44000244140625,12506200
2021-07-16,72.46776580810547,75.1500015258789,76.41000366210938,75.07499694824219,76.05000305175781,15080400
2021-07-19,71.46968078613281,74.11499786376953,74.45999908447266,73.68499755859375,74.25499725341797,24254000
2021-07-20,72.53042602539062,75.21499633789062,75.62999725341797,74.05500030517578,74.48500061035156,14715600
2021-07-21,73.22956085205078,75.94000244140625,75.95500183105469,75.04499816894531,75.18499755859375,12234000
2021-07-22,73.76958465576172,76.5,76.55999755859375,76.0999984741211,76.0999984741211,9577800
2021-07-23,74.50244903564453,77.26000213623047,77.30000305175781,76.56500244140625,76.83999633789062,12576200
2021-07-26,74.46387481689453,77.22000122070312,77.36000061035156,76.7750015258789,77.06500244140625,8993400
2021-07-27,73.75992584228516,76.48999786376953,77.1500015258789,75.5250015258789,77.125,18089800
2021-07-28,73.6683120727539,76.3949966430664,76.80000305175781,75.66500091552734,76.51499938964844,13941200
2021-07-29,74.0106430053711,76.75,77.01000213623047,76.30500030517578,76.31500244140625,12030600
2021-07-30,73.9624252319336,76.69999694824219,76.77999877929688,76.23999786376953,76.26000213623047,10148800
2021-08-02,73.69725036621094,76.42500305175781,77.1500015258789,76.31999969482422,77.04499816894531,12205200
2021-08-03,74.16976928710938,76.91500091552734,76.95500183105469,75.94499969482422,76.56500244140625,10824800
2021-08-04,74.31920623779297,77.06999969482422,77.26000213623047,76.61000061035156,76.8550033569336,11322800
2021-08-05,74.72905731201172,77.49500274658203,77.5199966430664,76.9800033569336,77.20999908447266,6674600
2021-08-06,74.66636657714844,77.43000030517578,77.5199966430664,77.20500183105469,77.2249984741211,7602800
2021-08-09,74.42529296875,77.18000030517578,77.66000366210938,77.1050033569336,77.5199966430664,7198200
2021-08-10,73.8901138305664,76.625,77.38999938964844,76.40499877929688,77.31999969482422,10421400
2021-08-11,73.89974975585938,76.63500213623047,77.02999877929688,76.24500274658203,76.88999938964844,10831600
2021-08-12,74.32405090332031,77.07499694824219,77.12000274658203,76.23999786376953,76.55500030517578,6947800
2021-08-13,74.72905731201172,77.49500274658203,77.51499938964844,77.04000091552734,77.125,5630800
2021-08-16,75.06655883789062,77.84500122070312,77.8550033569336,76.65499877929688,77.30999755859375,9493800
2021-08-17,74.44457244873047,77.19999694824219,77.49500274658203,76.72000122070312,77.37000274658203,19052600
2021-08-18,73.41758728027344,76.13500213623047,77.36499786376953,76.05000305175781,77.0199966430664,13481200
2021-08-19,74.13601684570312,76.87999725341797,77.16500091552734,75.6050033569336,75.71499633789062,19291000
2021-08-20,75.0906753540039,77.87000274658203,77.94000244140625,76.98500061035156,77.16999816894531,14769400
2021-08-23,76.0597915649414,78.875,78.98500061035156,78.06999969482422,78.07499694824219,10802400
2021-08-24,75.9730224609375,78.78500366210938,79.06500244140625,78.71499633789062,78.9749984741211,9537000
2021-08-25,75.92961120605469,78.73999786376953,79.18000030517578,78.61000061035156,78.97000122070312,9430400
2021-08-26,75.45227813720703,78.24500274658203,78.80500030517578,78.18000030517578,78.6449966430664,12056600
2021-08-27,76.18034362792969,79.0,79.05500030517578,78.18000030517578,78.31500244140625,14088800
2021-08-30,77.00000762939453,79.8499984741211,79.94499969482422,79.23500061035156,79.23500061035156,10026800
2021-08-31,76.59500122070312,79.43000030517578,79.92500305175781,79.27999877929688,79.9000015258789,21971000
2021-09-01,76.61426544189453,79.44999694824219,80.06500244140625,79.38500213623047,79.70500183105469,20289800
2021-09-02,76.53231048583984,79.36499786376953,79.8499984741211,79.04499816894531,79.74500274658203,21769600
2021-09-03,76.83606719970703,79.68000030517578,79.88999938964844,79.24500274658203,79.2699966430664,21204800
2021-09-07,76.85536193847656,79.69999694824219,79.87000274658203,79.32499694824219,79.7750015258789,19721800
2021-09-08,76.56124114990234,79.3949966430664,79.71499633789062,78.83000183105469,79.69000244140625,11466400
2021-09-09,76.2719497680664,79.09500122070312,79.7249984741211,79.02999877929688,79.44999694824219,11161000
2021-09-10,75.51978302001953,78.31500244140625,79.7300033569336,78.23500061035156,79.53500366210938,17080200
2021-09-13,75.54389190673828,78.33999633789062,79.11499786376953,77.82499694824219,78.91000366210938,22637800
2021-09-14,75.44744873046875,78.23999786376953,78.83499908447266,78.02999877929688,78.67500305175781,18431600
2021-09-15,76.10802459716797,78.92500305175781,78.98999786376953,78.06500244140625,78.50499725341797,16339200
2021-09-16,76.15140533447266,78.97000122070312,79.05000305175781,78.16000366210938,78.6449966430664,16148600
2021-09-17,74.96530151367188,77.73999786376953,78.7699966430664,77.625,78.76499938964844,22663000
2021-09-20,73.599853515625,76.19000244140625,76.8550033569336,75.17500305175781,76.46499633789062,35669400
2021-09-21,73.62885284423828,76.22000122070312,76.84500122070312,75.92500305175781,76.65499877929688,18455000
2021-09-22,74.63831329345703,77.26499938964844,77.56500244140625,76.29499816894531,76.63500213623047,27990600
2021-09-23,75.63815307617188,78.30000305175781,78.48500061035156,77.42500305175781,77.66500091552734,19534000
2021-09-24,75.6912612915039,78.3550033569336,78.48500061035156,77.79000091552734,77.82499694824219,11652400
2021-09-27,74.95709991455078,77.59500122070312,77.875,77.0999984741211,77.69499969482422,15015000
2021-09-28,72.73530578613281,75.29499816894531,76.7750015258789,75.23500061035156,76.5999984741211,38190600
2021-09-29,72.64352416992188,75.19999694824219,76.0,75.06999969482422,75.6050033569336,25012000
2021-09-30,72.12188720703125,74.66000366210938,75.96499633789062,74.62000274658203,75.63999938964844,33415600
2021-10-01,73.2086410522461,75.78500366210938,75.94999694824219,74.16999816894531,74.93000030517578,45483800
2021-10-04,71.51329803466797,74.02999877929688,75.44000244140625,73.44000244140625,75.3499984741211,50773000
2021-10-05,72.53244018554688,75.08499908447266,75.51499938964844,74.11000061035156,74.18000030517578,32967000
2021-10-06,73.0057601928711,75.57499694824219,75.62999725341797,73.9749984741211,74.22000122070312,40004800
2021-10-07,73.67232513427734,76.26499938964844,76.8550033569336,76.125,76.2300033569336,19895600
2021-10-08,73.39701843261719,75.9800033569336,76.61499786376953,75.8550033569336,76.55999755859375,18426400
2021-10-11,72.99127960205078,75.55999755859375,76.57499694824219,75.50499725341797,75.63999938964844,14970600
2021-10-12,72.61454772949219,75.16999816894531,75.94999694824219,75.04499816894531,75.8550033569336,17853400
2021-10-13,73.05891418457031,75.62999725341797,75.79499816894531,75.00499725341797,75.49500274658203,19521600
2021-10-14,74.70594024658203,77.33499908447266,77.37000274658203,76.29000091552734,76.4000015258789,15197200
2021-10-15,75.30486297607422,77.95500183105469,77.97000122070312,77.37000274658203,77.6050033569336,12779200
2021-10-18,75.94242095947266,78.61499786376953,78.65499877929688,77.30500030517578,77.5199966430664,11630200
2021-10-19,76.69587707519531,79.3949966430664,79.3949966430664,78.66500091552734,78.82499694824219,13201400
2021-10-20,76.48339080810547,79.17500305175781,79.58499908447266,78.83000183105469,79.47000122070312,12025400
2021-10-21,76.77803039550781,79.4800033569336,79.5199966430664,78.7699966430664,78.93499755859375,10023200
2021-10-22,76.51237487792969,79.20500183105469,79.77999877929688,78.875,79.44999694824219,12490000
2021-10-25,76.76353454589844,79.46499633789062,79.75,79.15499877929688,79.50499725341797,10336800
2021-10-26,76.98088836669922,79.69000244140625,80.33499908447266,79.6500015258789,80.0,13189600
2021-10-27,76.91324615478516,79.62000274658203,80.2300033569336,79.54000091552734,79.82499694824219,17448000
2021-10-28,77.68606567382812,80.41999816894531,80.4800033569336,79.95500183105469,80.1050033569336,12756800
2021-10-29,78.01931762695312,80.76499938964844,80.81500244140625,79.53500366210938,79.62999725341797,20131800
2021-11-01,77.90339660644531,80.6449966430664,80.80500030517578,80.23500061035156,80.76499938964844,24421200
2021-11-02,78.58927154541016,81.3550033569336,81.55500030517578,80.75499725341797,80.75499725341797,26814600
2021-11-03,79.04814147949219,81.83000183105469,82.0,81.0199966430664,81.49500274658203,25978600
2021-11-04,80.28462219238281,83.11000061035156,83.30999755859375,81.99500274658203,82.13999938964844,28691400
2021-11-05,80.69999694824219,83.54000091552734,84.01000213623047,83.0199966430664,83.72000122070312,24223600
2021-11-08,81.13470458984375,83.98999786376953,84.13500213623047,83.61499786376953,83.80999755859375,12781000
2021-11-09,80.80142974853516,83.6449966430664,84.20500183105469,83.22000122070312,84.11499786376953,16823000
2021-11-10,79.46833801269531,82.26499938964844,83.41500091552734,82.01499938964844,83.0,25788800
2021-11-11,79.84024810791016,82.6500015258789,82.88999938964844,82.51499938964844,82.8550033569336,10103800
2021-11-12,80.81106567382812,83.65499877929688,83.79499816894531,82.78500366210938,82.92500305175781,12244200
2021-11-15,80.72896575927734,83.56999969482422,84.11000061035156,83.09500122070312,83.98999786376953,12490200
2021-11-16,81.57905578613281,84.44999694824219,84.56500244140625,83.41999816894531,83.47000122070312,13538800
2021-11-17,81.33272552490234,84.19499969482422,84.7249984741211,83.93000030517578,84.28500366210938,15417800
2021-11-18,82.14415740966797,85.03500366210938,85.15499877929688,84.06999969482422,84.68000030517578,19964000
2021-11-19,82.74310302734375,85.65499877929688,85.9800033569336,85.05500030517578,85.33999633789062,17714600
2021-11-22,81.82054901123047,84.69999694824219,87.125,84.6500015258789,85.98999786376953,28451600
2021-11-23,81.6321792602539,84.50499725341797,84.7750015258789,83.43499755859375,84.375,29239800
2021-11-24,82.22628784179688,85.12000274658203,85.13999938964844,83.58999633789062,84.0,18241000
2021-11-26,80.17353057861328,82.99500274658203,84.55500030517578,82.66500091552734,83.90499877929688,24767800
2021-11-29,82.177978515625,85.06999969482422,85.30000305175781,83.96499633789062,84.2300033569336,24979800
2021-11-30,81.49211883544922,84.36000061035156,85.5250015258789,83.63999938964844,84.75,54066800
2021-12-01,80.37638854980469,83.20500183105469,85.8949966430664,83.12999725341797,85.25,39084200
2021-12-02,81.11537170410156,83.97000122070312,84.3550033569336,82.25499725341797,82.43499755859375,46872400
2021-12-03,79.75814819335938,82.56500244140625,84.47000122070312,81.5250015258789,84.20999908447266,48470000
2021-12-06,80.5164566040039,83.3499984741211,83.5999984741211,81.94499969482422,82.80500030517578,37800400
2021-12-07,83.3275375366211,86.26000213623047,86.36499786376953,85.0,85.01000213623047,28691000
2021-12-08,83.70909881591797,86.65499877929688,86.71499633789062,85.69499969482422,86.29000091552734,23261600
2021-12-09,82.80587005615234,85.72000122070312,87.00499725341797,85.6500015258789,86.44000244140625,17201000
2021-12-10,84.46741485595703,87.44000244140625,87.55000305175781,86.36499786376953,86.62000274658203,24776600
2021-12-13,83.21160888671875,86.13999938964844,87.79000091552734,86.01499938964844,87.62000274658203,20974000
2021-12-14,81.8447036743164,84.7249984741211,85.6449966430664,83.70500183105469,85.0999984741211,27094800
2021-12-15,84.01338195800781,86.97000122070312,87.05500030517578,83.98999786376953,84.79499816894531,28270800
2021-12-16,81.6321792602539,84.50499725341797,87.43499755859375,84.00499725341797,87.29499816894531,31275600
2021-12-17,81.08638763427734,83.94000244140625,84.76000213623047,83.13999938964844,83.57499694824219,44821600
2021-12-20,80.1219482421875,82.78500366210938,83.04499816894531,82.18000030517578,82.5,32649600
2021-12-21,82.1495590209961,84.87999725341797,84.94999694824219,82.8949966430664,83.66999816894531,16810800
2021-12-22,83.22386169433594,85.98999786376953,86.05000305175781,84.54000091552734,84.76499938964844,13376200
2021-12-23,83.68842315673828,86.47000122070312,86.81500244140625,86.09500122070312,86.1050033569336,9792600
2021-12-27,85.48373413085938,88.32499694824219,88.34500122070312,86.79499816894531,86.81500244140625,13266600
2021-12-28,85.03852081298828,87.86499786376953,88.5199966430664,87.6449966430664,88.48999786376953,11422200
2021-12-29,85.11112213134766,87.94000244140625,88.29499816894531,87.48500061035156,87.8949966430664,9687800
2021-12-30,84.54978942871094,87.36000061035156,88.2699966430664,87.25499725341797,87.9749984741211,10526400
2021-12-31,84.13846588134766,86.93499755859375,87.48500061035156,86.8949966430664,87.2750015258789,10243000
2022-01-03,84.93692779541016,87.76000213623047,87.83999633789062,86.66999816894531,87.05000305175781,20302800
2022-01-04,84.03683471679688,86.83000183105469,88.0,86.17500305175781,87.91000366210938,16648000
2022-01-05,81.4527359008789,84.16000366210938,86.38999938964844,84.12999725341797,86.32499694824219,23628400
2022-01-06,81.04138946533203,83.73500061035156,84.5999984741211,83.23500061035156,83.48999786376953,23767200
2022-01-07,80.2961654663086,82.96499633789062,84.08000183105469,82.41999816894531,83.68000030517578,30488600
2022-01-10,80.31068420410156,82.9800033569336,83.08499908447266,80.6449966430664,81.7300033569336,32501400
2022-01-11,81.2736587524414,83.9749984741211,84.09500122070312,82.1500015258789,82.76499938964844,19207600
2022-01-12,81.65596008300781,84.37000274658203,85.18000030517578,83.94999694824219,84.5999984741211,18144000
2022-01-13,79.541259765625,82.18499755859375,85.05000305175781,81.9749984741211,84.80500030517578,20942600
2022-01-14,80.21388244628906,82.87999725341797,82.93000030517578,81.625,81.625,22351400
2022-01-18,78.28791809082031,80.88999938964844,82.16000366210938,80.66500091552734,81.67500305175781,24694200
2022-01-19,77.19428253173828,79.76000213623047,82.1449966430664,79.68000030517578,81.1449966430664,24961400
2022-01-20,76.19739532470703,78.7300033569336,81.375,78.625,80.47000122070312,37609000
2022-01-21,74.6827392578125,77.16500091552734,79.44499969482422,77.1449966430664,78.54000091552734,48016600
2022-01-24,75.06987762451172,77.56500244140625,77.62000274658203,73.12000274658203,75.87999725341797,67413400
2022-01-25,73.33261108398438,75.7699966430664,77.20999908447266,74.9000015258789,76.04499816894531,48886200
2022-01-26,73.76329803466797,76.21499633789062,78.73999786376953,75.30999755859375,77.83000183105469,53596200
2022-01-27,73.25519561767578,75.69000244140625,77.86000061035156,75.41500091552734,77.44999694824219,39446800
2022-01-28,76.45870971679688,79.0,79.0199966430664,75.48999786376953,76.62999725341797,44236000
2022-01-31,78.37985229492188,80.98500061035156,81.08999633789062,78.63500213623047,79.0199966430664,29121000
2022-02-01,78.58309936523438,81.19499969482422,81.33000183105469,80.0199966430664,81.09500122070312,23389800
2022-02-02,79.22187805175781,81.8550033569336,81.98999786376953,80.81999969482422,81.37000274658203,25504800
2022-02-03,76.92327880859375,79.4800033569336,81.24500274658203,79.18499755859375,80.69499969482422,27865400
2022-02-04,77.23298645019531,79.80000305175781,80.5,78.72000122070312,79.05500030517578,29721400
2022-02-07,76.72002410888672,79.2699966430664,80.33499908447266,78.96499633789062,79.86000061035156,14622600
2022-02-08,77.66850280761719,80.25,80.46499633789062,78.83499908447266,79.0199966430664,21139800
2022-02-09,79.39122772216797,82.02999877929688,82.05500030517578,80.94999694824219,81.28500366210938,17795600
2022-02-10,77.31523895263672,79.88500213623047,81.76499938964844,79.46499633789062,80.4000015258789,31692200
2022-02-11,74.95372009277344,77.44499969482422,80.31500244140625,77.1500015258789,79.96499633789062,34878800
2022-02-14,74.92952728271484,77.41999816894531,78.04499816894531,76.5199966430664,77.23999786376953,41030400
2022-02-15,76.8990707397461,79.45500183105469,79.51000213623047,78.30999755859375,78.58499908447266,24437400
2022-02-16,76.82164764404297,79.375,79.6500015258789,78.05500030517578,78.91500091552734,20318200
2022-02-17,74.52304077148438,77.0,78.71499633789062,76.8550033569336,78.63500213623047,24906400
2022-02-18,73.76813507080078,76.22000122070312,77.375,75.63500213623047,77.26499938964844,25310800
2022-02-22,73.0858154296875,75.51499938964844,76.7249984741211,74.69000244140625,75.41999816894531,26893600
2022-02-23,71.2566146850586,73.625,76.50499725341797,73.54499816894531,76.30000305175781,37879400
2022-02-24,73.69071960449219,76.13999938964844,76.19499969482422,70.86000061035156,71.09500122070312,50967800
2022-02-25,74.69243621826172,77.17500305175781,77.19999694824219,75.31999969482422,76.25499725341797,28301600
2022-02-28,74.55692291259766,77.03500366210938,77.36000061035156,75.71499633789062,76.3550033569336,34822200
2022-03-01,73.06646728515625,75.49500274658203,77.13999938964844,74.90499877929688,76.74500274658203,29925000
2022-03-02,74.64884948730469,77.12999725341797,77.44999694824219,75.45999908447266,76.05000305175781,25592400
2022-03-03,73.7584457397461,76.20999908447266,77.78500366210938,75.81999969482422,77.77999877929688,23450600
2022-03-04,72.46640014648438,74.875,75.93000030517578,74.27999877929688,75.61499786376953,26731200
2022-03-07,69.81456756591797,72.13500213623047,75.15499877929688,72.09500122070312,74.80999755859375,32864200
2022-03-08,69.47581481933594,71.78500366210938,74.01499938964844,70.7249984741211,71.94000244140625,36898400
2022-03-09,72.22444152832031,74.625,74.96499633789062,73.1449966430664,73.73500061035156,35327400
2022-03-10,70.96143341064453,73.31999969482422,73.5250015258789,72.20999908447266,73.30500030517578,27448400
2022-03-11,69.71290588378906,72.02999877929688,74.15499877929688,71.91999816894531,73.97000122070312,21457800
2022-03-14,68.42086791992188,70.69499969482422,72.51499938964844,70.48999786376953,71.69999694824219,27852400
2022-03-15,70.71946716308594,73.06999969482422,73.21499633789062,71.0199966430664,71.25499725341797,22993800
2022-03-16,73.01806640625,75.44499969482422,75.4749984741211,72.81999969482422,73.99500274658203,27176000
2022-03-17,73.5358657836914,75.9800033569336,76.02999877929688,74.63500213623047,75.04000091552734,18518800
2022-03-18,75.04084777832031,77.53500366210938,77.67500305175781,75.33999633789062,75.70999908447266,27897800
2022-03-21,74.89830780029297,77.24500274658203,77.65499877929688,76.2300033569336,76.9749984741211,22341400
2022-03-22,75.97459411621094,78.3550033569336,78.76000213623047,77.19499969482422,77.30000305175781,17485800
2022-03-23,74.8061752319336,77.1500015258789,78.33999633789062,77.07499694824219,77.625,12360600
2022-03-24,76.75028991699219,79.15499877929688,79.17500305175781,77.31999969482422,77.58000183105469,14263400
2022-03-25,76.7066421508789,79.11000061035156,79.38999938964844,78.12000274658203,79.27999877929688,14874600
2022-03-28,77.61809539794922,80.05000305175781,80.08499908447266,78.54499816894531,78.74500274658203,18593000
2022-03-29,79.26644134521484,81.75,81.82499694824219,80.40499877929688,80.98500061035156,18829800
2022-03-30,78.20954895019531,80.66000366210938,81.55999755859375,80.23500061035156,81.33000183105469,18680200
2022-03-31,77.05085754394531,79.46499633789062,80.80000305175781,79.34500122070312,80.6500015258789,19424000
2022-04-01,76.82300567626953,79.2300033569336,79.7300033569336,78.34500122070312,79.54499816894531,28209600
2022-04-04,78.28227996826172,80.73500061035156,80.7750015258789,79.40499877929688,79.43499755859375,23048200
2022-04-05,76.63394165039062,79.03500366210938,80.56999969482422,78.76000213623047,80.38500213623047,23588200
2022-04-06,74.82073974609375,77.16500091552734,77.9000015258789,76.4800033569336,77.72000122070312,34225400
2022-04-07,74.93710327148438,77.28500366210938,77.80500030517578,76.2300033569336,76.75499725341797,23200200
2022-04-08,73.88990020751953,76.20500183105469,77.12000274658203,76.04000091552734,76.94000244140625,26354600
2022-04-11,72.02823638916016,74.28500366210938,75.34500122070312,74.18499755859375,75.25,21595400
2022-04-12,71.708251953125,73.95500183105469,75.7750015258789,73.67500305175781,75.20500183105469,22172200
2022-04-13,72.86211395263672,75.1449966430664,75.375,73.7249984741211,74.0,14446800
2022-04-14,71.0925521850586,73.31999969482422,75.36000061035156,73.28500366210938,75.2249984741211,17407000
2022-04-18,71.32524871826172,73.55999755859375,74.03500366210938,72.94000244140625,72.95999908447266,14060600
2022-04-19,72.663330078125,74.94000244140625,75.06999969482422,73.1050033569336,73.375,13562200
2022-04-20,72.595458984375,74.87000274658203,75.86499786376953,74.6500015258789,75.66500091552734,15652600
2022-04-21,71.36402893066406,73.5999984741211,76.30999755859375,73.375,75.5999984741211,18509200
2022-04-22,69.36663818359375,71.54000091552734,73.94999694824219,71.44000244140625,73.5199966430664,22094800
2022-04-25,70.4089584350586,72.61499786376953,72.66500091552734,70.77999877929688,71.2249984741211,28707600
2022-04-26,67.78614044189453,69.91000366210938,72.06500244140625,69.875,71.95500183105469,25953200
2022-04-27,68.78970336914062,70.94499969482422,72.30999755859375,70.53500366210938,70.69000244140625,40048600
2022-04-28,71.54341888427734,73.78500366210938,74.20500183105469,71.67500305175781,72.05999755859375,27762400
2022-04-29,68.56183624267578,70.70999908447266,73.83000183105469,70.57499694824219,72.9800033569336,29589800
2022-05-02,69.60419464111328,71.78500366210938,71.87999725341797,69.83000183105469,70.62999725341797,37004400
2022-05-03,69.72540283203125,71.91000366210938,72.3499984741211,71.24500274658203,71.7750015258789,27469800
2022-05-04,72.17366027832031,74.43499755859375,74.56999969482422,70.99500274658203,72.19000244140625,28650400
2022-05-05,68.70243072509766,70.8550033569336,73.43000030517578,70.01000213623047,73.33999633789062,36442200
2022-05-06,68.14976501464844,70.28500366210938,71.41000366210938,69.2300033569336,70.20999908447266,34862200
2022-05-09,65.51239776611328,67.56500244140625,69.45999908447266,67.25499725341797,69.01499938964844,41124600
2022-05-10,66.5110855102539,68.59500122070312,69.56500244140625,67.57499694824219,69.17500305175781,36370400
2022-05-11,64.411865234375,66.43000030517578,69.26499938964844,66.2249984741211,67.9749984741211,34781800
2022-05-12,63.7476921081543,65.74500274658203,66.69999694824219,64.21499633789062,65.44499969482422,36506600
2022-05-13,65.86627960205078,67.93000030517578,68.26499938964844,66.20999908447266,66.63999938964844,24495400
2022-05-16,65.28451538085938,67.33000183105469,68.23500061035156,66.75499725341797,67.36499786376953,17423400
2022-05-17,67.17529296875,69.27999877929688,69.38500213623047,68.0,68.77999877929688,18602200
2022-05-18,64.10157775878906,66.11000061035156,68.56500244140625,65.86000061035156,68.36499786376953,23670200
2022-05-19,63.39860534667969,65.38500213623047,66.51000213623047,65.07499694824219,65.61499786376953,20874800
2022-05-20,63.539207458496094,65.52999877929688,66.4749984741211,63.52000045776367,66.29499816894531,20252600
2022-05-23,64.99848937988281,67.03500366210938,67.12000274658203,65.52999877929688,65.73500061035156,17219600
2022-05-24,64.03372192382812,66.04000091552734,66.43499755859375,64.88500213623047,66.0999984741211,17122000
2022-05-25,64.78031158447266,66.80999755859375,67.30500030517578,65.55500030517578,65.6050033569336,13656600
2022-05-26,66.33657836914062,68.41500091552734,68.70999908447266,66.27999877929688,66.41999816894531,15556600
2022-05-27,68.58123016357422,70.7300033569336,70.74500274658203,69.05000305175781,69.18000030517578,16281800
2022-05-31,68.09156799316406,70.2249984741211,70.91500091552734,69.54000091552734,70.45500183105469,19420800
2022-06-01,67.88792419433594,70.01499938964844,71.45999908447266,69.49500274658203,70.9800033569336,13304800
2022-06-02,69.53145599365234,71.70999908447266,71.71499633789062,69.19499969482422,69.5199966430664,13868400
2022-06-03,67.86856842041016,69.99500274658203,70.83499908447266,69.66999816894531,70.3499984741211,11263800
2022-06-06,67.87339782714844,70.0,71.31500244140625,69.65499877929688,70.875,12589600
2022-06-07,68.68305206298828,70.83499908447266,70.97000122070312,69.11499786376953,69.25499725341797,11016600
2022-06-08,67.90735626220703,70.03500366210938,70.96499633789062,69.83999633789062,70.625,8814200
2022-06-09,66.09415435791016,68.16500091552734,70.20500183105469,68.1500015258789,69.5250015258789,9765200
2022-06-10,63.553741455078125,65.54499816894531,67.19999694824219,65.5250015258789,66.98999786376953,20886400
2022-06-13,60.737003326416016,62.63999938964844,64.08499908447266,62.40999984741211,63.47999954223633,36332600
2022-06-14,61.12000274658203,63.03499984741211,63.45500183105469,62.45000076293945,63.11000061035156,18250400
2022-06-15,62.40958786010742,64.36499786376953,65.31500244140625,62.95500183105469,63.81999969482422,25069600
2022-06-16,59.869197845458984,61.744998931884766,62.78499984741211,61.23500061035156,62.72999954223633,32690800
2022-06-17,60.41703796386719,62.310001373291016,62.900001525878906,61.29999923706055,61.73500061035156,27684200
2022-06-21,61.9544792175293,63.72999954223633,64.18000030517578,63.05500030517578,63.05500030517578,17245000
2022-06-22,61.691986083984375,63.459999084472656,64.33999633789062,62.86000061035156,63.03499984741211,15163400
2022-06-23,62.61552810668945,64.41000366210938,64.53500366210938,63.41999816894531,64.00499725341797,16042200
2022-06-24,64.86602020263672,66.7249984741211,66.73999786376953,65.1500015258789,65.1500015258789,25492200
2022-06-27,64.42857360839844,66.2750015258789,67.13999938964844,65.9749984741211,66.94000244140625,13917200
2022-06-28,62.498863220214844,64.29000091552734,66.99500274658203,64.26000213623047,66.33499908447266,15260800
2022-06-29,62.625247955322266,64.41999816894531,64.80500030517578,63.689998626708984,64.20999908447266,13607200
2022-06-30,61.789207458496094,63.560001373291016,64.36000061035156,62.55500030517578,63.564998626708984,15720400
2022-07-01,61.9301643371582,63.70500183105469,63.8650016784668,62.6150016784668,63.15999984741211,13930600
2022-07-05,62.70786666870117,64.50499725341797,64.5199966430664,62.47999954223633,62.84000015258789,14341000
2022-07-06,63.247406005859375,65.05999755859375,65.58000183105469,64.32499694824219,64.6449966430664,16167000
2022-07-07,64.55493927001953,66.40499877929688,66.55500030517578,65.34500122070312,65.34500122070312,13082200
2022-07-08,64.58409118652344,66.43499755859375,66.6500015258789,65.48999786376953,65.69499969482422,12627000
2022-07-11,63.69459915161133,65.5199966430664,66.13999938964844,65.06999969482422,65.8550033569336,11416600
2022-07-12,62.82452392578125,64.625,66.12999725341797,64.24500274658203,65.76000213623047,16553400
2022-07-13,62.659271240234375,64.45500183105469,64.87000274658203,63.130001068115234,63.40999984741211,15162600
2022-07-14,63.232818603515625,65.04499816894531,65.2750015258789,63.1150016784668,63.939998626708984,13728800
2022-07-15,64.3459243774414,66.19000244140625,66.22000122070312,65.3949966430664,65.66999816894531,13529200
2022-07-18,63.72376251220703,65.55000305175781,67.08000183105469,65.30000305175781,66.83999633789062,9897600
2022-07-19,65.66804504394531,67.55000305175781,67.62000274658203,65.87999725341797,66.27999877929688,12330600
2022-07-20,66.69364166259766,68.6050033569336,68.88999938964844,67.37999725341797,67.55999755859375,12537200
2022-07-21,67.63176727294922,69.56999969482422,69.58499908447266,67.9749984741211,68.69000244140625,12957600
2022-07-22,66.69849395751953,68.61000061035156,69.82499694824219,68.21499633789062,69.54000091552734,10583600
2022-07-25,66.275634765625,68.17500305175781,68.65499877929688,67.66000366210938,68.58000183105469,13951200
2022-07-26,65.201416015625,67.06999969482422,68.13999938964844,66.81999969482422,68.12000274658203,10167800
2022-07-27,68.00603485107422,69.95500183105469,70.31999969482422,68.07499694824219,68.17500305175781,17076200
2022-07-28,69.0413589477539,71.0199966430664,71.18000030517578,69.41000366210938,70.03500366210938,12408000
2022-07-29,70.10099792480469,72.11000061035156,72.33499908447266,70.94000244140625,71.23999786376953,10177400
2022-08-01,69.95032501220703,71.95500183105469,72.67500305175781,71.28500366210938,71.45999908447266,12515800
2022-08-02,69.45452880859375,71.44499969482422,72.2699966430664,70.83000183105469,71.33499908447266,15921800
2022-08-03,71.30158996582031,73.34500122070312,73.55000305175781,71.77999877929688,71.79499816894531,14243200
2022-08-04,71.62725067138672,73.68000030517578,73.71499633789062,72.8499984741211,73.31999969482422,11679800
2022-08-05,71.46200561523438,73.51000213623047,73.71499633789062,72.44000244140625,72.5,7921000
2022-08-08,70.85442352294922,72.88500213623047,74.01499938964844,72.48999786376953,73.44499969482422,11102200
2022-08-09,70.14472961425781,72.15499877929688,72.44000244140625,71.76499938964844,72.29499816894531,8565600
2022-08-10,72.05986022949219,74.125,74.18499755859375,73.27999877929688,73.87000274658203,19273200
2022-08-11,71.7779312133789,73.83499908447266,75.0250015258789,73.69999694824219,74.58999633789062,11025800
2022-08-12,73.20697784423828,75.30500030517578,75.30999755859375,74.08999633789062,74.31999969482422,8093600
2022-08-15,73.66873931884766,75.77999877929688,75.88999938964844,74.91999816894531,75.00499725341797,7162600
2022-08-16,73.46946716308594,75.57499694824219,75.93000030517578,74.87000274658203,75.43499755859375,10990600
2022-08-17,72.94451904296875,75.03500366210938,75.61000061035156,74.49500274658203,74.88500213623047,12632800
2022-08-18,73.32364654541016,75.42500305175781,75.7249984741211,74.81999969482422,75.11000061035156,9976800
2022-08-19,71.99181365966797,74.05500030517578,74.8949966430664,73.88999938964844,74.80500030517578,10146200
2022-08-22,69.98433685302734,71.98999786376953,73.06999969482422,71.80999755859375,73.04499816894531,10744200
2022-08-23,69.79962921142578,71.80000305175781,72.55999755859375,71.70500183105469,71.8499984741211,14777200
2022-08-24,69.84337615966797,71.84500122070312,72.1500015258789,71.44999694824219,71.75,8983200
2022-08-25,71.0245361328125,73.05999755859375,73.06500244140625,71.93499755859375,72.02999877929688,7126600
2022-08-26,67.99146270751953,69.94000244140625,73.20500183105469,69.88999938964844,73.02999877929688,14321800
2022-08-29,67.09221649169922,69.01499938964844,69.69000244140625,68.75,69.18499755859375,13231600
2022-08-30,66.39227294921875,68.29499816894531,69.5250015258789,67.67500305175781,69.40499877929688,13268800
2022-08-31,65.74581909179688,67.62999725341797,68.92500305175781,67.59500122070312,68.70500183105469,14171400
2022-09-01,65.42500305175781,67.30000305175781,67.38500213623047,65.88999938964844,66.97000122070312,15988600
2022-09-02,64.57438659667969,66.42500305175781,68.37999725341797,66.07499694824219,67.99500274658203,16606600
2022-09-06,64.14664459228516,65.98500061035156,66.80000305175781,65.55000305175781,66.51499938964844,14990000
2022-09-07,65.17225646972656,67.04000091552734,67.30999755859375,65.88999938964844,66.11499786376953,11657000
2022-09-08,65.39583587646484,67.2699966430664,67.62000274658203,66.24500274658203,66.54499816894531,11210600
2022-09-09,66.68877410888672,68.5999984741211,68.78500366210938,67.69999694824219,67.83000183105469,11418600
2022-09-12,67.75813293457031,69.69999694824219,69.7300033569336,69.01499938964844,69.0250015258789,10181000
2022-09-13,64.1612319946289,66.0,68.08999633789062,65.81999969482422,67.70999908447266,20148800
2022-09-14,64.39451599121094,66.23999786376953,66.7249984741211,65.6050033569336,66.30999755859375,13229200
2022-09-15,62.912025451660156,64.71499633789062,66.11000061035156,64.32499694824219,65.70999908447266,14885200
2022-09-16,62.56206512451172,64.3550033569336,64.48999786376953,63.439998626708984,64.1500015258789,20762200
2022-09-19,63.072235107421875,64.72000122070312,64.77999877929688,63.51499938964844,63.55500030517578,15683000
2022-09-20,62.701900482177734,64.33999633789062,64.74500274658203,63.779998779296875,64.11499786376953,12109400
2022-09-21,61.72248840332031,63.334999084472656,65.625,63.32500076293945,64.67500305175781,16808800
2022-09-22,61.09391403198242,62.689998626708984,63.380001068115234,62.334999084472656,62.97999954223633,16033800
2022-09-23,60.2947883605957,61.869998931884766,62.21500015258789,61.05500030517578,62.119998931884766,19396200
2022-09-26,59.87574005126953,61.439998626708984,62.71500015258789,61.26499938964844,61.68000030517578,17193600
2022-09-27,59.953704833984375,61.52000045776367,62.84000015258789,60.95000076293945,62.255001068115234,18714800
2022-09-28,60.587154388427734,62.16999816894531,62.470001220703125,60.63999938964844,61.11000061035156,18933400
2022-09-29,59.00840377807617,60.54999923706055,61.41999816894531,59.834999084472656,61.279998779296875,31096600
2022-09-30,57.8779296875,59.38999938964844,61.20000076293945,59.279998779296875,60.30500030517578,19513000
2022-10-03,59.671085357666016,61.22999954223633,61.595001220703125,59.630001068115234,59.86000061035156,17332200
2022-10-04,61.67375946044922,63.28499984741211,63.35499954223633,62.42499923706055,62.470001220703125,17779000
2022-10-05,61.87842559814453,63.494998931884766,63.95500183105469,62.064998626708984,62.43000030517578,14600400
2022-10-06,61.37165832519531,62.974998474121094,64.0250015258789,62.900001525878906,63.33000183105469,14348200
2022-10-07,58.84759521484375,60.3849983215332,61.69499969482422,60.060001373291016,61.689998626708984,15749000
2022-10-10,57.85844039916992,59.369998931884766,60.470001220703125,58.775001525878906,60.3849983215332,16706200
2022-10-11,56.97161102294922,58.459999084472656,59.439998626708984,58.025001525878906,59.029998779296875,21044800
2022-10-12,56.79619216918945,58.279998779296875,58.904998779296875,58.18000030517578,58.505001068115234,14111600
2022-10-13,58.56011962890625,60.09000015258789,60.404998779296875,56.48500061035156,56.70500183105469,38114600
2022-10-14,56.91313934326172,58.400001525878906,60.709999084472656,58.30500030517578,60.58000183105469,22484000
2022-10-17,58.64781951904297,60.18000030517578,60.47999954223633,59.66999816894531,59.83000183105469,14599600
2022-10-18,59.14483642578125,60.689998626708984,61.959999084472656,59.92499923706055,61.7400016784668,13998000
2022-10-19,58.97428894042969,60.51499938964844,61.1150016784668,59.904998779296875,60.15999984741211,10984000
2022-10-20,59.00840377807617,60.54999923706055,61.8650016784668,60.25,60.53499984741211,12429600
2022-10-21,60.587154388427734,62.16999816894531,62.29999923706055,60.19499969482422,60.400001525878906,17126000
2022-10-24,61.425254821777344,63.029998779296875,63.2599983215332,61.67499923706055,62.435001373291016,13385200
2022-10-25,62.599578857421875,64.23500061035156,64.27999877929688,63.185001373291016,63.185001373291016,10265000
2022-10-26,61.20598602294922,62.80500030517578,64.12999725341797,62.51499938964844,62.6150016784668,15169400
2022-10-27,60.50918960571289,62.09000015258789,63.42499923706055,61.94499969482422,63.040000915527344,11694800
2022-10-28,63.14046096801758,64.79000091552734,64.92500305175781,62.435001373291016,62.435001373291016,14935400
2022-10-31,62.307212829589844,63.935001373291016,64.31999969482422,63.55500030517578,64.1449966430664,13292200
2022-11-01,61.78583526611328,63.400001525878906,64.84500122070312,63.125,64.7300033569336,9413200
2022-11-02,59.6515998840332,61.209999084472656,64.16999816894531,61.189998626708984,63.35499954223633,18092400
2022-11-03,57.897422790527344,59.40999984741211,60.46500015258789,59.3650016784668,60.35499954223633,16010600
2022-11-04,58.95479965209961,60.494998931884766,60.810001373291016,59.11000061035156,60.64500045776367,17896200
2022-11-07,59.939083099365234,61.505001068115234,61.60499954223633,60.16999816894531,60.599998474121094,10427600
2022-11-08,60.51407241821289,62.095001220703125,62.845001220703125,61.18000030517578,62.01499938964844,12722000
2022-11-09,58.940181732177734,60.47999954223633,61.54499816894531,60.38999938964844,61.52000045776367,11962600
2022-11-10,63.783634185791016,65.44999694824219,65.5199966430664,63.14500045776367,63.46500015258789,27932200
2022-11-11,64.8751220703125,66.56999969482422,66.79000091552734,65.06999969482422,65.38999938964844,15977800
2022-11-14,64.31964874267578,66.0,66.82499694824219,65.68499755859375,66.04499816894531,14526600
2022-11-15,65.0992660522461,66.80000305175781,67.7750015258789,66.12999725341797,67.5,12716200
2022-11-16,64.20756530761719,65.88500213623047,66.4800033569336,65.61000061035156,66.28500366210938,10095800
2022-11-17,64.29039764404297,65.97000122070312,66.2750015258789,64.80999755859375,64.83499908447266,8149600
2022-11-18,64.36348724365234,66.04499816894531,66.73500061035156,65.48999786376953,66.71499633789062,11912400
2022-11-21,63.67156982421875,65.33499908447266,65.94000244140625,65.20500183105469,65.66999816894531,8363800
2022-11-22,64.90436553955078,66.5999984741211,66.63500213623047,65.1500015258789,65.62000274658203,9019200
2022-11-23,65.47933959960938,67.19000244140625,67.38999938964844,66.41000366210938,66.45500183105469,9480600
2022-11-25,65.0992660522461,66.80000305175781,67.00499725341797,66.6050033569336,66.73500061035156,3263000
2022-11-28,63.70568084716797,65.37000274658203,66.47000122070312,65.1050033569336,66.04499816894531,13030200
2022-11-29,63.08197784423828,64.7300033569336,65.4800033569336,64.46499633789062,65.28500366210938,11570200
2022-11-30,66.24922943115234,67.9800033569336,67.98999786376953,64.63500213623047,64.69999694824219,23334400
2022-12-01,66.34178924560547,68.07499694824219,68.4000015258789,67.23500061035156,68.04499816894531,15165800
2022-12-02,65.95687103271484,67.68000030517578,67.90499877929688,66.67500305175781,66.93499755859375,8934400
2022-12-05,64.86051177978516,66.55500030517578,67.53500366210938,66.11499786376953,67.16000366210938,11526200
2022-12-06,63.47178649902344,65.12999725341797,66.58499908447266,64.70999908447266,66.48500061035156,11799200
2022-12-07,63.15019607543945,64.80000305175781,65.30000305175781,64.33499908447266,64.8949966430664,10413800
2022-12-08,64.18321228027344,65.86000061035156,66.05000305175781,64.7699966430664,65.16000366210938,8965800
2022-12-09,63.788516998291016,65.45500183105469,66.375,65.20999908447266,65.56500244140625,10402800
2022-12-12,65.18212127685547,66.88500213623047,66.88500213623047,65.54000091552734,65.55999755859375,14806200
2022-12-13,65.9520034790039,67.67500305175781,69.66500091552734,66.98999786376953,69.31999969482422,18607600
2022-12-14,65.39651489257812,67.1050033569336,68.4000015258789,66.31999969482422,67.61000061035156,19541000
2022-12-15,62.950408935546875,64.59500122070312,66.25,64.3499984741211,66.00499725341797,19223800
2022-12-16,62.1171760559082,63.7400016784668,64.75499725341797,63.415000915527344,64.375,23999200
2022-12-19,61.28888702392578,62.709999084472656,63.665000915527344,62.29499816894531,63.564998626708984,14276600
2022-12-20,61.38173294067383,62.80500030517578,63.125,62.08000183105469,62.380001068115234,12622000
2022-12-21,62.39815902709961,63.845001220703125,64.1449966430664,62.939998626708984,63.095001220703125,14670600
2022-12-22,60.82465744018555,62.23500061035156,63.1150016784668,61.18000030517578,63.04499816894531,15323600
2022-12-23,60.88816833496094,62.29999923706055,62.36000061035156,61.334999084472656,61.790000915527344,8231600
2022-12-27,60.311546325683594,61.709999084472656,62.19499969482422,61.345001220703125,62.084999084472656,9530200
2022-12-28,59.339088439941406,60.71500015258789,62.1349983215332,60.64500045776367,61.560001373291016,10362600
2022-12-29,60.89306640625,62.30500030517578,62.51499938964844,61.30500030517578,61.310001373291016,10954200
2022-12-30,60.80998992919922,62.220001220703125,62.255001068115234,61.275001525878906,61.65999984741211,8905800
2023-01-03,60.23336410522461,61.630001068115234,63.29999923706055,61.189998626708984,62.8849983215332,15196200
2023-01-04,60.38972854614258,61.790000915527344,62.185001373291016,61.11000061035156,61.95000076293945,11813000
2023-01-05,59.216922760009766,60.59000015258789,61.63999938964844,60.48500061035156,61.47999954223633,11341000
2023-01-06,60.95170211791992,62.3650016784668,62.64500045776367,60.404998779296875,61.125,13825400
2023-01-09,61.6602783203125,63.09000015258789,64.23999786376953,62.904998779296875,62.92499923706055,21427200
2023-01-10,62.04143524169922,63.47999954223633,63.58000183105469,62.599998474121094,62.935001373291016,17209000
2023-01-11,63.11650085449219,64.58000183105469,64.58000183105469,63.48500061035156,63.68000030517578,13758000
2023-01-12,63.58562469482422,65.05999755859375,65.3550033569336,63.88999938964844,64.68000030517578,15358600
2023-01-13,63.766441345214844,65.24500274658203,65.33999633789062,64.29499816894531,64.44499969482422,10153200
2023-01-17,64.05474853515625,65.54000091552734,65.92500305175781,65.07499694824219,65.15499877929688,10425800
2023-01-18,63.22889709472656,64.69499969482422,66.26000213623047,64.65499877929688,65.91000366210938,13936000
2023-01-19,62.49101638793945,63.939998626708984,64.55000305175781,63.70500183105469,64.19000244140625,14645000
2023-01-20,64.18180847167969,65.66999816894531,65.72000122070312,64.02999877929688,64.26000213623047,14127800
2023-01-23,65.64292907714844,67.16500091552734,67.55000305175781,65.78500366210938,65.93499755859375,23472600
2023-01-24,65.61361694335938,67.13500213623047,67.38999938964844,66.68499755859375,66.78500366210938,12575600
2023-01-25,65.47677612304688,66.99500274658203,67.16500091552734,65.38500213623047,66.0,14342200
2023-01-26,66.52253723144531,68.06500244140625,68.09500122070312,66.94999694824219,67.6500015258789,11161800
2023-01-27,66.80108642578125,68.3499984741211,68.83000183105469,67.6050033569336,67.63500213623047,13549400
2023-01-30,65.52564239501953,67.04499816894531,67.86000061035156,66.98999786376953,67.56500244140625,9705600
2023-01-31,66.439453125,67.9800033569336,68.01000213623047,67.0,67.04499816894531,8871600
2023-02-01,68.00321197509766,69.58000183105469,70.13500213623047,67.6050033569336,67.93000030517578,18852800
2023-02-02,69.86014556884766,71.4800033569336,71.87999725341797,70.44499969482422,70.7699966430664,18824000
2023-02-03,69.27861785888672,70.88500213623047,72.04499816894531,70.1449966430664,70.25,16145400
2023-02-06,68.43321990966797,70.0199966430664,70.6500015258789,69.75499725341797,70.0999984741211,12977400
2023-02-07,70.14356994628906,71.7699966430664,72.04000091552734,70.09500122070312,70.125,15708200
2023-02-08,69.29816436767578,70.90499877929688,72.29499816894531,70.76000213623047,71.91000366210938,12577000
2023-02-09,68.9170150756836,70.51499938964844,72.12000274658203,70.23500061035156,72.0,12624000
2023-02-10,68.59938049316406,70.19000244140625,70.43000030517578,69.5250015258789,69.98999786376953,9861600
2023-02-13,69.78684997558594,71.40499877929688,71.55999755859375,70.41999816894531,70.46499633789062,8411800
2023-02-14,70.08491516113281,71.70999908447266,72.11499786376953,70.625,71.06999969482422,12622000
2023-02-15,70.41234588623047,72.04499816894531,72.05000305175781,71.1050033569336,71.2750015258789,10491000
2023-02-16,69.19065856933594,70.79499816894531,71.80500030517578,70.73999786376953,71.0,13001200
2023-02-17,68.32571411132812,69.91000366210938,70.37000274658203,69.30000305175781,70.29000091552734,10606600
2023-02-21,66.7033462524414,68.25,69.38999938964844,68.19000244140625,68.9749984741211,12277800
2023-02-22,66.60560607910156,68.1500015258789,68.69999694824219,67.82499694824219,68.38999938964844,14338400
2023-02-23,67.70999908447266,69.27999877929688,69.54000091552734,68.30500030517578,69.41999816894531,13120000
2023-02-24,66.50297546386719,68.04499816894531,68.33999633789062,67.6500015258789,68.05000305175781,14347400
2023-02-27,66.85972595214844,68.41000366210938,69.08000183105469,68.28500366210938,68.7300033569336,9389000
2023-02-28,66.71311950683594,68.26000213623047,68.91999816894531,68.06999969482422,68.19000244140625,10485800
2023-03-01,66.22444915771484,67.76000213623047,68.4000015258789,67.55000305175781,68.29000091552734,15069400
2023-03-02,67.04051971435547,68.59500122070312,68.80999755859375,67.45999908447266,67.57499694824219,10969400
2023-03-03,68.48210906982422,70.06999969482422,70.07499694824219,68.97000122070312,69.03500366210938,14439600
2023-03-06,68.80950164794922,70.40499877929688,71.36000061035156,70.3499984741211,70.5199966430664,15999200
2023-03-07,67.95433044433594,69.52999877929688,70.62000274658203,69.3550033569336,70.3499984741211,14120000
2023-03-08,68.51630401611328,70.1050033569336,70.19000244140625,69.36499786376953,69.7750015258789,13247000
2023-03-09,67.5340805053711,69.0999984741211,71.00499725341797,68.96499633789062,70.21499633789062,15624600
2023-03-10,66.34661102294922,67.88500213623047,69.17500305175781,67.61499786376953,69.0,30556800
2023-03-13,66.7082290649414,68.25499725341797,69.19999694824219,67.04000091552734,67.45999908447266,34439400
2023-03-14,68.2475357055664,69.83000183105469,70.07499694824219,68.8499984741211,69.13500213623047,21202200
2023-03-15,68.28662872314453,69.87000274658203,69.95500183105469,68.7300033569336,69.06500244140625,23060000
2023-03-16,70.20221710205078,71.83000183105469,71.93000030517578,69.3949966430664,69.625,26086800
2023-03-17,70.10447692871094,71.7300033569336,72.58999633789062,71.30999755859375,71.97000122070312,23078600
2023-03-20,70.29351806640625,71.76499938964844,71.8550033569336,70.91000366210938,71.44499969482422,11981600
2023-03-21,70.86162567138672,72.34500122070312,72.4749984741211,71.40499877929688,72.15499877929688,13066400
2023-03-22,70.15637969970703,71.625,73.78500366210938,71.58499908447266,72.34500122070312,14224400
2023-03-23,71.29751586914062,72.79000091552734,73.7750015258789,72.1050033569336,72.54000091552734,17595800
2023-03-24,71.48361206054688,72.9800033569336,73.01499938964844,72.08000183105469,72.55999755859375,11872600
2023-03-27,70.93018341064453,72.41500091552734,73.33999633789062,72.24500274658203,73.08999633789062,10810600
2023-03-28,70.59715270996094,72.07499694824219,72.31500244140625,71.42500305175781,72.29000091552734,9968000
2023-03-29,72.0761947631836,73.58499908447266,73.75,72.875,72.9800033569336,14256600
2023-03-30,72.91368103027344,74.44000244140625,74.54499816894531,73.94000244140625,74.26499938964844,11202400
2023-03-31,73.95683288574219,75.50499725341797,75.57499694824219,74.25499725341797,74.3499984741211,15069800
2023-04-03,73.83928680419922,75.38500213623047,75.48999786376953,74.68499755859375,75.04499816894531,21142200
2023-04-04,73.43282318115234,74.97000122070312,75.75499725341797,74.69000244140625,75.49500274658203,15824800
2023-04-05,72.59532165527344,74.11499786376953,74.68499755859375,73.58000183105469,74.61499786376953,15737600
2023-04-06,73.00672912597656,74.53500366210938,74.62999725341797,73.25499725341797,73.57499694824219,15696000
2023-04-10,72.96753692626953,74.49500274658203,74.51000213623047,73.38999938964844,73.79499816894531,9517200
2023-04-11,72.28189849853516,73.79499816894531,74.375,73.66999816894531,74.36499786376953,12791600
2023-04-12,71.8705062866211,73.375,74.49500274658203,73.25499725341797,74.29499816894531,13235800
2023-04-13,73.20750427246094,74.73999786376953,74.8550033569336,73.54000091552734,73.66000366210938,13641800
2023-04-14,72.80101776123047,74.32499694824219,74.93499755859375,73.67500305175781,74.31999969482422,13003600
2023-04-17,73.06549072265625,74.59500122070312,74.76000213623047,74.01499938964844,74.41999816894531,8306000
2023-04-18,73.290771484375,74.82499694824219,75.36499786376953,74.5,75.16500091552734,9212800
2023-04-19,73.08018493652344,74.61000061035156,74.75,74.05000305175781,74.1500015258789,8623200
2023-04-20,72.6002426147461,74.12000274658203,74.8550033569336,73.79000091552734,73.92500305175781,11416200
2023-04-21,72.36515045166016,73.87999725341797,74.01499938964844,73.4000015258789,73.79499816894531,12237600
2023-04-24,72.04681396484375,73.55500030517578,73.94499969482422,73.00499725341797,73.58499908447266,9079800
2023-04-25,70.50900268554688,71.98500061035156,73.33499908447266,71.95999908447266,73.19499969482422,11022600
2023-04-26,71.55706787109375,73.05500030517578,73.80999755859375,72.87999725341797,73.25,13603400
2023-04-27,73.0752944946289,74.6050033569336,74.66000366210938,73.22000122070312,73.4000015258789,12084800
2023-04-28,73.8686752319336,75.41500091552734,75.43000030517578,74.5250015258789,74.6050033569336,11792000
2023-05-01,73.91277313232422,75.45999908447266,75.82499694824219,75.23500061035156,75.3550033569336,8194400
2023-05-02,73.22221374511719,74.75499725341797,75.63500213623047,74.36499786376953,75.55000305175781,12058800
2023-05-03,72.60514068603516,74.125,75.33000183105469,74.08999633789062,74.84500122070312,11630200
2023-05-04,72.25740814208984,73.7699966430664,74.2699966430664,73.46499633789062,73.83000183105469,10861000
2023-05-05,74.06948852539062,75.62000274658203,75.875,74.37999725341797,74.48500061035156,12230000
2023-05-08,74.03030395507812,75.58000183105469,75.6449966430664,75.11499786376953,75.4749984741211,6795600
2023-05-09,73.46218872070312,75.0,75.30500030517578,74.91999816894531,75.16500091552734,12473200
2023-05-10,74.35842895507812,75.91500091552734,76.08999633789062,75.18000030517578,75.65499877929688,10551800
2023-05-11,74.02539825439453,75.57499694824219,75.79000091552734,75.05000305175781,75.79000091552734,8956800
2023-05-12,73.92743682861328,75.4749984741211,75.81500244140625,74.88999938964844,75.70500183105469,7908000
2023-05-15,74.53963470458984,76.0999984741211,76.11499786376953,75.27999877929688,75.55000305175781,6796600
2023-05-16,74.61800384521484,76.18000030517578,76.59500122070312,75.97000122070312,75.99500274658203,9398200
2023-05-17,75.6121826171875,77.19499969482422,77.32499694824219,76.1449966430664,76.5,11916600
2023-05-18,77.15979766845703,78.7750015258789,78.88999938964844,77.29000091552734,77.29000091552734,15491200
2023-05-19,77.12550354003906,78.73999786376953,78.93000030517578,78.47000122070312,78.79499816894531,9805000
2023-05-22,77.27242279052734,78.88999938964844,79.09500122070312,78.375,78.50499725341797,10794200
2023-05-23,76.13131713867188,77.7249984741211,78.81999969482422,77.69499969482422,78.49500274658203,11691000
2023-05-24,75.57301330566406,77.15499877929688,77.46499633789062,76.73500061035156,77.11000061035156,10925600
2023-05-25,78.47229766845703,80.11499786376953,80.43000030517578,78.79000091552734,79.20500183105469,18078000
2023-05-26,80.7006607055664,82.38999938964844,82.53500366210938,80.30999755859375,80.31999969482422,15160000
2023-05-30,81.13164520263672,82.83000183105469,84.0199966430664,82.65499877929688,83.5999984741211,18123600
2023-05-31,80.45579528808594,82.13999938964844,83.12999725341797,82.09500122070312,82.3550033569336,19301000
2023-06-01,81.2736587524414,82.9749984741211,83.32499694824219,81.61499786376953,81.87999725341797,17419400
2023-06-02,81.73892974853516,83.44999694824219,83.83499908447266,82.86000061035156,83.46499633789062,14270600
2023-06-05,81.26876068115234,82.97000122070312,83.95500183105469,82.82499694824219,83.4000015258789,10909000
2023-06-06,81.24918365478516,82.94999694824219,83.12999725341797,82.3550033569336,82.7699966430664,9975600
2023-06-07,80.03462219238281,81.70999908447266,83.43499755859375,81.54000091552734,82.79000091552734,13703800
2023-06-08,80.9014663696289,82.59500122070312,82.7249984741211,81.7699966430664,81.83000183105469,10665200
2023-06-09,81.30303955078125,83.00499725341797,83.8550033569336,82.7249984741211,82.99500274658203,14413600
2023-06-12,83.07103729248047,84.80999755859375,84.84500122070312,83.40499877929688,83.57499694824219,13787200
2023-06-13,83.57546997070312,85.32499694824219,85.7300033569336,84.63500213623047,85.56500244140625,16595800
2023-06-14,84.43743896484375,86.20500183105469,86.23500061035156,84.93000030517578,85.2249984741211,16769000
2023-06-15,85.5246810913086,87.31500244140625,87.70500183105469,85.83499908447266,85.8550033569336,17732600
2023-06-16,84.8194580078125,86.59500122070312,88.1500015258789,86.51000213623047,88.1449966430664,17366600
2023-06-20,84.24622344970703,85.83000183105469,86.44999694824219,85.37000274658203,85.91999816894531,14137800
2023-06-21,82.99964904785156,84.55999755859375,85.66500091552734,84.30999755859375,85.5,12058000
2023-06-22,83.67691802978516,85.25,85.28500366210938,84.16500091552734,84.18000030517578,15224200
2023-06-23,82.76897430419922,84.32499694824219,84.82499694824219,83.97000122070312,84.19999694824219,14729000
2023-06-26,82.17515563964844,83.72000122070312,85.13999938964844,83.66000366210938,84.4000015258789,10890200
2023-06-27,83.7947006225586,85.37000274658203,85.56500244140625,83.9749984741211,84.05500030517578,13833000
2023-06-28,83.84378814697266,85.41999816894531,85.87999725341797,84.83000183105469,84.8949966430664,11371600
2023-06-29,83.99102020263672,85.56999969482422,85.7249984741211,85.05500030517578,85.51000213623047,9128200
2023-06-30,85.32592010498047,86.93000030517578,87.1500015258789,86.3550033569336,86.41999816894531,11398400
2023-07-03,85.14434814453125,86.74500274658203,86.95500183105469,86.30500030517578,86.91500091552734,6182200
2023-07-05,84.61920166015625,86.20999908447266,86.8550033569336,86.06500244140625,86.13999938964844,9395600
2023-07-06,84.3934555053711,85.9800033569336,86.05999755859375,85.0999984741211,85.36000061035156,12116400
2023-07-07,84.02537536621094,85.6050033569336,86.63999938964844,85.55500030517578,85.83999633789062,11622200
2023-07-10,84.24622344970703,85.83000183105469,85.83499908447266,84.97000122070312,85.29499816894531,16877200
2023-07-11,84.42781066894531,86.01499938964844,86.11000061035156,85.17500305175781,86.01000213623047,9996000
2023-07-12,85.38481140136719,86.98999786376953,87.4000015258789,86.4000015258789,86.875,16104400
2023-07-13,86.49887084960938,88.125,88.31500244140625,87.41000366210938,87.58499908447266,9349200
2023-07-14,86.37126922607422,87.99500274658203,89.03500366210938,87.73999786376953,88.34500122070312,11543800
2023-07-17,87.47550964355469,89.12000274658203,89.37999725341797,88.05999755859375,88.16000366210938,11858800
2023-07-18,88.46687316894531,90.12999725341797,90.56500244140625,88.44999694824219,88.91500091552734,16406000
2023-07-19,88.24603271484375,89.90499877929688,90.7300033569336,89.55999755859375,90.3550033569336,20990000
2023-07-20,86.48414611816406,88.11000061035156,89.70999908447266,87.83499908447266,89.33000183105469,24356000
2023-07-21,86.43997192382812,88.06500244140625,89.11499786376953,87.95999908447266,88.66999816894531,14871400
2023-07-24,86.59211730957031,88.22000122070312,88.66999816894531,87.87999725341797,88.45500183105469,11308200
2023-07-25,87.58348083496094,89.2300033569336,89.5250015258789,88.48999786376953,88.50499725341797,10802200
2023-07-26,86.4056167602539,88.02999877929688,88.51000213623047,87.41000366210938,88.29499816894531,15501600
2023-07-27,86.15532684326172,87.7750015258789,89.48999786376953,87.375,89.22000122070312,13857000
2023-07-28,87.32829284667969,88.97000122070312,89.23500061035156,88.40499877929688,88.58999633789062,11287400
2023-07-31,87.52948760986328,89.17500305175781,89.28500366210938,88.66500091552734,89.05000305175781,10138400
2023-08-01,87.67672729492188,89.32499694824219,89.51499938964844,88.6500015258789,88.88500213623047,8845800
2023-08-02,85.50750732421875,87.11499786376953,88.59500122070312,86.80000305175781,88.54000091552734,15818600
2023-08-03,85.1590576171875,86.76000213623047,87.2699966430664,86.3499984741211,86.40499877929688,11321000
2023-08-04,84.00083923339844,85.58000183105469,86.98500061035156,85.44499969482422,86.46499633789062,14431800
2023-08-07,84.23639678955078,85.81999969482422,86.23500061035156,85.19999694824219,85.94000244140625,9536000
2023-08-08,83.58858489990234,85.16000366210938,85.2699966430664,84.30500030517578,85.22000122070312,11461800
2023-08-09,82.50888061523438,84.05999755859375,85.2750015258789,83.7699966430664,85.2750015258789,14301800
2023-08-10,82.51868438720703,84.06999969482422,85.43499755859375,83.65499877929688,84.69999694824219,12731400
2023-08-11,81.91014099121094,83.44999694824219,83.94000244140625,83.16000366210938,83.4000015258789,10772000
2023-08-14,83.21558380126953,84.77999877929688,84.79000091552734,83.16500091552734,83.36499786376953,10328000
2023-08-15,82.39599609375,83.94499969482422,84.83000183105469,83.75,84.52999877929688,9366400
2023-08-16,81.61076354980469,83.1449966430664,84.24500274658203,83.13999938964844,83.76499938964844,9779400
2023-08-17,80.83534240722656,82.3550033569336,83.66999816894531,82.2300033569336,83.51499938964844,12614800
2023-08-18,80.95804595947266,82.4800033569336,82.81500244140625,81.47000122070312,81.5199966430664,13658600
2023-08-21,82.50398254394531,84.05500030517578,84.2249984741211,82.82499694824219,82.90499877929688,13132800
2023-08-22,82.41072082519531,83.95999908447266,84.86000061035156,83.7750015258789,84.80999755859375,11361800
2023-08-23,83.89777374267578,85.4749984741211,85.7249984741211,84.16000366210938,84.16500091552734,10113200
2023-08-24,81.96411895751953,83.50499725341797,86.55500030517578,83.44000244140625,86.55000305175781,13929000
2023-08-25,82.79845428466797,84.3550033569336,84.81999969482422,83.09500122070312,83.83999633789062,15686600
2023-08-28,83.47572326660156,85.04499816894531,85.2249984741211,84.38999938964844,84.99500274658203,8963800
2023-08-29,85.14925384521484,86.75,86.83499908447266,84.70999908447266,84.80000305175781,13713800
2023-08-30,85.79216766357422,87.40499877929688,87.49500274658203,86.46499633789062,86.76499938964844,12266600
2023-08-31,86.20932006835938,87.83000183105469,88.16500091552734,87.51000213623047,87.6050033569336,11963400
2023-09-01,86.47432708740234,88.0999984741211,88.49500274658203,87.6500015258789,88.37999725341797,9244600
2023-09-05,86.78352355957031,88.41500091552734,88.69000244140625,87.59500122070312,87.87999725341797,10060400
2023-09-06,85.86578369140625,87.4800033569336,88.29000091552734,86.94000244140625,88.06999969482422,18143200
2023-09-07,84.62411499023438,86.21499633789062,86.40499877929688,85.54000091552734,85.8550033569336,12513600
2023-09-08,84.80079650878906,86.3949966430664,86.94999694824219,86.16999816894531,86.20999908447266,8584800
2023-09-11,85.24249267578125,86.84500122070312,87.23500061035156,86.08499908447266,87.15499877929688,8272800
2023-09-12,83.69654083251953,85.2699966430664,86.42500305175781,85.11499786376953,86.12000274658203,12243000
2023-09-13,83.90757751464844,85.48500061035156,85.94499969482422,84.99500274658203,85.23500061035156,10008800
2023-09-14,84.5161361694336,86.1050033569336,86.31999969482422,85.47000122070312,86.01000213623047,9473200
2023-09-15,82.89167022705078,84.44999694824219,85.81999969482422,84.2249984741211,85.79499816894531,13116800
2023-09-18,83.2900619506836,84.67500305175781,84.95500183105469,84.0,84.0250015258789,9943800
2023-09-19,83.24579620361328,84.62999725341797,84.84500122070312,83.8550033569336,84.31500244140625,8236600
2023-09-20,81.93756103515625,83.30000305175781,84.97000122070312,83.26499938964844,84.86000061035156,10760400
2023-09-21,80.6883316040039,82.02999877929688,83.01000213623047,81.98999786376953,82.42500305175781,14741200
2023-09-22,80.86046600341797,82.20500183105469,82.95999908447266,82.0199966430664,82.38999938964844,12537800
2023-09-25,81.12113189697266,82.47000122070312,82.59500122070312,81.78500366210938,81.99500274658203,10577400
2023-09-26,79.66041564941406,80.98500061035156,81.9749984741211,80.70500183105469,81.93000030517578,14926000
2023-09-27,79.78337860107422,81.11000061035156,81.53500366210938,80.30500030517578,81.375,11665200
2023-09-28,80.34896087646484,81.68499755859375,82.20500183105469,80.34500122070312,80.7249984741211,12829400
2023-09-29,80.6243667602539,81.96499633789062,83.25499725341797,81.68499755859375,82.48999786376953,15883800
2023-10-02,81.489990234375,82.84500122070312,83.08499908447266,81.87999725341797,82.00499725341797,13656200
2023-10-03,80.10798645019531,81.44000244140625,82.94000244140625,81.0199966430664,82.375,14838800
2023-10-04,81.10637664794922,82.45500183105469,82.67500305175781,81.50499725341797,81.50499725341797,15194200
2023-10-05,81.21456909179688,82.56500244140625,82.69999694824219,81.57499694824219,82.44999694824219,12023000
2023-10-06,82.73430633544922,84.11000061035156,84.47000122070312,81.76000213623047,82.0,16625600
2023-10-09,83.16217041015625,84.54499816894531,84.67500305175781,83.20999908447266,83.59500122070312,13139200
2023-10-10,83.2900619506836,84.67500305175781,85.3550033569336,84.37000274658203,84.6050033569336,20402800
2023-10-11,84.0622329711914,85.45999908447266,85.5,84.66500091552734,84.93499755859375,10389200
2023-10-12,84.14091491699219,85.54000091552734,86.41500091552734,84.88999938964844,85.53500366210938,15405800
2023-10-13,82.93595886230469,84.31500244140625,85.8550033569336,84.0199966430664,85.70999908447266,15183200
2023-10-16,83.73270416259766,85.125,85.51000213623047,84.44000244140625,84.45500183105469,14544200
2023-10-17,83.34416961669922,84.7300033569336,85.16999816894531,83.44999694824219,84.05500030517578,15317800
2023-10-18,82.48839569091797,83.86000061035156,84.81999969482422,83.51499938964844,84.13500213623047,12862800
2023-10-19,82.01624298095703,83.37999725341797,84.76000213623047,83.23500061035156,84.19499969482422,19991800
2023-10-20,80.62930297851562,81.97000122070312,83.4000015258789,81.88500213623047,83.33999633789062,15350400
2023-10-23,80.72276306152344,82.06500244140625,82.9000015258789,81.00499725341797,81.45999908447266,15159000
2023-10-24,81.27850341796875,82.62999725341797,82.75499725341797,81.73999786376953,82.38999938964844,11180400
2023-10-25,80.3194580078125,81.65499877929688,83.125,81.41000366210938,83.0250015258789,15529600
2023-10-26,78.78497314453125,80.09500122070312,82.16000366210938,79.75,81.80000305175781,20646400
2023-10-27,79.24237060546875,80.55999755859375,81.375,80.20500183105469,80.58499908447266,16231600
2023-10-30,80.09322357177734,81.42500305175781,81.71499633789062,80.73999786376953,80.98500061035156,14180800
2023-10-31,80.66373443603516,82.00499725341797,82.07499694824219,80.83000183105469,81.46499633789062,10893600
2023-11-01,82.2228012084961,83.58999633789062,83.69999694824219,82.1500015258789,82.1500015258789,20945800
2023-11-02,83.61466217041016,85.00499725341797,85.08000183105469,84.2300033569336,84.34500122070312,16192600
2023-11-03,84.475341796875,85.87999725341797,86.2249984741211,84.73500061035156,84.91999816894531,15661800
2023-11-06,85.03109741210938,86.44499969482422,86.4749984741211,85.7249984741211,85.99500274658203,11099200
2023-11-07,85.96065521240234,87.38999938964844,87.6449966430664,86.54499816894531,86.67500305175781,13029800
2023-11-08,86.44756317138672,87.88500213623047,88.02999877929688,87.29000091552734,87.69000244140625,10722400
2023-11-09,86.04426574707031,87.4749984741211,88.66000366210938,87.36000061035156,88.01499938964844,14374600
2023-11-10,88.29188537597656,89.76000213623047,89.81999969482422,87.90499877929688,88.00499725341797,13346400
2023-11-13,87.77547454833984,89.23500061035156,89.45999908447266,88.86000061035156,89.38500213623047,11725000
2023-11-14,89.53129577636719,91.0199966430664,91.25,90.31999969482422,90.5999984741211,16508400
2023-11-15,89.64440155029297,91.13500213623047,91.56500244140625,90.78500366210938,91.42500305175781,13147800
2023-11-16,90.09195709228516,91.58999633789062,91.69000244140625,90.79000091552734,90.95500183105469,11553600
2023-11-17,89.90507507324219,91.4000015258789,91.75,91.00499725341797,91.38500213623047,13277800
2023-11-20,91.20838928222656,92.7249984741211,92.96499633789062,91.50499725341797,91.51499938964844,11116200
2023-11-21,90.4706802368164,91.9749984741211,92.44999694824219,91.63999938964844,92.30500030517578,13350800
2023-11-22,90.87395477294922,92.38500213623047,93.17500305175781,92.13500213623047,92.55500030517578,11213400
2023-11-24,90.69690704345703,92.20500183105469,92.30999755859375,91.8550033569336,92.2300033569336,4193800
2023-11-27,90.69198608398438,92.19999694824219,92.73500061035156,91.91000366210938,92.07499694824219,8420000
2023-11-28,90.86412048339844,92.375,92.62000274658203,91.88999938964844,91.88999938964844,11012400
2023-11-29,90.93297576904297,92.44499969482422,93.44999694824219,92.38999938964844,93.05000305175781,10765400
2023-11-30,91.06578826904297,92.58000183105469,92.95500183105469,91.80500030517578,92.83000183105469,13744000
2023-12-01,91.27233123779297,92.79000091552734,92.95500183105469,91.8949966430664,92.33999633789062,13992200
2023-12-04,90.16081237792969,91.66000366210938,91.86499786376953,90.66000366210938,91.86499786376953,18221800
2023-12-05,90.70181274414062,92.20999908447266,92.31500244140625,91.16999816894531,91.16999816894531,10841400
2023-12-06,89.93458557128906,91.43000030517578,92.91999816894531,91.36000061035156,92.78500366210938,14731400
2023-12-07,91.02641296386719,92.54000091552734,92.69499969482422,91.66999816894531,91.86499786376953,13928800
2023-12-08,91.80350494384766,93.33000183105469,93.40499877929688,92.2249984741211,92.33999633789062,12808800
2023-12-11,92.60515594482422,94.1449966430664,94.16500091552734,92.83999633789062,93.05500030517578,37795400
2023-12-12,93.21995544433594,94.7699966430664,94.80000305175781,93.72000122070312,93.80000305175781,15055400
2023-12-13,94.04129791259766,95.6050033569336,95.83499908447266,94.7699966430664,94.99500274658203,29395000
2023-12-14,93.81013488769531,95.37000274658203,96.04000091552734,94.66500091552734,95.68000030517578,15427400
2023-12-15,94.28227996826172,95.8499984741211,96.4000015258789,95.2699966430664,95.2699966430664,18131200
2023-12-18,94.56422424316406,95.92500305175781,96.13999938964844,95.21499633789062,95.62000274658203,10138000
2023-12-19,94.92405700683594,96.29000091552734,96.30000305175781,95.8499984741211,95.90499877929688,9003600
2023-12-20,93.48970031738281,94.83499908447266,96.5199966430664,94.81999969482422,96.18000030517578,13734800
2023-12-21,94.53959655761719,95.9000015258789,96.11499786376953,95.09500122070312,95.80000305175781,11336000
2023-12-22,94.6628189086914,96.0250015258789,96.30500030517578,95.55000305175781,96.17500305175781,10215000
2023-12-26,95.0571517944336,96.42500305175781,96.625,96.08499908447266,96.08499908447266,6207600
2023-12-27,95.05221557617188,96.41999816894531,96.62000274658203,96.01000213623047,96.4749984741211,11764600
2023-12-28,95.16558074951172,96.53500366210938,96.86000061035156,96.48999786376953,96.76000213623047,9615400
2023-12-29,94.87476348876953,96.23999786376953,96.77999877929688,95.76000213623047,96.58499908447266,12190600
2024-01-02,92.39051818847656,93.72000122070312,95.08000183105469,93.125,94.93000030517578,23545400
2024-01-03,91.44905853271484,92.76499938964844,93.375,92.5999984741211,92.86499786376953,18190000
2024-01-04,90.77870178222656,92.08499908447266,92.83499908447266,91.99500274658203,92.19499969482422,12127200
2024-01-05,90.7540512084961,92.05999755859375,92.8550033569336,91.70999908447266,92.19000244140625,16350600
2024-01-08,93.03130340576172,94.37000274658203,94.43499755859375,92.43000030517578,92.5250015258789,16434600
2024-01-09,93.17916107177734,94.5199966430664,94.79000091552734,93.44499969482422,93.6449966430664,10633800
2024-01-10,93.97273254394531,95.32499694824219,95.52999877929688,94.36499786376953,94.56500244140625,9785400
2024-01-11,94.45086669921875,95.80999755859375,96.2750015258789,94.46499633789062,95.79499816894531,13296600
2024-01-12,94.7564697265625,96.12000274658203,96.33999633789062,95.63999938964844,95.96499633789062,8834600
2024-01-16,94.9930648803711,96.36000061035156,96.76499938964844,95.44499969482422,96.0,11775600
2024-01-17,94.5248031616211,95.88500213623047,96.0,94.84500122070312,95.6449966430664,14109000
2024-01-18,96.44219970703125,97.83000183105469,97.91999816894531,96.80000305175781,97.16500091552734,18918800
2024-01-19,98.66520690917969,100.08499908447266,100.1050033569336,98.25499725341797,98.47000122070312,18333200
2024-01-22,99.0989761352539,100.5250015258789,101.13999938964844,100.1449966430664,100.57499694824219,14969000
2024-01-23,99.49823760986328,100.93000030517578,100.99500274658203,100.03500366210938,100.62000274658203,13263800
2024-01-24,100.1833724975586,101.625,102.6449966430664,101.33499908447266,101.625,17651200
2024-01-25,100.60234832763672,102.05000305175781,103.07499694824219,101.58000183105469,102.55999755859375,17071400
2024-01-26,99.44401550292969,100.875,101.78500366210938,100.6449966430664,101.33499908447266,10553000
2024-01-29,100.35589599609375,101.80000305175781,101.81999969482422,100.80000305175781,101.0,7639600
2024-01-30,99.52779388427734,100.95999908447266,101.91999816894531,100.6500015258789,101.76499938964844,12251600
2024-01-31,97.43785858154297,98.83999633789062,100.41000366210938,98.79000091552734,100.0,16295200
2024-02-01,98.66520690917969,100.08499908447266,100.2249984741211,99.16999816894531,99.23500061035156,14303400
2024-02-02,99.685546875,101.12000274658203,101.44000244140625,99.375,99.40499877929688,12872200
2024-02-05,99.91226959228516,101.3499984741211,101.63999938964844,100.4000015258789,101.52999877929688,10086200
2024-02-06,99.45387268066406,100.88500213623047,101.63500213623047,100.23500061035156,101.45999908447266,12677200
2024-02-07,100.76992797851562,102.22000122070312,102.24500274658203,101.19000244140625,101.59500122070312,11365800
2024-02-08,101.08540344238281,102.54000091552734,102.81500244140625,102.2699966430664,102.3949966430664,9948200
2024-02-09,102.44580841064453,103.91999816894531,104.05500030517578,102.8499984741211,102.97000122070312,11612200
2024-02-12,101.66703033447266,103.12999725341797,104.23500061035156,102.9800033569336,103.91500091552734,10753200
2024-02-13,99.94184112548828,101.37999725341797,102.05999755859375,100.58999633789062,100.8949966430664,19459400
2024-02-14,100.98680877685547,102.44000244140625,102.5199966430664,101.41500091552734,102.13500213623047,11791600
2024-02-15,100.77485656738281,102.2249984741211,102.67500305175781,101.65499877929688,102.57499694824219,10796400
2024-02-16,99.84819793701172,101.28500366210938,102.70500183105469,101.1500015258789,102.5,11090400
2024-02-20,98.83279418945312,100.25499725341797,101.05000305175781,99.25,100.69000244140625,17447600
2024-02-21,98.21174621582031,99.625,99.625,98.53500366210938,99.28500366210938,15954400
2024-02-22,101.42550659179688,102.88500213623047,103.16500091552734,101.96499633789062,102.19999694824219,18551600
2024-02-23,101.18890380859375,102.6449966430664,103.83000183105469,102.31999969482422,103.69999694824219,12324000
2024-02-26,101.28749084472656,102.74500274658203,103.3499984741211,102.63999938964844,103.09500122070312,18248800
2024-02-27,101.3761978149414,102.83499908447266,103.0250015258789,102.06999969482422,103.0250015258789,9984400
2024-02-28,100.89808654785156,102.3499984741211,102.62999725341797,101.9800033569336,102.49500274658203,8329000
2024-02-29,102.02191162109375,103.48999786376953,103.73500061035156,102.31999969482422,102.8949966430664,11986800
2024-03-01,103.88511657714844,105.37999725341797,105.52999877929688,103.70500183105469,103.75499725341797,13136800
2024-03-04,103.88511657714844,105.37999725341797,105.98500061035156,104.99500274658203,105.2300033569336,20443800
2024-03-05,101.33184051513672,102.79000091552734,104.38999938964844,102.125,104.33999633789062,18042800
2024-03-06,102.13529205322266,103.6050033569336,104.38500213623047,102.91000366210938,103.86499786376953,14303200
2024-03-07,103.7470932006836,105.23999786376953,105.55999755859375,103.97000122070312,104.48999786376953,12120800
2024-03-08,102.20429229736328,103.67500305175781,106.17500305175781,103.61000061035156,105.43000030517578,14912200
2024-03-11,101.92332458496094,103.38999938964844,103.62000274658203,102.6449966430664,103.19999694824219,15648400
2024-03-12,104.01326751708984,105.51000213623047,105.5199966430664,103.3949966430664,104.38500213623047,17382800
2024-03-13,102.88944244384766,104.37000274658203,105.25,103.93499755859375,105.19000244140625,12815400
2024-03-14,102.90913391113281,104.38999938964844,105.18000030517578,103.75499725341797,104.80999755859375,16023200
2024-03-15,101.35649871826172,102.81500244140625,103.36000061035156,102.3949966430664,102.88999938964844,19633400
2024-03-18,101.85466003417969,103.1500015258789,104.20999908447266,103.06999969482422,103.54499816894531,14176600
2024-03-19,102.3829345703125,103.68499755859375,103.69999694824219,102.12999725341797,102.6449966430664,13390200
2024-03-20,103.52838134765625,104.84500122070312,104.87999725341797,103.4000015258789,103.76499938964844,13357400
2024-03-21,103.60242462158203,104.91999816894531,105.96499633789062,104.83000183105469,105.96499633789062,12312000
2024-03-22,103.6369857788086,104.95500183105469,105.33999633789062,104.55000305175781,104.92500305175781,11507000
2024-03-25,102.95072937011719,104.26000213623047,104.70500183105469,103.66000366210938,103.95999908447266,8777800
2024-03-26,102.52611541748047,103.83000183105469,104.80500030517578,103.74500274658203,104.63500213623047,8538400
2024-03-27,103.04945373535156,104.36000061035156,104.54000091552734,103.55999755859375,104.48500061035156,12495000
2024-03-28,102.8272933959961,104.13500213623047,104.43499755859375,103.92500305175781,104.11499786376953,8854400
2024-04-01,103.11363983154297,104.42500305175781,105.03500366210938,104.04499816894531,104.3550033569336,11654800
2024-04-02,102.12126922607422,103.41999816894531,103.56999969482422,102.58000183105469,103.26499938964844,11418200
2024-04-03,102.39281463623047,103.69499969482422,104.2300033569336,102.875,102.9000015258789,10670000
2024-04-04,100.77340698242188,102.05500030517578,105.05000305175781,102.0,104.68499755859375,16464800
2024-04-05,101.9287109375,103.2249984741211,103.75,102.21499633789062,102.5,12808800
2024-04-08,101.81021881103516,103.1050033569336,103.62999725341797,102.7249984741211,103.29000091552734,8125800
2024-04-09,102.32369232177734,103.625,103.8499984741211,102.33000183105469,103.63500213623047,9400800
2024-04-10,101.06963348388672,102.3550033569336,102.73500061035156,101.91500091552734,102.44499969482422,13836800
2024-04-11,103.0889663696289,104.4000015258789,104.56999969482422,102.31500244140625,102.80999755859375,10563600
2024-04-12,101.4201889038086,102.70999908447266,103.63999938964844,102.33000183105469,103.15499877929688,16186800
2024-04-15,99.49466705322266,100.76000213623047,103.40499877929688,100.6050033569336,103.33999633789062,17189000
2024-04-16,99.6131591796875,100.87999725341797,101.50499725341797,100.4800033569336,100.9800033569336,14914000
2024-04-17,98.17643737792969,99.42500305175781,101.41999816894531,99.3499984741211,101.25,13090400
2024-04-18,97.0556869506836,98.29000091552734,99.6500015258789,98.18499755859375,99.3949966430664,15280600
2024-04-19,95.05610656738281,96.26499938964844,98.23500061035156,96.0199966430664,97.91500091552734,21880000
2024-04-22,95.90531921386719,97.125,97.70999908447266,96.04000091552734,97.00499725341797,13293400
2024-04-23,97.32722473144531,98.56500244140625,98.70999908447266,97.38500213623047,97.52999877929688,12151600
2024-04-24,97.77157592773438,99.01499938964844,99.70500183105469,98.47000122070312,99.29499816894531,9160200
2024-04-25,97.55928039550781,98.80000305175781,98.98500061035156,97.34500122070312,97.77999877929688,11568000
2024-04-26,98.6602783203125,99.91500091552734,100.6449966430664,99.19000244140625,99.58000183105469,10104200
2024-04-29,99.08488464355469,100.34500122070312,100.58000183105469,99.76000213623047,100.43000030517578,7494800
2024-04-30,96.90264129638672,98.13500213623047,100.40499877929688,98.1050033569336,100.0,14929000
2024-05-01,95.9102554321289,97.12999725341797,99.25,97.11000061035156,97.61000061035156,20453600
2024-05-02,97.29267120361328,98.52999877929688,98.66500091552734,97.12999725341797,98.37000274658203,13340000
2024-05-03,100.0031967163086,101.2750015258789,101.61499786376953,100.83499908447266,101.19499969482422,13316400
2024-05-06,101.17826843261719,102.46499633789062,102.46499633789062,101.50499725341797,101.66000366210938,8021000
2024-05-07,100.84746551513672,102.12999725341797,102.81500244140625,102.12000274658203,102.76499938964844,10020800
2024-05-08,101.13381958007812,102.41999816894531,102.52999877929688,101.73999786376953,101.76499938964844,7176000
2024-05-09,101.10419464111328,102.38999938964844,102.47000122070312,101.87999725341797,102.25499725341797,9589600
2024-05-10,101.47942352294922,102.7699966430664,103.38500213623047,102.44499969482422,102.92500305175781,8753800
2024-05-13,101.95833587646484,103.25499725341797,103.61000061035156,102.93000030517578,103.5250015258789,6582000
2024-05-14,102.86184692382812,104.16999816894531,104.31500244140625,103.16000366210938,103.22000122070312,9825200
2024-05-15,105.17740631103516,106.51499938964844,106.55000305175781,104.75,104.82499694824219,14308600
2024-05-16,104.8120346069336,106.1449966430664,106.91000366210938,106.0999984741211,106.58000183105469,12066600
2024-05-17,104.58000183105469,105.91000366210938,106.45500183105469,105.33000183105469,106.38999938964844,7616000
2024-05-20,105.80935668945312,107.15499877929688,107.3550033569336,105.91999816894531,106.01499938964844,6276800
2024-05-21,105.98216247558594,107.33000183105469,107.50499725341797,106.55500030517578,106.74500274658203,6140400
2024-05-22,106.21915435791016,107.56999969482422,107.96499633789062,106.93499755859375,107.63500213623047,11783000
2024-05-23,105.35514068603516,106.69499969482422,108.80999755859375,106.3550033569336,108.80000305175781,9400400
2024-05-24,106.24384307861328,107.59500122070312,107.82499694824219,106.61000061035156,106.96499633789062,5906400
2024-05-28,106.69313049316406,108.05000305175781,108.29000091552734,107.375,108.20500183105469,8786400
2024-05-29,106.0167236328125,107.36499786376953,107.87999725341797,106.91000366210938,106.91000366210938,8569000
2024-05-30,103.59749603271484,104.91500091552734,106.33000183105469,104.58999633789062,106.16999816894531,10450600
2024-05-31,103.76042175292969,105.08000183105469,105.24500274658203,102.76499938964844,105.2249984741211,12081000
2024-06-03,104.02208709716797,105.34500122070312,105.9800033569336,104.08499908447266,105.88500213623047,9628000
2024-06-04,104.23932647705078,105.56500244140625,105.73500061035156,104.75,105.29000091552734,6405400
2024-06-05,106.55488586425781,107.91000366210938,107.91000366210938,106.2300033569336,106.4000015258789,8788800
2024-06-06,106.19940185546875,107.55000305175781,108.04499816894531,107.26499938964844,107.97000122070312,7057600
2024-06-07,106.4462661743164,107.80000305175781,108.26000213623047,107.2699966430664,107.66500091552734,6398600
2024-06-10,106.71780395507812,108.07499694824219,108.36499786376953,107.36499786376953,107.43499755859375,6734800
2024-06-11,108.70255279541016,110.08499908447266,110.11499786376953,107.75,107.80000305175781,12719200
2024-06-12,111.10697937011719,112.5199966430664,113.65499877929688,110.9749984741211,111.18000030517578,17821200
2024-06-13,111.98580169677734,113.41000366210938,113.87999725341797,112.72000122070312,113.56500244140625,12693600
2024-06-14,112.40547180175781,113.83499908447266,113.9000015258789,113.17500305175781,113.25,7864600
2024-06-17,114.10880279541016,115.55999755859375,115.96499633789062,113.7249984741211,114.11499786376953,11602600
2024-06-18,114.25199127197266,115.70500183105469,116.08499908447266,115.24500274658203,115.67500305175781,8677800
2024-06-20,112.96832275390625,114.40499877929688,116.29499816894531,114.0199966430664,116.2249984741211,13243000
2024-06-21,112.77082824707031,114.20500183105469,114.87999725341797,113.68499755859375,114.43000030517578,13560200
2024-06-24,110.00607299804688,111.20999908447266,113.33000183105469,111.18000030517578,112.81999969482422,13748600
2024-06-25,112.02400970458984,113.25,113.30999755859375,111.3949966430664,112.0250015258789,9126200
2024-06-26,111.89541625976562,113.12000274658203,113.65499877929688,112.23999786376953,113.08000183105469,9459600
2024-06-27,111.94982147216797,113.17500305175781,113.73500061035156,112.76499938964844,112.9000015258789,7923600
2024-06-28,111.89045715332031,113.11499786376953,115.19499969482422,112.95999908447266,113.56999969482422,12488200
2024-07-01,112.73621368408203,113.97000122070312,114.16000366210938,111.63999938964844,113.28500366210938,9281600
2024-07-02,113.30004119873047,114.54000091552734,114.55000305175781,112.9800033569336,112.9800033569336,7076600
2024-07-03,114.82830047607422,116.08499908447266,116.13999938964844,114.27999877929688,114.375,6249200
2024-07-05,115.17947387695312,116.44000244140625,116.95500183105469,115.73500061035156,116.21499633789062,6671800
2024-07-08,115.96585845947266,117.23500061035156,117.57499694824219,116.61499786376953,116.81500244140625,7671000
2024-07-09,115.87187957763672,117.13999938964844,118.11499786376953,116.47000122070312,117.83499908447266,8678600
2024-07-10,117.55347442626953,118.83999633789062,118.92500305175781,117.28500366210938,117.94499969482422,8749400
2024-07-11,114.61068725585938,115.86499786376953,119.06999969482422,115.52999877929688,119.0199966430664,14106000
2024-07-12,115.63448333740234,116.9000015258789,118.13999938964844,115.77999877929688,116.18499755859375,9767600
2024-07-15,115.84221649169922,117.11000061035156,118.26499938964844,116.44499969482422,117.49500274658203,8628000
2024-07-16,115.45643615722656,116.72000122070312,117.44499969482422,115.88500213623047,117.38500213623047,7652200
2024-07-17,110.96559143066406,112.18000030517578,114.16500091552734,112.125,114.05000305175781,12440400
2024-07-18,110.9754867553711,112.19000244140625,113.43000030517578,110.7750015258789,113.41000366210938,10837200
2024-07-19,109.23946380615234,110.43499755859375,112.27999877929688,110.19000244140625,111.59500122070312,8472800
2024-07-22,111.82616424560547,113.05000305175781,113.18000030517578,111.41999816894531,111.8949966430664,10601600
2024-07-23,111.38104248046875,112.5999984741211,113.61499786376953,112.44999694824219,112.58000183105469,5530800
2024-07-24,106.77149200439453,107.94000244140625,111.4800033569336,107.68000030517578,111.12999725341797,14300800
2024-07-25,105.62899780273438,106.78500366210938,109.43499755859375,105.2300033569336,107.82499694824219,21158000
2024-07-26,106.96931457519531,108.13999938964844,109.0,107.2249984741211,108.2249984741211,11697800
2024-07-29,106.49452209472656,107.66000366210938,109.47000122070312,107.34500122070312,109.0,7343800
2024-07-30,103.81880187988281,104.95500183105469,108.16500091552734,104.1500015258789,108.05999755859375,10694600
2024-07-31,108.21568298339844,109.4000015258789,109.79499816894531,107.43499755859375,108.19499969482422,14614000
2024-08-01,104.17985534667969,105.31999969482422,110.36499786376953,104.19999694824219,109.0999984741211,16991400
2024-08-02,101.25189208984375,102.36000061035156,103.36499786376953,100.625,102.5199966430664,18621600
2024-08-05,97.8788070678711,98.94999694824219,100.86000061035156,95.375,95.95500183105469,31430000
2024-08-06,99.2092514038086,100.29499816894531,102.32499694824219,99.1500015258789,100.21499633789062,24575800
2024-08-07,97.60184478759766,98.66999816894531,103.2249984741211,98.53500366210938,102.7249984741211,17653600
2024-08-08,101.2469482421875,102.3550033569336,102.61000061035156,99.0,100.45500183105469,14477200
2024-08-09,101.70197296142578,102.81500244140625,103.40499877929688,101.67500305175781,102.29499816894531,9535600
2024-08-12,102.53287506103516,103.65499877929688,104.45500183105469,102.65499877929688,103.13500213623047,8580200
2024-08-13,105.68339538574219,106.83999633789062,106.875,104.80999755859375,104.94000244140625,9999600
2024-08-14,106.26207733154297,107.42500305175781,107.97000122070312,105.9800033569336,107.5,8922400
2024-08-15,109.318603515625,110.51499938964844,110.625,108.58000183105469,108.81500244140625,9518800
2024-08-16,109.5016098022461,110.69999694824219,110.91500091552734,109.62999725341797,109.93000030517578,6706400
2024-08-19,111.30684661865234,112.5250015258789,112.52999877929688,109.98999786376953,110.44000244140625,13004200
2024-08-20,110.91613006591797,112.12999725341797,112.90499877929688,111.47000122070312,112.2300033569336,7221600
2024-08-21,111.56898498535156,112.79000091552734,113.18000030517578,111.84500122070312,112.19999694824219,7538800
2024-08-22,109.0020751953125,110.19499969482422,113.68499755859375,109.96499633789062,113.41999816894531,9083600
2024-08-23,110.76775360107422,111.9800033569336,112.47000122070312,110.55000305175781,111.29000091552734,10681000
2024-08-26,109.3779525756836,110.57499694824219,112.30000305175781,110.01000213623047,111.87999725341797,6268800
2024-08-27,110.04071807861328,111.24500274658203,111.4800033569336,109.3499984741211,109.88999938964844,7656000
2024-08-28,108.52233123779297,109.70999908447266,111.31500244140625,108.79000091552734,111.0999984741211,9002200
2024-08-29,107.54303741455078,108.72000122070312,111.28500366210938,108.44000244140625,109.73999786376953,13314800
2024-08-30,108.97240447998047,110.16500091552734,110.58999633789062,108.72000122070312,109.90499877929688,10048400
2024-09-03,103.96717071533203,105.1050033569336,109.08000183105469,104.50499725341797,109.0,14765800
2024-09-04,103.70010375976562,104.83499908447266,106.02999877929688,103.70999908447266,104.04000091552734,12330000
2024-09-05,103.54183959960938,104.67500305175781,105.9749984741211,103.98500061035156,104.08000183105469,8874800
2024-09-06,100.8562240600586,101.95999908447266,104.83999633789062,101.48999786376953,104.58999633789062,12441000
2024-09-09,102.50814056396484,103.62999725341797,103.74500274658203,102.2699966430664,103.2249984741211,10922000
2024-09-10,104.0413589477539,105.18000030517578,105.40499877929688,103.3499984741211,104.34500122070312,10123000
2024-09-11,107.59249877929688,108.7699966430664,108.93499755859375,103.87000274658203,105.54000091552734,12768800
2024-09-12,108.48275756835938,109.66999816894531,110.13500213623047,107.92500305175781,108.69000244140625,10604200
2024-09-13,109.02680206298828,110.22000122070312,110.49500274658203,109.36000061035156,109.80500030517578,8047400
2024-09-16,108.6113510131836,109.80000305175781,110.1500015258789,108.78500366210938,109.42500305175781,6897800
2024-09-17,108.398681640625,109.58499908447266,111.06999969482422,109.02999877929688,110.9000015258789,6990000
2024-09-18,107.40950775146484,108.58499908447266,110.62999725341797,108.4800033569336,109.86000061035156,12741600
2024-09-19,110.5995864868164,111.80999755859375,112.50499725341797,111.0250015258789,111.63500213623047,13934000
2024-09-20,110.06049346923828,111.26499938964844,111.76499938964844,110.2699966430664,111.37000274658203,14492800
2024-09-23,110.04017639160156,111.04499816894531,111.30999755859375,110.70500183105469,111.16500091552734,7490600
2024-09-24,110.79329681396484,111.80500030517578,112.02999877929688,110.30999755859375,111.51000213623047,7025800
2024-09-25,111.11040496826172,112.125,112.61499786376953,111.53500366210938,111.58499908447266,6111600
2024-09-26,112.58197021484375,113.61000061035156,114.44000244140625,112.41500091552734,114.31500244140625,9244800
2024-09-27,111.53156280517578,112.55000305175781,113.80500030517578,112.12999725341797,113.7699966430664,6093800
2024-09-30,111.85858154296875,112.87999725341797,112.94999694824219,111.5,112.05999755859375,5500400
2024-10-01,109.13346862792969,110.12999725341797,112.61000061035156,109.4749984741211,112.54499816894531,11295400
2024-10-02,109.94108581542969,110.94499969482422,111.44999694824219,109.52999877929688,110.15499877929688,4532400
2024-10-03,110.39691925048828,111.40499877929688,112.22000122070312,110.6050033569336,110.62000274658203,5784800
2024-10-04,111.62570190429688,112.6449966430664,112.92500305175781,111.45999908447266,112.84500122070312,5009200
2024-10-07,110.85771942138672,111.87000274658203,112.88500213623047,111.58999633789062,112.13999938964844,4430400
2024-10-08,112.92879486083984,113.95999908447266,114.1500015258789,112.41999816894531,112.67500305175781,7864800
2024-10-09,114.1922607421875,115.23500061035156,115.3949966430664,113.69499969482422,114.05000305175781,7579800
2024-10-10,114.16253662109375,115.20500183105469,115.50499725341797,114.1449966430664,114.46499633789062,5692200
2024-10-11,114.36072540283203,115.40499877929688,115.66500091552734,114.76000213623047,114.93000030517578,8849000
2024-10-14,115.85211181640625,116.91000366210938,117.1500015258789,116.08499908447266,116.13999938964844,9810200
2024-10-15,113.30536651611328,114.33999633789062,117.28500366210938,113.91500091552734,117.0,14179400
2024-10-16,113.65715789794922,114.69499969482422,114.87000274658203,113.45999908447266,114.69999694824219,5758800
2024-10-17,114.00398254394531,115.04499816894531,116.36000061035156,115.04499816894531,116.29499816894531,6051200
2024-10-18,114.4102783203125,115.45500183105469,115.87999725341797,115.20999908447266,115.6449966430664,4537000
2024-10-21,114.94539642333984,115.99500274658203,116.01000213623047,114.88500213623047,115.09500122070312,6322400
2024-10-22,114.82647705078125,115.875,116.2699966430664,115.05000305175781,115.37999725341797,6169200
2024-10-23,113.1814956665039,114.21499633789062,115.62000274658203,113.23999786376953,115.44499969482422,6083600
2024-10-24,113.51347351074219,114.55000305175781,114.83499908447266,113.87000274658203,114.68000030517578,4832800
2024-10-25,114.10308074951172,115.1449966430664,116.44000244140625,114.9800033569336,115.19999694824219,8314800
2024-10-28,114.06840515136719,115.11000061035156,115.97000122070312,115.08499908447266,115.97000122070312,5899200
2024-10-29,115.6043701171875,116.66000366210938,116.99500274658203,114.9000015258789,115.33000183105469,7451600
2024-10-30,113.76615905761719,114.80500030517578,115.90499877929688,114.7300033569336,115.59500122070312,8341200
2024-10-31,110.114501953125,111.12000274658203,113.54499816894531,111.08000183105469,113.54499816894531,12110200
2024-11-01,110.94194793701172,111.95500183105469,112.79000091552734,111.08999633789062,111.23999786376953,11565800
2024-11-04,110.85771942138672,111.87000274658203,112.67500305175781,111.3949966430664,112.05999755859375,6311800
2024-11-05,112.41846466064453,113.44499969482422,113.53500366210938,112.21499633789062,112.21499633789062,7273000
2024-11-06,115.61922454833984,116.67500305175781,116.88999938964844,115.29000091552734,115.63500213623047,10967800
2024-11-07,117.63581848144531,118.70999908447266,118.84500122070312,117.43000030517578,117.48500061035156,10463000
2024-11-08,117.50700378417969,118.58000183105469,118.97000122070312,118.1500015258789,118.55999755859375,7236400
2024-11-11,116.8579330444336,117.92500305175781,118.63999938964844,117.22000122070312,118.56500244140625,7267200
2024-11-12,117.0065689086914,118.07499694824219,118.2249984741211,117.1449966430664,117.84500122070312,7530800
2024-11-13,116.60026550292969,117.66500091552734,118.53500366210938,117.30000305175781,117.82499694824219,6329600
2024-11-14,116.20388793945312,117.26499938964844,118.05999755859375,117.07499694824219,117.8550033569336,6602000
2024-11-15,113.32022094726562,114.3550033569336,115.96499633789062,113.9749984741211,115.81500244140625,11229800
2024-11-18,113.68688201904297,114.7249984741211,115.20999908447266,113.86000061035156,114.3550033569336,6166800
2024-11-19,114.61837768554688,115.66500091552734,115.76000213623047,114.00499725341797,114.00499725341797,6906800
2024-11-20,114.51927947998047,115.56500244140625,115.80500030517578,114.0250015258789,115.76499938964844,8874400
2024-11-21,115.68365478515625,116.73999786376953,117.28500366210938,114.9000015258789,116.68499755859375,10591800
2024-11-22,115.74311065673828,116.80000305175781,117.06999969482422,116.11000061035156,116.52999877929688,7090800
2024-11-25,115.73814392089844,116.79499816894531,117.88500213623047,116.26499938964844,117.68000030517578,11137200
2024-11-26,116.31785583496094,117.37999725341797,117.74500274658203,116.87999725341797,117.32499694824219,6229400
2024-11-27,114.74224853515625,115.79000091552734,116.65499877929688,114.76499938964844,116.58499908447266,6369400
2024-11-29,115.8075180053711,116.86499786376953,117.11000061035156,115.94499969482422,116.05999755859375,4168400
2024-12-02,116.907470703125,117.9749984741211,118.41500091552734,116.91999816894531,116.94999694824219,9398200
2024-12-03,117.32862854003906,118.4000015258789,118.43000030517578,117.24500274658203,117.4749984741211,5576000
2024-12-04,119.47403717041016,120.56500244140625,120.625,119.52999877929688,119.87999725341797,10840000
2024-12-05,118.86955261230469,119.95500183105469,120.51499938964844,119.79000091552734,120.375,5638000
2024-12-06,119.33033752441406,120.41999816894531,120.94000244140625,120.03500366210938,120.16500091552734,6654200
2024-12-09,118.55245971679688,119.63500213623047,120.4000015258789,119.33000183105469,119.97000122070312,8032400
2024-12-10,116.907470703125,117.9749984741211,119.55500030517578,117.5999984741211,119.2300033569336,11234400
2024-12-11,118.60199737548828,119.68499755859375,120.06500244140625,118.5,118.91000366210938,8689600
2024-12-12,117.93806457519531,119.01499938964844,119.45500183105469,118.62999725341797,118.91999816894531,7218200
2024-12-13,118.44345092773438,119.5250015258789,120.55999755859375,118.57499694824219,120.08999633789062,8677000
2024-12-16,119.62763977050781,120.72000122070312,120.82499694824219,119.42500305175781,119.68000030517578,9442600
2024-12-17,118.90422821044922,119.98999786376953,120.45999908447266,119.40499877929688,119.86499786376953,8145000
2024-12-18,115.06924438476562,116.12000274658203,120.7249984741211,115.8499984741211,120.3949966430664,16927200
2024-12-19,115.19313049316406,116.24500274658203,117.68000030517578,116.09500122070312,117.30000305175781,13383400
2024-12-20,116.91243743896484,117.9800033569336,118.93000030517578,115.09500122070312,115.45500183105469,14924800
2024-12-23,118.15116119384766,119.03500366210938,119.08499908447266,117.49500274658203,118.125,7973400
2024-12-24,119.37202453613281,120.26499938964844,120.2699966430664,119.27999877929688,119.45999908447266,4653400
2024-12-26,119.45142364501953,120.34500122070312,120.78500366210938,119.49500274658203,119.87999725341797,7150800
2024-12-27,117.8633041381836,118.74500274658203,119.69000244140625,117.57499694824219,119.53500366210938,8726400
2024-12-30,116.36451721191406,117.23500061035156,118.16999816894531,116.29000091552734,117.01499938964844,7950400
2024-12-31,115.39676666259766,116.26000213623047,117.63500213623047,115.87999725341797,117.55500030517578,9381200
2025-01-02,115.12380981445312,115.98500061035156,117.51000213623047,114.88999938964844,117.18000030517578,12766600
2025-01-03,116.99977111816406,117.875,118.0,116.46499633789062,116.69499969482422,9117600
2025-01-06,118.48863220214844,119.375,120.52999877929688,118.90499877929688,119.22000122070312,8975400
2025-01-07,116.11141967773438,116.9800033569336,120.0,116.56999969482422,120.0,10006800
2025-01-08,116.07171630859375,116.94000244140625,117.2699966430664,115.81500244140625,117.25,10023800
2025-01-10,113.5406494140625,114.38999938964844,115.7300033569336,113.71499633789062,115.70999908447266,11665800
2025-01-13,112.73666381835938,113.58000183105469,113.66000366210938,112.2249984741211,112.55000305175781,10656000
2025-01-14,113.034423828125,113.87999725341797,114.7750015258789,112.9749984741211,114.45999908447266,7220200
2025-01-15,115.28260803222656,116.1449966430664,116.48500061035156,115.05500030517578,115.43499755859375,10465400
2025-01-16,114.39425659179688,115.25,117.16500091552734,115.2249984741211,117.08999633789062,5368400
2025-01-17,116.18585968017578,117.05500030517578,117.47000122070312,116.54000091552734,117.33000183105469,6742600
2025-01-21,117.15361785888672,118.02999877929688,118.31999969482422,116.62999725341797,117.44499969482422,6744200
2025-01-22,119.798828125,120.69499969482422,120.9749984741211,119.45500183105469,119.625,10243800
2025-01-23,120.01223754882812,120.91000366210938,120.93499755859375,119.6500015258789,119.76499938964844,7604400
2025-01-24,118.76158905029297,119.6500015258789,121.29000091552734,119.26499938964844,121.29000091552734,6607600
2025-01-27,112.94013977050781,113.78500366210938,115.48999786376953,112.73500061035156,114.29000091552734,20705600
2025-01-28,115.95260620117188,116.81999969482422,117.08000183105469,113.34500122070312,114.55500030517578,11260600
2025-01-29,115.00965881347656,115.87000274658203,116.6449966430664,114.74500274658203,116.58999633789062,9050000
2025-01-30,115.22305297851562,116.08499908447266,116.48500061035156,114.87000274658203,115.66500091552734,8840200
2025-01-31,114.54810333251953,115.40499877929688,117.86499786376953,115.09500122070312,117.16500091552734,10741800
2025-02-03,113.00465393066406,113.8499984741211,114.54499816894531,112.25,112.8499984741211,13752800
2025-02-04,114.63247680664062,115.48999786376953,115.66999816894531,114.19999694824219,114.23999786376953,8371200
2025-02-05,116.2255630493164,117.09500122070312,117.12000274658203,115.2300033569336,115.59500122070312,5398000
2025-02-06,116.5431900024414,117.41500091552734,117.65499877929688,116.57499694824219,117.09500122070312,6808000
2025-02-07,115.545654296875,116.41000366210938,118.45500183105469,116.0199966430664,117.88999938964844,8552800
2025-02-10,117.2330322265625,118.11000061035156,118.40499877929688,117.29499816894531,117.33000183105469,6054200
2025-02-11,117.2876205444336,118.16500091552734,118.63999938964844,117.375,117.45500183105469,6456200
2025-02-12,117.03450775146484,117.91000366210938,118.05000305175781,116.37000274658203,116.5,8555600
2025-02-13,118.69210815429688,119.58000183105469,119.65499877929688,117.95500183105469,118.12000274658203,7829600
2025-02-14,119.0940933227539,119.98500061035156,120.08499908447266,119.26000213623047,119.4800033569336,4557000
2025-02-18,120.18096923828125,121.08000183105469,121.09500122070312,120.04499816894531,120.6050033569336,6024000
2025-02-19,120.1908950805664,121.08999633789062,121.56999969482422,120.0999984741211,120.94499969482422,5604200
2025-02-20,119.80876159667969,120.70500183105469,121.13500213623047,119.43000030517578,120.9749984741211,5987400
2025-02-21,116.56303405761719,117.43499755859375,120.79000091552734,117.375,120.73999786376953,9057600
2025-02-24,114.89551544189453,115.75499725341797,118.22000122070312,115.61000061035156,117.88999938964844,7447600
2025-02-25,113.4066390991211,114.25499725341797,115.61499786376953,113.4749984741211,115.51000213623047,10433600
2025-02-26,114.64240264892578,115.5,116.58999633789062,114.61499786376953,115.375,7630600
2025-02-27,110.4686279296875,111.29499816894531,116.25,111.24500274658203,116.12999725341797,10100000
2025-02-28,111.92770385742188,112.76499938964844,112.87999725341797,109.8499984741211,110.79499816894531,14172200
2025-03-03,108.52317810058594,109.33499908447266,113.57499694824219,108.5250015258789,113.34500122070312,12516200
2025-03-04,108.43881225585938,109.25,111.18000030517578,107.12999725341797,108.5250015258789,17721000
2025-03-05,109.9624252319336,110.78500366210938,111.1449966430664,108.12000274658203,109.58999633789062,11931000
2025-03-06,106.91024017333984,107.70999908447266,110.2249984741211,107.19000244140625,108.51000213623047,16432000
2025-03-07,108.45865631103516,109.2699966430664,109.54499816894531,106.31500244140625,107.58499908447266,11263400
2025-03-10,103.84814453125,104.625,107.30999755859375,103.54000091552734,107.11000061035156,21561800
2025-03-11,103.42630767822266,104.19999694824219,105.95500183105469,103.1449966430664,104.30500030517578,14832800
2025-03-12,105.05413055419922,105.83999633789062,106.76000213623047,104.57499694824219,106.05999755859375,10981600
2025-03-13,103.05906677246094,103.83000183105469,105.7699966430664,103.42500305175781,105.53500366210938,12383000
2025-03-14,106.17574310302734,106.97000122070312,107.08000183105469,105.15499877929688,105.19000244140625,10040800
2025-03-17,106.91519927978516,107.71499633789062,108.4800033569336,106.57499694824219,106.88500213623047,10148800
2025-03-18,105.28738403320312,106.07499694824219,107.05999755859375,105.68499755859375,106.94999694824219,11486600
2025-03-19,106.65714263916016,107.45500183105469,108.71499633789062,106.17500305175781,106.62000274658203,8838600
2025-03-20,105.89781951904297,106.69000244140625,107.86499786376953,106.07499694824219,106.23500061035156,7145200
2025-03-21,106.1856689453125,106.9800033569336,107.125,104.97000122070312,105.36000061035156,10425400
2025-03-24,108.1966781616211,108.81500244140625,109.07499694824219,108.28500366210938,108.56999969482422,8200200
2025-03-25,108.55463409423828,109.17500305175781,109.31999969482422,108.69000244140625,108.74500274658203,7481800
2025-03-26,106.13346862792969,106.73999786376953,109.0999984741211,106.31999969482422,108.83999633789062,7873000
2025-03-27,105.15406036376953,105.75499725341797,106.61000061035156,105.19499969482422,106.01000213623047,6577800
2025-03-28,102.60364532470703,103.19000244140625,105.62999725341797,102.83999633789062,105.20500183105469,10667600
2025-03-31,102.65335083007812,103.23999786376953,103.4749984741211,100.36499786376953,101.38999938964844,14219000
2025-04-01,103.40406036376953,103.99500274658203,104.08499908447266,101.98999786376953,102.83000183105469,9480200
2025-04-02,104.16969299316406,104.76499938964844,105.62999725341797,102.43000030517578,102.51000213623047,9292000
2025-04-03,97.06031799316406,97.61499786376953,100.3499984741211,97.53500366210938,99.74500274658203,19451400
2025-04-04,90.6668472290039,91.18499755859375,95.31999969482422,91.1500015258789,94.56999969482422,33804600
2025-04-07,91.2087631225586,91.7300033569336,95.90499877929688,86.2249984741211,87.46499633789062,44557800
2025-04-08,89.35435485839844,89.86499786376953,96.41999816894531,88.22000122070312,95.1449966430664,25811400
2025-04-09,101.35079956054688,101.93000030517578,102.48999786376953,89.93499755859375,90.05000305175781,36988800
2025-04-10,96.63275909423828,97.18499755859375,99.0999984741211,93.86499786376953,98.42500305175781,19747600
2025-04-11,98.6114501953125,99.17500305175781,99.5999984741211,95.9749984741211,96.69999694824219,14423200
2025-04-14,99.51130676269531,100.08000183105469,102.31500244140625,99.0,102.25,11904400
2025-04-15,99.87423706054688,100.44499969482422,101.20500183105469,99.9749984741211,100.23500061035156,7200000
2025-04-16,96.40406799316406,96.95500183105469,98.79000091552734,95.2699966430664,97.75,13222400
2025-04-17,95.8820571899414,96.43000030517578,97.6500015258789,96.0199966430664,97.6500015258789,7480800
2025-04-21,93.40620422363281,93.94000244140625,95.1449966430664,92.59500122070312,94.90499877929688,8973400
2025-04-22,95.68318939208984,96.2300033569336,96.78500366210938,94.63500213623047,95.19000244140625,9312800
2025-04-23,98.45732879638672,99.0199966430664,100.9749984741211,98.61499786376953,99.91999816894531,13413800
2025-04-24,102.13134002685547,102.71499633789062,102.8550033569336,99.83499908447266,99.99500274658203,9317000
2025-04-25,103.64270782470703,104.23500061035156,104.43000030517578,102.30500030517578,102.40499877929688,6518400
2025-04-28,103.47366333007812,104.06500244140625,104.61499786376953,102.51000213623047,104.0999984741211,5574400
2025-04-29,103.95591735839844,104.55000305175781,104.98500061035156,103.56500244140625,103.56500244140625,9144400
2025-04-30,104.38843536376953,104.98500061035156,105.375,101.9000015258789,102.49500274658203,10203800
2025-05-01,105.91968536376953,106.5250015258789,108.2750015258789,106.43000030517578,107.27999877929688,11532800
2025-05-02,107.68956756591797,108.30500030517578,108.80999755859375,107.45500183105469,107.74500274658203,8125400
2025-05-05,107.11784362792969,107.7300033569336,108.5,107.31999969482422,107.375,6757000
2025-05-06,106.2279281616211,106.83499908447266,107.62000274658203,105.80500030517578,106.12999725341797,7958200
2025-05-07,107.29183959960938,107.90499877929688,108.375,106.0999984741211,106.83499908447266,8169400
2025-05-08,108.31598663330078,108.93499755859375,109.97000122070312,108.00499725341797,108.9749984741211,8704400
2025-05-09,108.1817626953125,108.80000305175781,109.62000274658203,108.23999786376953,109.41999816894531,7330000
2025-05-12,113.20306396484375,113.8499984741211,113.88999938964844,112.2699966430664,113.41500091552734,13478200
2025-05-13,115.64908599853516,116.30999755859375,116.69000244140625,114.12999725341797,114.26000213623047,12757200
2025-05-14,116.3998031616211,117.06500244140625,117.5250015258789,116.37999725341797,116.8550033569336,10248000
2025-05-15,116.55888366699219,117.2249984741211,117.88500213623047,116.29000091552734,116.43000030517578,9536400
2025-05-16,116.77763366699219,117.44499969482422,117.6050033569336,116.43000030517578,117.6050033569336,8111600
2025-05-19,116.60861206054688,117.2750015258789,117.54000091552734,115.66999816894531,115.70999908447266,11863000
2025-05-20,116.17110443115234,116.83499908447266,116.8550033569336,115.94999694824219,116.54499816894531,10273200
2025-05-21,113.98857879638672,114.63999938964844,117.3550033569336,114.17500305175781,115.73999786376953,18643600
2025-05-22,114.0184097290039,114.66999816894531,115.69999694824219,114.41500091552734,114.69499969482422,11372000
2025-05-23,112.76058959960938,113.40499877929688,114.1449966430664,112.55000305175781,112.67500305175781,12004000
2025-05-27,115.44027709960938,116.0999984741211,116.26000213623047,114.78500366210938,115.16999816894531,14208400
2025-05-28,114.9630126953125,115.62000274658203,116.70500183105469,115.44999694824219,116.23999786376953,10789200
2025-05-29,115.15690612792969,115.81500244140625,117.48999786376953,115.22000122070312,117.37000274658203,14011800
2025-05-30,114.79894256591797,115.45500183105469,115.81500244140625,113.70999908447266,115.76000213623047,13494000
2025-06-02,115.81314086914062,116.4749984741211,116.54499816894531,115.01000213623047,115.1500015258789,12878800
2025-06-03,117.5531997680664,118.2249984741211,118.31500244140625,116.54499816894531,116.62999725341797,14312400
2025-06-04,117.72721099853516,118.4000015258789,118.7699966430664,117.81500244140625,118.375,10899200
2025-06-05,117.39411926269531,118.06500244140625,119.78500366210938,117.55500030517578,118.75,15885200
2025-06-06,118.50277709960938,119.18000030517578,119.7300033569336,118.83999633789062,119.20500183105469,9026000
2025-06-09,119.0844497680664,119.76499938964844,120.50499725341797,119.55500030517578,119.6449966430664,11100600
2025-06-10,119.75064086914062,120.43499755859375,120.61499786376953,119.29499816894531,119.74500274658203,9831600
2025-06-11,119.48714447021484,120.16999816894531,121.21499633789062,119.55000305175781,120.7249984741211,9599600
2025-06-12,120.59581756591797,121.28500366210938,121.56500244140625,120.125,120.1449966430664,11210400
2025-06-13,118.90547180175781,119.58499908447266,120.79499816894531,119.1449966430664,119.87999725341797,13193800
2025-06-16,120.82947540283203,121.5199966430664,121.87999725341797,120.30500030517578,120.30500030517578,13866200
2025-06-17,119.97437286376953,120.66000366210938,121.86499786376953,120.375,121.01000213623047,10525400
2025-06-18,120.11854553222656,120.80500030517578,121.56500244140625,120.19000244140625,120.95500183105469,11066000
2025-06-20,119.58657836914062,120.2699966430664,121.6449966430664,119.70500183105469,121.23500061035156,11490600
2025-06-23,120.95006561279297,121.44000244140625,121.54499816894531,119.375,120.19000244140625,12277000
2025-06-24,123.12126159667969,123.62000274658203,123.7699966430664,122.52999877929688,122.67500305175781,11329400
2025-06-25,124.17201232910156,124.67500305175781,124.86000061035156,124.1500015258789,124.26000213623047,9228600
2025-06-26,125.0285415649414,125.53500366210938,125.73500061035156,124.73999786376953,125.23500061035156,11288400
2025-06-27,124.879150390625,125.38500213623047,126.3550033569336,124.81500244140625,125.875,12196600
2025-06-30,126.10417938232422,126.61499786376953,126.95999908447266,125.875,126.48500061035156,13365200
2025-07-01,124.9787368774414,125.48500061035156,126.4749984741211,124.625,126.20999908447266,15144800
2025-07-02,126.29839324951172,126.80999755859375,126.8949966430664,125.08000183105469,125.16999816894531,11950200
2025-07-03,127.96165466308594,128.47999572753906,128.86500549316406,127.44999694824219,127.5,7112800
2025-07-07,126.94577026367188,127.45999908447266,128.32000732421875,126.88999938964844,127.98500061035156,11560800
2025-07-08,127.62801361083984,128.14500427246094,128.38999938964844,127.61499786376953,128.1300048828125,15715200
2025-07-09,128.3948974609375,128.9149932861328,129.39999389648438,127.95999908447266,128.60000610351562,12933600
2025-07-10,127.97162628173828,128.49000549316406,129.35000610351562,127.81500244140625,129.23500061035156,9988600
2025-07-11,127.40889739990234,127.92500305175781,128.6750030517578,127.72000122070312,127.87999725341797,9239000
2025-07-14,127.3043212890625,127.81999969482422,128.13499450683594,126.5999984741211,127.61000061035156,8125200
2025-07-15,128.43475341796875,128.9550018310547,129.61500549316406,128.91000366210938,129.30999755859375,15657000
2025-07-16,128.8331298828125,129.35499572753906,129.42999267578125,127.40499877929688,129.0,17782600
2025-07-17,130.00338745117188,130.52999877929688,130.73500061035156,129.2550048828125,129.50999450683594,11955000
2025-07-18,129.9187469482422,130.44500732421875,131.0749969482422,130.09500122070312,131.02999877929688,10281000
2025-07-21,130.0880584716797,130.61500549316406,131.5050048828125,130.44000244140625,130.58999633789062,9246600
2025-07-22,128.88291931152344,129.40499877929688,130.60499572753906,128.47500610351562,130.51499938964844,13448800
2025-07-23,129.6199493408203,130.14500427246094,130.31500244140625,128.97000122070312,129.74000549316406,10091800
2025-07-24,130.167724609375,130.69500732421875,130.9499969482422,129.9600067138672,130.46499633789062,12159600
2025-07-25,130.4665069580078,130.9949951171875,131.3249969482422,130.38499450683594,130.65499877929688,8002000
2025-07-28,131.50729370117188,132.0399932861328,132.0749969482422,131.22500610351562,131.4949951171875,11517600
2025-07-29,131.5122833251953,132.0449981689453,133.63499450683594,131.82000732421875,132.89999389648438,13739000
2025-07-30,131.80609130859375,132.33999633789062,132.7899932861328,131.3000030517578,132.18499755859375,13934600
2025-07-31,130.83999633789062,131.3699951171875,134.0050048828125,130.72999572753906,134.0050048828125,16414400
2025-08-01,128.0164337158203,128.53500366210938,129.98500061035156,127.88999938964844,129.94000244140625,19438000
2025-08-04,130.61590576171875,131.14500427246094,131.1699981689453,129.7449951171875,129.7449951171875,12377000
2025-08-05,129.5352783203125,130.05999755859375,131.7449951171875,129.75999450683594,131.6300048828125,11176000
2025-08-06,130.99436950683594,131.52499389648438,131.69500732421875,130.10000610351562,130.18499755859375,10167000
2025-08-07,131.1138916015625,131.64500427246094,133.2050018310547,130.5500030517578,132.99000549316406,10318000
2025-08-08,132.42359924316406,132.9600067138672,133.11000061035156,131.7949981689453,132.13999938964844,11015800
2025-08-11,131.5272216796875,132.05999755859375,133.47500610351562,131.7550048828125,132.875,9425400
2025-08-12,133.56398010253906,134.10499572753906,134.13999938964844,131.98500061035156,132.72000122070312,11153800
2025-08-13,133.61376953125,134.15499877929688,135.02499389648438,133.6649932861328,134.8800048828125,13990200
2025-08-14,133.32493591308594,133.86500549316406,134.3249969482422,133.1649932861328,133.47500610351562,15484400
2025-08-15,132.3140411376953,132.85000610351562,133.68499755859375,132.32000732421875,133.68499755859375,13373200
2025-08-18,132.59786987304688,133.13499450683594,133.2550048828125,132.55499267578125,132.68499755859375,12233800
2025-08-19,130.28225708007812,130.80999755859375,133.11500549316406,130.56500244140625,133.0850067138672,17367000
2025-08-20,129.4008331298828,129.9250030517578,130.47999572753906,127.91999816894531,130.47999572753906,23064200
2025-08-21,128.93272399902344,129.4550018310547,130.1300048828125,128.89500427246094,129.61000061035156,15148600
2025-08-22,130.6806640625,131.2100067138672,132.06500244140625,128.9550018310547,129.31500244140625,13756000
2025-08-25,130.38682556152344,130.9149932861328,131.73500061035156,130.55499267578125,131.2050018310547,10691800
2025-08-26,130.9844207763672,131.51499938964844,131.69000244140625,130.8350067138672,131.02499389648438,11081000
2025-08-27,131.69154357910156,132.22500610351562,132.375,131.0399932861328,131.64500427246094,11538600
2025-08-28,132.73233032226562,133.27000427246094,133.55499267578125,131.72500610351562,132.38499450683594,12380600
2025-08-29,130.69557189941406,131.22500610351562,132.7100067138672,130.7449951171875,132.68499755859375,17481200
2025-09-02,129.3759307861328,129.89999389648438,130.02000427246094,128.13999938964844,128.90499877929688,18226000
2025-09-03,130.14781188964844,130.6750030517578,130.93499755859375,129.6999969482422,130.56500244140625,15636600
2025-09-04,130.7902069091797,131.32000732421875,131.375,129.61000061035156,130.13999938964844,24397400
2025-09-05,130.89974975585938,131.42999267578125,132.61500549316406,130.09500122070312,132.56500244140625,38561800
2025-09-08,131.88076782226562,132.4149932861328,132.89500427246094,132.08999633789062,132.1199951171875,20556000
2025-09-09,132.13475036621094,132.6699981689453,132.80999755859375,131.72999572753906,132.7100067138672,19355000
2025-09-10,134.53004455566406,135.0749969482422,135.98500061035156,134.42999267578125,135.35499572753906,25957200
2025-09-11,134.98321533203125,135.52999877929688,136.11500549316406,135.30999755859375,135.9250030517578,23429200
2025-09-12,134.89356994628906,135.44000244140625,135.92999267578125,135.14999389648438,135.8000030517578,15612200
2025-09-15,136.10865783691406,136.66000366210938,136.69000244140625,135.49000549316406,135.65499877929688,16268000
2025-09-16,135.6355743408203,136.18499755859375,137.07000732421875,136.02000427246094,136.97500610351562,16081400
2025-09-17,135.16746520996094,135.71499633789062,136.25999450683594,134.30999755859375,136.09500122070312,18948600
2025-09-18,137.5030059814453,138.05999755859375,138.46499633789062,136.80999755859375,137.47500610351562,20882600
2025-09-19,138.89736938476562,139.4600067138672,139.58999633789062,138.1649932861328,138.61500549316406,15670800
2025-09-22,140.9407196044922,141.3300018310547,141.44500732421875,139.02000427246094,139.0749969482422,15771200
2025-09-23,139.72409057617188,140.11000061035156,141.36500549316406,139.49000549316406,141.13499450683594,16456400
2025-09-24,138.8614501953125,139.2449951171875,140.48500061035156,138.31500244140625,140.48500061035156,13471000
2025-09-25,138.6171417236328,139.0,139.34500122070312,137.125,137.97999572753906,21349600
2025-09-26,139.03598022460938,139.4199981689453,139.5449981689453,138.19000244140625,139.14999389648438,16534000
2025-09-29,139.77891540527344,140.1649932861328,140.9600067138672,139.83999633789062,140.22000122070312,16107400
2025-09-30,140.54180908203125,140.92999267578125,141.07000732421875,139.8699951171875,140.1649932861328,18215200
2025-10-01,141.9180145263672,142.30999755859375,142.41000366210938,140.1699981689453,140.2100067138672,17411200
2025-10-02,142.68589782714844,143.0800018310547,143.6649932861328,142.43499755859375,143.63499450683594,17607800
2025-10-03,141.96788024902344,142.36000061035156,143.94000244140625,141.8699951171875,143.2100067138672,17458000
2025-10-06,143.40391540527344,143.8000030517578,144.72000122070312,143.72500610351562,144.27999877929688,17945600
2025-10-07,142.44656372070312,142.83999633789062,144.75,142.0850067138672,144.5399932861328,15588400
2025-10-08,144.9446563720703,145.34500122070312,145.35000610351562,143.09500122070312,143.1699981689453,14037800
2025-10-09,144.70033264160156,145.10000610351562,145.41000366210938,144.34500122070312,145.27999877929688,11989400
2025-10-10,138.8115997314453,139.19500732421875,145.6699981689453,139.13999938964844,145.40499877929688,44574600
2025-10-13,142.19227600097656,142.5850067138672,143.05999755859375,141.55499267578125,142.36500549316406,22030400
2025-10-14,140.3673095703125,140.7550048828125,142.19000244140625,139.1199951171875,140.71499633789062,26956800
2025-10-15,141.75845336914062,142.14999389648438,143.2899932861328,140.39999389648438,142.72999572753906,20937600
2025-10-16,141.86317443847656,142.2550048828125,143.80999755859375,141.28500366210938,143.1750030517578,23166200
2025-10-17,142.11248779296875,142.5050048828125,142.92999267578125,140.50999450683594,141.41000366210938,25511600
2025-10-20,143.69810485839844,144.09500122070312,144.7100067138672,143.23500061035156,143.32000732421875,13805200
2025-10-21,143.7729034423828,144.1699981689453,144.68499755859375,143.47500610351562,144.0050048828125,12503800
2025-10-22,142.35182189941406,142.7449951171875,144.4199981689453,140.9499969482422,144.10499572753906,20723200
2025-10-23,144.1468505859375,144.5449981689453,144.77499389648438,142.18499755859375,142.18499755859375,11923400
2025-10-24,146.38568115234375,146.7899932861328,147.28500366210938,146.03500366210938,146.25,14359600
2025-10-27,149.08822631835938,149.5,149.6300048828125,148.61000061035156,148.85000610351562,15167000
2025-10-28,150.5641326904297,150.97999572753906,151.57000732421875,149.7100067138672,150.22500610351562,15055200
2025-10-29,151.64614868164062,152.06500244140625,152.9949951171875,150.93499755859375,152.35000610351562,21506200
2025-10-30,149.78131103515625,150.19500732421875,151.97999572753906,150.14500427246094,151.1999969482422,19218600
2025-10-31,149.92588806152344,150.33999633789062,151.82000732421875,149.47000122070312,151.7100067138672,16303800
2025-11-03,150.53919982910156,150.9550018310547,152.11000061035156,150.1300048828125,151.77999877929688,13983600
2025-11-04,146.565185546875,146.97000122070312,149.1999969482422,146.72500610351562,148.22500610351562,16722600
2025-11-05,147.13861083984375,147.5449981689453,148.74000549316406,146.48500061035156,146.7100067138672,14447000
2025-11-06,144.1817626953125,144.5800018310547,147.47000122070312,143.8350067138672,147.30999755859375,24797400
2025-11-07,143.68313598632812,144.0800018310547,144.11500549316406,140.8000030517578,143.34500122070312,25547000
2025-11-10,147.35800170898438,147.76499938964844,148.0449981689453,145.89500427246094,146.65499877929688,18286400
2025-11-11,146.10147094726562,146.5050048828125,147.05499267578125,145.52999877929688,146.7899932861328,14871600
2025-11-12,146.5552215576172,146.9600067138672,147.72999572753906,146.0749969482422,147.72999572753906,13179200
2025-11-13,142.90029907226562,143.2949981689453,146.33999633789062,142.51499938964844,146.13999938964844,22385800
2025-11-14,143.67816162109375,144.0749969482422,145.3800048828125,140.14500427246094,140.64999389648438,27429600
2025-11-17,141.42938232421875,141.82000732421875,144.28500366210938,140.6750030517578,142.72500610351562,24675400
2025-11-18,139.13072204589844,139.51499938964844,141.32000732421875,138.23500061035156,140.59500122070312,36747600
2025-11-19,140.09803771972656,140.48500061035156,142.05999755859375,139.1649932861328,139.52499389648438,27668800
2025-11-20,135.7001953125,136.0749969482422,144.2550048828125,135.75999450683594,143.72000122070312,56551800
2025-11-21,136.2237548828125,136.60000610351562,138.4199981689453,133.74000549316406,136.3000030517578,44959000
2025-11-24,139.4697723388672,139.85499572753906,140.35000610351562,137.43499755859375,137.52000427246094,20124800
2025-11-25,139.84375,140.22999572753906,140.58999633789062,136.65499877929688,138.625,21303400
2025-11-26,141.49917602539062,141.88999938964844,142.4949951171875,140.7899932861328,141.88499450683594,13358800
2025-11-28,142.7158203125,143.11000061035156,143.13499450683594,141.80499267578125,142.19000244140625,6792200
2025-12-01,142.7806396484375,143.1750030517578,143.60499572753906,141.28500366210938,141.72000122070312,12846600
2025-12-02,144.25157165527344,144.64999389648438,145.51499938964844,143.64500427246094,144.06500244140625,15719000
2025-12-03,144.5956268310547,144.9949951171875,145.09500122070312,143.22999572753906,143.9499969482422,11623200
2025-12-04,145.13414001464844,145.53500366210938,145.7949981689453,144.4949951171875,145.19000244140625,9995200
2025-12-05,146.19619750976562,146.60000610351562,147.30999755859375,145.69000244140625,146.2100067138672,6628000
2025-12-08,147.22337341308594,147.6300048828125,148.3800048828125,146.9199981689453,147.42999267578125,8272800
2025-12-09,147.61228942871094,148.02000427246094,148.25,146.9600067138672,147.33999633789062,6978200
2025-12-10,148.32032775878906,148.72999572753906,149.22000122070312,146.82000732421875,147.69000244140625,8961100
2025-12-11,147.5624237060547,147.97000122070312,148.1300048828125,145.11000061035156,147.05999755859375,9769300
2025-12-12,143.29421997070312,143.69000244140625,147.0800018310547,143.25999450683594,146.94000244140625,14873200
2025-12-15,141.90805053710938,142.3000030517578,144.6300048828125,142.02000427246094,144.4199981689453,10790300
2025-12-16,142.16732788085938,142.55999755859375,142.97000122070312,141.3000030517578,141.91000366210938,10790900
2025-12-17,139.0060577392578,139.38999938964844,142.83999633789062,139.32000732421875,142.72000122070312,18178700
2025-12-18,141.150146484375,141.5399932861328,142.4199981689453,140.7899932861328,141.86000061035156,12319500
2025-12-19,144.20172119140625,144.60000610351562,144.6199951171875,142.57000732421875,142.58999633789062,14265900
2025-12-22,144.979736328125,145.16000366210938,146.00999450683594,144.64999389648438,146.00999450683594,8864500
2025-12-23,145.7687530517578,145.9499969482422,145.97999572753906,144.36000061035156,144.74000549316406,7546100
2025-12-24,146.1183319091797,146.3000030517578,146.5,145.67999267578125,145.7899932861328,3676300
2025-12-26,146.34803771972656,146.52999877929688,146.97999572753906,146.24000549316406,146.61000061035156,5052900
2025-12-29,145.68885803222656,145.8699951171875,146.3800048828125,145.0399932861328,145.35000610351562,9822300
2025-12-30,145.22943115234375,145.41000366210938,146.25999450683594,145.3800048828125,145.85000610351562,6387400
