Date,Adj Close,Close,High,Low,Open,Volume
2010-01-04,17.25077247619629,26.670000076293945,26.780000686645508,26.450000762939453,26.450000762939453,8465900
2010-01-05,17.257240295410156,26.68000030517578,26.719999313354492,26.540000915527344,26.690000534057617,11805400
2010-01-06,17.244308471679688,26.65999984741211,26.690000534057617,26.540000915527344,26.649999618530273,9267000
2010-01-07,17.244308471679688,26.65999984741211,26.739999771118164,26.510000228881836,26.739999771118164,6951500
2010-01-08,17.18609046936035,26.56999969482422,26.600000381469727,26.420000076293945,26.600000381469727,5437400
2010-01-11,17.231367111206055,26.639999389648438,26.68000030517578,26.3799991607666,26.559999465942383,6140200
2010-01-12,17.328397750854492,26.790000915527344,26.790000915527344,26.540000915527344,26.540000915527344,6822400
2010-01-13,17.451295852661133,26.979999542236328,27.040000915527344,26.790000915527344,26.799999237060547,7926700
2010-01-14,17.399547576904297,26.899999618530273,27.0,26.8700008392334,26.940000534057617,5258900
2010-01-15,17.315452575683594,26.770000457763672,26.979999542236328,26.670000076293945,26.940000534057617,11968800
2010-01-19,17.4189453125,26.93000030517578,26.969999313354492,26.719999313354492,26.84000015258789,10974200
2010-01-20,17.28957748413086,26.729999542236328,26.8799991607666,26.530000686645508,26.8799991607666,8670500
2010-01-21,17.043790817260742,26.350000381469727,26.84000015258789,26.290000915527344,26.709999084472656,9044700
2010-01-22,17.00498390197754,26.290000915527344,26.489999771118164,26.200000762939453,26.25,9082400
2010-01-25,17.037330627441406,26.34000015258789,26.489999771118164,26.209999084472656,26.479999542236328,6078200
2010-01-26,17.017913818359375,26.309999465942383,26.40999984741211,26.15999984741211,26.209999084472656,8116700
2010-01-27,17.056726455688477,26.3700008392334,26.399999618530273,26.170000076293945,26.280000686645508,12558400
2010-01-28,17.01144790649414,26.299999237060547,26.610000610351562,26.290000915527344,26.40999984741211,14181700
2010-01-29,16.946765899658203,26.200000762939453,26.56999969482422,26.200000762939453,26.420000076293945,8930500
2010-02-01,17.076129913330078,26.399999618530273,26.450000762939453,26.25,26.360000610351562,9016100
2010-02-02,17.32192039489746,26.780000686645508,26.809999465942383,26.389999389648438,26.450000762939453,7433200
2010-02-03,17.19902992248535,26.59000015258789,26.709999084472656,26.540000915527344,26.709999084472656,6566900
2010-02-04,16.849742889404297,26.049999237060547,26.520000457763672,26.0,26.510000228881836,10827300
2010-02-05,16.804460525512695,25.979999542236328,26.049999237060547,25.709999084472656,26.0,13527400
2010-02-08,16.785058975219727,25.950000762939453,26.170000076293945,25.93000030517578,26.049999237060547,5150900
2010-02-09,16.98557472229004,26.260000228881836,26.399999618530273,26.040000915527344,26.190000534057617,7456500
2010-02-10,16.96616554260254,26.229999542236328,26.290000915527344,26.040000915527344,26.280000686645508,6364600
2010-02-11,17.102006912231445,26.440000534057617,26.489999771118164,26.059999465942383,26.219999313354492,5879800
2010-02-12,17.102006912231445,26.440000534057617,26.489999771118164,26.190000534057617,26.260000228881836,8895400
2010-02-16,17.27664566040039,26.709999084472656,26.729999542236328,26.440000534057617,26.5,7113900
2010-02-17,17.399547576904297,26.899999618530273,26.93000030517578,26.719999313354492,26.790000915527344,7493600
2010-02-18,17.503032684326172,27.059999465942383,27.1200008392334,26.829999923706055,26.889999389648438,7539300
2010-02-19,17.541845321655273,27.1200008392334,27.200000762939453,26.940000534057617,27.049999237060547,4443900
2010-02-22,17.541845321655273,27.1200008392334,27.209999084472656,27.040000915527344,27.200000762939453,4414400
2010-02-23,17.4448184967041,26.969999313354492,27.149999618530273,26.829999923706055,27.030000686645508,8464300
2010-02-24,17.554777145385742,27.139999389648438,27.149999618530273,26.920000076293945,26.979999542236328,4147700
2010-02-25,17.567720413208008,27.15999984741211,27.200000762939453,26.81999969482422,26.899999618530273,6443300
2010-02-26,17.48363494873047,27.030000686645508,27.200000762939453,26.959999084472656,27.200000762939453,5805900
2010-03-01,17.60652732849121,27.219999313354492,27.239999771118164,27.020000457763672,27.1299991607666,4360200
2010-03-02,17.671213150024414,27.31999969482422,27.3799991607666,27.219999313354492,27.270000457763672,14652000
2010-03-03,17.677671432495117,27.329999923706055,27.420000076293945,27.270000457763672,27.360000610351562,7569800
2010-03-04,17.73589515686035,27.420000076293945,27.530000686645508,27.360000610351562,27.420000076293945,5479500
2010-03-05,17.845840454101562,27.59000015258789,27.610000610351562,27.40999984741211,27.559999465942383,5123200
2010-03-08,17.781164169311523,27.489999771118164,27.6200008392334,27.450000762939453,27.579999923706055,2690800
2010-03-09,17.755300521850586,27.450000762939453,27.56999969482422,27.40999984741211,27.43000030517578,4602700
2010-03-10,17.729419708251953,27.40999984741211,27.489999771118164,27.34000015258789,27.489999771118164,4573000
2010-03-11,17.761762619018555,27.459999084472656,27.479999542236328,27.229999542236328,27.360000610351562,6084000
2010-03-12,17.774702072143555,27.479999542236328,27.540000915527344,27.440000534057617,27.5,14073100
2010-03-15,17.910539627075195,27.690000534057617,27.709999084472656,27.450000762939453,27.450000762939453,4104900
2010-03-16,17.994613647460938,27.81999969482422,27.84000015258789,27.65999984741211,27.65999984741211,5360500
2010-03-17,18.072242736816406,27.940000534057617,27.979999542236328,27.809999465942383,27.889999389648438,3955000
2010-03-18,18.091642379760742,27.969999313354492,27.989999771118164,27.8799991607666,27.940000534057617,4596000
2010-03-19,18.038375854492188,27.770000457763672,27.950000762939453,27.639999389648438,27.770000457763672,4385200
2010-03-22,18.12932586669922,27.90999984741211,27.950000762939453,27.649999618530273,27.65999984741211,3038800
2010-03-23,18.27222442626953,28.1299991607666,28.170000076293945,27.8799991607666,27.899999618530273,5327400
2010-03-24,18.142311096191406,27.93000030517578,28.1200008392334,27.850000381469727,28.1200008392334,3325600
2010-03-25,18.116331100463867,27.889999389648438,28.040000915527344,27.850000381469727,28.030000686645508,3843500
2010-03-26,18.12932586669922,27.90999984741211,27.989999771118164,27.809999465942383,27.950000762939453,3289300
2010-03-29,18.213764190673828,28.040000915527344,28.110000610351562,27.93000030517578,28.0,6690800
2010-03-30,18.24624252319336,28.09000015258789,28.190000534057617,28.010000228881836,28.100000381469727,3458100
2010-03-31,18.142311096191406,27.93000030517578,28.06999969482422,27.90999984741211,28.049999237060547,4757200
2010-04-01,18.259233474731445,28.110000610351562,28.15999984741211,27.979999542236328,28.059999465942383,4442600
2010-04-05,18.259233474731445,28.110000610351562,28.190000534057617,28.059999465942383,28.190000534057617,3603500
2010-04-06,18.200769424438477,28.020000457763672,28.06999969482422,27.989999771118164,28.030000686645508,3965600
2010-04-07,18.08384895324707,27.84000015258789,28.0,27.790000915527344,28.0,3591200
2010-04-08,18.116331100463867,27.889999389648438,27.940000534057617,27.760000228881836,27.84000015258789,2570500
2010-04-09,18.213764190673828,28.040000915527344,28.059999465942383,27.8700008392334,27.940000534057617,3339000
2010-04-12,18.27222442626953,28.1299991607666,28.1299991607666,28.010000228881836,28.030000686645508,4090000
2010-04-13,18.213764190673828,28.040000915527344,28.1200008392334,27.889999389648438,28.030000686645508,3045800
2010-04-14,18.23974609375,28.079999923706055,28.079999923706055,27.90999984741211,28.030000686645508,3626000
2010-04-15,18.20726776123047,28.030000686645508,28.030000686645508,27.899999618530273,27.959999084472656,3876300
2010-04-16,18.12932586669922,27.90999984741211,28.1299991607666,27.809999465942383,27.940000534057617,6525100
2010-04-19,18.200769424438477,28.020000457763672,28.030000686645508,27.829999923706055,27.850000381469727,4791100
2010-04-20,18.252735137939453,28.100000381469727,28.170000076293945,28.010000228881836,28.06999969482422,5377800
2010-04-21,18.252735137939453,28.100000381469727,28.200000762939453,28.040000915527344,28.149999618530273,5605500
2010-04-22,18.252735137939453,28.100000381469727,28.100000381469727,27.8799991607666,27.959999084472656,2422800
2010-04-23,18.20726776123047,28.030000686645508,28.06999969482422,27.8700008392334,28.06999969482422,4651200
2010-04-26,18.168291091918945,27.969999313354492,28.1299991607666,27.959999084472656,28.049999237060547,4452200
2010-04-27,17.850011825561523,27.479999542236328,27.899999618530273,27.459999084472656,27.84000015258789,8249300
2010-04-28,17.9929141998291,27.700000762939453,27.770000457763672,27.450000762939453,27.59000015258789,5162100
2010-04-29,18.051376342773438,27.790000915527344,27.90999984741211,27.649999618530273,27.780000686645508,4095500
2010-04-30,17.947444915771484,27.6299991607666,27.950000762939453,27.6200008392334,27.770000457763672,7474600
2010-05-03,18.051376342773438,27.790000915527344,27.860000610351562,27.6200008392334,27.65999984741211,3372800
2010-05-04,17.869495391845703,27.510000228881836,27.739999771118164,27.459999084472656,27.59000015258789,12393300
2010-05-05,17.934457778930664,27.610000610351562,27.690000534057617,27.399999618530273,27.399999618530273,9048500
2010-05-06,17.48625373840332,26.920000076293945,27.56999969482422,24.950000762939453,27.5,11302200
2010-05-07,17.369333267211914,26.739999771118164,26.989999771118164,26.530000686645508,26.799999237060547,10845600
2010-05-10,17.875986099243164,27.520000457763672,27.610000610351562,27.260000228881836,27.610000610351562,8008800
2010-05-11,17.869495391845703,27.510000228881836,27.700000762939453,27.280000686645508,27.329999923706055,5904600
2010-05-12,17.9929141998291,27.700000762939453,27.700000762939453,27.440000534057617,27.510000228881836,6882700
2010-05-13,17.88248634338379,27.530000686645508,27.829999923706055,27.530000686645508,27.68000030517578,3342300
2010-05-14,17.713600158691406,27.270000457763672,27.579999923706055,27.170000076293945,27.489999771118164,7363700
2010-05-17,17.90196990966797,27.559999465942383,27.579999923706055,27.219999313354492,27.3700008392334,7124200
2010-05-18,17.798044204711914,27.399999618530273,27.780000686645508,27.389999389648438,27.700000762939453,8626600
2010-05-19,17.75257110595703,27.329999923706055,27.469999313354492,27.149999618530273,27.239999771118164,11727400
2010-05-20,17.226428985595703,26.520000457763672,27.0,26.459999084472656,27.0,18459000
2010-05-21,17.291385650634766,26.6200008392334,26.6200008392334,26.09000015258789,26.1200008392334,11228500
2010-05-24,17.167964935302734,26.43000030517578,26.6200008392334,26.350000381469727,26.5,6136100
2010-05-25,16.966604232788086,26.1200008392334,26.18000030517578,25.780000686645508,25.90999984741211,15939800
2010-05-26,16.85617446899414,25.950000762939453,26.360000610351562,25.93000030517578,26.18000030517578,7444000
2010-05-27,17.2004451751709,26.479999542236328,26.479999542236328,26.18000030517578,26.309999465942383,12368000
2010-05-28,17.115997314453125,26.350000381469727,26.549999237060547,26.31999969482422,26.5,7409900
2010-06-01,17.077024459838867,26.290000915527344,26.600000381469727,26.079999923706055,26.260000228881836,10514700
2010-06-02,17.369333267211914,26.739999771118164,26.739999771118164,26.31999969482422,26.40999984741211,7420600
2010-06-03,17.395307540893555,26.780000686645508,26.850000381469727,26.6200008392334,26.799999237060547,5494200
2010-06-04,16.93412208557129,26.06999969482422,26.549999237060547,26.010000228881836,26.549999237060547,9125300
2010-06-07,16.804210662841797,25.8700008392334,26.239999771118164,25.8700008392334,26.020000457763672,9533900
2010-06-08,17.077024459838867,26.290000915527344,26.31999969482422,25.850000381469727,25.899999618530273,9553000
2010-06-09,17.04454803466797,26.239999771118164,26.610000610351562,26.170000076293945,26.489999771118164,8617100
2010-06-10,17.33684730529785,26.690000534057617,26.709999084472656,26.489999771118164,26.520000457763672,8597800
2010-06-11,17.19394302368164,26.469999313354492,26.540000915527344,26.25,26.540000915527344,6023400
2010-06-14,17.291385650634766,26.6200008392334,26.770000457763672,26.56999969482422,26.65999984741211,5604600
2010-06-15,17.466766357421875,26.889999389648438,26.899999618530273,26.670000076293945,26.760000228881836,5392500
2010-06-16,17.349843978881836,26.709999084472656,26.829999923706055,26.670000076293945,26.75,3648800
2010-06-17,17.505741119384766,26.950000762939453,26.969999313354492,26.690000534057617,26.829999923706055,6245100
2010-06-18,17.441627502441406,26.65999984741211,26.889999389648438,26.65999984741211,26.860000610351562,7709400
2010-06-21,17.395822525024414,26.59000015258789,26.959999084472656,26.510000228881836,26.899999618530273,5379600
2010-06-22,17.206096649169922,26.299999237060547,26.690000534057617,26.299999237060547,26.56999969482422,7044200
2010-06-23,17.31731605529785,26.469999313354492,26.540000915527344,26.260000228881836,26.399999618530273,6769800
2010-06-24,17.107969284057617,26.149999618530273,26.389999389648438,26.1299991607666,26.31999969482422,4779800
2010-06-25,16.931325912475586,25.8799991607666,26.229999542236328,25.860000610351562,26.190000534057617,10611300
2010-06-28,17.07526206970215,26.100000381469727,26.209999084472656,25.829999923706055,25.899999618530273,7855100
2010-06-29,16.80048179626465,25.68000030517578,25.979999542236328,25.600000381469727,25.899999618530273,10234200
2010-06-30,16.682723999023438,25.5,25.719999313354492,25.43000030517578,25.610000610351562,6563600
2010-07-01,16.715436935424805,25.549999237060547,25.59000015258789,25.299999237060547,25.530000686645508,9774300
2010-07-02,16.65001678466797,25.450000762939453,25.6200008392334,25.360000610351562,25.600000381469727,4874600
2010-07-06,16.748151779174805,25.600000381469727,25.790000915527344,25.399999618530273,25.690000534057617,6910800
2010-07-07,17.068714141845703,26.09000015258789,26.1200008392334,25.549999237060547,25.6299991607666,6495100
2010-07-08,17.32386589050293,26.479999542236328,26.489999771118164,26.190000534057617,26.280000686645508,6357800
2010-07-09,17.32386589050293,26.479999542236328,26.520000457763672,26.3700008392334,26.469999313354492,6894900
2010-07-12,17.382741928100586,26.56999969482422,26.56999969482422,26.3799991607666,26.3799991607666,3786300
2010-07-13,17.539762496948242,26.809999465942383,26.860000610351562,26.68000030517578,26.760000228881836,6162300
2010-07-14,17.546295166015625,26.81999969482422,26.860000610351562,26.649999618530273,26.709999084472656,4597100
2010-07-15,17.59864044189453,26.899999618530273,26.950000762939453,26.649999618530273,26.850000381469727,4122900
2010-07-16,17.350034713745117,26.520000457763672,26.899999618530273,26.479999542236328,26.790000915527344,7828300
2010-07-19,17.382741928100586,26.56999969482422,26.6200008392334,26.469999313354492,26.520000457763672,6491700
2010-07-20,17.59209632873535,26.889999389648438,26.920000076293945,26.34000015258789,26.34000015258789,7287700
2010-07-21,17.402372360229492,26.600000381469727,26.989999771118164,26.530000686645508,26.979999542236328,11398300
2010-07-22,17.59864044189453,26.899999618530273,26.979999542236328,26.790000915527344,26.829999923706055,7042900
2010-07-23,17.76219367980957,27.149999618530273,27.209999084472656,26.860000610351562,26.860000610351562,10102900
2010-07-26,17.853784561157227,27.290000915527344,27.290000915527344,27.1299991607666,27.229999542236328,8753200
2010-07-27,17.919204711914062,27.389999389648438,27.459999084472656,27.260000228881836,27.360000610351562,19712600
2010-07-28,17.82107925415039,27.239999771118164,27.40999984741211,27.209999084472656,27.34000015258789,7194100
2010-07-29,17.605182647705078,26.90999984741211,27.239999771118164,26.770000457763672,27.239999771118164,11052600
2010-07-30,17.65097999572754,26.979999542236328,27.06999969482422,26.68000030517578,26.739999771118164,7389100
2010-08-02,17.853784561157227,27.290000915527344,27.290000915527344,27.1299991607666,27.260000228881836,7790300
2010-08-03,17.696767807006836,27.049999237060547,27.15999984741211,26.989999771118164,27.110000610351562,7104100
2010-08-04,17.76219367980957,27.149999618530273,27.219999313354492,27.030000686645508,27.09000015258789,4452500
2010-08-05,17.683692932128906,27.030000686645508,27.079999923706055,26.959999084472656,27.059999465942383,18512500
2010-08-06,17.722944259643555,27.09000015258789,27.100000381469727,26.799999237060547,26.90999984741211,8372000
2010-08-09,17.81453514099121,27.229999542236328,27.309999465942383,27.1200008392334,27.209999084472656,3650800
2010-08-10,17.853784561157227,27.290000915527344,27.43000030517578,27.049999237060547,27.09000015258789,7497000
2010-08-11,17.55938720703125,26.84000015258789,27.010000228881836,26.799999237060547,27.010000228881836,9337600
2010-08-12,17.539762496948242,26.809999465942383,26.850000381469727,26.540000915527344,26.549999237060547,6401100
2010-08-13,17.533218383789062,26.799999237060547,26.8700008392334,26.68000030517578,26.690000534057617,4435400
2010-08-16,17.51358985900879,26.770000457763672,26.81999969482422,26.530000686645508,26.579999923706055,5077000
2010-08-17,17.683692932128906,27.030000686645508,27.170000076293945,26.829999923706055,27.0,5242400
2010-08-18,17.696767807006836,27.049999237060547,27.139999389648438,26.889999389648438,26.979999542236328,5379400
2010-08-19,17.487417221069336,26.729999542236328,26.969999313354492,26.6200008392334,26.959999084472656,7941200
2010-08-20,17.487417221069336,26.729999542236328,26.770000457763672,26.639999389648438,26.649999618530273,5856400
2010-08-23,17.52667999267578,26.790000915527344,26.940000534057617,26.770000457763672,26.81999969482422,4149900
2010-08-24,17.441627502441406,26.65999984741211,26.799999237060547,26.5,26.540000915527344,8426800
2010-08-25,17.48087501525879,26.719999313354492,26.799999237060547,26.489999771118164,26.520000457763672,6542800
2010-08-26,17.350034713745117,26.520000457763672,26.81999969482422,26.459999084472656,26.739999771118164,7530700
2010-08-27,17.461246490478516,26.690000534057617,26.719999313354492,26.350000381469727,26.68000030517578,9874400
2010-08-30,17.31078338623047,26.459999084472656,26.770000457763672,26.459999084472656,26.670000076293945,8007800
2010-08-31,17.32386589050293,26.479999542236328,26.639999389648438,26.3700008392334,26.440000534057617,12423300
2010-09-01,17.6313533782959,26.950000762939453,27.0,26.709999084472656,26.770000457763672,9661500
2010-09-02,17.742568969726562,27.1200008392334,27.1200008392334,26.940000534057617,26.950000762939453,6034900
2010-09-03,17.853784561157227,27.290000915527344,27.290000915527344,27.110000610351562,27.25,5839700
2010-09-07,17.78181266784668,27.18000030517578,27.299999237060547,27.149999618530273,27.219999313354492,6444100
2010-09-08,17.86032485961914,27.299999237060547,27.350000381469727,27.190000534057617,27.219999313354492,5733200
2010-09-09,17.919204711914062,27.389999389648438,27.479999542236328,27.290000915527344,27.469999313354492,4962900
2010-09-10,18.004261016845703,27.520000457763672,27.559999465942383,27.3799991607666,27.399999618530273,4003400
2010-09-13,18.023889541625977,27.549999237060547,27.719999313354492,27.459999084472656,27.719999313354492,5254000
2010-09-14,18.05660057067871,27.600000381469727,27.700000762939453,27.459999084472656,27.530000686645508,8514700
2010-09-15,18.180898666381836,27.790000915527344,27.829999923706055,27.520000457763672,27.549999237060547,6451300
2010-09-16,18.200519561767578,27.81999969482422,27.81999969482422,27.639999389648438,27.709999084472656,6884700
2010-09-17,18.152421951293945,27.549999237060547,27.75,27.549999237060547,27.729999542236328,10596900
2010-09-20,18.3500919342041,27.850000381469727,27.889999389648438,27.56999969482422,27.65999984741211,6337100
2010-09-21,18.31715202331543,27.799999237060547,27.889999389648438,27.65999984741211,27.8799991607666,13361500
2010-09-22,18.3500919342041,27.850000381469727,27.920000076293945,27.770000457763672,27.809999465942383,5931300
2010-09-23,18.23149299621582,27.670000076293945,27.84000015258789,27.6299991607666,27.729999542236328,8952000
2010-09-24,18.475282669067383,28.040000915527344,28.110000610351562,27.8700008392334,27.90999984741211,4515900
2010-09-27,18.369861602783203,27.8799991607666,28.040000915527344,27.8700008392334,28.040000915527344,3614000
2010-09-28,18.488460540771484,28.059999465942383,28.149999618530273,27.780000686645508,27.969999313354492,5660100
2010-09-29,18.435741424560547,27.979999542236328,28.09000015258789,27.920000076293945,28.049999237060547,5319700
2010-09-30,18.369861602783203,27.8799991607666,28.219999313354492,27.770000457763672,28.100000381469727,8376000
2010-10-01,18.402803421020508,27.93000030517578,28.020000457763672,27.809999465942383,27.90999984741211,5417900
2010-10-04,18.3500919342041,27.850000381469727,28.020000457763672,27.760000228881836,27.889999389648438,6300800
2010-10-05,18.521400451660156,28.110000610351562,28.15999984741211,28.0,28.030000686645508,5418200
2010-10-06,18.600473403930664,28.229999542236328,28.239999771118164,28.09000015258789,28.219999313354492,4637500
2010-10-07,18.53458023071289,28.1299991607666,28.329999923706055,28.040000915527344,28.329999923706055,4440400
2010-10-08,18.574111938476562,28.190000534057617,28.239999771118164,28.06999969482422,28.1299991607666,4196400
2010-10-11,18.593887329101562,28.219999313354492,28.25,28.149999618530273,28.209999084472656,3051600
2010-10-12,18.639999389648438,28.290000915527344,28.3700008392334,28.139999389648438,28.18000030517578,5882500
2010-10-13,18.798139572143555,28.530000686645508,28.670000076293945,28.350000381469727,28.43000030517578,8258800
2010-10-14,18.804725646972656,28.540000915527344,28.6200008392334,28.420000076293945,28.56999969482422,3697300
2010-10-15,18.85085105895996,28.610000610351562,28.709999084472656,28.510000228881836,28.649999618530273,6477400
2010-10-18,18.91673469543457,28.709999084472656,28.729999542236328,28.600000381469727,28.600000381469727,4001300
2010-10-19,18.68613052368164,28.360000610351562,28.59000015258789,28.280000686645508,28.56999969482422,5782300
2010-10-20,18.85085105895996,28.610000610351562,28.709999084472656,28.440000534057617,28.530000686645508,4201000
2010-10-21,18.91673469543457,28.709999084472656,28.8700008392334,28.579999923706055,28.649999618530273,6328400
2010-10-22,18.982627868652344,28.809999465942383,28.81999969482422,28.709999084472656,28.790000915527344,4073800
2010-10-25,19.028751373291016,28.8799991607666,29.0,28.84000015258789,28.889999389648438,5217900
2010-10-26,18.923328399658203,28.719999313354492,28.75,28.600000381469727,28.719999313354492,3878600
2010-10-27,18.82449722290039,28.56999969482422,28.6299991607666,28.3799991607666,28.610000610351562,8714300
2010-10-28,18.890384674072266,28.670000076293945,28.739999771118164,28.540000915527344,28.690000534057617,6699200
2010-10-29,18.956274032592773,28.770000457763672,28.770000457763672,28.610000610351562,28.610000610351562,6420600
2010-11-01,18.877208709716797,28.649999618530273,28.899999618530273,28.559999465942383,28.8799991607666,7641400
2010-11-02,18.989213943481445,28.81999969482422,28.860000610351562,28.780000686645508,28.790000915527344,3161300
2010-11-03,19.04851531982422,28.90999984741211,28.920000076293945,28.670000076293945,28.899999618530273,8907700
2010-11-04,19.27913475036621,29.260000228881836,29.270000457763672,29.059999465942383,29.139999389648438,9502100
2010-11-05,19.1802978515625,29.110000610351562,29.229999542236328,29.020000457763672,29.190000534057617,6005300
2010-11-08,19.1473445892334,29.059999465942383,29.06999969482422,28.93000030517578,29.040000915527344,8569600
2010-11-09,19.04851531982422,28.90999984741211,29.06999969482422,28.829999923706055,29.06999969482422,6868900
2010-11-10,18.989213943481445,28.81999969482422,28.90999984741211,28.670000076293945,28.90999984741211,8337200
2010-11-11,19.008983612060547,28.850000381469727,28.850000381469727,28.649999618530273,28.65999984741211,6433600
2010-11-12,18.91673469543457,28.709999084472656,28.790000915527344,28.610000610351562,28.700000762939453,8355900
2010-11-15,18.923328399658203,28.719999313354492,28.8700008392334,28.700000762939453,28.780000686645508,4375700
2010-11-16,18.712482452392578,28.399999618530273,28.729999542236328,28.309999465942383,28.65999984741211,6359000
2010-11-17,18.719074249267578,28.40999984741211,28.520000457763672,28.360000610351562,28.450000762939453,9451600
2010-11-18,18.96944808959961,28.790000915527344,28.850000381469727,28.59000015258789,28.600000381469727,5221500
2010-11-19,18.982627868652344,28.809999465942383,28.829999923706055,28.649999618530273,28.780000686645508,3591300
2010-11-22,18.982627868652344,28.809999465942383,28.81999969482422,28.559999465942383,28.690000534057617,4960900
2010-11-23,18.75859832763672,28.469999313354492,28.6299991607666,28.40999984741211,28.6299991607666,5971800
2010-11-24,18.903562545776367,28.690000534057617,28.709999084472656,28.579999923706055,28.6200008392334,4284000
2010-11-26,18.778371810913086,28.5,28.6299991607666,28.469999313354492,28.56999969482422,2125500
2010-11-29,18.745433807373047,28.450000762939453,28.520000457763672,28.219999313354492,28.3700008392334,4896900
2010-11-30,18.659770965576172,28.31999969482422,28.459999084472656,28.239999771118164,28.280000686645508,9234200
2010-12-01,18.96285629272461,28.780000686645508,28.829999923706055,28.540000915527344,28.540000915527344,6465600
2010-12-02,18.976037979125977,28.799999237060547,28.81999969482422,28.700000762939453,28.75,9095500
2010-12-03,18.982627868652344,28.809999465942383,28.860000610351562,28.690000534057617,28.690000534057617,5143900
2010-12-06,18.936500549316406,28.739999771118164,28.829999923706055,28.739999771118164,28.760000228881836,4836500
2010-12-07,19.04192543029785,28.899999618530273,29.0,28.860000610351562,28.899999618530273,8562400
2010-12-08,19.114402770996094,29.010000228881836,29.020000457763672,28.8700008392334,28.93000030517578,4773600
2010-12-09,19.167116165161133,29.09000015258789,29.139999389648438,29.010000228881836,29.110000610351562,3764700
2010-12-10,19.200061798095703,29.139999389648438,29.239999771118164,29.100000381469727,29.139999389648438,3169500
2010-12-13,19.200061798095703,29.139999389648438,29.25,29.110000610351562,29.25,6420400
2010-12-14,19.29230308532715,29.280000686645508,29.34000015258789,29.18000030517578,29.190000534057617,4649200
2010-12-15,19.312068939208984,29.309999465942383,29.3799991607666,29.229999542236328,29.239999771118164,4278400
2010-12-16,19.483386993408203,29.56999969482422,29.579999923706055,29.229999542236328,29.360000610351562,7167000
2010-12-17,19.513959884643555,29.360000610351562,29.389999389648438,29.239999771118164,29.309999465942383,8089800
2010-12-20,19.494020462036133,29.329999923706055,29.440000534057617,29.280000686645508,29.440000534057617,5229100
2010-12-21,19.447498321533203,29.260000228881836,29.450000762939453,29.229999542236328,29.420000076293945,3154200
2010-12-22,19.53390121459961,29.389999389648438,29.389999389648438,29.25,29.270000457763672,2306300
2010-12-23,19.54054069519043,29.399999618530273,29.420000076293945,29.299999237060547,29.31999969482422,2979100
2010-12-27,19.447498321533203,29.260000228881836,29.34000015258789,29.260000228881836,29.34000015258789,1507700
2010-12-28,19.500659942626953,29.34000015258789,29.350000381469727,29.229999542236328,29.309999465942383,1965800
2010-12-29,19.507312774658203,29.350000381469727,29.399999618530273,29.309999465942383,29.3700008392334,2494600
2010-12-30,19.474077224731445,29.299999237060547,29.329999923706055,29.25,29.299999237060547,3825000
2010-12-31,19.480722427368164,29.309999465942383,29.3700008392334,29.229999542236328,29.290000915527344,3625100
2011-01-03,19.507312774658203,29.350000381469727,29.440000534057617,29.299999237060547,29.43000030517578,5257200
2011-01-04,19.454139709472656,29.270000457763672,29.350000381469727,29.170000076293945,29.329999923706055,5187300
2011-01-05,19.460783004760742,29.280000686645508,29.3700008392334,29.190000534057617,29.209999084472656,4492000
2011-01-06,19.394323348999023,29.18000030517578,29.299999237060547,29.100000381469727,29.280000686645508,5437600
2011-01-07,19.294628143310547,29.030000686645508,29.18000030517578,28.950000762939453,29.170000076293945,5449800
2011-01-10,19.30791473388672,29.049999237060547,29.079999923706055,28.93000030517578,28.979999542236328,4478600
2011-01-11,19.294628143310547,29.030000686645508,29.139999389648438,28.969999313354492,29.1299991607666,3442100
2011-01-12,19.454139709472656,29.270000457763672,29.31999969482422,29.09000015258789,29.170000076293945,4488000
2011-01-13,19.494020462036133,29.329999923706055,29.3700008392334,29.219999313354492,29.219999313354492,4779000
2011-01-14,19.494020462036133,29.329999923706055,29.360000610351562,29.260000228881836,29.290000915527344,4092500
2011-01-18,19.507312774658203,29.350000381469727,29.459999084472656,29.31999969482422,29.350000381469727,3321500
2011-01-19,19.46743392944336,29.290000915527344,29.40999984741211,29.209999084472656,29.3700008392334,5164100
2011-01-20,19.567127227783203,29.440000534057617,29.510000228881836,29.280000686645508,29.280000686645508,15486400
2011-01-21,19.600358963012695,29.489999771118164,29.59000015258789,29.40999984741211,29.530000686645508,4508200
2011-01-24,19.63359260559082,29.540000915527344,29.56999969482422,29.420000076293945,29.469999313354492,4953300
2011-01-25,19.70005226135254,29.639999389648438,29.670000076293945,29.479999542236328,29.520000457763672,9109700
2011-01-26,19.646886825561523,29.559999465942383,29.719999313354492,29.530000686645508,29.700000762939453,6028600
2011-01-27,19.447498321533203,29.260000228881836,29.440000534057617,29.190000534057617,29.399999618530273,15259800
2011-01-28,19.26140022277832,28.979999542236328,29.360000610351562,28.920000076293945,29.290000915527344,9732300
2011-01-31,19.194931030273438,28.8799991607666,29.010000228881836,28.799999237060547,28.959999084472656,6825400
2011-02-01,19.334501266479492,29.09000015258789,29.170000076293945,28.989999771118164,29.0,11645900
2011-02-02,19.26140022277832,28.979999542236328,29.059999465942383,28.889999389648438,29.0,8204900
2011-02-03,19.361087799072266,29.1299991607666,29.15999984741211,28.90999984741211,28.90999984741211,3302700
2011-02-04,19.474077224731445,29.299999237060547,29.31999969482422,29.079999923706055,29.15999984741211,4630900
2011-02-07,19.500659942626953,29.34000015258789,29.40999984741211,29.270000457763672,29.299999237060547,5262200
2011-02-08,19.59371566772461,29.479999542236328,29.5,29.299999237060547,29.350000381469727,3620200
2011-02-09,19.626953125,29.530000686645508,29.559999465942383,29.43000030517578,29.440000534057617,2587200
2011-02-10,19.5538330078125,29.420000076293945,29.540000915527344,29.290000915527344,29.469999313354492,5789200
2011-02-11,19.660179138183594,29.579999923706055,29.600000381469727,29.219999313354492,29.260000228881836,6764600
2011-02-14,19.573774337768555,29.450000762939453,29.56999969482422,29.389999389648438,29.5,5829000
2011-02-15,19.567127227783203,29.440000534057617,29.469999313354492,29.31999969482422,29.3700008392334,5229700
2011-02-16,19.620302200317383,29.520000457763672,29.540000915527344,29.420000076293945,29.450000762939453,4122200
2011-02-17,19.753232955932617,29.719999313354492,29.719999313354492,29.43000030517578,29.43000030517578,6706400
2011-02-18,19.806400299072266,29.799999237060547,29.81999969482422,29.6299991607666,29.770000457763672,5524400
2011-02-22,19.666820526123047,29.59000015258789,29.770000457763672,29.5,29.56999969482422,16824200
2011-02-23,19.620302200317383,29.520000457763672,29.670000076293945,29.489999771118164,29.59000015258789,7403100
2011-02-24,19.54054069519043,29.399999618530273,29.600000381469727,29.270000457763672,29.469999313354492,7415600
2011-02-25,19.640233993530273,29.549999237060547,29.549999237060547,29.399999618530273,29.450000762939453,4049200
2011-02-28,19.753232955932617,29.719999313354492,29.770000457763672,29.549999237060547,29.610000610351562,5388400
2011-03-01,19.600358963012695,29.489999771118164,29.889999389648438,29.469999313354492,29.84000015258789,6715400
2011-03-02,19.547189712524414,29.40999984741211,29.540000915527344,29.350000381469727,29.5,4991200
2011-03-03,19.746580123901367,29.709999084472656,29.780000686645508,29.520000457763672,29.559999465942383,9047000
2011-03-04,19.660179138183594,29.579999923706055,29.780000686645508,29.420000076293945,29.690000534057617,14030900
2011-03-07,19.607004165649414,29.5,29.690000534057617,29.420000076293945,29.690000534057617,14737500
2011-03-08,19.77981185913086,29.760000228881836,29.799999237060547,29.510000228881836,29.510000228881836,5786400
2011-03-09,19.8795166015625,29.90999984741211,29.959999084472656,29.690000534057617,29.709999084472656,14802600
2011-03-10,19.746580123901367,29.709999084472656,29.899999618530273,29.670000076293945,29.709999084472656,8262700
2011-03-11,19.759876251220703,29.729999542236328,29.809999465942383,29.559999465942383,29.59000015258789,7341500
2011-03-14,19.620302200317383,29.520000457763672,29.65999984741211,29.399999618530273,29.579999923706055,5810700
2011-03-15,19.447498321533203,29.260000228881836,29.360000610351562,29.010000228881836,29.06999969482422,12900900
2011-03-16,19.16834831237793,28.84000015258789,29.15999984741211,28.719999313354492,29.149999618530273,12979600
2011-03-17,19.26140022277832,28.979999542236328,29.170000076293945,28.889999389648438,29.110000610351562,7932800
2011-03-18,19.417804718017578,29.049999237060547,29.149999618530273,28.899999618530273,29.020000457763672,7203500
2011-03-21,19.658437728881836,29.40999984741211,29.459999084472656,29.200000762939453,29.219999313354492,5906100
2011-03-22,19.631704330444336,29.3700008392334,29.450000762939453,29.31999969482422,29.350000381469727,5466800
2011-03-23,19.665117263793945,29.420000076293945,29.469999313354492,29.239999771118164,29.299999237060547,5380700
2011-03-24,19.845598220825195,29.690000534057617,29.739999771118164,29.510000228881836,29.540000915527344,5221000
2011-03-25,19.845598220825195,29.690000534057617,29.770000457763672,29.670000076293945,29.709999084472656,4569200
2011-03-28,19.838911056518555,29.68000030517578,29.8700008392334,29.68000030517578,29.719999313354492,6117000
2011-03-29,19.932497024536133,29.81999969482422,29.829999923706055,29.639999389648438,29.68000030517578,3786100
2011-03-30,20.03943634033203,29.979999542236328,30.040000915527344,29.90999984741211,29.90999984741211,10207700
2011-03-31,19.99933624267578,29.920000076293945,30.020000457763672,29.920000076293945,29.940000534057617,4585100
2011-04-01,20.099599838256836,30.06999969482422,30.139999389648438,29.959999084472656,29.959999084472656,5194200
2011-04-04,20.139705657958984,30.1299991607666,30.149999618530273,30.059999465942383,30.139999389648438,2603500
2011-04-05,20.159761428833008,30.15999984741211,30.270000457763672,30.100000381469727,30.110000610351562,4440800
2011-04-06,20.253339767456055,30.299999237060547,30.350000381469727,30.219999313354492,30.260000228881836,6281100
2011-04-07,20.280075073242188,30.34000015258789,30.34000015258789,30.170000076293945,30.299999237060547,4327400
2011-04-08,20.219921112060547,30.25,30.43000030517578,30.15999984741211,30.43000030517578,7281700
2011-04-11,20.326866149902344,30.40999984741211,30.530000686645508,30.260000228881836,30.260000228881836,6793100
2011-04-12,20.393707275390625,30.510000228881836,30.559999465942383,30.260000228881836,30.260000228881836,9857400
2011-04-13,20.40707778930664,30.530000686645508,30.59000015258789,30.459999084472656,30.479999542236328,5309100
2011-04-14,20.527387619018555,30.709999084472656,30.770000457763672,30.40999984741211,30.40999984741211,6516300
2011-04-15,20.614288330078125,30.84000015258789,30.899999618530273,30.670000076293945,30.719999313354492,8840800
2011-04-18,20.500648498535156,30.670000076293945,30.739999771118164,30.540000915527344,30.610000610351562,10006400
2011-04-19,20.5407657623291,30.729999542236328,30.739999771118164,30.559999465942383,30.649999618530273,7268600
2011-04-20,20.64771842956543,30.889999389648438,30.989999771118164,30.8700008392334,30.920000076293945,6796700
2011-04-21,20.65439224243164,30.899999618530273,31.020000457763672,30.860000610351562,30.979999542236328,5639600
2011-04-25,20.600923538208008,30.81999969482422,30.8799991607666,30.709999084472656,30.860000610351562,6384000
2011-04-26,20.741289138793945,31.030000686645508,31.06999969482422,30.809999465942383,30.829999923706055,6700000
2011-04-27,20.874977111816406,31.229999542236328,31.270000457763672,31.06999969482422,31.09000015258789,7150800
2011-04-28,21.008657455444336,31.43000030517578,31.450000762939453,31.110000610351562,31.209999084472656,5723200
2011-04-29,21.06882095336914,31.520000457763672,31.56999969482422,31.43000030517578,31.479999542236328,16050400
2011-05-02,21.09555435180664,31.559999465942383,31.68000030517578,31.5,31.600000381469727,7724700
2011-05-03,21.14902687072754,31.639999389648438,31.670000076293945,31.479999542236328,31.489999771118164,10287600
2011-05-04,21.12229347229004,31.600000381469727,31.709999084472656,31.549999237060547,31.6200008392334,11416400
2011-05-05,20.961870193481445,31.360000610351562,31.610000610351562,31.280000686645508,31.56999969482422,17000000
2011-05-06,21.01534652709961,31.440000534057617,31.709999084472656,31.360000610351562,31.690000534057617,10133100
2011-05-09,21.0888729095459,31.549999237060547,31.59000015258789,31.389999389648438,31.389999389648438,5193200
2011-05-10,21.215864181518555,31.739999771118164,31.770000457763672,31.59000015258789,31.600000381469727,7614800
2011-05-11,21.17576789855957,31.68000030517578,31.850000381469727,31.59000015258789,31.739999771118164,7044700
2011-05-12,21.489927291870117,32.150001525878906,32.16999816894531,31.690000534057617,31.690000534057617,10342400
2011-05-13,21.46319580078125,32.11000061035156,32.2599983215332,32.02000045776367,32.06999969482422,6644100
2011-05-16,21.46987533569336,32.119998931884766,32.22999954223633,32.0,32.06999969482422,11341900
2011-05-17,21.51666259765625,32.189998626708984,32.27000045776367,32.02000045776367,32.08000183105469,13613600
2011-05-18,21.55008888244629,32.2400016784668,32.279998779296875,32.060001373291016,32.189998626708984,10312100
2011-05-19,21.67041015625,32.41999816894531,32.43000030517578,32.220001220703125,32.31999969482422,11084300
2011-05-20,21.603559494018555,32.31999969482422,32.459999084472656,32.2400016784668,32.36000061035156,12311500
2011-05-23,21.45650291442871,32.099998474121094,32.189998626708984,32.029998779296875,32.060001373291016,7600000
2011-05-24,21.43645668029785,32.06999969482422,32.15999984741211,32.040000915527344,32.15999984741211,7352200
2011-05-25,21.296083450317383,31.860000610351562,31.959999084472656,31.729999542236328,31.920000076293945,23021800
2011-05-26,21.329498291015625,31.90999984741211,31.969999313354492,31.68000030517578,31.829999923706055,8423200
2011-05-27,21.416400909423828,32.040000915527344,32.150001525878906,31.989999771118164,32.0,4347200
2011-05-31,21.59687614440918,32.310001373291016,32.33000183105469,32.119998931884766,32.209999084472656,7570100
2011-06-01,21.376293182373047,31.979999542236328,32.31999969482422,31.950000762939453,32.27000045776367,14211100
2011-06-02,21.128978729248047,31.610000610351562,31.979999542236328,31.5,31.93000030517578,11745700
2011-06-03,20.92844581604004,31.309999465942383,31.469999313354492,31.25,31.309999465942383,9226700
2011-06-06,20.821500778198242,31.149999618530273,31.290000915527344,31.139999389648438,31.229999542236328,6439100
2011-06-07,20.77470588684082,31.079999923706055,31.290000915527344,31.079999923706055,31.200000762939453,13196900
2011-06-08,20.788084030151367,31.100000381469727,31.149999618530273,30.959999084472656,31.040000915527344,8355300
2011-06-09,20.901714324951172,31.270000457763672,31.420000076293945,31.09000015258789,31.18000030517578,5887500
2011-06-10,20.661081314086914,30.90999984741211,31.219999313354492,30.889999389648438,31.1299991607666,10787000
2011-06-13,20.754657745361328,31.049999237060547,31.18000030517578,30.8700008392334,30.8799991607666,10001000
2011-06-14,20.97524070739746,31.3799991607666,31.479999542236328,31.190000534057617,31.270000457763672,10591800
2011-06-15,20.661081314086914,30.90999984741211,31.25,30.799999237060547,31.18000030517578,24775100
2011-06-16,20.828182220458984,31.15999984741211,31.219999313354492,30.90999984741211,30.93000030517578,10211000
2011-06-17,20.960784912109375,31.139999389648438,31.309999465942383,31.110000610351562,31.170000076293945,13061200
2011-06-20,21.11560821533203,31.3700008392334,31.43000030517578,31.059999465942383,31.1200008392334,8469200
2011-06-21,21.095417022705078,31.34000015258789,31.469999313354492,31.290000915527344,31.450000762939453,12758400
2011-06-22,20.960784912109375,31.139999389648438,31.290000915527344,31.1200008392334,31.260000228881836,9302800
2011-06-23,20.772319793701172,30.860000610351562,30.950000762939453,30.579999923706055,30.950000762939453,18618400
2011-06-24,20.604040145874023,30.610000610351562,30.90999984741211,30.56999969482422,30.8799991607666,8765000
2011-06-27,20.698274612426758,30.75,30.84000015258789,30.6299991607666,30.670000076293945,5039000
2011-06-28,20.738658905029297,30.809999465942383,30.860000610351562,30.739999771118164,30.829999923706055,19095900
2011-06-29,20.859821319580078,30.989999771118164,31.040000915527344,30.90999984741211,30.90999984741211,9806900
2011-06-30,21.021371841430664,31.229999542236328,31.25,30.989999771118164,30.989999771118164,10175700
2011-07-01,21.18291664123535,31.469999313354492,31.510000228881836,31.1200008392334,31.170000076293945,8450300
2011-07-05,21.176183700561523,31.459999084472656,31.56999969482422,31.399999618530273,31.450000762939453,7251600
2011-07-06,21.290616989135742,31.6299991607666,31.700000762939453,31.420000076293945,31.459999084472656,8706200
2011-07-07,21.438701629638672,31.850000381469727,31.920000076293945,31.790000915527344,31.899999618530273,7479900
2011-07-08,21.364648818969727,31.739999771118164,31.739999771118164,31.56999969482422,31.639999389648438,5743600
2011-07-11,21.2098388671875,31.510000228881836,31.579999923706055,31.420000076293945,31.549999237060547,8308600
2011-07-12,21.14252471923828,31.40999984741211,31.639999389648438,31.3700008392334,31.440000534057617,5628600
2011-07-13,21.14252471923828,31.40999984741211,31.56999969482422,31.329999923706055,31.559999465942383,5897100
2011-07-14,21.048294067382812,31.270000457763672,31.5,31.200000762939453,31.350000381469727,6827100
2011-07-15,21.108875274658203,31.360000610351562,31.3799991607666,31.139999389648438,31.3700008392334,10520300
2011-07-18,20.974246978759766,31.15999984741211,31.280000686645508,30.989999771118164,31.239999771118164,5921500
2011-07-19,21.263696670532227,31.59000015258789,31.649999618530273,31.239999771118164,31.280000686645508,8400700
2011-07-20,21.230030059814453,31.540000915527344,31.670000076293945,31.399999618530273,31.670000076293945,3812600
2011-07-21,21.405054092407227,31.799999237060547,31.860000610351562,31.600000381469727,31.670000076293945,6894500
2011-07-22,21.364648818969727,31.739999771118164,31.84000015258789,31.670000076293945,31.81999969482422,8006300
2011-07-25,21.16945457458496,31.450000762939453,31.59000015258789,31.40999984741211,31.489999771118164,5910100
2011-07-26,21.11560821533203,31.3700008392334,31.5,31.34000015258789,31.450000762939453,5398600
2011-07-27,20.88674545288086,31.030000686645508,31.329999923706055,30.979999542236328,31.309999465942383,7625400
2011-07-28,20.88674545288086,31.030000686645508,31.270000457763672,30.979999542236328,31.079999923706055,6844200
2011-07-29,20.75212287902832,30.829999923706055,31.100000381469727,30.770000457763672,30.790000915527344,12659700
2011-08-01,20.678081512451172,30.719999313354492,31.1200008392334,30.440000534057617,31.1200008392334,11186600
2011-08-02,20.40883445739746,30.31999969482422,30.610000610351562,30.290000915527344,30.450000762939453,12283100
2011-08-03,20.489601135253906,30.440000534057617,30.440000534057617,30.079999923706055,30.290000915527344,13508500
2011-08-04,19.85015296936035,29.489999771118164,30.34000015258789,29.450000762939453,30.200000762939453,18917200
2011-08-05,20.13286018371582,29.90999984741211,30.1299991607666,29.219999313354492,29.780000686645508,24268500
2011-08-08,19.372238159179688,28.780000686645508,29.799999237060547,28.700000762939453,29.450000762939453,25886700
2011-08-09,19.843421936035156,29.479999542236328,29.479999542236328,28.06999969482422,29.049999237060547,28746500
2011-08-10,19.08279800415039,28.350000381469727,29.139999389648438,28.309999465942383,29.100000381469727,22101900
2011-08-11,19.64822006225586,29.190000534057617,29.549999237060547,28.450000762939453,28.5,20124800
2011-08-12,19.88380241394043,29.540000915527344,29.68000030517578,29.209999084472656,29.489999771118164,12733300
2011-08-15,20.1665096282959,29.959999084472656,29.969999313354492,29.530000686645508,29.75,23864000
2011-08-16,20.213634490966797,30.030000686645508,30.15999984741211,29.770000457763672,29.829999923706055,13192800
2011-08-17,20.34825897216797,30.229999542236328,30.399999618530273,30.030000686645508,30.149999618530273,12507900
2011-08-18,19.98477554321289,29.690000534057617,29.940000534057617,29.329999923706055,29.739999771118164,17609500
2011-08-19,19.890533447265625,29.549999237060547,30.059999465942383,29.40999984741211,29.40999984741211,14881200
2011-08-22,19.951112747192383,29.639999389648438,30.010000228881836,29.549999237060547,29.93000030517578,8849500
2011-08-23,20.361717224121094,30.25,30.260000228881836,29.6200008392334,29.700000762939453,12722300
2011-08-24,20.44921875,30.3799991607666,30.399999618530273,30.079999923706055,30.18000030517578,12641800
2011-08-25,20.13958740234375,29.920000076293945,30.440000534057617,29.829999923706055,30.40999984741211,13771600
2011-08-26,20.3078670501709,30.170000076293945,30.270000457763672,29.350000381469727,29.860000610351562,9421300
2011-08-29,20.671344757080078,30.709999084472656,30.739999771118164,30.350000381469727,30.360000610351562,13124600
2011-08-30,20.725200653076172,30.790000915527344,30.950000762939453,30.479999542236328,30.6299991607666,10714600
2011-08-31,20.792516708374023,30.889999389648438,31.09000015258789,30.739999771118164,30.959999084472656,8987800
2011-09-01,20.71846580505371,30.780000686645508,31.139999389648438,30.739999771118164,30.899999618530273,11725100
2011-09-02,20.422298431396484,30.34000015258789,30.600000381469727,30.309999465942383,30.43000030517578,10867700
2011-09-06,20.341522216796875,30.219999313354492,30.280000686645508,29.6299991607666,29.719999313354492,11784300
2011-09-07,20.70500946044922,30.760000228881836,30.760000228881836,30.459999084472656,30.510000228881836,8986300
2011-09-08,20.65115737915039,30.68000030517578,30.989999771118164,30.579999923706055,30.639999389648438,6404100
2011-09-09,20.19344139099121,30.0,30.440000534057617,29.860000610351562,30.440000534057617,12023400
2011-09-12,20.213634490966797,30.030000686645508,30.079999923706055,29.559999465942383,29.579999923706055,10435500
2011-09-13,20.287670135498047,30.139999389648438,30.200000762939453,29.81999969482422,30.049999237060547,8857000
2011-09-14,20.529996871948242,30.5,30.780000686645508,30.040000915527344,30.190000534057617,12343400
2011-09-15,20.772319793701172,30.860000610351562,30.8700008392334,30.520000457763672,30.649999618530273,9792100
2011-09-16,20.907224655151367,30.84000015258789,30.920000076293945,30.690000534057617,30.780000686645508,12832500
2011-09-19,20.730960845947266,30.579999923706055,30.65999984741211,30.3799991607666,30.489999771118164,6738300
2011-09-20,20.771635055541992,30.639999389648438,30.969999313354492,30.559999465942383,30.639999389648438,7135800
2011-09-21,20.344547271728516,30.010000228881836,30.75,30.010000228881836,30.709999084472656,12112100
2011-09-22,19.9581298828125,29.440000534057617,29.579999923706055,29.170000076293945,29.31999969482422,19977700
2011-09-23,19.998804092407227,29.5,29.579999923706055,29.239999771118164,29.290000915527344,13093900
2011-09-26,20.385221481323242,30.06999969482422,30.06999969482422,29.530000686645508,29.649999618530273,12087800
2011-09-27,20.507251739501953,30.25,30.549999237060547,30.09000015258789,30.450000762939453,15290000
2011-09-28,20.120824813842773,29.68000030517578,30.360000610351562,29.639999389648438,30.309999465942383,12298000
2011-09-29,20.317424774169922,29.969999313354492,30.239999771118164,29.6200008392334,30.049999237060547,8661200
2011-09-30,20.10727310180664,29.65999984741211,30.09000015258789,29.6299991607666,29.770000457763672,14873200
2011-10-03,19.815767288208008,29.229999542236328,29.829999923706055,29.229999542236328,29.479999542236328,17137600
2011-10-04,20.005582809448242,29.510000228881836,29.520000457763672,28.700000762939453,28.950000762939453,15177200
2011-10-05,20.032699584960938,29.549999237060547,29.579999923706055,29.34000015258789,29.459999084472656,9942200
2011-10-06,20.26997184753418,29.899999618530273,29.920000076293945,29.440000534057617,29.610000610351562,9943700
2011-10-07,20.385221481323242,30.06999969482422,30.280000686645508,29.889999389648438,30.040000915527344,10812600
2011-10-10,20.7038516998291,30.540000915527344,30.540000915527344,30.299999237060547,30.309999465942383,5672200
2011-10-11,20.663171768188477,30.479999542236328,30.549999237060547,30.350000381469727,30.43000030517578,5435700
2011-10-12,20.82587242126465,30.719999313354492,30.899999618530273,30.600000381469727,30.610000610351562,7715400
2011-10-13,20.764862060546875,30.6299991607666,30.729999542236328,30.450000762939453,30.670000076293945,4139700
2011-10-14,20.92755889892578,30.8700008392334,30.920000076293945,30.700000762939453,30.860000610351562,4205100
2011-10-17,20.785198211669922,30.65999984741211,30.93000030517578,30.540000915527344,30.760000228881836,5765900
2011-10-18,20.94112777709961,30.889999389648438,31.1299991607666,30.399999618530273,30.6299991607666,14981300
2011-10-19,20.88010597229004,30.799999237060547,31.06999969482422,30.739999771118164,30.90999984741211,7398600
2011-10-20,20.9953556060791,30.969999313354492,31.100000381469727,30.780000686645508,30.8700008392334,6276700
2011-10-21,21.33431625366211,31.469999313354492,31.469999313354492,31.170000076293945,31.280000686645508,13734900
2011-10-24,21.185169219970703,31.25,31.479999542236328,31.18000030517578,31.479999542236328,9755200
2011-10-25,20.934341430664062,30.8799991607666,31.219999313354492,30.850000381469727,31.18000030517578,13392900
2011-10-26,21.144500732421875,31.190000534057617,31.219999313354492,30.760000228881836,31.18000030517578,5286200
2011-10-27,21.415674209594727,31.59000015258789,31.68000030517578,31.270000457763672,31.56999969482422,21683000
2011-10-28,21.36142921447754,31.510000228881836,31.579999923706055,31.34000015258789,31.450000762939453,11994500
2011-10-31,21.04280662536621,31.040000915527344,31.43000030517578,31.040000915527344,31.309999465942383,8271600
2011-11-01,20.676729202270508,30.5,30.799999237060547,30.459999084472656,30.530000686645508,18721200
2011-11-02,20.873329162597656,30.790000915527344,30.84000015258789,30.600000381469727,30.790000915527344,4854400
2011-11-03,21.130939483642578,31.170000076293945,31.190000534057617,30.889999389648438,31.030000686645508,5172100
2011-11-04,21.008914947509766,30.989999771118164,31.049999237060547,30.790000915527344,30.93000030517578,4886300
2011-11-07,21.185169219970703,31.25,31.25,30.829999923706055,31.0,4930100
2011-11-08,21.395328521728516,31.559999465942383,31.579999923706055,31.149999618530273,31.309999465942383,5827200
2011-11-09,20.8936710357666,30.81999969482422,31.170000076293945,30.700000762939453,31.170000076293945,6187700
2011-11-10,21.097043991088867,31.1200008392334,31.200000762939453,30.81999969482422,31.09000015258789,4501200
2011-11-11,21.341094970703125,31.479999542236328,31.520000457763672,31.299999237060547,31.299999237060547,3135400
2011-11-14,21.158063888549805,31.209999084472656,31.3799991607666,31.139999389648438,31.3799991607666,2725900
2011-11-15,21.259746551513672,31.360000610351562,31.450000762939453,31.139999389648438,31.190000534057617,6358400
2011-11-16,21.069921493530273,31.079999923706055,31.5,31.040000915527344,31.139999389648438,7333200
2011-11-17,20.9953556060791,30.969999313354492,31.229999542236328,30.770000457763672,30.950000762939453,6726800
2011-11-18,21.056367874145508,31.059999465942383,31.149999618530273,30.920000076293945,31.049999237060547,8138700
2011-11-21,20.717405319213867,30.559999465942383,30.829999923706055,30.450000762939453,30.739999771118164,21788100
2011-11-22,20.73773956298828,30.59000015258789,30.81999969482422,30.489999771118164,30.489999771118164,5769000
2011-11-23,20.514028549194336,30.260000228881836,30.469999313354492,30.190000534057617,30.3799991607666,5091300
2011-11-25,20.588603973388672,30.3700008392334,30.56999969482422,30.229999542236328,30.290000915527344,3223600
2011-11-28,20.91400909423828,30.850000381469727,30.889999389648438,30.68000030517578,30.770000457763672,6760300
2011-11-29,21.130939483642578,31.170000076293945,31.270000457763672,30.90999984741211,30.940000534057617,4812400
2011-11-30,21.625822067260742,31.899999618530273,31.93000030517578,31.6200008392334,31.649999618530273,7078000
2011-12-01,21.591930389404297,31.850000381469727,32.099998474121094,31.760000228881836,31.959999084472656,11693700
2011-12-02,21.51734733581543,31.739999771118164,32.04999923706055,31.739999771118164,32.0099983215332,5688600
2011-12-05,21.646163940429688,31.93000030517578,32.09000015258789,31.739999771118164,32.09000015258789,7178500
2011-12-06,21.67327880859375,31.969999313354492,32.11000061035156,31.829999923706055,31.899999618530273,5993000
2011-12-07,21.727516174316406,32.04999923706055,32.15999984741211,31.770000457763672,31.93000030517578,5951300
2011-12-08,21.47667694091797,31.68000030517578,31.959999084472656,31.6299991607666,31.93000030517578,5215300
2011-12-09,21.70039939880371,32.0099983215332,32.060001373291016,31.770000457763672,31.829999923706055,3885100
2011-12-12,21.503793716430664,31.719999313354492,31.920000076293945,31.540000915527344,31.790000915527344,5890500
2011-12-13,21.456350326538086,31.649999618530273,31.989999771118164,31.3700008392334,31.899999618530273,6460700
2011-12-14,21.34787940979004,31.489999771118164,31.760000228881836,31.450000762939453,31.579999923706055,5653200
2011-12-15,21.564815521240234,31.809999465942383,31.8799991607666,31.600000381469727,31.610000610351562,7244100
2011-12-16,21.540874481201172,31.489999771118164,31.780000686645508,31.43000030517578,31.780000686645508,9366600
2011-12-19,21.45194435119629,31.360000610351562,31.770000457763672,31.299999237060547,31.530000686645508,4628900
2011-12-20,21.896581649780273,32.0099983215332,32.060001373291016,31.6299991607666,31.690000534057617,6064300
2011-12-21,22.129150390625,32.349998474121094,32.400001525878906,31.860000610351562,31.860000610351562,8074800
2011-12-22,22.122316360473633,32.34000015258789,32.439998626708984,32.22999954223633,32.439998626708984,4135700
2011-12-23,22.279644012451172,32.56999969482422,32.61000061035156,32.31999969482422,32.349998474121094,5227700
2011-12-27,22.320688247680664,32.630001068115234,32.720001220703125,32.54999923706055,32.58000183105469,3918400
2011-12-28,22.211240768432617,32.470001220703125,32.66999816894531,32.41999816894531,32.66999816894531,3647100
2011-12-29,22.32752799987793,32.63999938964844,32.68000030517578,32.47999954223633,32.47999954223633,2933300
2011-12-30,22.224929809570312,32.4900016784668,32.61000061035156,32.459999084472656,32.560001373291016,2935100
2012-01-03,22.204402923583984,32.459999084472656,32.779998779296875,32.45000076293945,32.689998626708984,20757900
2012-01-04,22.15652084350586,32.38999938964844,32.45000076293945,32.290000915527344,32.400001525878906,6855200
2012-01-05,22.14283561706543,32.369998931884766,32.400001525878906,32.16999816894531,32.33000183105469,4563000
2012-01-06,21.999181747436523,32.15999984741211,32.41999816894531,32.099998474121094,32.41999816894531,6365900
2012-01-09,22.033384323120117,32.209999084472656,32.25,32.119998931884766,32.2400016784668,3304900
2012-01-10,22.10863494873047,32.31999969482422,32.439998626708984,32.290000915527344,32.439998626708984,5053600
2012-01-11,22.01286506652832,32.18000030517578,32.279998779296875,32.099998474121094,32.18000030517578,5384000
2012-01-12,22.006023406982422,32.16999816894531,32.31999969482422,32.08000183105469,32.2599983215332,4733100
2012-01-13,21.98550796508789,32.13999938964844,32.18000030517578,31.940000534057617,32.09000015258789,5589000
2012-01-17,22.06759262084961,32.2599983215332,32.41999816894531,32.2599983215332,32.40999984741211,6746500
2012-01-18,22.115476608276367,32.33000183105469,32.36000061035156,32.18000030517578,32.25,5147100
2012-01-19,22.15652084350586,32.38999938964844,32.459999084472656,32.220001220703125,32.36000061035156,5962200
2012-01-20,22.163362503051758,32.400001525878906,32.45000076293945,32.2400016784668,32.34000015258789,11017800
2012-01-23,22.14283561706543,32.369998931884766,32.400001525878906,32.209999084472656,32.310001373291016,21798800
2012-01-24,22.019704818725586,32.189998626708984,32.27000045776367,32.15999984741211,32.209999084472656,5885300
2012-01-25,22.272811889648438,32.560001373291016,32.599998474121094,32.06999969482422,32.09000015258789,7762100
2012-01-26,22.190719604492188,32.439998626708984,32.709999084472656,32.349998474121094,32.650001525878906,6762500
2012-01-27,22.04023551940918,32.220001220703125,32.400001525878906,32.099998474121094,32.29999923706055,5682200
2012-01-30,21.896581649780273,32.0099983215332,32.119998931884766,31.889999389648438,32.08000183105469,9643100
2012-01-31,21.910259246826172,32.029998779296875,32.16999816894531,31.84000015258789,32.15999984741211,5873600
2012-02-01,22.06759262084961,32.2599983215332,32.40999984741211,32.15999984741211,32.15999984741211,9539000
2012-02-02,22.149681091308594,32.380001068115234,32.40999984741211,32.27000045776367,32.310001373291016,5452400
2012-02-03,22.218080520629883,32.47999954223633,32.650001525878906,32.40999984741211,32.47999954223633,6662400
2012-02-06,22.204402923583984,32.459999084472656,32.529998779296875,32.369998931884766,32.40999984741211,7380000
2012-02-07,22.224929809570312,32.4900016784668,32.58000183105469,32.369998931884766,32.380001068115234,11209400
2012-02-08,22.231761932373047,32.5,32.58000183105469,32.380001068115234,32.58000183105469,4694700
2012-02-09,22.354894638061523,32.68000030517578,32.720001220703125,32.459999084472656,32.529998779296875,5976200
2012-02-10,22.307010650634766,32.61000061035156,32.61000061035156,32.47999954223633,32.52000045776367,4576400
2012-02-13,22.402782440185547,32.75,32.790000915527344,32.68000030517578,32.709999084472656,5427400
2012-02-14,22.457504272460938,32.83000183105469,32.849998474121094,32.619998931884766,32.619998931884766,4678700
2012-02-15,22.450664520263672,32.81999969482422,33.0,32.72999954223633,32.91999816894531,5330400
2012-02-16,22.594316482543945,33.029998779296875,33.06999969482422,32.81999969482422,32.84000015258789,4185900
2012-02-17,22.614831924438477,33.060001373291016,33.20000076293945,32.9900016784668,33.099998474121094,3526000
2012-02-21,22.484872817993164,32.869998931884766,33.06999969482422,32.81999969482422,33.06999969482422,5558000
2012-02-22,22.423295974731445,32.779998779296875,32.880001068115234,32.70000076293945,32.869998931884766,3682400
2012-02-23,22.539594650268555,32.95000076293945,33.0,32.70000076293945,32.709999084472656,4280000
2012-02-24,22.614831924438477,33.060001373291016,33.08000183105469,32.970001220703125,33.0,4660400
2012-02-27,22.614831924438477,33.060001373291016,33.119998931884766,32.849998474121094,32.95000076293945,5540300
2012-02-28,22.690086364746094,33.16999816894531,33.18000030517578,33.0099983215332,33.06999969482422,4875800
2012-02-29,22.731124877929688,33.22999954223633,33.349998474121094,33.130001068115234,33.13999938964844,12843400
2012-03-01,22.696928024291992,33.18000030517578,33.29999923706055,32.869998931884766,33.25,7825200
2012-03-02,22.717439651489258,33.209999084472656,33.279998779296875,33.130001068115234,33.150001525878906,4036500
2012-03-05,22.820056915283203,33.36000061035156,33.40999984741211,33.18000030517578,33.189998626708984,6070600
2012-03-06,22.628520965576172,33.08000183105469,33.27000045776367,33.06999969482422,33.15999984741211,9765800
2012-03-07,22.6627197265625,33.130001068115234,33.16999816894531,32.97999954223633,33.150001525878906,7278800
2012-03-08,22.820056915283203,33.36000061035156,33.400001525878906,33.2400016784668,33.2400016784668,5795400
2012-03-09,22.895299911499023,33.470001220703125,33.4900016784668,33.310001373291016,33.369998931884766,5234200
2012-03-12,22.977380752563477,33.59000015258789,33.63999938964844,33.38999938964844,33.38999938964844,7409600
2012-03-13,23.148401260375977,33.84000015258789,33.84000015258789,33.630001068115234,33.689998626708984,5126200
2012-03-14,23.07999610900879,33.7400016784668,33.84000015258789,33.66999816894531,33.79999923706055,5727500
2012-03-15,23.121036529541016,33.79999923706055,33.81999969482422,33.630001068115234,33.709999084472656,5293400
2012-03-16,23.10590934753418,33.599998474121094,33.689998626708984,33.54999923706055,33.689998626708984,5354200
2012-03-19,23.11966323852539,33.619998931884766,33.65999984741211,33.4900016784668,33.58000183105469,4210100
2012-03-20,23.10590934753418,33.599998474121094,33.65999984741211,33.45000076293945,33.47999954223633,4792900
2012-03-21,23.140296936035156,33.650001525878906,33.720001220703125,33.540000915527344,33.560001373291016,4171100
2012-03-22,23.160924911499023,33.68000030517578,33.7400016784668,33.47999954223633,33.58000183105469,5471000
2012-03-23,23.2159366607666,33.7599983215332,33.77000045776367,33.599998474121094,33.720001220703125,3105900
2012-03-26,23.374099731445312,33.9900016784668,34.02000045776367,33.79999923706055,33.81999969482422,5562300
2012-03-27,23.3603458404541,33.970001220703125,34.130001068115234,33.959999084472656,34.099998474121094,3310600
2012-03-28,23.305334091186523,33.88999938964844,33.97999954223633,33.79999923706055,33.95000076293945,3537200
2012-03-29,23.298452377319336,33.880001068115234,33.900001525878906,33.63999938964844,33.779998779296875,5045100
2012-03-30,23.435989379882812,34.08000183105469,34.150001525878906,33.91999816894531,33.95000076293945,3775800
2012-04-02,23.621658325195312,34.349998474121094,34.41999816894531,34.08000183105469,34.08000183105469,9978900
2012-04-03,23.491010665893555,34.15999984741211,34.349998474121094,34.029998779296875,34.2400016784668,4460900
2012-04-04,23.41535758972168,34.04999923706055,34.20000076293945,33.97999954223633,34.0,5436200
2012-04-05,23.41535758972168,34.04999923706055,34.06999969482422,33.880001068115234,33.97999954223633,4562600
2012-04-09,23.202184677124023,33.7400016784668,33.81999969482422,33.70000076293945,33.7599983215332,2747700
2012-04-10,22.995878219604492,33.439998626708984,33.709999084472656,33.41999816894531,33.70000076293945,7105400
2012-04-11,23.11278533935547,33.61000061035156,33.7400016784668,33.5099983215332,33.619998931884766,14575600
2012-04-12,23.126535415649414,33.630001068115234,33.65999984741211,33.470001220703125,33.58000183105469,2666500
2012-04-13,23.126535415649414,33.630001068115234,33.810001373291016,33.59000015258789,33.59000015258789,5539400
2012-04-16,23.222816467285156,33.77000045776367,33.880001068115234,33.63999938964844,33.7400016784668,5805600
2012-04-17,23.456626892089844,34.11000061035156,34.20000076293945,33.90999984741211,33.97999954223633,5715900
2012-04-18,23.456626892089844,34.11000061035156,34.18000030517578,34.0099983215332,34.060001373291016,6363000
2012-04-19,23.380977630615234,34.0,34.15999984741211,33.869998931884766,34.15999984741211,6954000
2012-04-20,23.59415626525879,34.310001373291016,34.369998931884766,34.029998779296875,34.08000183105469,5243400
2012-04-23,23.229684829711914,33.779998779296875,34.02000045776367,33.70000076293945,34.0,5378200
2012-04-24,23.236572265625,33.790000915527344,33.959999084472656,33.7599983215332,33.86000061035156,5679500
2012-04-25,23.387853622436523,34.0099983215332,34.08000183105469,33.86000061035156,33.900001525878906,5500500
2012-04-26,23.601036071777344,34.31999969482422,34.38999938964844,34.0,34.04999923706055,4135100
2012-04-27,23.5666561126709,34.27000045776367,34.369998931884766,34.25,34.31999969482422,4944100
2012-04-30,23.504756927490234,34.18000030517578,34.2400016784668,34.099998474121094,34.2400016784668,5605200
2012-05-01,23.5666561126709,34.27000045776367,34.40999984741211,34.09000015258789,34.18000030517578,5091000
2012-05-02,23.5872745513916,34.29999923706055,34.400001525878906,34.15999984741211,34.2599983215332,10755000
2012-05-03,23.621658325195312,34.349998474121094,34.439998626708984,34.2599983215332,34.349998474121094,2322700
2012-05-04,23.435989379882812,34.08000183105469,34.369998931884766,34.08000183105469,34.31999969482422,4985200
2012-05-07,23.470378875732422,34.130001068115234,34.20000076293945,34.0,34.0,4204700
2012-05-08,23.41535758972168,34.04999923706055,34.099998474121094,33.900001525878906,33.97999954223633,8638300
2012-05-09,23.298452377319336,33.880001068115234,34.099998474121094,33.779998779296875,33.900001525878906,6840000
2012-05-10,23.463499069213867,34.119998931884766,34.220001220703125,34.040000915527344,34.040000915527344,3172100
2012-05-11,23.401609420776367,34.029998779296875,34.220001220703125,34.0,34.04999923706055,3289600
2012-05-14,23.305334091186523,33.88999938964844,34.0099983215332,33.75,33.849998474121094,6938000
2012-05-15,23.277830123901367,33.849998474121094,34.06999969482422,33.790000915527344,33.810001373291016,3297400
2012-05-16,23.353466033935547,33.959999084472656,34.08000183105469,33.880001068115234,33.90999984741211,4610600
2012-05-17,23.188426971435547,33.720001220703125,34.040000915527344,33.709999084472656,33.9900016784668,5267000
2012-05-18,23.050893783569336,33.52000045776367,33.810001373291016,33.45000076293945,33.77000045776367,7303300
2012-05-21,23.140296936035156,33.650001525878906,33.66999816894531,33.41999816894531,33.619998931884766,4945000
2012-05-22,23.16779327392578,33.689998626708984,33.81999969482422,33.58000183105469,33.650001525878906,4275500
2012-05-23,23.10590934753418,33.599998474121094,33.70000076293945,33.36000061035156,33.619998931884766,6277500
2012-05-24,23.325960159301758,33.91999816894531,33.93000030517578,33.630001068115234,33.63999938964844,6473200
2012-05-25,23.305334091186523,33.88999938964844,34.029998779296875,33.81999969482422,33.93000030517578,2864500
2012-05-29,23.470378875732422,34.130001068115234,34.130001068115234,33.93000030517578,33.970001220703125,3345400
2012-05-30,23.277830123901367,33.849998474121094,34.02000045776367,33.779998779296875,33.970001220703125,3231600
2012-05-31,23.229684829711914,33.779998779296875,33.970001220703125,33.689998626708984,33.88999938964844,5125900
2012-06-01,22.803327560424805,33.15999984741211,33.529998779296875,33.130001068115234,33.459999084472656,14138900
2012-06-04,22.87897300720215,33.27000045776367,33.290000915527344,33.04999923706055,33.16999816894531,3855700
2012-06-05,22.85146713256836,33.22999954223633,33.27000045776367,33.06999969482422,33.20000076293945,4985100
2012-06-06,23.160924911499023,33.68000030517578,33.689998626708984,33.310001373291016,33.310001373291016,5551700
2012-06-07,23.243438720703125,33.79999923706055,33.939998626708984,33.72999954223633,33.939998626708984,4819500
2012-06-08,23.442869186401367,34.09000015258789,34.09000015258789,33.77000045776367,33.779998779296875,4117600
2012-06-11,23.332836151123047,33.93000030517578,34.2400016784668,33.88999938964844,34.2400016784668,5824500
2012-06-12,23.442869186401367,34.09000015258789,34.11000061035156,33.84000015258789,33.939998626708984,4685300
2012-06-13,23.40848731994629,34.040000915527344,34.25,33.959999084472656,34.02000045776367,5569400
2012-06-14,23.7316951751709,34.5099983215332,34.619998931884766,34.099998474121094,34.099998474121094,7900400
2012-06-15,23.77046775817871,34.33000183105469,34.459999084472656,34.279998779296875,34.41999816894531,6792300
2012-06-18,23.832782745361328,34.41999816894531,34.470001220703125,34.2400016784668,34.34000015258789,3234800
2012-06-19,23.812021255493164,34.38999938964844,34.540000915527344,34.349998474121094,34.470001220703125,14235400
2012-06-20,23.687379837036133,34.209999084472656,34.310001373291016,33.9900016784668,34.310001373291016,7006600
2012-06-21,23.410415649414062,33.810001373291016,34.290000915527344,33.790000915527344,34.22999954223633,7127800
2012-06-22,23.47966194152832,33.90999984741211,34.0099983215332,33.88999938964844,33.939998626708984,4075300
2012-06-25,23.334247589111328,33.70000076293945,33.810001373291016,33.619998931884766,33.779998779296875,5722100
2012-06-26,23.389636993408203,33.779998779296875,33.869998931884766,33.63999938964844,33.79999923706055,4592400
2012-06-27,23.528121948242188,33.97999954223633,34.040000915527344,33.779998779296875,33.88999938964844,3772500
2012-06-28,23.63197898864746,34.130001068115234,34.150001525878906,33.689998626708984,33.83000183105469,5746400
2012-06-29,24.07512664794922,34.77000045776367,34.77000045776367,34.380001068115234,34.5,8008000
2012-07-02,24.21361541748047,34.970001220703125,35.0,34.630001068115234,34.630001068115234,8832500
2012-07-03,24.324403762817383,35.130001068115234,35.13999938964844,34.88999938964844,34.9900016784668,2151900
2012-07-05,24.234384536743164,35.0,35.11000061035156,34.939998626708984,35.08000183105469,4472400
2012-07-06,24.206687927246094,34.959999084472656,34.9900016784668,34.790000915527344,34.83000183105469,3676700
2012-07-09,24.178985595703125,34.91999816894531,34.9900016784668,34.810001373291016,34.9900016784668,5359000
2012-07-10,24.206687927246094,34.959999084472656,35.11000061035156,34.880001068115234,35.04999923706055,5276700
2012-07-11,24.172069549560547,34.90999984741211,35.029998779296875,34.77000045776367,35.029998779296875,6852900
2012-07-12,24.192840576171875,34.939998626708984,35.04999923706055,34.790000915527344,34.849998474121094,6885100
2012-07-13,24.462875366210938,35.33000183105469,35.349998474121094,34.95000076293945,35.040000915527344,4999500
2012-07-16,24.338245391845703,35.150001525878906,35.310001373291016,35.119998931884766,35.2400016784668,3956200
2012-07-17,24.442113876342773,35.29999923706055,35.380001068115234,35.02000045776367,35.2400016784668,6212300
2012-07-18,24.449037551879883,35.310001373291016,35.349998474121094,35.22999954223633,35.290000915527344,4904100
2012-07-19,24.41441535949707,35.2599983215332,35.400001525878906,35.11000061035156,35.380001068115234,5982800
2012-07-20,24.26207733154297,35.040000915527344,35.16999816894531,34.93000030517578,35.09000015258789,6919600
2012-07-23,24.054357528686523,34.7400016784668,34.83000183105469,34.63999938964844,34.79999923706055,6449600
2012-07-24,23.978191375732422,34.630001068115234,34.810001373291016,34.45000076293945,34.810001373291016,3924200
2012-07-25,23.9851131439209,34.63999938964844,34.7599983215332,34.56999969482422,34.720001220703125,5133400
2012-07-26,24.37978744506836,35.209999084472656,35.27000045776367,34.95000076293945,34.95000076293945,5811600
2012-07-27,24.656755447387695,35.61000061035156,35.72999954223633,35.22999954223633,35.29999923706055,6313800
2012-07-30,24.781391143798828,35.790000915527344,35.810001373291016,35.529998779296875,35.61000061035156,5766800
2012-07-31,24.67059898376465,35.630001068115234,35.81999969482422,35.630001068115234,35.81999969482422,5052000
2012-08-01,24.54596710205078,35.45000076293945,35.790000915527344,35.380001068115234,35.790000915527344,8705500
2012-08-02,24.345157623291016,35.15999984741211,35.400001525878906,35.02000045776367,35.2599983215332,6016100
2012-08-03,24.753690719604492,35.75,35.810001373291016,35.5,35.5,7232300
2012-08-06,24.739849090576172,35.72999954223633,35.95000076293945,35.70000076293945,35.88999938964844,4097300
2012-08-07,24.6082820892334,35.540000915527344,35.869998931884766,35.540000915527344,35.869998931884766,6347800
2012-08-08,24.781391143798828,35.790000915527344,35.81999969482422,35.52000045776367,35.58000183105469,4813500
2012-08-09,24.677528381347656,35.63999938964844,35.7599983215332,35.599998474121094,35.7400016784668,3255000
2012-08-10,24.67059898376465,35.630001068115234,35.650001525878906,35.470001220703125,35.56999969482422,3044900
2012-08-13,24.663673400878906,35.619998931884766,35.63999938964844,35.5099983215332,35.630001068115234,4432300
2012-08-14,24.7606143951416,35.7599983215332,35.810001373291016,35.65999984741211,35.779998779296875,4092000
2012-08-15,24.77446174621582,35.779998779296875,35.880001068115234,35.709999084472656,35.83000183105469,2833400
2012-08-16,24.83677864074707,35.869998931884766,35.869998931884766,35.619998931884766,35.720001220703125,4111200
2012-08-17,24.8575496673584,35.900001525878906,35.93000030517578,35.810001373291016,35.86000061035156,4605400
2012-08-20,24.8575496673584,35.900001525878906,35.90999984741211,35.7599983215332,35.849998474121094,5377500
2012-08-21,24.705232620239258,35.68000030517578,36.0,35.65999984741211,35.939998626708984,6429800
2012-08-22,24.629058837890625,35.56999969482422,35.70000076293945,35.5,35.650001525878906,3998800
2012-08-23,24.435184478759766,35.290000915527344,35.58000183105469,35.27000045776367,35.560001373291016,5382400
2012-08-24,24.649822235107422,35.599998474121094,35.650001525878906,35.2400016784668,35.27000045776367,6677800
2012-08-27,24.6844539642334,35.650001525878906,35.720001220703125,35.56999969482422,35.650001525878906,3317500
2012-08-28,24.698286056518555,35.66999816894531,35.779998779296875,35.560001373291016,35.650001525878906,5877100
2012-08-29,24.642906188964844,35.59000015258789,35.7599983215332,35.59000015258789,35.66999816894531,3848700
2012-08-30,24.54596710205078,35.45000076293945,35.54999923706055,35.41999816894531,35.54999923706055,4805300
2012-08-31,24.552894592285156,35.459999084472656,35.72999954223633,35.459999084472656,35.599998474121094,8650900
2012-09-04,24.698286056518555,35.66999816894531,35.7400016784668,35.470001220703125,35.5099983215332,5943000
2012-09-05,24.656755447387695,35.61000061035156,35.720001220703125,35.560001373291016,35.689998626708984,4505000
2012-09-06,24.961423873901367,36.04999923706055,36.060001373291016,35.70000076293945,35.70000076293945,4791800
2012-09-07,24.7606143951416,35.7599983215332,36.06999969482422,35.689998626708984,35.97999954223633,6167600
2012-09-10,24.732927322387695,35.720001220703125,35.779998779296875,35.630001068115234,35.720001220703125,7045500
2012-09-11,24.656755447387695,35.61000061035156,35.72999954223633,35.599998474121094,35.709999084472656,4499700
2012-09-12,24.52519989013672,35.41999816894531,35.70000076293945,35.400001525878906,35.63999938964844,9593200
2012-09-13,24.961423873901367,36.04999923706055,36.11000061035156,35.40999984741211,35.40999984741211,9155900
2012-09-14,24.77446174621582,35.779998779296875,36.09000015258789,35.720001220703125,35.9900016784668,10535800
2012-09-17,24.843711853027344,35.880001068115234,35.959999084472656,35.7400016784668,35.779998779296875,5369700
2012-09-18,24.982181549072266,36.08000183105469,36.13999938964844,35.81999969482422,35.900001525878906,4888200
2012-09-19,25.05142593383789,36.18000030517578,36.27000045776367,36.029998779296875,36.11000061035156,17987300
2012-09-20,25.189908981323242,36.380001068115234,36.400001525878906,36.11000061035156,36.13999938964844,7029000
2012-09-21,25.074857711791992,35.959999084472656,36.27000045776367,35.959999084472656,36.2400016784668,8846200
2012-09-24,25.158525466918945,36.08000183105469,36.130001068115234,35.77000045776367,35.880001068115234,6189300
2012-09-25,24.984209060668945,35.83000183105469,36.22999954223633,35.81999969482422,36.11000061035156,3766200
2012-09-26,24.984209060668945,35.83000183105469,35.9900016784668,35.79999923706055,35.81999969482422,4846200
2012-09-27,25.06788444519043,35.95000076293945,36.02000045776367,35.75,35.88999938964844,4990900
2012-09-28,24.984209060668945,35.83000183105469,35.88999938964844,35.650001525878906,35.810001373291016,5648600
2012-10-01,25.14459228515625,36.060001373291016,36.209999084472656,35.84000015258789,35.84000015258789,5443700
2012-10-02,25.165504455566406,36.09000015258789,36.29999923706055,35.95000076293945,36.13999938964844,7288400
2012-10-03,25.242210388183594,36.20000076293945,36.349998474121094,36.02000045776367,36.130001068115234,8157500
2012-10-04,25.360746383666992,36.369998931884766,36.4900016784668,36.25,36.31999969482422,4704400
2012-10-05,25.458362579345703,36.5099983215332,36.59000015258789,36.400001525878906,36.470001220703125,4746500
2012-10-08,25.381664276123047,36.400001525878906,36.47999954223633,36.36000061035156,36.43000030517578,3024700
2012-10-09,25.13761329650879,36.04999923706055,36.41999816894531,36.040000915527344,36.29999923706055,6898800
2012-10-10,25.03301239013672,35.900001525878906,36.22999954223633,35.869998931884766,36.11000061035156,4800000
2012-10-11,24.97723388671875,35.81999969482422,36.099998474121094,35.810001373291016,36.08000183105469,4780500
2012-10-12,24.998149871826172,35.849998474121094,36.04999923706055,35.79999923706055,35.93000030517578,3637800
2012-10-15,25.165504455566406,36.09000015258789,36.11000061035156,35.84000015258789,35.93000030517578,3933300
2012-10-16,25.228256225585938,36.18000030517578,36.2400016784668,36.060001373291016,36.18000030517578,4171800
2012-10-17,25.339832305908203,36.34000015258789,36.459999084472656,36.209999084472656,36.209999084472656,5464500
2012-10-18,25.200368881225586,36.13999938964844,36.25,36.060001373291016,36.2400016784668,7520100
2012-10-19,24.900531768798828,35.709999084472656,36.150001525878906,35.650001525878906,36.119998931884766,4963800
2012-10-22,24.91447639465332,35.72999954223633,35.7599983215332,35.47999954223633,35.66999816894531,5963700
2012-10-23,24.57977867126465,35.25,35.5099983215332,35.13999938964844,35.47999954223633,5008200
2012-10-24,24.57977867126465,35.25,35.41999816894531,35.189998626708984,35.27000045776367,4127600
2012-10-25,24.73318099975586,35.470001220703125,35.59000015258789,35.33000183105469,35.47999954223633,5155400
2012-10-26,24.64950180053711,35.349998474121094,35.4900016784668,35.22999954223633,35.4900016784668,4537900
2012-10-31,24.677392959594727,35.38999938964844,35.709999084472656,35.25,35.61000061035156,10607600
2012-11-01,24.691347122192383,35.40999984741211,35.599998474121094,35.380001068115234,35.459999084472656,4944200
2012-11-02,24.544910430908203,35.20000076293945,35.61000061035156,35.16999816894531,35.529998779296875,4617800
2012-11-05,24.50307273864746,35.13999938964844,35.220001220703125,34.97999954223633,35.08000183105469,9441200
2012-11-06,24.68436622619629,35.400001525878906,35.5099983215332,35.18000030517578,35.20000076293945,3443400
2012-11-07,24.391502380371094,34.97999954223633,35.310001373291016,34.810001373291016,35.20000076293945,6083400
2012-11-08,24.126529693603516,34.599998474121094,35.060001373291016,34.59000015258789,34.95000076293945,7502200
2012-11-09,24.126529693603516,34.599998474121094,34.849998474121094,34.459999084472656,34.5,6354300
2012-11-12,24.126529693603516,34.599998474121094,34.709999084472656,34.540000915527344,34.599998474121094,3303200
2012-11-13,24.112585067749023,34.58000183105469,34.849998474121094,34.470001220703125,34.470001220703125,4295500
2012-11-14,23.847604751586914,34.20000076293945,34.68000030517578,34.13999938964844,34.650001525878906,8883900
2012-11-15,23.840633392333984,34.189998626708984,34.22999954223633,33.959999084472656,34.11000061035156,6756700
2012-11-16,23.994041442871094,34.40999984741211,34.45000076293945,34.08000183105469,34.11000061035156,7026400
2012-11-19,24.38452911376953,34.970001220703125,34.97999954223633,34.59000015258789,34.59000015258789,8628300
2012-11-20,24.475177764892578,35.099998474121094,35.11000061035156,34.810001373291016,34.9900016784668,5457900
2012-11-21,24.510042190551758,35.150001525878906,35.20000076293945,35.02000045776367,35.20000076293945,3737000
2012-11-23,24.872631072998047,35.66999816894531,35.68000030517578,35.22999954223633,35.22999954223633,3058300
2012-11-26,24.691347122192383,35.40999984741211,35.52000045776367,35.310001373291016,35.5,4365100
2012-11-27,24.6704158782959,35.380001068115234,35.599998474121094,35.349998474121094,35.45000076293945,3345100
2012-11-28,24.907508850097656,35.720001220703125,35.7400016784668,35.2599983215332,35.36000061035156,6404400
2012-11-29,25.03998374938965,35.90999984741211,35.959999084472656,35.689998626708984,35.70000076293945,14167900
2012-11-30,25.130645751953125,36.040000915527344,36.06999969482422,35.84000015258789,35.88999938964844,5690600
2012-12-03,25.03301239013672,35.900001525878906,36.11000061035156,35.880001068115234,36.0099983215332,8409400
2012-12-04,24.984209060668945,35.83000183105469,35.95000076293945,35.7599983215332,35.84000015258789,5125200
2012-12-05,25.02604866027832,35.88999938964844,36.04999923706055,35.709999084472656,35.81999969482422,6201900
2012-12-06,25.05394172668457,35.93000030517578,36.0099983215332,35.869998931884766,35.970001220703125,4850100
2012-12-07,25.228256225585938,36.18000030517578,36.189998626708984,35.970001220703125,36.06999969482422,4591500
2012-12-10,25.200368881225586,36.13999938964844,36.2400016784668,36.099998474121094,36.099998474121094,7959100
2012-12-11,25.214317321777344,36.15999984741211,36.45000076293945,36.11000061035156,36.27000045776367,4862100
2012-12-12,25.158525466918945,36.08000183105469,36.290000915527344,36.04999923706055,36.279998779296875,4649300
2012-12-13,25.116695404052734,36.02000045776367,36.22999954223633,35.939998626708984,36.189998626708984,4965200
2012-12-14,25.074857711791992,35.959999084472656,36.099998474121094,35.91999816894531,35.93000030517578,2437100
2012-12-17,25.130645751953125,36.040000915527344,36.119998931884766,35.91999816894531,36.040000915527344,6632800
2012-12-18,25.12366485595703,36.029998779296875,36.130001068115234,35.779998779296875,35.970001220703125,8219000
2012-12-19,24.872631072998047,35.66999816894531,36.099998474121094,35.66999816894531,36.08000183105469,16482200
2012-12-20,25.01209259033203,35.869998931884766,35.88999938964844,35.630001068115234,35.72999954223633,5870700
2012-12-21,24.79914665222168,35.16999816894531,35.43000030517578,34.939998626708984,35.18000030517578,8263800
2012-12-24,24.72159194946289,35.060001373291016,35.09000015258789,34.9900016784668,35.04999923706055,4714600
2012-12-26,24.510046005249023,34.7599983215332,35.08000183105469,34.70000076293945,35.04999923706055,11087600
2012-12-27,24.552356719970703,34.81999969482422,34.900001525878906,34.560001373291016,34.7599983215332,6488000
2012-12-28,24.291467666625977,34.45000076293945,34.810001373291016,34.45000076293945,34.630001068115234,15265500
2012-12-31,24.60877227783203,34.900001525878906,34.900001525878906,34.33000183105469,34.380001068115234,17879100
2013-01-02,25.243375778198242,35.79999923706055,35.810001373291016,35.290000915527344,35.400001525878906,10813900
2013-01-03,25.179920196533203,35.709999084472656,35.81999969482422,35.61000061035156,35.75,6537300
2013-01-04,25.250431060791016,35.810001373291016,35.869998931884766,35.66999816894531,35.66999816894531,5942500
2013-01-07,25.08119773864746,35.56999969482422,35.790000915527344,35.470001220703125,35.7599983215332,3029900
2013-01-08,25.01068878173828,35.470001220703125,35.54999923706055,35.40999984741211,35.54999923706055,4506100
2013-01-09,25.067096710205078,35.54999923706055,35.630001068115234,35.47999954223633,35.560001373291016,4310400
2013-01-10,25.215171813964844,35.7599983215332,35.779998779296875,35.58000183105469,35.65999984741211,4083300
2013-01-11,25.327993392944336,35.91999816894531,35.91999816894531,35.7599983215332,35.79999923706055,3021900
2013-01-14,25.405563354492188,36.029998779296875,36.060001373291016,35.88999938964844,35.90999984741211,5080900
2013-01-15,25.483123779296875,36.13999938964844,36.16999816894531,35.880001068115234,35.959999084472656,4265900
2013-01-16,25.447858810424805,36.09000015258789,36.16999816894531,36.02000045776367,36.04999923706055,3322600
2013-01-17,25.617095947265625,36.33000183105469,36.439998626708984,36.15999984741211,36.25,6186500
2013-01-18,25.722850799560547,36.47999954223633,36.47999954223633,36.2400016784668,36.400001525878906,5659500
2013-01-22,25.729915618896484,36.4900016784668,36.5099983215332,36.33000183105469,36.45000076293945,3817600
2013-01-23,25.722850799560547,36.47999954223633,36.5,36.38999938964844,36.470001220703125,3602400
2013-01-24,25.79336929321289,36.58000183105469,36.63999938964844,36.47999954223633,36.5,4569000
2013-01-25,25.92029571533203,36.7599983215332,36.790000915527344,36.650001525878906,36.720001220703125,3930800
2013-01-28,25.941452026367188,36.790000915527344,36.849998474121094,36.65999984741211,36.7599983215332,5114700
2013-01-29,26.08246421813965,36.9900016784668,37.04999923706055,36.7400016784668,36.77000045776367,4868900
2013-01-30,26.033126831054688,36.91999816894531,37.060001373291016,36.880001068115234,36.970001220703125,4374500
2013-01-31,25.997854232788086,36.869998931884766,37.0099983215332,36.86000061035156,36.95000076293945,4374900
2013-02-01,26.209392547607422,37.16999816894531,37.220001220703125,36.97999954223633,37.119998931884766,4855400
2013-02-04,25.962596893310547,36.81999969482422,37.04999923706055,36.790000915527344,37.04999923706055,4501000
2013-02-05,26.272859573364258,37.2599983215332,37.36000061035156,37.02000045776367,37.029998779296875,7608700
2013-02-06,26.30811882019043,37.310001373291016,37.31999969482422,37.099998474121094,37.15999984741211,2893700
2013-02-07,26.449134826660156,37.5099983215332,37.540000915527344,37.2599983215332,37.279998779296875,8721400
2013-02-08,26.427980422973633,37.47999954223633,37.66999816894531,37.439998626708984,37.560001373291016,7203800
2013-02-11,26.427980422973633,37.47999954223633,37.529998779296875,37.40999984741211,37.529998779296875,2957700
2013-02-12,26.3997802734375,37.439998626708984,37.52000045776367,37.380001068115234,37.52000045776367,3308400
2013-02-13,26.427980422973633,37.47999954223633,37.5099983215332,37.369998931884766,37.5099983215332,3165800
2013-02-14,26.484392166137695,37.560001373291016,37.689998626708984,37.52000045776367,37.59000015258789,7964100
2013-02-15,26.519649505615234,37.61000061035156,37.689998626708984,37.43000030517578,37.5,5690500
2013-02-19,26.787595748901367,37.9900016784668,38.0,37.70000076293945,37.709999084472656,8140800
2013-02-20,26.73824119567871,37.91999816894531,38.130001068115234,37.90999984741211,38.029998779296875,10454300
2013-02-21,26.82285499572754,38.040000915527344,38.119998931884766,37.79999923706055,37.88999938964844,9752400
2013-02-22,26.97797966003418,38.2599983215332,38.2599983215332,38.02000045776367,38.119998931884766,6182400
2013-02-25,26.61132049560547,37.7400016784668,38.45000076293945,37.720001220703125,38.38999938964844,7873900
2013-02-26,26.67477798461914,37.83000183105469,37.959999084472656,37.66999816894531,37.83000183105469,7656600
2013-02-27,26.872220993041992,38.11000061035156,38.220001220703125,37.709999084472656,37.880001068115234,6405800
2013-02-28,26.858112335205078,38.09000015258789,38.34000015258789,38.06999969482422,38.150001525878906,8069700
2013-03-01,26.949771881103516,38.220001220703125,38.25,37.88999938964844,37.900001525878906,6584800
2013-03-04,27.154258728027344,38.5099983215332,38.5099983215332,38.119998931884766,38.150001525878906,5105800
2013-03-05,27.245935440063477,38.63999938964844,38.709999084472656,38.540000915527344,38.63999938964844,8253900
2013-03-06,27.182462692260742,38.54999923706055,38.72999954223633,38.5099983215332,38.66999816894531,5795700
2013-03-07,27.182462692260742,38.54999923706055,38.650001525878906,38.52000045776367,38.650001525878906,3375900
2013-03-08,27.23183250427246,38.619998931884766,38.68000030517578,38.459999084472656,38.66999816894531,5178500
2013-03-11,27.260026931762695,38.65999984741211,38.72999954223633,38.619998931884766,38.68000030517578,3624300
2013-03-12,27.23183250427246,38.619998931884766,38.68000030517578,38.560001373291016,38.650001525878906,5323300
2013-03-13,27.302339553833008,38.720001220703125,38.75,38.56999969482422,38.70000076293945,4113000
2013-03-14,27.394010543823242,38.849998474121094,38.88999938964844,38.689998626708984,38.77000045776367,4250900
2013-03-15,27.274250030517578,38.4900016784668,38.59000015258789,38.40999984741211,38.59000015258789,9104400
2013-03-18,27.189212799072266,38.369998931884766,38.529998779296875,38.20000076293945,38.279998779296875,5045300
2013-03-19,27.415964126586914,38.689998626708984,38.709999084472656,38.40999984741211,38.40999984741211,8304900
2013-03-20,27.67815589904785,39.060001373291016,39.130001068115234,38.81999969482422,38.81999969482422,6377100
2013-03-21,27.593116760253906,38.939998626708984,39.13999938964844,38.90999984741211,38.9900016784668,5588600
2013-03-22,27.848222732543945,39.29999923706055,39.33000183105469,39.029998779296875,39.11000061035156,6132500
2013-03-25,27.82696533203125,39.27000045776367,39.4900016784668,39.13999938964844,39.36000061035156,6281900
2013-03-26,28.089139938354492,39.63999938964844,39.65999984741211,39.380001068115234,39.41999816894531,7227800
2013-03-27,28.067895889282227,39.61000061035156,39.61000061035156,39.38999938964844,39.54999923706055,5357900
2013-03-28,28.18126678466797,39.77000045776367,39.79999923706055,39.4900016784668,39.63999938964844,5040400
2013-04-01,28.167085647583008,39.75,39.79999923706055,39.619998931884766,39.72999954223633,5370100
2013-04-02,28.471799850463867,40.18000030517578,40.22999954223633,39.849998474121094,39.869998931884766,8043900
2013-04-03,28.16000747680664,39.7400016784668,40.27000045776367,39.650001525878906,40.27000045776367,11956200
2013-04-04,28.308813095092773,39.95000076293945,40.02000045776367,39.7599983215332,39.81999969482422,8889800
2013-04-05,28.10331153869629,39.65999984741211,39.720001220703125,39.5,39.61000061035156,8528000
2013-04-08,28.42218780517578,40.11000061035156,40.11000061035156,39.52000045776367,39.65999984741211,9479100
2013-04-09,28.39384651184082,40.06999969482422,40.220001220703125,39.93000030517578,40.18000030517578,6614500
2013-04-10,28.60642433166504,40.369998931884766,40.43000030517578,40.119998931884766,40.16999816894531,7325700
2013-04-11,28.741058349609375,40.560001373291016,40.709999084472656,40.380001068115234,40.459999084472656,5973200
2013-04-12,28.84735107421875,40.709999084472656,40.72999954223633,40.400001525878906,40.40999984741211,5782900
2013-04-15,28.386762619018555,40.060001373291016,40.720001220703125,40.060001373291016,40.63999938964844,11247900
2013-04-16,28.9182186126709,40.810001373291016,40.83000183105469,40.290000915527344,40.349998474121094,10341100
2013-04-17,28.670202255249023,40.459999084472656,40.7400016784668,40.31999969482422,40.63999938964844,9761800
2013-04-18,28.613525390625,40.380001068115234,40.58000183105469,40.2599983215332,40.400001525878906,10303600
2013-04-19,29.059932708740234,41.0099983215332,41.060001373291016,40.439998626708984,40.439998626708984,11227600
2013-04-22,29.13080406188965,41.11000061035156,41.189998626708984,40.810001373291016,41.06999969482422,5972300
2013-04-23,29.3575382232666,41.43000030517578,41.439998626708984,40.900001525878906,41.220001220703125,13184200
2013-04-24,28.889869689941406,40.77000045776367,41.369998931884766,40.72999954223633,41.25,30015500
2013-04-25,28.981998443603516,40.900001525878906,41.0099983215332,40.7599983215332,40.86000061035156,12200800
2013-04-26,28.974895477294922,40.88999938964844,41.0099983215332,40.79999923706055,40.79999923706055,9481800
2013-04-29,29.0670223236084,41.02000045776367,41.06999969482422,40.86000061035156,41.0099983215332,6696000
2013-04-30,29.010316848754883,40.939998626708984,41.029998779296875,40.77000045776367,40.97999954223633,11354900
2013-05-01,28.981998443603516,40.900001525878906,41.20000076293945,40.84000015258789,40.88999938964844,7556600
2013-05-02,29.088279724121094,41.04999923706055,41.189998626708984,40.77000045776367,40.90999984741211,9194000
2013-05-03,29.215824127197266,41.22999954223633,41.369998931884766,41.099998474121094,41.27000045776367,12843400
2013-05-06,29.003246307373047,40.93000030517578,41.20000076293945,40.880001068115234,41.20000076293945,14530800
2013-05-07,29.22291374206543,41.2400016784668,41.25,40.939998626708984,41.0099983215332,8152200
2013-05-08,29.25834083557129,41.290000915527344,41.29999923706055,41.13999938964844,41.22999954223633,6623300
2013-05-09,29.052860260009766,41.0,41.349998474121094,40.900001525878906,41.2599983215332,12872500
2013-05-10,29.166231155395508,41.15999984741211,41.189998626708984,40.91999816894531,40.91999816894531,8304700
2013-05-13,29.215824127197266,41.22999954223633,41.380001068115234,41.04999923706055,41.119998931884766,7821600
2013-05-14,29.563051223754883,41.720001220703125,41.72999954223633,41.209999084472656,41.209999084472656,7373100
2013-05-15,29.85357093811035,42.130001068115234,42.20000076293945,41.65999984741211,41.70000076293945,11728700
2013-05-16,29.67643165588379,41.880001068115234,42.11000061035156,41.810001373291016,42.029998779296875,9313100
2013-05-17,29.718944549560547,41.939998626708984,41.970001220703125,41.63999938964844,41.88999938964844,9368100
2013-05-20,29.414222717285156,41.5099983215332,41.95000076293945,41.47999954223633,41.90999984741211,9866600
2013-05-21,29.442594528198242,41.54999923706055,41.66999816894531,41.27000045776367,41.630001068115234,10408400
2013-05-22,29.39298439025879,41.47999954223633,42.02000045776367,41.34000015258789,41.58000183105469,16899000
2013-05-23,29.27251434326172,41.310001373291016,41.45000076293945,41.04999923706055,41.13999938964844,12831900
2013-05-24,29.548864364624023,41.70000076293945,41.720001220703125,41.31999969482422,41.31999969482422,16015800
2013-05-28,29.598468780517578,41.77000045776367,42.189998626708984,41.63999938964844,42.060001373291016,15727400
2013-05-29,29.03158950805664,40.970001220703125,41.56999969482422,40.88999938964844,41.529998779296875,21414900
2013-05-30,28.9182186126709,40.810001373291016,41.15999984741211,40.790000915527344,41.02000045776367,15949200
2013-05-31,28.379676818847656,40.04999923706055,40.720001220703125,40.029998779296875,40.720001220703125,33824800
2013-06-03,28.691471099853516,40.4900016784668,40.5,39.68000030517578,40.150001525878906,39020500
2013-06-04,28.69854164123535,40.5,40.779998779296875,40.209999084472656,40.63999938964844,12962800
2013-06-05,28.35133171081543,40.0099983215332,40.41999816894531,40.0,40.380001068115234,17077900
2013-06-06,28.471799850463867,40.18000030517578,40.189998626708984,39.70000076293945,39.9900016784668,12352700
2013-06-07,28.82608985900879,40.68000030517578,40.849998474121094,40.38999938964844,40.38999938964844,18700800
2013-06-10,28.82608985900879,40.68000030517578,40.849998474121094,40.4900016784668,40.849998474121094,11190300
2013-06-11,28.75522804260254,40.58000183105469,40.86000061035156,40.31999969482422,40.45000076293945,20334000
2013-06-12,28.613525390625,40.380001068115234,40.900001525878906,40.380001068115234,40.72999954223633,14908400
2013-06-13,28.911130905151367,40.79999923706055,41.880001068115234,40.220001220703125,40.470001220703125,13048700
2013-06-14,28.84026336669922,40.70000076293945,41.029998779296875,40.59000015258789,40.72999954223633,8453300
2013-06-17,29.095359802246094,41.060001373291016,41.22999954223633,40.779998779296875,40.83000183105469,9877200
2013-06-18,29.2016544342041,41.209999084472656,41.2599983215332,40.93000030517578,41.060001373291016,8441200
2013-06-19,28.620601654052734,40.38999938964844,41.29999923706055,40.38999938964844,41.209999084472656,25795200
2013-06-20,27.756099700927734,39.16999816894531,40.279998779296875,39.099998474121094,40.04999923706055,32296500
2013-06-21,28.122705459594727,39.43000030517578,39.630001068115234,39.040000915527344,39.209999084472656,22743500
2013-06-24,28.008586883544922,39.27000045776367,39.650001525878906,38.869998931884766,39.150001525878906,24973100
2013-06-25,28.051387786865234,39.33000183105469,39.47999954223633,39.119998931884766,39.439998626708984,13004400
2013-06-26,28.34380531311035,39.7400016784668,39.88999938964844,39.56999969482422,39.56999969482422,18133100
2013-06-27,28.472183227539062,39.91999816894531,40.290000915527344,39.900001525878906,39.9900016784668,10033600
2013-06-28,28.293874740600586,39.66999816894531,40.040000915527344,39.63999938964844,39.84000015258789,11033300
2013-07-01,28.50071144104004,39.959999084472656,40.25,39.47999954223633,39.90999984741211,11795300
2013-07-02,28.5363712310791,40.0099983215332,40.22999954223633,39.869998931884766,39.939998626708984,5441200
2013-07-03,28.479326248168945,39.93000030517578,40.02000045776367,39.650001525878906,39.880001068115234,3985400
2013-07-05,28.550628662109375,40.029998779296875,40.20000076293945,39.650001525878906,40.02000045776367,10602600
2013-07-08,28.83592414855957,40.43000030517578,40.470001220703125,40.08000183105469,40.08000183105469,7611700
2013-07-09,29.04990005493164,40.72999954223633,40.81999969482422,40.630001068115234,40.70000076293945,8937800
2013-07-10,29.0855655670166,40.779998779296875,40.959999084472656,40.66999816894531,40.72999954223633,7701700
2013-07-11,29.542037963867188,41.41999816894531,41.47999954223633,41.16999816894531,41.209999084472656,12282200
2013-07-12,29.54916000366211,41.43000030517578,41.470001220703125,41.279998779296875,41.349998474121094,5566100
2013-07-15,29.591955184936523,41.4900016784668,41.5,41.38999938964844,41.5,7076000
2013-07-16,29.484968185424805,41.34000015258789,41.41999816894531,41.130001068115234,41.130001068115234,10156700
2013-07-17,29.542037963867188,41.41999816894531,41.540000915527344,41.369998931884766,41.40999984741211,9365500
2013-07-18,29.64188575744629,41.560001373291016,41.709999084472656,41.349998474121094,41.40999984741211,7136100
2013-07-19,29.813060760498047,41.79999923706055,41.79999923706055,41.52000045776367,41.56999969482422,8352700
2013-07-22,29.748872756958008,41.709999084472656,41.849998474121094,41.650001525878906,41.84000015258789,7887600
2013-07-23,29.69181251525879,41.630001068115234,41.7599983215332,41.58000183105469,41.75,6122500
2013-07-24,29.499238967895508,41.36000061035156,41.7400016784668,41.27000045776367,41.7400016784668,8262900
2013-07-25,29.65614128112793,41.58000183105469,41.619998931884766,41.25,41.279998779296875,4720600
2013-07-26,29.620492935180664,41.529998779296875,41.54999923706055,41.02000045776367,41.41999816894531,6073200
2013-07-29,29.556291580200195,41.439998626708984,41.540000915527344,41.34000015258789,41.470001220703125,7493000
2013-07-30,29.527772903442383,41.400001525878906,41.68000030517578,41.31999969482422,41.5099983215332,5733600
2013-07-31,29.520631790161133,41.38999938964844,41.61000061035156,41.34000015258789,41.40999984741211,6735500
2013-08-01,29.763134002685547,41.72999954223633,41.79999923706055,41.599998474121094,41.599998474121094,6207700
2013-08-02,29.777402877807617,41.75,41.77000045776367,41.439998626708984,41.61000061035156,3956400
2013-08-05,29.798810958862305,41.779998779296875,41.849998474121094,41.650001525878906,41.7400016784668,5010300
2013-08-06,29.763134002685547,41.72999954223633,41.790000915527344,41.58000183105469,41.7599983215332,3148600
2013-08-07,29.620492935180664,41.529998779296875,41.630001068115234,41.459999084472656,41.59000015258789,5987100
2013-08-08,29.777402877807617,41.75,41.79999923706055,41.52000045776367,41.650001525878906,2915000
2013-08-09,29.649023056030273,41.56999969482422,41.72999954223633,41.459999084472656,41.66999816894531,4266300
2013-08-12,29.56342315673828,41.45000076293945,41.5,41.2599983215332,41.40999984741211,4208600
2013-08-13,29.584823608398438,41.47999954223633,41.56999969482422,41.27000045776367,41.54999923706055,4178500
2013-08-14,29.37798500061035,41.189998626708984,41.5,41.16999816894531,41.459999084472656,4871500
2013-08-15,28.90724754333496,40.529998779296875,40.88999938964844,40.5,40.880001068115234,8854300
2013-08-16,28.736083984375,40.290000915527344,40.529998779296875,40.130001068115234,40.459999084472656,8607300
2013-08-19,28.607688903808594,40.11000061035156,40.27000045776367,40.099998474121094,40.27000045776367,5126600
2013-08-20,28.614830017089844,40.119998931884766,40.349998474121094,40.060001373291016,40.189998626708984,7174100
2013-08-21,28.393733978271484,39.810001373291016,40.16999816894531,39.77000045776367,40.0099983215332,7899700
2013-08-22,28.51496696472168,39.97999954223633,40.06999969482422,39.79999923706055,39.81999969482422,5501900
2013-08-23,28.679019927978516,40.209999084472656,40.2599983215332,40.0099983215332,40.08000183105469,3352900
2013-08-26,28.34380531311035,39.7400016784668,40.27000045776367,39.7400016784668,40.220001220703125,17412500
2013-08-27,28.194026947021484,39.529998779296875,39.63999938964844,39.400001525878906,39.439998626708984,11462400
2013-08-28,27.980052947998047,39.22999954223633,39.45000076293945,39.20000076293945,39.439998626708984,18628600
2013-08-29,28.09417724609375,39.38999938964844,39.560001373291016,39.04999923706055,39.08000183105469,7455000
2013-08-30,28.179758071899414,39.5099983215332,39.58000183105469,39.349998474121094,39.5099983215332,8672400
2013-09-03,28.158367156982422,39.47999954223633,39.83000183105469,39.400001525878906,39.689998626708984,15164200
2013-09-04,28.33667755126953,39.72999954223633,39.83000183105469,39.38999938964844,39.459999084472656,6468800
2013-09-05,28.293874740600586,39.66999816894531,39.81999969482422,39.630001068115234,39.790000915527344,4525100
2013-09-06,28.365205764770508,39.77000045776367,39.95000076293945,39.38999938964844,39.810001373291016,6976700
2013-09-09,28.564897537231445,40.04999923706055,40.09000015258789,39.779998779296875,39.790000915527344,10347600
2013-09-10,28.593425750732422,40.09000015258789,40.2400016784668,39.95000076293945,40.15999984741211,6501800
2013-09-11,28.80027198791504,40.380001068115234,40.38999938964844,40.0099983215332,40.0099983215332,6812300
2013-09-12,28.807409286499023,40.38999938964844,40.5099983215332,40.349998474121094,40.38999938964844,7002900
2013-09-13,29.042766571044922,40.720001220703125,40.75,40.47999954223633,40.47999954223633,5063200
2013-09-16,29.306650161743164,41.09000015258789,41.220001220703125,41.0099983215332,41.060001373291016,8178900
2013-09-17,29.40652084350586,41.22999954223633,41.27000045776367,41.08000183105469,41.08000183105469,5344500
2013-09-18,29.756004333496094,41.720001220703125,41.75,40.9900016784668,41.20000076293945,12763900
2013-09-19,29.620492935180664,41.529998779296875,41.84000015258789,41.439998626708984,41.790000915527344,6148500
2013-09-20,29.413066864013672,40.97999954223633,41.2599983215332,40.95000076293945,41.2599983215332,7279100
2013-09-23,29.28386688232422,40.79999923706055,40.939998626708984,40.709999084472656,40.939998626708984,5586800
2013-09-24,29.147497177124023,40.61000061035156,40.869998931884766,40.54999923706055,40.79999923706055,6855000
2013-09-25,28.903461456298828,40.27000045776367,40.65999984741211,40.20000076293945,40.59000015258789,8234700
2013-09-26,29.0541934967041,40.47999954223633,40.47999954223633,40.25,40.31999969482422,4560300
2013-09-27,28.874753952026367,40.22999954223633,40.34000015258789,40.04999923706055,40.34000015258789,4453400
2013-09-30,28.566123962402344,39.79999923706055,40.11000061035156,39.72999954223633,39.95000076293945,8120800
2013-10-01,28.738386154174805,40.040000915527344,40.060001373291016,39.7400016784668,39.779998779296875,7152300
2013-10-02,28.67378807067871,39.95000076293945,39.959999084472656,39.58000183105469,39.91999816894531,5827400
2013-10-03,28.530235290527344,39.75,39.93000030517578,39.630001068115234,39.88999938964844,9686800
2013-10-04,28.573307037353516,39.810001373291016,39.959999084472656,39.650001525878906,39.7599983215332,5713900
2013-10-07,28.48000144958496,39.68000030517578,39.880001068115234,39.560001373291016,39.58000183105469,5438900
2013-10-08,28.48000144958496,39.68000030517578,39.939998626708984,39.63999938964844,39.75,9532300
2013-10-09,28.501523971557617,39.709999084472656,39.90999984741211,39.58000183105469,39.72999954223633,8706800
2013-10-10,29.032657623291016,40.45000076293945,40.470001220703125,39.970001220703125,39.970001220703125,6104900
2013-10-11,29.118785858154297,40.56999969482422,40.58000183105469,40.33000183105469,40.41999816894531,5451800
2013-10-14,29.240806579589844,40.7400016784668,40.75,40.310001373291016,40.349998474121094,6808200
2013-10-15,28.97522735595703,40.369998931884766,40.720001220703125,40.31999969482422,40.68000030517578,7792900
2013-10-16,29.405895233154297,40.970001220703125,40.9900016784668,40.52000045776367,40.52000045776367,7034800
2013-10-17,29.736040115356445,41.43000030517578,41.439998626708984,40.84000015258789,40.84000015258789,8498700
2013-10-18,29.77910041809082,41.4900016784668,41.54999923706055,41.349998474121094,41.4900016784668,5861400
2013-10-21,29.71451759338379,41.400001525878906,41.5099983215332,41.22999954223633,41.43000030517578,3646400
2013-10-22,30.087717056274414,41.91999816894531,42.029998779296875,41.47999954223633,41.5,9404700
2013-10-23,30.145156860351562,42.0,42.09000015258789,41.79999923706055,41.81999969482422,8809800
2013-10-24,30.087717056274414,41.91999816894531,42.08000183105469,41.86000061035156,42.08000183105469,7754800
2013-10-25,30.159509658813477,42.02000045776367,42.060001373291016,41.79999923706055,41.93000030517578,4301900
2013-10-28,30.554262161254883,42.56999969482422,42.70000076293945,42.09000015258789,42.150001525878906,33007100
2013-10-29,30.819828033447266,42.939998626708984,42.939998626708984,42.540000915527344,42.65999984741211,15133400
2013-10-30,30.554262161254883,42.56999969482422,42.9900016784668,42.459999084472656,42.9900016784668,11872100
2013-10-31,30.396371841430664,42.349998474121094,42.59000015258789,42.290000915527344,42.4900016784668,11588100
2013-11-01,30.511205673217773,42.5099983215332,42.56999969482422,42.27000045776367,42.36000061035156,9055000
2013-11-04,30.5399169921875,42.54999923706055,42.720001220703125,42.400001525878906,42.61000061035156,5305500
2013-11-05,30.597332000732422,42.630001068115234,42.7599983215332,42.380001068115234,42.5099983215332,6804500
2013-11-06,30.927494049072266,43.09000015258789,43.099998474121094,42.650001525878906,42.849998474121094,7356400
2013-11-07,30.475318908691406,42.459999084472656,43.08000183105469,42.369998931884766,43.060001373291016,11993800
2013-11-08,30.626026153564453,42.66999816894531,42.66999816894531,42.130001068115234,42.470001220703125,15162000
2013-11-11,30.532732009887695,42.540000915527344,42.72999954223633,42.5,42.650001525878906,7981900
2013-11-12,30.582969665527344,42.61000061035156,42.63999938964844,42.400001525878906,42.439998626708984,5657100
2013-11-13,30.84136199951172,42.970001220703125,42.9900016784668,42.41999816894531,42.459999084472656,7651500
2013-11-14,31.063858032226562,43.279998779296875,43.33000183105469,42.959999084472656,42.9900016784668,5891500
2013-11-15,31.09976577758789,43.33000183105469,43.43000030517578,43.150001525878906,43.2599983215332,3054000
2013-11-18,31.006450653076172,43.20000076293945,43.459999084472656,43.11000061035156,43.459999084472656,3924900
2013-11-19,30.89160919189453,43.040000915527344,43.189998626708984,42.970001220703125,43.13999938964844,7013200
2013-11-20,30.762405395507812,42.86000061035156,43.20000076293945,42.72999954223633,43.09000015258789,7392100
2013-11-21,30.819828033447266,42.939998626708984,42.970001220703125,42.7599983215332,42.86000061035156,6777800
2013-11-22,30.977739334106445,43.15999984741211,43.189998626708984,42.86000061035156,43.0099983215332,5443000
2013-11-25,30.927494049072266,43.09000015258789,43.34000015258789,43.029998779296875,43.29999923706055,4447200
2013-11-26,30.89877700805664,43.04999923706055,43.25,42.97999954223633,43.13999938964844,3854300
2013-11-27,30.920331954956055,43.08000183105469,43.189998626708984,42.959999084472656,43.189998626708984,3257000
2013-11-29,30.87006950378418,43.0099983215332,43.27000045776367,42.959999084472656,43.16999816894531,2642100
2013-12-02,30.704994201660156,42.779998779296875,43.040000915527344,42.68000030517578,43.029998779296875,5041700
2013-12-03,30.855728149414062,42.9900016784668,43.0099983215332,42.72999954223633,42.72999954223633,6124800
2013-12-04,30.78394317626953,42.88999938964844,43.0,42.54999923706055,42.880001068115234,8093100
2013-12-05,30.5040225982666,42.5,42.790000915527344,42.439998626708984,42.7400016784668,6060000
2013-12-06,30.920331954956055,43.08000183105469,43.130001068115234,42.7599983215332,42.83000183105469,7108600
2013-12-09,31.027978897094727,43.22999954223633,43.380001068115234,43.150001525878906,43.2599983215332,5513100
2013-12-10,30.762405395507812,42.86000061035156,43.189998626708984,42.7400016784668,43.13999938964844,3341900
2013-12-11,30.812652587890625,42.93000030517578,43.130001068115234,42.849998474121094,42.849998474121094,21705800
2013-12-12,30.389196395874023,42.34000015258789,42.91999816894531,42.29999923706055,42.91999816894531,9662500
2013-12-13,30.338956832885742,42.27000045776367,42.470001220703125,42.13999938964844,42.470001220703125,5929000
2013-12-16,30.331775665283203,42.2599983215332,42.52000045776367,42.16999816894531,42.349998474121094,5893100
2013-12-17,30.18822479248047,42.060001373291016,42.279998779296875,41.959999084472656,42.220001220703125,7247300
2013-12-18,30.690635681152344,42.7599983215332,42.779998779296875,41.689998626708984,42.11000061035156,11754200
2013-12-19,30.633211135864258,42.68000030517578,42.72999954223633,42.43000030517578,42.650001525878906,5698800
2013-12-20,30.772079467773438,42.54999923706055,42.65999984741211,42.290000915527344,42.349998474121094,11007300
2013-12-23,30.743135452270508,42.5099983215332,42.689998626708984,42.36000061035156,42.650001525878906,6601700
2013-12-24,30.78653907775879,42.56999969482422,42.65999984741211,42.439998626708984,42.5099983215332,5915300
2013-12-26,30.909475326538086,42.7400016784668,42.7400016784668,42.540000915527344,42.599998474121094,15154600
2013-12-27,30.981792449951172,42.84000015258789,42.91999816894531,42.7599983215332,42.810001373291016,3590500
2013-12-30,31.061351776123047,42.95000076293945,42.97999954223633,42.83000183105469,42.84000015258789,3245700
2013-12-31,31.08304214477539,42.97999954223633,43.06999969482422,42.810001373291016,43.02000045776367,6516500
2014-01-02,30.699748992919922,42.45000076293945,42.869998931884766,42.380001068115234,42.849998474121094,14997000
2014-01-03,30.641887664794922,42.369998931884766,42.61000061035156,42.34000015258789,42.540000915527344,6298600
2014-01-06,30.52619171142578,42.209999084472656,42.529998779296875,42.11000061035156,42.47999954223633,9498600
2014-01-07,30.692527770996094,42.439998626708984,42.540000915527344,42.2400016784668,42.43000030517578,7479100
2014-01-08,30.46108627319336,42.119998931884766,42.43000030517578,42.029998779296875,42.43000030517578,23824100
2014-01-09,30.62021255493164,42.34000015258789,42.400001525878906,42.060001373291016,42.22999954223633,24438600
2014-01-10,30.663589477539062,42.400001525878906,42.54999923706055,42.2400016784668,42.45000076293945,15903800
2014-01-13,30.490018844604492,42.15999984741211,42.540000915527344,42.11000061035156,42.400001525878906,9275100
2014-01-14,30.649127960205078,42.380001068115234,42.45000076293945,42.189998626708984,42.27000045776367,10885000
2014-01-15,30.656356811523438,42.38999938964844,42.540000915527344,42.290000915527344,42.43000030517578,4384200
2014-01-16,30.663589477539062,42.400001525878906,42.459999084472656,42.18000030517578,42.27000045776367,6522100
2014-01-17,30.42494773864746,42.06999969482422,42.380001068115234,42.029998779296875,42.349998474121094,8233800
2014-01-21,30.54064178466797,42.22999954223633,42.34000015258789,41.95000076293945,42.189998626708984,5618400
2014-01-22,30.54064178466797,42.22999954223633,42.380001068115234,42.18000030517578,42.2599983215332,3615300
2014-01-23,30.27306365966797,41.86000061035156,42.08000183105469,41.709999084472656,42.08000183105469,8916700
2014-01-24,29.998245239257812,41.47999954223633,41.97999954223633,41.439998626708984,41.79999923706055,18509700
2014-01-27,29.87529945373535,41.310001373291016,41.54999923706055,41.2400016784668,41.5,8451500
2014-01-28,30.106739044189453,41.630001068115234,41.709999084472656,41.36000061035156,41.380001068115234,5022200
2014-01-29,29.578800201416016,40.900001525878906,41.41999816894531,40.790000915527344,41.36000061035156,36942400
2014-01-30,29.62218475341797,40.959999084472656,41.119998931884766,40.88999938964844,41.04999923706055,19016600
2014-01-31,29.477542877197266,40.7599983215332,41.040000915527344,40.31999969482422,40.4900016784668,21959500
2014-02-03,28.84113883972168,39.880001068115234,40.81999969482422,39.83000183105469,40.709999084472656,41150000
2014-02-04,28.992996215820312,40.09000015258789,40.16999816894531,39.95000076293945,40.040000915527344,11694000
2014-02-05,29.01470375061035,40.119998931884766,40.189998626708984,39.88999938964844,39.9900016784668,9453300
2014-02-06,29.32567596435547,40.54999923706055,40.599998474121094,40.279998779296875,40.29999923706055,12794100
2014-02-07,29.600482940673828,40.93000030517578,40.959999084472656,40.599998474121094,40.70000076293945,6986300
2014-02-10,29.716190338134766,41.09000015258789,41.119998931884766,40.83000183105469,40.900001525878906,5645800
2014-02-11,30.063344955444336,41.56999969482422,41.59000015258789,40.9900016784668,41.150001525878906,9688100
2014-02-12,29.93315887451172,41.38999938964844,41.65999984741211,41.25,41.65999984741211,8852500
2014-02-13,30.085025787353516,41.599998474121094,41.619998931884766,41.029998779296875,41.09000015258789,5708600
2014-02-14,30.258596420288086,41.84000015258789,41.95000076293945,41.38999938964844,41.5099983215332,7234700
2014-02-18,30.085025787353516,41.599998474121094,41.83000183105469,41.45000076293945,41.790000915527344,7130400
2014-02-19,30.019943237304688,41.5099983215332,41.689998626708984,41.349998474121094,41.54999923706055,6085300
2014-02-20,30.15011978149414,41.689998626708984,41.81999969482422,41.380001068115234,41.45000076293945,6793100
2014-02-21,30.085025787353516,41.599998474121094,41.880001068115234,41.59000015258789,41.7400016784668,5702300
2014-02-24,30.193519592285156,41.75,42.029998779296875,41.619998931884766,41.630001068115234,3302300
2014-02-25,30.309240341186523,41.90999984741211,42.11000061035156,41.7400016784668,41.7400016784668,6304200
2014-02-26,30.280298233032227,41.869998931884766,42.119998931884766,41.790000915527344,42.0,4877300
2014-02-27,30.4177188873291,42.060001373291016,42.060001373291016,41.790000915527344,41.810001373291016,4172400
2014-02-28,30.627437591552734,42.349998474121094,42.52000045776367,42.02000045776367,42.04999923706055,5404800
2014-03-03,30.46108627319336,42.119998931884766,42.220001220703125,41.869998931884766,42.0099983215332,8829800
2014-03-04,30.873323440551758,42.689998626708984,42.779998779296875,42.400001525878906,42.400001525878906,7275500
2014-03-05,30.772079467773438,42.54999923706055,42.709999084472656,42.540000915527344,42.650001525878906,8090900
2014-03-06,30.76484489440918,42.540000915527344,42.65999984741211,42.540000915527344,42.630001068115234,6145900
2014-03-07,30.85162353515625,42.65999984741211,42.70000076293945,42.47999954223633,42.689998626708984,4123200
2014-03-10,30.880556106567383,42.70000076293945,42.709999084472656,42.540000915527344,42.540000915527344,4901200
2014-03-11,30.866090774536133,42.68000030517578,42.849998474121094,42.59000015258789,42.810001373291016,10017400
2014-03-12,30.93117332458496,42.77000045776367,42.790000915527344,42.47999954223633,42.47999954223633,5203700
2014-03-13,30.779294967651367,42.560001373291016,42.970001220703125,42.4900016784668,42.79999923706055,9738900
2014-03-14,30.79377555847168,42.58000183105469,42.77000045776367,42.38999938964844,42.400001525878906,5299600
2014-03-17,30.974571228027344,42.83000183105469,42.88999938964844,42.650001525878906,42.720001220703125,4161400
2014-03-18,31.039661407470703,42.91999816894531,42.9900016784668,42.77000045776367,42.900001525878906,3575000
2014-03-19,30.80099868774414,42.59000015258789,43.0,42.380001068115234,42.880001068115234,10676900
2014-03-20,30.909475326538086,42.7400016784668,42.790000915527344,42.380001068115234,42.45000076293945,9907900
2014-03-21,30.892040252685547,42.5,42.90999984741211,42.5,42.66999816894531,7454000
2014-03-24,30.862964630126953,42.459999084472656,42.7400016784668,42.400001525878906,42.52000045776367,6111300
2014-03-25,31.088285446166992,42.77000045776367,42.83000183105469,42.619998931884766,42.619998931884766,9086100
2014-03-26,31.015605926513672,42.66999816894531,42.97999954223633,42.66999816894531,42.849998474121094,7102300
2014-03-27,30.99379539489746,42.63999938964844,42.86000061035156,42.56999969482422,42.56999969482422,10552500
2014-03-28,31.073755264282227,42.75,42.869998931884766,42.66999816894531,42.66999816894531,4522600
2014-03-31,31.299083709716797,43.060001373291016,43.11000061035156,42.849998474121094,42.9900016784668,8973400
2014-04-01,31.248218536376953,42.9900016784668,43.13999938964844,42.88999938964844,43.0099983215332,6524200
2014-04-02,31.284543991088867,43.040000915527344,43.13999938964844,42.90999984741211,43.02000045776367,6705400
2014-04-03,31.320892333984375,43.09000015258789,43.18000030517578,42.9900016784668,43.040000915527344,4430400
2014-04-04,31.21912956237793,42.95000076293945,43.31999969482422,42.88999938964844,43.220001220703125,8815700
2014-04-07,31.248218536376953,42.9900016784668,43.18000030517578,42.849998474121094,42.849998474121094,15088000
2014-04-08,31.408109664916992,43.209999084472656,43.22999954223633,42.939998626708984,43.0,7688000
2014-04-09,31.546222686767578,43.400001525878906,43.400001525878906,43.16999816894531,43.220001220703125,5559000
2014-04-10,31.233659744262695,42.970001220703125,43.630001068115234,42.939998626708984,43.400001525878906,6121800
2014-04-11,31.073755264282227,42.75,43.119998931884766,42.70000076293945,42.939998626708984,15474700
2014-04-14,31.320892333984375,43.09000015258789,43.15999984741211,42.810001373291016,42.97999954223633,4333800
2014-04-15,31.400856018066406,43.20000076293945,43.2599983215332,42.93000030517578,43.2400016784668,6318800
2014-04-16,31.706146240234375,43.619998931884766,43.619998931884766,43.310001373291016,43.439998626708984,4314800
2014-04-17,31.713397979736328,43.630001068115234,43.66999816894531,43.38999938964844,43.540000915527344,4209600
2014-04-21,31.727930068969727,43.650001525878906,43.68000030517578,43.439998626708984,43.52000045776367,3739700
2014-04-22,31.713397979736328,43.630001068115234,43.720001220703125,43.560001373291016,43.689998626708984,5669400
2014-04-23,31.662527084350586,43.560001373291016,43.689998626708984,43.560001373291016,43.630001068115234,11037100
2014-04-24,31.78609275817871,43.72999954223633,43.790000915527344,43.5,43.540000915527344,3946200
2014-04-25,31.829702377319336,43.790000915527344,43.81999969482422,43.599998474121094,43.689998626708984,6647400
2014-04-28,32.193138122558594,44.290000915527344,44.380001068115234,43.790000915527344,43.88999938964844,7214200
2014-04-29,32.055030822753906,44.099998474121094,44.33000183105469,44.099998474121094,44.25,4222300
2014-04-30,32.156795501708984,44.2400016784668,44.2400016784668,44.0,44.0,4855000
2014-05-01,32.12771987915039,44.20000076293945,44.2400016784668,43.95000076293945,44.150001525878906,9711100
2014-05-02,32.12771987915039,44.20000076293945,44.2599983215332,44.060001373291016,44.20000076293945,5245300
2014-05-05,32.055030822753906,44.099998474121094,44.220001220703125,43.88999938964844,44.029998779296875,3279600
2014-05-06,31.85149574279785,43.81999969482422,44.04999923706055,43.810001373291016,43.970001220703125,4471900
2014-05-07,32.156795501708984,44.2400016784668,44.27000045776367,43.91999816894531,43.91999816894531,7554300
2014-05-08,32.20040512084961,44.29999923706055,44.470001220703125,44.15999984741211,44.2400016784668,4197900
2014-05-09,32.35305404663086,44.5099983215332,44.52000045776367,44.209999084472656,44.2599983215332,2792400
2014-05-12,32.382118225097656,44.54999923706055,44.70000076293945,44.47999954223633,44.56999969482422,4824900
2014-05-13,32.44755172729492,44.63999938964844,44.70000076293945,44.529998779296875,44.540000915527344,2518600
2014-05-14,32.27309036254883,44.400001525878906,44.630001068115234,44.349998474121094,44.61000061035156,3165700
2014-05-15,31.989614486694336,44.0099983215332,44.29999923706055,43.939998626708984,44.27000045776367,4726400
2014-05-16,32.18587112426758,44.279998779296875,44.29999923706055,44.0099983215332,44.06999969482422,6381700
2014-05-19,32.12045669555664,44.189998626708984,44.25,44.060001373291016,44.16999816894531,2805300
2014-05-20,32.00413513183594,44.029998779296875,44.189998626708984,43.959999084472656,44.189998626708984,6246800
2014-05-21,32.18587112426758,44.279998779296875,44.310001373291016,43.9900016784668,44.029998779296875,5037700
2014-05-22,32.13497543334961,44.209999084472656,44.290000915527344,44.099998474121094,44.2599983215332,2898300
2014-05-23,32.18587112426758,44.279998779296875,44.34000015258789,44.20000076293945,44.20000076293945,2710000
2014-05-27,32.27309036254883,44.400001525878906,44.43000030517578,44.279998779296875,44.38999938964844,3520700
2014-05-28,32.22947692871094,44.34000015258789,44.47999954223633,44.33000183105469,44.439998626708984,3903100
2014-05-29,32.4838981628418,44.689998626708984,44.7599983215332,44.380001068115234,44.380001068115234,6683400
2014-05-30,32.738285064697266,45.040000915527344,45.08000183105469,44.560001373291016,44.560001373291016,4482600
2014-06-02,32.658329010009766,44.93000030517578,45.0099983215332,44.880001068115234,44.959999084472656,3273000
2014-06-03,32.54202651977539,44.77000045776367,44.900001525878906,44.75,44.869998931884766,2674000
2014-06-04,32.658329010009766,44.93000030517578,44.9900016784668,44.720001220703125,44.7400016784668,3149000
2014-06-05,32.7891731262207,45.11000061035156,45.16999816894531,44.869998931884766,44.939998626708984,3905400
2014-06-06,32.876380920410156,45.22999954223633,45.2400016784668,45.11000061035156,45.119998931884766,2562200
2014-06-09,32.82551193237305,45.15999984741211,45.27000045776367,45.09000015258789,45.130001068115234,6310400
2014-06-10,32.82551193237305,45.15999984741211,45.209999084472656,45.0099983215332,45.029998779296875,4362000
2014-06-11,32.738285064697266,45.040000915527344,45.15999984741211,44.970001220703125,45.06999969482422,4977900
2014-06-12,32.505699157714844,44.720001220703125,45.040000915527344,44.63999938964844,44.95000076293945,5186300
2014-06-13,32.49842834472656,44.709999084472656,44.790000915527344,44.61000061035156,44.779998779296875,1936700
2014-06-16,32.62199020385742,44.880001068115234,44.91999816894531,44.56999969482422,44.70000076293945,18205200
2014-06-17,32.62199020385742,44.880001068115234,44.95000076293945,44.72999954223633,44.95000076293945,4897800
2014-06-18,33.00722122192383,45.40999984741211,45.41999816894531,44.779998779296875,44.83000183105469,22633400
2014-06-19,33.19621658325195,45.66999816894531,45.709999084472656,45.41999816894531,45.45000076293945,11404200
2014-06-20,33.0944938659668,45.220001220703125,45.5099983215332,45.189998626708984,45.47999954223633,5165400
2014-06-23,32.91154098510742,44.970001220703125,45.22999954223633,44.900001525878906,45.220001220703125,3370700
2014-06-24,32.79444122314453,44.810001373291016,44.95000076293945,44.70000076293945,44.900001525878906,3677200
2014-06-25,32.74319839477539,44.7400016784668,44.77000045776367,44.56999969482422,44.650001525878906,6083000
2014-06-26,32.626102447509766,44.58000183105469,44.709999084472656,44.400001525878906,44.650001525878906,15990200
2014-06-27,32.68466567993164,44.65999984741211,44.7400016784668,44.400001525878906,44.58000183105469,4692800
2014-06-30,32.655372619628906,44.619998931884766,44.88999938964844,44.5,44.5,12049100
2014-07-01,32.72857666015625,44.720001220703125,44.849998474121094,44.52000045776367,44.689998626708984,5099600
2014-07-02,32.81638717651367,44.84000015258789,44.93000030517578,44.7400016784668,44.7400016784668,3093000
2014-07-03,32.99935531616211,45.09000015258789,45.150001525878906,44.810001373291016,44.869998931884766,2303400
2014-07-07,33.05057144165039,45.15999984741211,45.20000076293945,44.95000076293945,45.0,5813700
2014-07-08,32.984710693359375,45.06999969482422,45.209999084472656,45.029998779296875,45.09000015258789,4629500
2014-07-09,33.13109588623047,45.27000045776367,45.310001373291016,45.119998931884766,45.130001068115234,5296000
2014-07-10,33.07985305786133,45.20000076293945,45.25,44.95000076293945,44.9900016784668,3871200
2014-07-11,33.1237678527832,45.2599983215332,45.310001373291016,45.060001373291016,45.20000076293945,3100500
2014-07-14,33.24085998535156,45.41999816894531,45.4900016784668,45.349998474121094,45.380001068115234,4135600
2014-07-15,32.948123931884766,45.02000045776367,45.36000061035156,44.97999954223633,45.36000061035156,7181800
2014-07-16,32.95543670654297,45.029998779296875,45.25,44.959999084472656,45.20000076293945,4513100
2014-07-17,32.750518798828125,44.75,45.11000061035156,44.720001220703125,45.040000915527344,3965200
2014-07-18,33.07985305786133,45.20000076293945,45.22999954223633,44.790000915527344,44.79999923706055,5929300
2014-07-21,32.92615509033203,44.9900016784668,45.029998779296875,44.84000015258789,45.029998779296875,5085300
2014-07-22,32.86761474609375,44.90999984741211,45.029998779296875,44.81999969482422,44.93000030517578,13404200
2014-07-23,32.82370376586914,44.849998474121094,45.0099983215332,44.810001373291016,44.9900016784668,2796500
2014-07-24,32.91154098510742,44.970001220703125,45.04999923706055,44.869998931884766,44.93000030517578,3449600
2014-07-25,32.779788970947266,44.790000915527344,44.970001220703125,44.689998626708984,44.93000030517578,2477800
2014-07-28,32.611473083496094,44.560001373291016,44.83000183105469,44.5,44.75,30101200
2014-07-29,32.46509552001953,44.36000061035156,44.72999954223633,44.349998474121094,44.61000061035156,6319100
2014-07-30,32.121124267578125,43.88999938964844,44.4900016784668,43.88999938964844,44.43000030517578,22406900
2014-07-31,31.57223892211914,43.13999938964844,43.63999938964844,43.11000061035156,43.52000045776367,10784500
2014-08-01,31.813737869262695,43.470001220703125,43.65999984741211,43.08000183105469,43.08000183105469,11890000
2014-08-04,31.916208267211914,43.61000061035156,43.689998626708984,43.349998474121094,43.529998779296875,5024400
2014-08-05,31.77715301513672,43.41999816894531,43.70000076293945,43.2400016784668,43.47999954223633,4571700
2014-08-06,32.047935485839844,43.790000915527344,43.81999969482422,42.970001220703125,42.9900016784668,27891900
2014-08-07,31.784469604492188,43.43000030517578,43.900001525878906,43.33000183105469,43.900001525878906,5532600
2014-08-08,32.10648727416992,43.869998931884766,43.90999984741211,43.43000030517578,43.470001220703125,5259400
2014-08-11,32.3333740234375,44.18000030517578,44.38999938964844,43.9900016784668,44.029998779296875,23734600
2014-08-12,32.3114013671875,44.150001525878906,44.22999954223633,44.040000915527344,44.15999984741211,3954200
2014-08-13,32.40654754638672,44.279998779296875,44.36000061035156,44.11000061035156,44.25,2704300
2014-08-14,32.53828430175781,44.459999084472656,44.470001220703125,44.22999954223633,44.43000030517578,2196100
2014-08-15,32.582183837890625,44.52000045776367,44.79999923706055,44.279998779296875,44.689998626708984,4542700
2014-08-18,32.77246856689453,44.779998779296875,44.81999969482422,44.58000183105469,44.630001068115234,4427600
2014-08-19,32.860294342041016,44.900001525878906,44.95000076293945,44.66999816894531,44.86000061035156,2627900
2014-08-20,32.838340759277344,44.869998931884766,44.91999816894531,44.7400016784668,44.790000915527344,5580000
2014-08-21,32.896881103515625,44.95000076293945,45.150001525878906,44.88999938964844,44.88999938964844,1724000
2014-08-22,32.81638717651367,44.84000015258789,45.06999969482422,44.84000015258789,45.0,5176500
2014-08-25,32.99935531616211,45.09000015258789,45.150001525878906,45.0099983215332,45.04999923706055,1985200
2014-08-26,32.97739028930664,45.060001373291016,45.189998626708984,45.029998779296875,45.119998931884766,1792300
2014-08-27,32.992027282714844,45.08000183105469,45.099998474121094,44.9900016784668,45.099998474121094,2054500
2014-08-28,33.00666809082031,45.099998474121094,45.11000061035156,44.91999816894531,44.959999084472656,2797700
2014-08-29,33.02863693237305,45.130001068115234,45.16999816894531,44.9900016784668,45.13999938964844,3076400
2014-09-02,33.04326629638672,45.150001525878906,45.349998474121094,45.0099983215332,45.18000030517578,11691900
2014-09-03,33.06521987915039,45.18000030517578,45.279998779296875,45.130001068115234,45.2599983215332,2391400
2014-09-04,33.167667388916016,45.31999969482422,45.439998626708984,45.189998626708984,45.25,4379600
2014-09-05,33.35795593261719,45.58000183105469,45.58000183105469,45.18000030517578,45.33000183105469,5067000
2014-09-08,33.1091194152832,45.2400016784668,45.52000045776367,45.220001220703125,45.43000030517578,4229500
2014-09-09,33.02863693237305,45.130001068115234,45.27000045776367,45.06999969482422,45.27000045776367,3452700
2014-09-10,33.18962860107422,45.349998474121094,45.400001525878906,45.11000061035156,45.18000030517578,4186400
2014-09-11,33.20426559448242,45.369998931884766,45.400001525878906,45.209999084472656,45.25,3924700
2014-09-12,32.97007369995117,45.04999923706055,45.34000015258789,44.959999084472656,45.310001373291016,5778400
2014-09-15,33.13109588623047,45.27000045776367,45.310001373291016,45.13999938964844,45.189998626708984,6105500
2014-09-16,33.37990188598633,45.61000061035156,45.72999954223633,45.15999984741211,45.20000076293945,8388400
2014-09-17,33.30673599243164,45.5099983215332,45.70000076293945,45.41999816894531,45.560001373291016,10476000
2014-09-18,33.372596740722656,45.599998474121094,45.650001525878906,45.4900016784668,45.58000183105469,6364600
2014-09-19,33.45875549316406,45.43000030517578,45.59000015258789,45.369998931884766,45.5,5411900
2014-09-22,33.39984893798828,45.349998474121094,45.470001220703125,45.279998779296875,45.400001525878906,6516500
2014-09-23,33.10525131225586,44.95000076293945,45.279998779296875,44.95000076293945,45.20000076293945,6715600
2014-09-24,33.532405853271484,45.529998779296875,45.54999923706055,44.939998626708984,44.939998626708984,14707300
2014-09-25,33.090518951416016,44.93000030517578,45.400001525878906,44.93000030517578,45.38999938964844,11438400
2014-09-26,33.215721130371094,45.099998474121094,45.189998626708984,44.77000045776367,45.029998779296875,3935200
2014-09-29,33.20835494995117,45.09000015258789,45.150001525878906,44.79999923706055,44.83000183105469,11255800
2014-09-30,33.22309494018555,45.11000061035156,45.220001220703125,44.95000076293945,45.11000061035156,7122400
2014-10-01,33.01687240600586,44.83000183105469,45.06999969482422,44.75,45.06999969482422,18044800
2014-10-02,33.075782775878906,44.90999984741211,45.02000045776367,44.70000076293945,44.79999923706055,16950100
2014-10-03,33.46612548828125,45.439998626708984,45.459999084472656,45.0,45.18000030517578,9134100
2014-10-06,33.48086166381836,45.459999084472656,45.560001373291016,45.15999984741211,45.560001373291016,6884100
2014-10-07,33.282005310058594,45.189998626708984,45.52000045776367,45.189998626708984,45.22999954223633,11318600
2014-10-08,33.768089294433594,45.849998474121094,45.869998931884766,45.20000076293945,45.2599983215332,9800300
2014-10-09,33.42930603027344,45.38999938964844,46.11000061035156,45.38999938964844,45.810001373291016,15077400
2014-10-10,33.59132766723633,45.61000061035156,46.08000183105469,45.43000030517578,45.43000030517578,11403400
2014-10-13,33.12734603881836,44.97999954223633,45.65999984741211,44.95000076293945,45.59000015258789,20244600
2014-10-14,33.11259460449219,44.959999084472656,45.209999084472656,44.849998474121094,45.119998931884766,12854000
2014-10-15,32.71491622924805,44.41999816894531,44.810001373291016,43.779998779296875,44.540000915527344,22241300
2014-10-16,32.471866607666016,44.09000015258789,44.31999969482422,43.689998626708984,43.83000183105469,19593400
2014-10-17,32.86956787109375,44.630001068115234,44.75,44.08000183105469,44.4900016784668,12534400
2014-10-20,33.34092712402344,45.27000045776367,45.310001373291016,44.5099983215332,44.54999923706055,17229300
2014-10-21,33.48086166381836,45.459999084472656,45.459999084472656,44.95000076293945,45.130001068115234,13863600
2014-10-22,33.55451202392578,45.560001373291016,45.869998931884766,45.40999984741211,45.4900016784668,10426900
2014-10-23,33.532405853271484,45.529998779296875,45.84000015258789,45.45000076293945,45.7400016784668,12604800
2014-10-24,33.81227493286133,45.90999984741211,45.95000076293945,45.619998931884766,45.689998626708984,9205600
2014-10-27,33.8932991027832,46.02000045776367,46.209999084472656,45.7400016784668,45.790000915527344,4917200
2014-10-28,34.02586364746094,46.20000076293945,46.220001220703125,46.0,46.220001220703125,5633500
2014-10-29,33.96693801879883,46.119998931884766,46.29999923706055,45.849998474121094,46.20000076293945,6381200
2014-10-30,34.180511474609375,46.40999984741211,46.52000045776367,45.880001068115234,46.16999816894531,5020200
2014-10-31,34.401458740234375,46.709999084472656,46.84000015258789,46.560001373291016,46.83000183105469,8184300
2014-11-03,34.534034729003906,46.88999938964844,46.91999816894531,46.63999938964844,46.63999938964844,14994800
2014-11-04,34.71815490722656,47.13999938964844,47.209999084472656,46.790000915527344,46.810001373291016,10508200
2014-11-05,34.961212158203125,47.470001220703125,47.66999816894531,47.2400016784668,47.40999984741211,7780400
2014-11-06,35.034847259521484,47.56999969482422,47.66999816894531,47.349998474121094,47.52000045776367,5638000
2014-11-07,35.16004943847656,47.7400016784668,47.7400016784668,47.31999969482422,47.5,5912000
2014-11-10,35.314720153808594,47.95000076293945,47.959999084472656,47.54999923706055,47.65999984741211,4209500
2014-11-11,35.24843978881836,47.86000061035156,48.0,47.7599983215332,47.93000030517578,3277800
2014-11-12,35.24843978881836,47.86000061035156,47.93000030517578,47.650001525878906,47.65999984741211,4923700
2014-11-13,35.37363052368164,48.029998779296875,48.2599983215332,47.86000061035156,47.900001525878906,7507100
2014-11-14,35.174781799316406,47.7599983215332,48.06999969482422,47.63999938964844,48.04999923706055,7544500
2014-11-17,35.410465240478516,48.08000183105469,48.08000183105469,47.68000030517578,47.68000030517578,4049600
2014-11-18,35.54304122924805,48.2599983215332,48.34000015258789,48.0,48.08000183105469,5015400
2014-11-19,35.69032287597656,48.459999084472656,48.5099983215332,48.18000030517578,48.2400016784668,4919500
2014-11-20,35.53567123413086,48.25,48.38999938964844,48.18000030517578,48.310001373291016,4076000
2014-11-21,35.68296432495117,48.45000076293945,48.7400016784668,48.36000061035156,48.650001525878906,5042300
2014-11-24,35.660865783691406,48.41999816894531,48.65999984741211,48.34000015258789,48.540000915527344,4912000
2014-11-25,35.69032287597656,48.459999084472656,48.58000183105469,48.34000015258789,48.41999816894531,6157500
2014-11-26,35.85235595703125,48.68000030517578,48.689998626708984,48.45000076293945,48.459999084472656,3644800
2014-11-28,36.308990478515625,49.29999923706055,49.41999816894531,48.79999923706055,48.83000183105469,4640900
2014-12-01,36.07330322265625,48.97999954223633,49.189998626708984,48.900001525878906,49.08000183105469,8330400
2014-12-02,36.19851303100586,49.150001525878906,49.189998626708984,48.93000030517578,48.959999084472656,6130900
2014-12-03,35.94073486328125,48.79999923706055,49.15999984741211,48.689998626708984,49.15999984741211,5909600
2014-12-04,35.911285400390625,48.7599983215332,48.869998931884766,48.540000915527344,48.810001373291016,8023900
2014-12-05,35.97756576538086,48.849998474121094,48.86000061035156,48.54999923706055,48.72999954223633,6732100
2014-12-08,35.903907775878906,48.75,49.0099983215332,48.619998931884766,48.79999923706055,4653600
2014-12-09,35.78606414794922,48.59000015258789,48.61000061035156,48.11000061035156,48.380001068115234,6120000
2014-12-10,35.44729232788086,48.130001068115234,48.72999954223633,48.08000183105469,48.59000015258789,5304800
2014-12-11,35.741878509521484,48.529998779296875,48.810001373291016,48.13999938964844,48.29999923706055,5233700
2014-12-12,35.285255432128906,47.90999984741211,48.709999084472656,47.900001525878906,48.2400016784668,6812500
2014-12-15,35.04957580566406,47.59000015258789,48.25,47.439998626708984,48.11000061035156,9451300
2014-12-16,34.91701126098633,47.40999984741211,48.369998931884766,47.380001068115234,47.380001068115234,9811500
2014-12-17,35.42520523071289,48.099998474121094,48.2599983215332,47.5,47.54999923706055,10126400
2014-12-18,36.102752685546875,49.02000045776367,49.04999923706055,48.310001373291016,48.790000915527344,8726300
2014-12-19,36.06566619873047,48.619998931884766,49.02000045776367,48.59000015258789,48.84000015258789,13154400
2014-12-22,36.41432571411133,49.09000015258789,49.09000015258789,48.7400016784668,48.75,5125700
2014-12-23,36.66652297973633,49.43000030517578,49.540000915527344,49.16999816894531,49.29999923706055,5563500
2014-12-24,36.629432678222656,49.380001068115234,49.630001068115234,49.349998474121094,49.58000183105469,1478000
2014-12-26,36.688777923583984,49.459999084472656,49.61000061035156,49.40999984741211,49.43000030517578,3302400
2014-12-29,36.57750701904297,49.310001373291016,49.45000076293945,49.11000061035156,49.400001525878906,13478700
2014-12-30,36.41432571411133,49.09000015258789,49.349998474121094,49.06999969482422,49.2400016784668,5094900
2014-12-31,35.96924591064453,48.4900016784668,49.27000045776367,48.470001220703125,49.27000045776367,5218700
2015-01-02,35.865394592285156,48.349998474121094,48.72999954223633,48.04999923706055,48.619998931884766,7612100
2015-01-05,35.61319351196289,48.0099983215332,48.369998931884766,47.880001068115234,48.2599983215332,8272700
2015-01-06,35.56867980957031,47.95000076293945,48.470001220703125,47.810001373291016,48.349998474121094,11112400
2015-01-07,36.176944732666016,48.77000045776367,48.83000183105469,48.25,48.29999923706055,9226100
2015-01-08,36.725860595703125,49.5099983215332,49.56999969482422,49.099998474121094,49.20000076293945,12904100
2015-01-09,36.42914962768555,49.11000061035156,49.66999816894531,49.11000061035156,49.66999816894531,6382800
2015-01-12,36.31788635253906,48.959999084472656,49.349998474121094,48.83000183105469,49.09000015258789,6256400
2015-01-13,36.310462951660156,48.95000076293945,49.560001373291016,48.65999984741211,49.290000915527344,10135000
2015-01-14,36.19919967651367,48.79999923706055,48.849998474121094,48.459999084472656,48.58000183105469,13315500
2015-01-15,36.25853729248047,48.880001068115234,49.18000030517578,48.689998626708984,49.119998931884766,10898400
2015-01-16,36.54783248901367,49.27000045776367,49.31999969482422,48.66999816894531,48.7599983215332,12948500
2015-01-20,36.69618606567383,49.470001220703125,49.689998626708984,49.060001373291016,49.459999084472656,9978200
2015-01-21,36.87421798706055,49.709999084472656,49.720001220703125,49.119998931884766,49.369998931884766,7588600
2015-01-22,37.24512481689453,50.209999084472656,50.220001220703125,49.47999954223633,49.91999816894531,12062000
2015-01-23,36.829734802246094,49.650001525878906,50.04999923706055,49.63999938964844,49.970001220703125,6423700
2015-01-26,36.829734802246094,49.650001525878906,49.720001220703125,49.380001068115234,49.630001068115234,4428600
2015-01-27,36.406898498535156,49.08000183105469,49.29999923706055,48.849998474121094,49.150001525878906,10344800
2015-01-28,35.98407745361328,48.5099983215332,49.40999984741211,48.470001220703125,49.2599983215332,7765700
2015-01-29,36.273380279541016,48.900001525878906,48.959999084472656,48.290000915527344,48.70000076293945,9765600
2015-01-30,35.62061309814453,48.02000045776367,48.66999816894531,47.95000076293945,48.63999938964844,10951600
2015-02-02,36.04344177246094,48.59000015258789,48.619998931884766,47.68000030517578,48.11000061035156,14354100
2015-02-03,36.36239242553711,49.02000045776367,49.040000915527344,48.61000061035156,48.88999938964844,6279600
2015-02-04,36.37721633911133,49.040000915527344,49.38999938964844,48.93000030517578,48.93000030517578,7901300
2015-02-05,36.56266784667969,49.290000915527344,49.310001373291016,49.06999969482422,49.189998626708984,8079500
2015-02-06,36.399478912353516,49.06999969482422,49.4900016784668,48.880001068115234,49.29999923706055,6304100
2015-02-09,36.12501907348633,48.70000076293945,49.029998779296875,48.56999969482422,48.9900016784668,5656100
2015-02-10,36.54783248901367,49.27000045776367,49.31999969482422,48.86000061035156,49.15999984741211,5055100
2015-02-11,36.71844482421875,49.5,49.61000061035156,49.13999938964844,49.29999923706055,4618000
2015-02-12,36.88906478881836,49.72999954223633,49.72999954223633,49.470001220703125,49.619998931884766,7150600
2015-02-13,36.71844482421875,49.5,49.650001525878906,49.38999938964844,49.619998931884766,5932000
2015-02-17,36.725860595703125,49.5099983215332,49.560001373291016,49.189998626708984,49.43000030517578,4887500
2015-02-18,36.9261474609375,49.779998779296875,49.779998779296875,49.38999938964844,49.5,5251200
2015-02-19,36.688777923583984,49.459999084472656,49.70000076293945,49.400001525878906,49.689998626708984,4380200
2015-02-20,36.792625427246094,49.599998474121094,49.619998931884766,49.099998474121094,49.290000915527344,5898000
2015-02-23,36.89647674560547,49.7400016784668,49.75,49.52000045776367,49.52000045776367,4710600
2015-02-24,37.022579193115234,49.90999984741211,49.95000076293945,49.599998474121094,49.790000915527344,4275800
2015-02-25,36.89647674560547,49.7400016784668,49.95000076293945,49.68000030517578,49.900001525878906,3282600
2015-02-26,36.948402404785156,49.810001373291016,49.86000061035156,49.61000061035156,49.7400016784668,4124200
2015-02-27,37.09676742553711,50.0099983215332,50.11000061035156,49.77000045776367,49.79999923706055,4578900
2015-03-02,37.16352081298828,50.099998474121094,50.13999938964844,49.939998626708984,50.04999923706055,5511200
2015-03-03,37.022579193115234,49.90999984741211,50.11000061035156,49.689998626708984,50.099998474121094,5818200
2015-03-04,36.76296615600586,49.560001373291016,49.83000183105469,49.439998626708984,49.810001373291016,3635800
2015-03-05,36.88906478881836,49.72999954223633,49.810001373291016,49.56999969482422,49.689998626708984,5336300
2015-03-06,36.169517517089844,48.7599983215332,49.470001220703125,48.650001525878906,49.369998931884766,12065500
2015-03-09,36.36980056762695,49.029998779296875,49.119998931884766,48.79999923706055,48.95000076293945,6436500
2015-03-10,35.850563049316406,48.33000183105469,48.77000045776367,48.31999969482422,48.7400016784668,7996200
2015-03-11,35.57609558105469,47.959999084472656,48.400001525878906,47.90999984741211,48.400001525878906,8699500
2015-03-12,36.0953483581543,48.65999984741211,48.65999984741211,48.130001068115234,48.18000030517578,9905500
2015-03-13,35.81346893310547,48.279998779296875,48.58000183105469,47.9900016784668,48.560001373291016,5821400
2015-03-16,36.25111770629883,48.869998931884766,48.880001068115234,48.43000030517578,48.43000030517578,22130500
2015-03-17,35.99150085449219,48.52000045776367,48.7400016784668,48.380001068115234,48.70000076293945,7487500
2015-03-18,36.236289978027344,48.849998474121094,49.04999923706055,47.84000015258789,48.400001525878906,19747300
2015-03-19,36.073097229003906,48.630001068115234,48.849998474121094,48.540000915527344,48.7400016784668,20386700
2015-03-20,36.525360107421875,48.939998626708984,48.95000076293945,48.5,48.56999969482422,7951000
2015-03-23,36.5850830078125,49.02000045776367,49.27000045776367,48.849998474121094,48.88999938964844,4669300
2015-03-24,36.37610626220703,48.7400016784668,49.27000045776367,48.7400016784668,49.13999938964844,6939800
2015-03-25,36.28654098510742,48.619998931884766,49.36000061035156,48.619998931884766,49.290000915527344,18476700
2015-03-26,36.12981414794922,48.40999984741211,48.68000030517578,48.29999923706055,48.380001068115234,7616000
2015-03-27,36.35371780395508,48.709999084472656,48.77000045776367,48.400001525878906,48.41999816894531,4950100
2015-03-30,36.71942138671875,49.20000076293945,49.2400016784668,48.619998931884766,48.810001373291016,25326800
2015-03-31,36.37610626220703,48.7400016784668,49.20000076293945,48.7400016784668,49.0,7411800
2015-04-01,36.420875549316406,48.79999923706055,48.810001373291016,48.33000183105469,48.720001220703125,8033400
2015-04-02,36.66716766357422,49.130001068115234,49.220001220703125,48.75,48.81999969482422,4821000
2015-04-06,36.958229064941406,49.52000045776367,49.72999954223633,48.91999816894531,49.04999923706055,5615300
2015-04-07,36.78657531738281,49.290000915527344,49.70000076293945,49.290000915527344,49.599998474121094,7660800
2015-04-08,36.84629440307617,49.369998931884766,49.5,49.150001525878906,49.29999923706055,5039200
2015-04-09,36.950782775878906,49.5099983215332,49.599998474121094,49.189998626708984,49.369998931884766,4785400
2015-04-10,37.017940521240234,49.599998474121094,49.77000045776367,49.470001220703125,49.63999938964844,4605100
2015-04-13,36.84629440307617,49.369998931884766,49.65999984741211,49.36000061035156,49.470001220703125,3712800
2015-04-14,36.92838668823242,49.47999954223633,49.560001373291016,49.16999816894531,49.279998779296875,5722200
2015-04-15,36.82389831542969,49.34000015258789,49.75,49.310001373291016,49.54999923706055,6764300
2015-04-16,36.958229064941406,49.52000045776367,49.709999084472656,49.36000061035156,49.400001525878906,5796400
2015-04-17,36.61494445800781,49.060001373291016,49.31999969482422,48.790000915527344,49.290000915527344,5539800
2015-04-20,36.741798400878906,49.22999954223633,49.52000045776367,49.13999938964844,49.13999938964844,3976200
2015-04-21,36.80897903442383,49.31999969482422,49.54999923706055,49.2400016784668,49.29999923706055,3948500
2015-04-22,36.831356048583984,49.349998474121094,49.45000076293945,49.06999969482422,49.36000061035156,2897700
2015-04-23,36.704490661621094,49.18000030517578,49.41999816894531,49.060001373291016,49.06999969482422,6320800
2015-04-24,36.711944580078125,49.189998626708984,49.31999969482422,49.130001068115234,49.31999969482422,6555100
2015-04-27,36.51043701171875,48.91999816894531,49.279998779296875,48.88999938964844,49.2599983215332,6888100
2015-04-28,36.547760009765625,48.970001220703125,49.029998779296875,48.709999084472656,48.91999816894531,3665100
2015-04-29,36.2193717956543,48.529998779296875,48.90999984741211,48.459999084472656,48.810001373291016,9409300
2015-04-30,36.09996032714844,48.369998931884766,48.599998474121094,48.18000030517578,48.40999984741211,8286300
2015-05-01,36.4283447265625,48.810001373291016,48.83000183105469,48.40999984741211,48.54999923706055,5158300
2015-05-04,36.4805908203125,48.880001068115234,49.0099983215332,48.79999923706055,48.810001373291016,6710200
2015-05-05,36.18952941894531,48.4900016784668,48.91999816894531,48.41999816894531,48.86000061035156,6537400
2015-05-06,36.301456451416016,48.63999938964844,48.7599983215332,48.34000015258789,48.59000015258789,6233300
2015-05-07,36.39102554321289,48.7599983215332,48.86000061035156,48.369998931884766,48.47999954223633,6433800
2015-05-08,36.697021484375,49.16999816894531,49.36000061035156,49.0099983215332,49.0099983215332,6946500
2015-05-11,36.547760009765625,48.970001220703125,49.33000183105469,48.95000076293945,49.029998779296875,3988400
2015-05-12,36.465667724609375,48.86000061035156,49.02000045776367,48.5099983215332,48.5099983215332,4903400
2015-05-13,36.450740814208984,48.84000015258789,49.189998626708984,48.779998779296875,48.849998474121094,3716900
2015-05-14,37.01048278808594,49.59000015258789,49.61000061035156,49.040000915527344,49.040000915527344,6174300
2015-05-15,37.12990188598633,49.75,49.75,49.54999923706055,49.599998474121094,5014300
2015-05-18,37.01048278808594,49.59000015258789,49.720001220703125,49.5099983215332,49.70000076293945,6199900
2015-05-19,36.913455963134766,49.459999084472656,49.619998931884766,49.29999923706055,49.619998931884766,5157200
2015-05-20,36.831356048583984,49.349998474121094,49.59000015258789,49.349998474121094,49.38999938964844,5463200
2015-05-21,36.913455963134766,49.459999084472656,49.52000045776367,49.189998626708984,49.36000061035156,4313600
2015-05-22,36.756736755371094,49.25,49.400001525878906,49.220001220703125,49.22999954223633,5336900
2015-05-26,36.465667724609375,48.86000061035156,49.209999084472656,48.7599983215332,49.189998626708984,8790100
2015-05-27,36.697021484375,49.16999816894531,49.25,48.91999816894531,48.959999084472656,7599900
2015-05-28,36.64478302001953,49.099998474121094,49.16999816894531,48.88999938964844,49.119998931884766,5741300
2015-05-29,36.413414001464844,48.790000915527344,49.06999969482422,48.70000076293945,49.02000045776367,6663600
2015-06-01,36.413414001464844,48.790000915527344,48.9900016784668,48.619998931884766,48.88999938964844,5992300
2015-06-02,36.3163948059082,48.65999984741211,48.77000045776367,48.41999816894531,48.650001525878906,4998200
2015-06-03,36.29400634765625,48.630001068115234,48.86000061035156,48.560001373291016,48.720001220703125,5892700
2015-06-04,36.03279495239258,48.279998779296875,48.65999984741211,48.18000030517578,48.540000915527344,7084800
2015-06-05,35.517822265625,47.59000015258789,48.27000045776367,47.560001373291016,48.150001525878906,9482300
2015-06-08,35.502899169921875,47.56999969482422,47.7400016784668,47.459999084472656,47.560001373291016,10944000
2015-06-09,35.6745491027832,47.79999923706055,47.97999954223633,47.54999923706055,47.630001068115234,7096700
2015-06-10,36.025333404541016,48.27000045776367,48.369998931884766,47.91999816894531,47.91999816894531,7091600
2015-06-11,36.010406494140625,48.25,48.470001220703125,48.20000076293945,48.310001373291016,7469300
2015-06-12,35.86859130859375,48.060001373291016,48.16999816894531,47.88999938964844,48.130001068115234,6748800
2015-06-15,35.60737609863281,47.709999084472656,47.959999084472656,47.68000030517578,47.869998931884766,7632600
2015-06-16,35.99546813964844,48.22999954223633,48.2599983215332,47.77000045776367,47.84000015258789,5036400
2015-06-17,36.18952941894531,48.4900016784668,48.56999969482422,48.119998931884766,48.380001068115234,10508800
2015-06-18,36.5925407409668,49.029998779296875,49.220001220703125,48.599998474121094,48.63999938964844,8821000
2015-06-19,36.541473388671875,48.65999984741211,48.90999984741211,48.65999984741211,48.7599983215332,8908200
2015-06-22,36.684146881103516,48.849998474121094,49.04999923706055,48.79999923706055,48.93000030517578,4445900
2015-06-23,36.526466369628906,48.63999938964844,48.880001068115234,48.540000915527344,48.869998931884766,5107500
2015-06-24,36.361236572265625,48.41999816894531,48.70000076293945,48.41999816894531,48.619998931884766,6765100
2015-06-25,36.29365921020508,48.33000183105469,48.61000061035156,48.33000183105469,48.61000061035156,6443700
2015-06-26,36.36875915527344,48.43000030517578,48.599998474121094,48.34000015258789,48.400001525878906,4608000
2015-06-29,35.80552673339844,47.68000030517578,48.27000045776367,47.65999984741211,48.18000030517578,8106200
2015-06-30,35.745452880859375,47.599998474121094,48.18000030517578,47.59000015258789,48.18000030517578,10039900
2015-07-01,36.20353698730469,48.209999084472656,48.209999084472656,47.720001220703125,47.91999816894531,6859600
2015-07-02,36.173492431640625,48.16999816894531,48.43000030517578,48.029998779296875,48.2400016784668,6956600
2015-07-06,36.143470764160156,48.130001068115234,48.310001373291016,47.79999923706055,47.849998474121094,8740700
2015-07-07,36.88692092895508,49.119998931884766,49.15999984741211,48.099998474121094,48.2599983215332,17427000
2015-07-08,36.4738883972168,48.56999969482422,48.93000030517578,48.540000915527344,48.70000076293945,11754300
2015-07-09,36.50393295288086,48.61000061035156,49.25,48.61000061035156,49.15999984741211,8359900
2015-07-10,36.93197250366211,49.18000030517578,49.29999923706055,49.0099983215332,49.060001373291016,7782500
2015-07-13,37.27741241455078,49.63999938964844,49.65999984741211,49.40999984741211,49.40999984741211,7031800
2015-07-14,37.33748245239258,49.720001220703125,49.7400016784668,49.560001373291016,49.650001525878906,6858300
2015-07-15,37.239864349365234,49.59000015258789,49.72999954223633,49.4900016784668,49.709999084472656,5980500
2015-07-16,37.62283706665039,50.099998474121094,50.16999816894531,49.779998779296875,49.84000015258789,4451200
2015-07-17,37.600318908691406,50.06999969482422,50.08000183105469,49.779998779296875,49.97999954223633,4874400
2015-07-20,37.66790771484375,50.15999984741211,50.220001220703125,49.959999084472656,50.099998474121094,6345400
2015-07-21,37.577789306640625,50.040000915527344,50.189998626708984,49.900001525878906,50.040000915527344,6146000
2015-07-22,37.660396575927734,50.150001525878906,50.33000183105469,50.0099983215332,50.040000915527344,6107900
2015-07-23,37.51771545410156,49.959999084472656,50.2599983215332,49.88999938964844,50.2599983215332,4535100
2015-07-24,37.30744934082031,49.68000030517578,50.08000183105469,49.619998931884766,50.08000183105469,9950100
2015-07-27,37.2849235534668,49.650001525878906,49.72999954223633,49.33000183105469,49.47999954223633,9567100
2015-07-28,37.70545196533203,50.209999084472656,50.220001220703125,49.72999954223633,49.869998931884766,8765800
2015-07-29,37.833126068115234,50.380001068115234,50.4900016784668,50.15999984741211,50.2599983215332,6105100
2015-07-30,37.70545196533203,50.209999084472656,50.279998779296875,49.880001068115234,50.13999938964844,7029100
2015-07-31,37.780548095703125,50.310001373291016,50.41999816894531,50.2400016784668,50.380001068115234,6168800
2015-08-03,37.833126068115234,50.380001068115234,50.43000030517578,50.15999984741211,50.29999923706055,6961400
2015-08-04,37.833126068115234,50.380001068115234,50.45000076293945,50.11000061035156,50.349998474121094,5633000
2015-08-05,38.16353988647461,50.81999969482422,50.88999938964844,50.52000045776367,50.540000915527344,5239900
2015-08-06,37.87816619873047,50.439998626708984,50.95000076293945,50.369998931884766,50.95000076293945,7889500
2015-08-07,37.66790771484375,50.15999984741211,50.5,49.939998626708984,50.36000061035156,6889700
2015-08-10,37.81058883666992,50.349998474121094,50.5099983215332,50.2599983215332,50.29999923706055,5780000
2015-08-11,37.675418853759766,50.16999816894531,50.279998779296875,50.0,50.02000045776367,5616200
2015-08-12,37.69794464111328,50.20000076293945,50.22999954223633,49.5099983215332,49.849998474121094,8275100
2015-08-13,37.54775619506836,50.0,50.279998779296875,49.939998626708984,50.150001525878906,4935200
2015-08-14,37.66790771484375,50.15999984741211,50.16999816894531,49.869998931884766,49.9900016784668,5247000
2015-08-17,37.70545196533203,50.209999084472656,50.22999954223633,49.81999969482422,50.0,4978400
2015-08-18,37.51771545410156,49.959999084472656,50.16999816894531,49.900001525878906,50.029998779296875,5108300
2015-08-19,37.17228317260742,49.5,49.869998931884766,49.2599983215332,49.849998474121094,9309200
2015-08-20,36.83434295654297,49.04999923706055,49.4900016784668,48.95000076293945,49.15999984741211,12756300
2015-08-21,35.82805633544922,47.709999084472656,48.779998779296875,47.709999084472656,48.66999816894531,23544300
2015-08-24,34.581478118896484,46.04999923706055,47.099998474121094,43.720001220703125,45.400001525878906,68723800
2015-08-25,34.318641662597656,45.70000076293945,47.709999084472656,45.650001525878906,47.709999084472656,35853900
2015-08-26,35.33244323730469,47.04999923706055,47.130001068115234,45.75,46.61000061035156,24372800
2015-08-27,35.85059356689453,47.7400016784668,47.88999938964844,46.869998931884766,47.43000030517578,19550400
2015-08-28,35.775489807128906,47.63999938964844,47.689998626708984,47.349998474121094,47.61000061035156,8695300
2015-08-31,35.52767562866211,47.310001373291016,47.52000045776367,47.18000030517578,47.52000045776367,12948300
2015-09-01,34.79926300048828,46.34000015258789,46.849998474121094,46.04999923706055,46.369998931884766,15589300
2015-09-02,35.27235412597656,46.970001220703125,46.97999954223633,46.52000045776367,46.7400016784668,9637300
2015-09-03,35.512664794921875,47.290000915527344,47.58000183105469,47.060001373291016,47.15999984741211,7626800
2015-09-04,34.93442916870117,46.52000045776367,46.790000915527344,46.34000015258789,46.66999816894531,10507100
2015-09-08,35.662845611572266,47.4900016784668,47.540000915527344,46.939998626708984,47.27000045776367,6867300
2015-09-09,35.077110290527344,46.709999084472656,47.939998626708984,46.59000015258789,47.93000030517578,7587400
2015-09-10,35.137176513671875,46.790000915527344,47.119998931884766,46.470001220703125,46.4900016784668,14986300
2015-09-11,35.36997604370117,47.099998474121094,47.11000061035156,46.56999969482422,46.7400016784668,5127300
2015-09-14,35.25733947753906,46.95000076293945,47.16999816894531,46.7599983215332,47.08000183105469,6180100
2015-09-15,35.67787551879883,47.5099983215332,47.599998474121094,46.81999969482422,47.0099983215332,7284500
2015-09-16,36.083377838134766,48.04999923706055,48.11000061035156,47.66999816894531,47.939998626708984,11470700
2015-09-17,36.083377838134766,48.04999923706055,48.619998931884766,47.90999984741211,48.0099983215332,13063900
2015-09-18,35.66618347167969,47.189998626708984,47.709999084472656,47.0,47.189998626708984,10970800
2015-09-21,35.93072509765625,47.540000915527344,47.66999816894531,47.29999923706055,47.310001373291016,9770600
2015-09-22,35.537696838378906,47.02000045776367,47.13999938964844,46.77000045776367,47.060001373291016,10674800
2015-09-23,35.59816360473633,47.099998474121094,47.18000030517578,46.86000061035156,47.0099983215332,6458500
2015-09-24,35.65863037109375,47.18000030517578,47.25,46.72999954223633,46.75,7740100
2015-09-25,35.8853645324707,47.47999954223633,47.959999084472656,47.29999923706055,47.45000076293945,12257300
2015-09-28,35.3563117980957,46.779998779296875,47.459999084472656,46.689998626708984,47.36000061035156,15816000
2015-09-29,35.3411979675293,46.7599983215332,46.93000030517578,46.47999954223633,46.90999984741211,15304100
2015-09-30,35.66618347167969,47.189998626708984,47.349998474121094,46.869998931884766,46.95000076293945,12715600
2015-10-01,35.66618347167969,47.189998626708984,47.33000183105469,46.84000015258789,47.220001220703125,13766200
2015-10-02,36.15745544433594,47.84000015258789,47.86000061035156,46.689998626708984,46.93000030517578,13196700
2015-10-05,36.77721405029297,48.65999984741211,48.720001220703125,48.040000915527344,48.189998626708984,10515800
2015-10-06,36.52779769897461,48.33000183105469,48.72999954223633,48.310001373291016,48.560001373291016,9444000
2015-10-07,36.860355377197266,48.77000045776367,48.86000061035156,48.400001525878906,48.560001373291016,11944000
2015-10-08,37.29871368408203,49.349998474121094,49.369998931884766,48.61000061035156,48.70000076293945,12447100
2015-10-09,37.38185501098633,49.459999084472656,49.61000061035156,49.29999923706055,49.439998626708984,12459500
2015-10-12,37.480106353759766,49.59000015258789,49.70000076293945,49.43000030517578,49.47999954223633,5652600
2015-10-13,37.25337219238281,49.290000915527344,49.56999969482422,49.220001220703125,49.5,10162600
2015-10-14,36.82256317138672,48.720001220703125,49.400001525878906,48.61000061035156,49.20000076293945,10771200
2015-10-15,37.15510559082031,49.15999984741211,49.189998626708984,48.81999969482422,49.02000045776367,5255600
2015-10-16,37.51034164428711,49.630001068115234,49.68000030517578,49.189998626708984,49.20000076293945,6921900
2015-10-19,37.67661666870117,49.849998474121094,49.86000061035156,49.47999954223633,49.630001068115234,6284300
2015-10-20,37.65394592285156,49.81999969482422,49.90999984741211,49.7400016784668,49.84000015258789,6078400
2015-10-21,37.6614990234375,49.83000183105469,50.16999816894531,49.72999954223633,49.72999954223633,14418900
2015-10-22,38.40974807739258,50.81999969482422,50.88999938964844,49.95000076293945,50.029998779296875,13590300
2015-10-23,38.34928512573242,50.7400016784668,51.130001068115234,50.459999084472656,51.0,13360200
2015-10-26,38.27369689941406,50.63999938964844,50.84000015258789,50.560001373291016,50.7400016784668,8893000
2015-10-27,38.32660675048828,50.709999084472656,50.709999084472656,50.31999969482422,50.47999954223633,5126200
2015-10-28,38.107421875,50.41999816894531,50.72999954223633,49.880001068115234,50.720001220703125,10430900
2015-10-29,38.122535705566406,50.439998626708984,50.54999923706055,50.15999984741211,50.400001525878906,5606900
2015-10-30,37.69929122924805,49.880001068115234,50.279998779296875,49.869998931884766,50.279998779296875,8577100
2015-11-02,37.926029205322266,50.18000030517578,50.189998626708984,49.84000015258789,49.90999984741211,13054000
2015-11-03,37.74463653564453,49.939998626708984,50.06999969482422,49.59000015258789,49.88999938964844,12452900
2015-11-04,37.58591079711914,49.72999954223633,50.09000015258789,49.540000915527344,50.0,8067600
2015-11-05,37.5783576965332,49.720001220703125,49.79999923706055,49.439998626708984,49.68000030517578,9691800
2015-11-06,37.17024230957031,49.18000030517578,49.58000183105469,48.81999969482422,49.4900016784668,13747200
2015-11-09,36.920814514160156,48.849998474121094,49.02000045776367,48.58000183105469,48.939998626708984,7896000
2015-11-10,37.019073486328125,48.97999954223633,49.060001373291016,48.79999923706055,48.79999923706055,7438600
2015-11-11,36.96615982055664,48.90999984741211,49.220001220703125,48.900001525878906,48.900001525878906,7264700
2015-11-12,36.467342376708984,48.25,48.84000015258789,48.25,48.790000915527344,8473500
2015-11-13,36.14990997314453,47.83000183105469,48.33000183105469,47.790000915527344,48.11000061035156,9112400
2015-11-16,36.76966094970703,48.650001525878906,48.65999984741211,47.66999816894531,47.66999816894531,9734900
2015-11-17,36.754539489746094,48.630001068115234,49.029998779296875,48.4900016784668,48.779998779296875,8056200
2015-11-18,37.26092529296875,49.29999923706055,49.33000183105469,48.70000076293945,48.77000045776367,7826200
2015-11-19,37.359188079833984,49.43000030517578,49.650001525878906,49.31999969482422,49.33000183105469,7421100
2015-11-20,37.09465789794922,49.08000183105469,49.880001068115234,49.040000915527344,49.650001525878906,5487200
2015-11-23,37.41963577270508,49.5099983215332,49.599998474121094,49.09000015258789,49.09000015258789,5316600
2015-11-24,37.51790237426758,49.63999938964844,49.77000045776367,49.16999816894531,49.38999938964844,9786000
2015-11-25,37.61614990234375,49.77000045776367,49.88999938964844,49.599998474121094,49.63999938964844,5599000
2015-11-27,37.75975799560547,49.959999084472656,50.06999969482422,49.75,49.75,2712600
2015-11-30,37.35160827636719,49.41999816894531,50.06999969482422,49.40999984741211,49.970001220703125,10355200
2015-12-01,37.66905975341797,49.84000015258789,49.869998931884766,49.52000045776367,49.52000045776367,10807900
2015-12-02,37.480106353759766,49.59000015258789,49.90999984741211,49.52000045776367,49.77000045776367,7832000
2015-12-03,37.283599853515625,49.33000183105469,49.95000076293945,49.13999938964844,49.77000045776367,12556000
2015-12-04,38.122535705566406,50.439998626708984,50.47999954223633,49.2599983215332,49.459999084472656,12783200
2015-12-07,38.22835922241211,50.58000183105469,50.7400016784668,50.380001068115234,50.630001068115234,9022000
2015-12-08,38.13011169433594,50.45000076293945,50.560001373291016,50.150001525878906,50.2599983215332,6436400
2015-12-09,37.76731491088867,49.970001220703125,50.709999084472656,49.77000045776367,50.16999816894531,18821800
2015-12-10,37.812660217285156,50.029998779296875,50.349998474121094,49.880001068115234,50.08000183105469,7842700
2015-12-11,37.396968841552734,49.47999954223633,49.83000183105469,49.34000015258789,49.529998779296875,11597900
2015-12-14,37.76731491088867,49.970001220703125,50.0099983215332,49.290000915527344,49.47999954223633,16609500
2015-12-15,38.00916290283203,50.290000915527344,50.529998779296875,50.099998474121094,50.36000061035156,11557500
2015-12-16,38.74229431152344,51.2599983215332,51.369998931884766,50.5,50.5099983215332,20860400
2015-12-17,38.24346160888672,50.599998474121094,51.2599983215332,50.59000015258789,51.2599983215332,10235700
2015-12-18,37.56584548950195,49.34000015258789,50.18000030517578,49.34000015258789,50.18000030517578,14720600
2015-12-21,37.992210388183594,49.900001525878906,49.90999984741211,49.470001220703125,49.66999816894531,8155500
2015-12-22,38.48709487915039,50.54999923706055,50.61000061035156,49.869998931884766,49.97999954223633,7185700
2015-12-23,38.768802642822266,50.91999816894531,50.9900016784668,50.68000030517578,50.77000045776367,6464100
2015-12-24,38.73073959350586,50.869998931884766,51.02000045776367,50.810001373291016,50.810001373291016,2312100
2015-12-28,38.67744827270508,50.79999923706055,50.810001373291016,50.599998474121094,50.650001525878906,4620900
2015-12-29,39.012451171875,51.2400016784668,51.290000915527344,50.90999984741211,51.130001068115234,4134000
2015-12-30,38.87540817260742,51.060001373291016,51.27000045776367,51.0,51.209999084472656,6942900
2015-12-31,38.44141387939453,50.4900016784668,50.900001525878906,50.43000030517578,50.88999938964844,6801400
2016-01-04,37.95414733886719,49.849998474121094,49.849998474121094,49.349998474121094,49.83000183105469,17281200
2016-01-05,38.19778060913086,50.16999816894531,50.290000915527344,49.84000015258789,49.970001220703125,8630500
2016-01-06,38.0683479309082,50.0,50.20000076293945,49.63999938964844,49.66999816894531,12429100
2016-01-07,37.611534118652344,49.400001525878906,49.93000030517578,49.220001220703125,49.439998626708984,16031500
2016-01-08,37.32221603393555,49.02000045776367,49.720001220703125,48.91999816894531,49.720001220703125,14691000
2016-01-11,37.67243957519531,49.47999954223633,49.65999984741211,49.0,49.31999969482422,15890200
2016-01-12,37.87800598144531,49.75,49.95000076293945,49.349998474121094,49.779998779296875,13171500
2016-01-13,37.1851806640625,48.84000015258789,49.849998474121094,48.790000915527344,49.810001373291016,19407900
2016-01-14,37.360286712646484,49.06999969482422,49.40999984741211,48.75,48.97999954223633,19025800
2016-01-15,36.77402114868164,48.29999923706055,48.619998931884766,47.91999816894531,48.2400016784668,24210900
2016-01-19,37.21561813354492,48.880001068115234,49.060001373291016,48.56999969482422,48.790000915527344,14945200
2016-01-20,36.75117874145508,48.27000045776367,48.560001373291016,47.38999938964844,48.34000015258789,28302800
2016-01-21,36.895843505859375,48.459999084472656,48.66999816894531,48.0099983215332,48.310001373291016,21001000
2016-01-22,37.52778244018555,49.290000915527344,49.38999938964844,48.630001068115234,49.0099983215332,13754500
2016-01-25,37.19277572631836,48.849998474121094,49.27000045776367,48.40999984741211,48.4900016784668,15869400
2016-01-26,37.53539276123047,49.29999923706055,49.619998931884766,48.95000076293945,49.0,10523400
2016-01-27,37.49732208251953,49.25,49.869998931884766,48.95000076293945,49.369998931884766,17247400
2016-01-28,37.87800598144531,49.75,49.93000030517578,49.27000045776367,49.41999816894531,15649200
2016-01-29,38.646995544433594,50.7599983215332,50.83000183105469,49.86000061035156,50.09000015258789,20576300
2016-02-01,38.776424407958984,50.93000030517578,51.13999938964844,50.5,50.650001525878906,18573100
2016-02-02,38.28152084350586,50.279998779296875,50.560001373291016,50.15999984741211,50.560001373291016,14068600
2016-02-03,38.19778060913086,50.16999816894531,50.560001373291016,49.70000076293945,50.470001220703125,25209800
2016-02-04,37.847557067871094,49.709999084472656,50.0099983215332,49.470001220703125,49.95000076293945,21240800
2016-02-05,37.78664779663086,49.630001068115234,49.95000076293945,49.369998931884766,49.79999923706055,20073300
2016-02-08,37.68766784667969,49.5,49.63999938964844,48.88999938964844,49.29999923706055,21546900
2016-02-09,37.93891906738281,49.83000183105469,50.099998474121094,49.06999969482422,49.11000061035156,24376300
2016-02-10,37.89323425292969,49.77000045776367,50.29999923706055,49.709999084472656,50.0099983215332,14798700
2016-02-11,37.588687896728516,49.369998931884766,49.599998474121094,48.880001068115234,49.18000030517578,26010400
2016-02-12,38.121639251708984,50.06999969482422,50.08000183105469,49.439998626708984,49.66999816894531,12464000
2016-02-16,38.42619323730469,50.470001220703125,50.540000915527344,50.09000015258789,50.5,15217700
2016-02-17,38.822113037109375,50.9900016784668,51.13999938964844,50.540000915527344,50.689998626708984,11040500
2016-02-18,38.646995544433594,50.7599983215332,50.91999816894531,50.4900016784668,50.81999969482422,13101900
2016-02-19,38.70790100097656,50.84000015258789,50.939998626708984,50.34000015258789,50.619998931884766,9795000
2016-02-22,38.89823913574219,51.09000015258789,51.2400016784668,50.95000076293945,51.130001068115234,9152000
2016-02-23,38.890625,51.08000183105469,51.18000030517578,50.869998931884766,50.9900016784668,9986500
2016-02-24,39.012451171875,51.2400016784668,51.29999923706055,50.58000183105469,50.84000015258789,13271700
2016-02-25,39.454036712646484,51.81999969482422,51.849998474121094,51.25,51.369998931884766,9512000
2016-02-26,38.89823913574219,51.09000015258789,51.959999084472656,50.9900016784668,51.959999084472656,28143900
2016-02-29,38.768802642822266,50.91999816894531,51.459999084472656,50.90999984741211,51.060001373291016,13596800
2016-03-01,39.14188003540039,51.40999984741211,51.5,51.130001068115234,51.209999084472656,13169700
2016-03-02,39.25608444213867,51.560001373291016,51.560001373291016,51.150001525878906,51.470001220703125,16157700
2016-03-03,39.454036712646484,51.81999969482422,51.81999969482422,51.16999816894531,51.349998474121094,10743600
2016-03-04,39.62153244018555,52.040000915527344,52.16999816894531,51.599998474121094,51.79999923706055,17384700
2016-03-07,39.37791061401367,51.720001220703125,52.0,51.630001068115234,51.81999969482422,14095900
2016-03-08,39.49209976196289,51.869998931884766,52.150001525878906,51.4900016784668,51.58000183105469,11554900
2016-03-09,39.789039611816406,52.2599983215332,52.33000183105469,52.02000045776367,52.029998779296875,11307500
2016-03-10,39.804256439208984,52.279998779296875,52.56999969482422,51.83000183105469,52.45000076293945,13004500
2016-03-11,39.93369674682617,52.45000076293945,52.650001525878906,52.2599983215332,52.540000915527344,12880500
2016-03-14,39.910865783691406,52.41999816894531,52.540000915527344,52.2599983215332,52.41999816894531,10645100
2016-03-15,40.009830474853516,52.54999923706055,52.619998931884766,52.18000030517578,52.27000045776367,6523700
2016-03-16,40.10120391845703,52.66999816894531,52.790000915527344,52.150001525878906,52.5099983215332,13743400
2016-03-17,40.34485626220703,52.9900016784668,53.15999984741211,52.599998474121094,52.650001525878906,13903400
2016-03-18,40.29203796386719,52.650001525878906,52.86000061035156,52.56999969482422,52.810001373291016,13037000
2016-03-21,40.31499481201172,52.68000030517578,52.869998931884766,52.439998626708984,52.66999816894531,11421400
2016-03-22,40.077762603759766,52.369998931884766,52.650001525878906,52.290000915527344,52.5099983215332,9853200
2016-03-23,40.085411071777344,52.380001068115234,52.939998626708984,52.2400016784668,52.2599983215332,11304300
2016-03-24,40.03948974609375,52.31999969482422,52.369998931884766,52.150001525878906,52.20000076293945,9455500
2016-03-28,40.25377655029297,52.599998474121094,52.709999084472656,52.380001068115234,52.380001068115234,7363500
2016-03-29,40.552242279052734,52.9900016784668,53.0099983215332,52.5,52.56999969482422,10354700
2016-03-30,40.82007598876953,53.34000015258789,53.34000015258789,53.040000915527344,53.16999816894531,8932300
2016-03-31,40.60580062866211,53.060001373291016,53.34000015258789,53.0,53.25,8297400
2016-04-01,41.03437042236328,53.619998931884766,53.77000045776367,52.77000045776367,52.84000015258789,14840300
2016-04-04,41.04966735839844,53.63999938964844,53.75,53.36000061035156,53.689998626708984,12949000
2016-04-05,40.77416229248047,53.279998779296875,53.540000915527344,53.15999984741211,53.41999816894531,11748800
2016-04-06,41.0955924987793,53.70000076293945,53.709999084472656,53.13999938964844,53.13999938964844,11672400
2016-04-07,40.65172576904297,53.119998931884766,53.529998779296875,52.95000076293945,53.34000015258789,11243400
2016-04-08,40.873653411865234,53.40999984741211,53.470001220703125,53.2400016784668,53.349998474121094,7040200
2016-04-11,40.58284378051758,53.029998779296875,53.63999938964844,52.9900016784668,53.470001220703125,6694100
2016-04-12,40.835391998291016,53.36000061035156,53.41999816894531,53.040000915527344,53.040000915527344,9361100
2016-04-13,40.52161407470703,52.95000076293945,53.54999923706055,52.709999084472656,53.4900016784668,14780000
2016-04-14,40.33795928955078,52.709999084472656,53.04999923706055,52.66999816894531,52.91999816894531,11811300
2016-04-15,40.59048843383789,53.040000915527344,53.060001373291016,52.63999938964844,52.70000076293945,12384200
2016-04-18,40.82007598876953,53.34000015258789,53.34000015258789,52.90999984741211,52.95000076293945,8476800
2016-04-19,40.7971305847168,53.310001373291016,53.36000061035156,53.06999969482422,53.22999954223633,5980100
2016-04-20,40.33795928955078,52.709999084472656,53.220001220703125,52.58000183105469,53.220001220703125,20207300
2016-04-21,39.61859893798828,51.77000045776367,52.58000183105469,51.72999954223633,52.5099983215332,30667400
2016-04-22,39.76398468017578,51.959999084472656,51.959999084472656,51.540000915527344,51.599998474121094,22004200
2016-04-25,40.03948974609375,52.31999969482422,52.31999969482422,51.65999984741211,51.66999816894531,8947300
2016-04-26,39.8787727355957,52.11000061035156,52.47999954223633,52.02000045776367,52.45000076293945,10821800
2016-04-27,40.07010269165039,52.36000061035156,52.52000045776367,51.90999984741211,52.29999923706055,12012100
2016-04-28,40.108375549316406,52.40999984741211,52.720001220703125,52.150001525878906,52.15999984741211,11547000
2016-04-29,40.0241813659668,52.29999923706055,52.40999984741211,51.9900016784668,52.400001525878906,13198500
2016-05-02,40.483360290527344,52.900001525878906,52.95000076293945,52.279998779296875,52.45000076293945,14096300
2016-05-03,40.406829833984375,52.79999923706055,53.0099983215332,52.650001525878906,52.709999084472656,12837300
2016-05-04,40.529273986816406,52.959999084472656,53.060001373291016,52.5,52.650001525878906,11003200
2016-05-05,40.53692626953125,52.970001220703125,53.2599983215332,52.79999923706055,52.84000015258789,10555900
2016-05-06,40.74355697631836,53.2400016784668,53.2400016784668,52.720001220703125,52.88999938964844,8435400
2016-05-09,40.96548080444336,53.529998779296875,53.68000030517578,53.150001525878906,53.27000045776367,9845100
2016-05-10,41.37107467651367,54.060001373291016,54.060001373291016,53.63999938964844,53.70000076293945,8567400
2016-05-11,41.04200744628906,53.630001068115234,54.040000915527344,53.61000061035156,53.97999954223633,6462100
2016-05-12,41.26394271850586,53.91999816894531,54.029998779296875,53.63999938964844,53.75,11906400
2016-05-13,40.74355697631836,53.2400016784668,53.869998931884766,53.150001525878906,53.790000915527344,10657700
2016-05-16,41.003753662109375,53.58000183105469,53.70000076293945,53.099998474121094,53.13999938964844,8139300
2016-05-17,40.200199127197266,52.529998779296875,53.54999923706055,52.38999938964844,53.380001068115234,19898200
2016-05-18,39.73337173461914,51.91999816894531,52.400001525878906,51.720001220703125,52.2400016784668,20120200
2016-05-19,40.12367248535156,52.43000030517578,52.45000076293945,51.95000076293945,52.08000183105469,13237300
2016-05-20,39.91705322265625,52.15999984741211,52.599998474121094,52.099998474121094,52.56999969482422,7050800
2016-05-23,39.95531463623047,52.209999084472656,52.349998474121094,52.11000061035156,52.25,8546700
2016-05-24,40.29203796386719,52.650001525878906,52.77000045776367,52.310001373291016,52.33000183105469,11258200
2016-05-25,40.3532600402832,52.72999954223633,52.95000076293945,52.630001068115234,52.75,9767300
2016-05-26,40.51396179199219,52.939998626708984,53.060001373291016,52.790000915527344,52.790000915527344,7957000
2016-05-27,40.55988693237305,53.0,53.09000015258789,52.83000183105469,53.0,7873000
2016-05-31,40.29970169067383,52.65999984741211,53.15999984741211,52.540000915527344,53.08000183105469,8766400
2016-06-01,40.71294021606445,53.20000076293945,53.20000076293945,52.70000076293945,52.70000076293945,10175800
2016-06-02,40.72822952270508,53.220001220703125,53.220001220703125,52.90999984741211,53.09000015258789,6309800
2016-06-03,40.98844909667969,53.560001373291016,53.58000183105469,53.11000061035156,53.31999969482422,13362500
2016-06-06,41.03437042236328,53.619998931884766,53.7599983215332,53.36000061035156,53.650001525878906,10778100
2016-06-07,40.98844909667969,53.560001373291016,53.77000045776367,53.470001220703125,53.65999984741211,5572800
2016-06-08,41.233341217041016,53.880001068115234,53.900001525878906,53.439998626708984,53.54999923706055,6024500
2016-06-09,41.39403533935547,54.09000015258789,54.119998931884766,53.77000045776367,53.779998779296875,5946800
2016-06-10,41.42465591430664,54.130001068115234,54.220001220703125,53.7599983215332,53.81999969482422,10563900
2016-06-13,41.08026885986328,53.68000030517578,54.220001220703125,53.68000030517578,54.130001068115234,9091800
2016-06-14,41.24098205566406,53.88999938964844,53.90999984741211,53.34000015258789,53.65999984741211,9530900
2016-06-15,41.1185302734375,53.72999954223633,54.029998779296875,53.65999984741211,53.880001068115234,9347600
2016-06-16,41.33281707763672,54.0099983215332,54.040000915527344,53.47999954223633,53.560001373291016,12205700
2016-06-17,41.16575622558594,53.470001220703125,53.689998626708984,53.119998931884766,53.61000061035156,10077500
2016-06-20,41.29663848876953,53.63999938964844,53.97999954223633,53.56999969482422,53.810001373291016,6497500
2016-06-21,41.404415130615234,53.779998779296875,53.91999816894531,53.689998626708984,53.709999084472656,6879100
2016-06-22,41.42750930786133,53.810001373291016,54.0,53.75,53.849998474121094,5408300
2016-06-23,41.681583404541016,54.13999938964844,54.13999938964844,53.869998931884766,54.02000045776367,5642500
2016-06-24,40.88089370727539,53.099998474121094,53.779998779296875,52.880001068115234,53.150001525878906,23775900
2016-06-27,40.796199798583984,52.9900016784668,53.11000061035156,52.650001525878906,53.02000045776367,19305900
2016-06-28,41.050262451171875,53.31999969482422,53.439998626708984,52.84000015258789,53.439998626708984,11868600
2016-06-29,41.5275993347168,53.939998626708984,53.970001220703125,53.43000030517578,53.599998474121094,10821000
2016-06-30,42.45915985107422,55.150001525878906,55.150001525878906,54.0,54.0099983215332,20984800
2016-07-01,42.25898742675781,54.88999938964844,55.27000045776367,54.869998931884766,55.25,14933900
2016-07-05,42.497657775878906,55.20000076293945,55.54999923706055,54.81999969482422,54.81999969482422,19917100
2016-07-06,42.5361442565918,55.25,55.34000015258789,54.90999984741211,55.189998626708984,19540000
2016-07-07,42.45146179199219,55.13999938964844,55.4900016784668,55.029998779296875,55.38999938964844,15618100
2016-07-08,42.87488555908203,55.689998626708984,55.7400016784668,55.18000030517578,55.349998474121094,10227500
2016-07-11,42.882591247558594,55.70000076293945,55.869998931884766,55.41999816894531,55.70000076293945,8213900
2016-07-12,42.651634216308594,55.400001525878906,55.689998626708984,55.380001068115234,55.61000061035156,15270800
2016-07-13,42.890296936035156,55.709999084472656,55.779998779296875,55.36000061035156,55.470001220703125,9398800
2016-07-14,42.882591247558594,55.70000076293945,56.02000045776367,55.599998474121094,55.68000030517578,15486400
2016-07-15,42.882591247558594,55.70000076293945,55.959999084472656,55.59000015258789,55.7400016784668,10722200
2016-07-18,42.83639907836914,55.63999938964844,55.7400016784668,55.54999923706055,55.70000076293945,9656800
2016-07-19,42.805606842041016,55.599998474121094,55.599998474121094,55.33000183105469,55.47999954223633,5295600
2016-07-20,42.651634216308594,55.400001525878906,55.65999984741211,55.369998931884766,55.59000015258789,6073200
2016-07-21,42.5284538269043,55.2400016784668,55.349998474121094,55.029998779296875,55.31999969482422,6682400
2016-07-22,42.72861862182617,55.5,55.529998779296875,55.279998779296875,55.349998474121094,10602400
2016-07-25,42.68242645263672,55.439998626708984,55.4900016784668,55.189998626708984,55.45000076293945,4033400
2016-07-26,42.351375579833984,55.0099983215332,55.540000915527344,54.970001220703125,55.369998931884766,11737800
2016-07-27,41.72007369995117,54.189998626708984,54.939998626708984,54.040000915527344,54.939998626708984,21562400
2016-07-28,41.90484619140625,54.43000030517578,54.529998779296875,54.029998779296875,54.5099983215332,10873800
2016-07-29,42.112709045410156,54.70000076293945,54.779998779296875,54.38999938964844,54.5,9262200
2016-08-01,42.158897399902344,54.7599983215332,54.869998931884766,54.5,54.65999984741211,14918200
2016-08-02,42.097312927246094,54.68000030517578,54.88999938964844,54.45000076293945,54.779998779296875,11733500
2016-08-03,41.86635208129883,54.380001068115234,54.77000045776367,54.22999954223633,54.77000045776367,13290800
2016-08-04,41.9587287902832,54.5,54.720001220703125,54.33000183105469,54.470001220703125,8943200
2016-08-05,42.02802276611328,54.59000015258789,54.869998931884766,54.47999954223633,54.720001220703125,12028500
2016-08-08,41.981834411621094,54.529998779296875,54.86000061035156,54.36000061035156,54.81999969482422,8057700
2016-08-09,42.112709045410156,54.70000076293945,54.900001525878906,54.529998779296875,54.529998779296875,7840900
2016-08-10,42.26668930053711,54.900001525878906,55.0099983215332,54.790000915527344,54.849998474121094,7303600
2016-08-11,42.26668930053711,54.900001525878906,55.18000030517578,54.880001068115234,55.18000030517578,8083000
2016-08-12,42.412967681884766,55.09000015258789,55.150001525878906,54.959999084472656,55.0,8783800
2016-08-15,42.30518341064453,54.95000076293945,55.25,54.95000076293945,55.15999984741211,8568200
2016-08-16,42.12040710449219,54.709999084472656,54.880001068115234,54.70000076293945,54.869998931884766,6712100
2016-08-17,42.23588943481445,54.86000061035156,54.939998626708984,54.4900016784668,54.689998626708984,12552000
2016-08-18,42.382179260253906,55.04999923706055,55.11000061035156,54.95000076293945,54.95000076293945,6683700
2016-08-19,42.28208923339844,54.91999816894531,54.9900016784668,54.810001373291016,54.97999954223633,5846500
2016-08-22,42.343666076660156,55.0,55.060001373291016,54.81999969482422,54.91999816894531,9938600
2016-08-23,42.25898742675781,54.88999938964844,55.130001068115234,54.869998931884766,55.029998779296875,5687400
2016-08-24,42.189693450927734,54.79999923706055,54.97999954223633,54.58000183105469,54.869998931884766,7793500
2016-08-25,42.02802276611328,54.59000015258789,54.83000183105469,54.47999954223633,54.83000183105469,7359700
2016-08-26,41.81245422363281,54.310001373291016,54.86000061035156,54.15999984741211,54.63999938964844,13499700
2016-08-29,42.05881881713867,54.630001068115234,54.630001068115234,54.36000061035156,54.40999984741211,8202800
2016-08-30,41.81245422363281,54.310001373291016,54.61000061035156,54.22999954223633,54.529998779296875,7950900
2016-08-31,41.86635208129883,54.380001068115234,54.439998626708984,54.189998626708984,54.2599983215332,8154900
2016-09-01,41.881744384765625,54.400001525878906,54.45000076293945,54.11000061035156,54.15999984741211,16677600
2016-09-02,42.20510482788086,54.81999969482422,54.95000076293945,54.560001373291016,54.599998474121094,10966300
2016-09-06,42.297489166259766,54.939998626708984,54.959999084472656,54.560001373291016,54.83000183105469,9273300
2016-09-07,41.92793273925781,54.459999084472656,54.939998626708984,54.349998474121094,54.84000015258789,13418500
2016-09-08,41.69697570800781,54.15999984741211,54.40999984741211,54.060001373291016,54.25,13344400
2016-09-09,40.56523513793945,52.689998626708984,53.790000915527344,52.689998626708984,53.689998626708984,24921600
2016-09-12,41.327430725097656,53.68000030517578,53.7599983215332,52.630001068115234,52.630001068115234,23542700
2016-09-13,40.81930160522461,53.02000045776367,53.459999084472656,52.90999984741211,53.400001525878906,21780500
2016-09-14,40.69612503051758,52.86000061035156,53.2400016784668,52.709999084472656,53.04999923706055,19396200
2016-09-15,41.02717971801758,53.290000915527344,53.349998474121094,52.689998626708984,52.7400016784668,10119900
2016-09-16,40.89393997192383,52.790000915527344,52.95000076293945,52.47999954223633,52.900001525878906,14475100
2016-09-19,40.8087158203125,52.68000030517578,52.9900016784668,52.68000030517578,52.79999923706055,9579400
2016-09-20,40.917171478271484,52.81999969482422,53.02000045776367,52.810001373291016,52.93000030517578,9705900
2016-09-21,41.14182662963867,53.11000061035156,53.2400016784668,52.54999923706055,52.83000183105469,24882700
2016-09-22,41.50590133666992,53.58000183105469,53.68000030517578,53.29999923706055,53.29999923706055,17316000
2016-09-23,41.31999588012695,53.34000015258789,53.599998474121094,53.31999969482422,53.59000015258789,12930800
2016-09-26,40.971405029296875,52.88999938964844,53.220001220703125,52.84000015258789,53.20000076293945,12797200
2016-09-27,41.14182662963867,53.11000061035156,53.2599983215332,52.86000061035156,52.88999938964844,12608700
2016-09-28,41.211544036865234,53.20000076293945,53.31999969482422,52.959999084472656,53.220001220703125,9757500
2016-09-29,40.8087158203125,52.68000030517578,53.20000076293945,52.63999938964844,53.16999816894531,15094000
2016-09-30,41.21928787231445,53.209999084472656,53.38999938964844,52.93000030517578,52.93000030517578,17343100
2016-10-03,40.955902099609375,52.869998931884766,53.15999984741211,52.77000045776367,53.119998931884766,11454200
2016-10-04,40.607303619384766,52.41999816894531,52.869998931884766,52.31999969482422,52.83000183105469,13346600
2016-10-05,40.56856918334961,52.369998931884766,52.599998474121094,52.2400016784668,52.5099983215332,15203800
2016-10-06,40.64604568481445,52.470001220703125,52.599998474121094,52.09000015258789,52.16999816894531,15413300
2016-10-07,40.53760528564453,52.33000183105469,52.599998474121094,51.959999084472656,52.4900016784668,11403000
2016-10-10,40.53760528564453,52.33000183105469,52.63999938964844,52.22999954223633,52.45000076293945,8661700
2016-10-11,40.32844161987305,52.060001373291016,52.33000183105469,51.869998931884766,52.290000915527344,19642600
2016-10-12,40.55308151245117,52.349998474121094,52.47999954223633,52.04999923706055,52.150001525878906,7145400
2016-10-13,40.560829162597656,52.36000061035156,52.5099983215332,51.93000030517578,51.9900016784668,19180700
2016-10-14,40.56856918334961,52.369998931884766,52.619998931884766,52.290000915527344,52.380001068115234,10659100
2016-10-17,40.37491989135742,52.119998931884766,52.459999084472656,52.09000015258789,52.38999938964844,8465000
2016-10-18,40.49886703491211,52.279998779296875,52.58000183105469,52.27000045776367,52.36000061035156,7844900
2016-10-19,40.2664680480957,51.97999954223633,52.27000045776367,51.900001525878906,52.18000030517578,9032000
2016-10-20,40.24323654174805,51.95000076293945,52.130001068115234,51.81999969482422,51.95000076293945,12176300
2016-10-21,40.460121154785156,52.22999954223633,52.29999923706055,52.0099983215332,52.130001068115234,14028200
2016-10-24,40.723514556884766,52.56999969482422,52.689998626708984,52.290000915527344,52.290000915527344,7609500
2016-10-25,40.870689392089844,52.7599983215332,52.88999938964844,52.720001220703125,52.790000915527344,9414600
2016-10-26,40.816471099853516,52.689998626708984,52.900001525878906,52.61000061035156,52.79999923706055,12417600
2016-10-27,40.63054656982422,52.45000076293945,52.880001068115234,52.380001068115234,52.66999816894531,17905700
2016-10-28,40.800960540771484,52.66999816894531,52.849998474121094,52.31999969482422,52.40999984741211,12751000
2016-10-31,40.90168380737305,52.79999923706055,52.93000030517578,52.66999816894531,52.709999084472656,8579100
2016-11-01,40.723514556884766,52.56999969482422,52.88999938964844,52.400001525878906,52.79999923706055,11342100
2016-11-02,40.622806549072266,52.439998626708984,52.7400016784668,52.400001525878906,52.439998626708984,9703300
2016-11-03,40.34392547607422,52.08000183105469,52.61000061035156,52.0099983215332,52.599998474121094,15641600
2016-11-04,39.97984313964844,51.61000061035156,52.08000183105469,51.56999969482422,52.0,11992400
2016-11-07,40.65378189086914,52.47999954223633,52.5099983215332,52.02000045776367,52.04999923706055,11763000
2016-11-08,40.82421112060547,52.70000076293945,52.86000061035156,52.04999923706055,52.099998474121094,13406800
2016-11-09,40.2664680480957,51.97999954223633,52.150001525878906,51.27000045776367,51.619998931884766,34557200
2016-11-10,39.189697265625,50.59000015258789,52.0,50.4900016784668,52.0,52820800
2016-11-11,39.15096664428711,50.540000915527344,50.709999084472656,50.209999084472656,50.45000076293945,20828100
2016-11-14,39.08124542236328,50.45000076293945,50.58000183105469,50.2599983215332,50.540000915527344,20591800
2016-11-15,39.32139205932617,50.7599983215332,50.84000015258789,50.470001220703125,50.54999923706055,23028700
2016-11-16,39.329139709472656,50.77000045776367,50.9900016784668,50.689998626708984,50.77000045776367,16034200
2016-11-17,39.25941848754883,50.68000030517578,50.779998779296875,50.45000076293945,50.72999954223633,15626700
2016-11-18,39.11997985839844,50.5,50.720001220703125,50.43000030517578,50.68000030517578,14786100
2016-11-21,39.383358001708984,50.84000015258789,50.86000061035156,50.34000015258789,50.5,18968700
2016-11-22,39.58476638793945,51.099998474121094,51.20000076293945,50.959999084472656,50.9900016784668,11991800
2016-11-23,39.36787033081055,50.81999969482422,51.06999969482422,50.75,50.900001525878906,14783600
2016-11-25,39.67772674560547,51.220001220703125,51.22999954223633,50.93000030517578,50.93000030517578,10823500
2016-11-28,39.762939453125,51.33000183105469,51.41999816894531,51.09000015258789,51.209999084472656,15116500
2016-11-29,39.81717300415039,51.400001525878906,51.459999084472656,51.220001220703125,51.34000015258789,7915400
2016-11-30,39.181949615478516,50.58000183105469,51.290000915527344,50.56999969482422,51.13999938964844,16837600
2016-12-01,38.92631149291992,50.25,50.439998626708984,49.97999954223633,50.38999938964844,33621100
2016-12-02,39.174198150634766,50.56999969482422,50.61000061035156,50.349998474121094,50.380001068115234,21587200
2016-12-05,39.220672607421875,50.630001068115234,50.709999084472656,50.47999954223633,50.58000183105469,21223400
2016-12-06,39.33687973022461,50.779998779296875,50.779998779296875,50.58000183105469,50.61000061035156,16546300
2016-12-07,39.902374267578125,51.5099983215332,51.54999923706055,50.75,50.7599983215332,11756500
2016-12-08,39.73969268798828,51.29999923706055,51.54999923706055,51.209999084472656,51.310001373291016,17006400
2016-12-09,40.31294631958008,52.040000915527344,52.04999923706055,51.33000183105469,51.33000183105469,14415900
2016-12-12,40.475616455078125,52.25,52.29999923706055,51.90999984741211,51.90999984741211,9935900
2016-12-13,40.66153335571289,52.4900016784668,52.61000061035156,52.22999954223633,52.349998474121094,10452400
2016-12-14,40.2199821472168,51.91999816894531,52.689998626708984,51.779998779296875,52.52000045776367,25363200
2016-12-15,40.390403747558594,52.13999938964844,52.310001373291016,51.7599983215332,51.91999816894531,16154500
2016-12-16,40.62141418457031,52.04999923706055,52.08000183105469,51.810001373291016,51.91999816894531,15871100
2016-12-19,40.6994514465332,52.150001525878906,52.22999954223633,51.970001220703125,52.11000061035156,7523200
2016-12-20,40.62141418457031,52.04999923706055,52.16999816894531,51.810001373291016,52.16999816894531,15316900
2016-12-21,40.613616943359375,52.040000915527344,52.290000915527344,52.0,52.0,6553100
2016-12-22,40.551177978515625,51.959999084472656,52.06999969482422,51.869998931884766,51.97999954223633,6537200
2016-12-23,40.62921905517578,52.060001373291016,52.099998474121094,51.93000030517578,51.93000030517578,6484300
2016-12-27,40.62141418457031,52.04999923706055,52.150001525878906,51.959999084472656,52.02000045776367,13378500
2016-12-28,40.371681213378906,51.72999954223633,52.040000915527344,51.72999954223633,52.0099983215332,8643600
2016-12-29,40.55897903442383,51.970001220703125,52.029998779296875,51.72999954223633,51.7599983215332,10299400
2016-12-30,40.35607147216797,51.709999084472656,52.08000183105469,51.599998474121094,51.97999954223633,8049900
2017-01-03,40.50434875488281,51.900001525878906,51.970001220703125,51.599998474121094,51.75,21730000
2017-01-04,40.50434875488281,51.900001525878906,52.150001525878906,51.88999938964844,51.970001220703125,9144600
2017-01-05,40.63702392578125,52.06999969482422,52.13999938964844,51.70000076293945,51.88999938964844,12312500
2017-01-06,40.676055908203125,52.119998931884766,52.150001525878906,51.779998779296875,51.970001220703125,9092400
2017-01-09,40.34825897216797,51.70000076293945,51.959999084472656,51.650001525878906,51.91999816894531,6903200
2017-01-10,40.145362854003906,51.439998626708984,51.72999954223633,51.36000061035156,51.650001525878906,10344300
2017-01-11,40.2234001159668,51.540000915527344,51.619998931884766,51.349998474121094,51.349998474121094,12087500
2017-01-12,40.18437576293945,51.4900016784668,51.61000061035156,51.439998626708984,51.52000045776367,13257600
2017-01-13,40.207794189453125,51.52000045776367,51.619998931884766,51.38999938964844,51.4900016784668,6517700
2017-01-17,40.77750015258789,52.25,52.279998779296875,51.5099983215332,51.560001373291016,19030100
2017-01-18,40.91798400878906,52.43000030517578,52.45000076293945,52.20000076293945,52.20000076293945,11652100
2017-01-19,40.76970291137695,52.2400016784668,52.369998931884766,52.119998931884766,52.369998931884766,17283400
2017-01-20,41.03504943847656,52.58000183105469,52.77000045776367,52.310001373291016,52.4900016784668,11015600
2017-01-23,41.01943588256836,52.560001373291016,52.61000061035156,52.38999938964844,52.58000183105469,16203800
2017-01-24,41.292579650878906,52.90999984741211,52.959999084472656,52.58000183105469,52.599998474121094,10242500
2017-01-25,41.284786224365234,52.900001525878906,53.099998474121094,52.88999938964844,53.029998779296875,8816800
2017-01-26,41.10527038574219,52.66999816894531,52.93000030517578,52.66999816894531,52.91999816894531,9985400
2017-01-27,40.87894821166992,52.380001068115234,52.68000030517578,52.2400016784668,52.540000915527344,16358700
2017-01-30,40.847747802734375,52.34000015258789,52.40999984741211,52.189998626708984,52.22999954223633,9951700
2017-01-31,41.0428466796875,52.59000015258789,52.59000015258789,52.25,52.34000015258789,12061300
2017-02-01,40.722869873046875,52.18000030517578,52.5,52.16999816894531,52.34000015258789,18479800
2017-02-02,41.09748077392578,52.65999984741211,52.869998931884766,52.41999816894531,52.41999816894531,18747500
2017-02-03,41.36282730102539,53.0,53.150001525878906,52.790000915527344,52.93000030517578,17954700
2017-02-06,41.13649368286133,52.709999084472656,52.97999954223633,52.709999084472656,52.970001220703125,19067900
2017-02-07,41.472076416015625,53.13999938964844,53.2400016784668,52.810001373291016,52.810001373291016,8364400
2017-02-08,41.64377975463867,53.36000061035156,53.459999084472656,53.119998931884766,53.20000076293945,8559200
2017-02-09,41.81547164916992,53.58000183105469,53.66999816894531,53.209999084472656,53.29999923706055,8840900
2017-02-10,41.84668731689453,53.619998931884766,53.689998626708984,53.41999816894531,53.61000061035156,9354200
2017-02-13,41.84668731689453,53.619998931884766,53.77000045776367,53.470001220703125,53.70000076293945,14059100
2017-02-14,41.85449981689453,53.630001068115234,53.72999954223633,53.29999923706055,53.4900016784668,10483300
2017-02-15,42.236900329589844,54.119998931884766,54.15999984741211,53.63999938964844,53.75,12675900
2017-02-16,42.29153823852539,54.189998626708984,54.209999084472656,53.810001373291016,54.060001373291016,11377300
2017-02-17,42.50225830078125,54.459999084472656,54.52000045776367,53.93000030517578,54.029998779296875,15581800
2017-02-21,42.884666442871094,54.95000076293945,55.09000015258789,54.560001373291016,54.619998931884766,16500000
2017-02-22,42.8924674987793,54.959999084472656,55.029998779296875,54.81999969482422,54.900001525878906,8099000
2017-02-23,42.993919372558594,55.09000015258789,55.310001373291016,54.959999084472656,55.0,9790300
2017-02-24,43.1422119140625,55.279998779296875,55.29999923706055,54.9900016784668,55.029998779296875,7762200
2017-02-27,42.94709777832031,55.029998779296875,55.189998626708984,54.90999984741211,55.189998626708984,12707400
2017-02-28,43.00171661376953,55.099998474121094,55.220001220703125,54.880001068115234,54.939998626708984,17735500
2017-03-01,43.20463180541992,55.36000061035156,55.47999954223633,55.04999923706055,55.130001068115234,16716100
2017-03-02,43.19683074951172,55.349998474121094,55.470001220703125,55.189998626708984,55.29999923706055,9988500
2017-03-03,43.03295135498047,55.13999938964844,55.22999954223633,54.900001525878906,55.18000030517578,10083200
2017-03-06,42.84564208984375,54.900001525878906,54.97999954223633,54.810001373291016,54.95000076293945,6686600
2017-03-07,42.791019439697266,54.83000183105469,54.939998626708984,54.75,54.7599983215332,7846500
2017-03-08,42.69736099243164,54.709999084472656,54.79999923706055,54.63999938964844,54.689998626708984,10788000
2017-03-09,42.76759338378906,54.79999923706055,54.88999938964844,54.689998626708984,54.689998626708984,7025300
2017-03-10,42.96271514892578,55.04999923706055,55.119998931884766,54.900001525878906,55.029998779296875,6530200
2017-03-13,42.993919372558594,55.09000015258789,55.15999984741211,54.93000030517578,55.0,10658000
2017-03-14,42.86905288696289,54.93000030517578,55.13999938964844,54.900001525878906,55.02000045776367,7890800
2017-03-15,43.18902587890625,55.34000015258789,55.5,55.0,55.0,14102900
2017-03-16,43.25146484375,55.41999816894531,55.41999816894531,55.22999954223633,55.349998474121094,8727200
2017-03-17,43.1337890625,54.97999954223633,55.36000061035156,54.97999954223633,55.16999816894531,16469400
2017-03-20,43.220088958740234,55.09000015258789,55.15999984741211,54.9900016784668,55.029998779296875,6559200
2017-03-21,43.18085861206055,55.040000915527344,55.27000045776367,54.970001220703125,55.11000061035156,13135500
2017-03-22,43.09455490112305,54.93000030517578,55.209999084472656,54.79999923706055,55.119998931884766,7094700
2017-03-23,43.00041580200195,54.810001373291016,55.08000183105469,54.720001220703125,54.880001068115234,7474700
2017-03-24,42.91411590576172,54.70000076293945,54.88999938964844,54.52000045776367,54.810001373291016,8343300
2017-03-27,42.87489318847656,54.650001525878906,54.720001220703125,54.40999984741211,54.5,5739500
2017-03-28,42.95334243774414,54.75,54.88999938964844,54.45000076293945,54.45000076293945,8810200
2017-03-29,43.03179168701172,54.849998474121094,54.91999816894531,54.65999984741211,54.70000076293945,5558200
2017-03-30,42.945499420166016,54.7400016784668,54.900001525878906,54.689998626708984,54.79999923706055,5399100
2017-03-31,42.819984436035156,54.58000183105469,54.810001373291016,54.58000183105469,54.66999816894531,4762300
2017-04-03,42.74935531616211,54.4900016784668,54.720001220703125,54.400001525878906,54.65999984741211,10666600
2017-04-04,42.87489318847656,54.650001525878906,54.65999984741211,54.43000030517578,54.529998779296875,5284000
2017-04-05,42.79643630981445,54.54999923706055,54.900001525878906,54.47999954223633,54.65999984741211,7268100
2017-04-06,42.79643630981445,54.54999923706055,54.77000045776367,54.5099983215332,54.599998474121094,5061000
2017-04-07,42.91411590576172,54.70000076293945,54.849998474121094,54.58000183105469,54.599998474121094,7629900
2017-04-10,43.03964614868164,54.86000061035156,54.95000076293945,54.619998931884766,54.720001220703125,5260600
2017-04-11,43.05533218383789,54.880001068115234,54.93000030517578,54.689998626708984,54.869998931884766,6325100
2017-04-12,43.220088958740234,55.09000015258789,55.119998931884766,54.810001373291016,54.84000015258789,7377400
2017-04-13,43.02395248413086,54.84000015258789,55.099998474121094,54.81999969482422,55.04999923706055,6719100
2017-04-17,43.329917907714844,55.22999954223633,55.22999954223633,54.91999816894531,54.93000030517578,10585800
2017-04-18,43.52604675292969,55.47999954223633,55.63999938964844,55.060001373291016,55.15999984741211,11085500
2017-04-19,43.361297607421875,55.27000045776367,55.59000015258789,55.189998626708984,55.54999923706055,7254600
2017-04-20,43.27499771118164,55.15999984741211,55.25,54.970001220703125,55.08000183105469,9738200
2017-04-21,43.14946746826172,55.0,55.16999816894531,54.970001220703125,55.130001068115234,8435700
2017-04-24,43.54175567626953,55.5,55.59000015258789,55.15999984741211,55.15999984741211,9831700
2017-04-25,43.7143440246582,55.720001220703125,55.79999923706055,55.5099983215332,55.529998779296875,7292900
2017-04-26,43.361297607421875,55.27000045776367,55.7400016784668,55.2400016784668,55.7400016784668,7930800
2017-04-27,43.3063850402832,55.20000076293945,55.380001068115234,55.11000061035156,55.349998474121094,5861400
2017-04-28,43.29069137573242,55.18000030517578,55.20000076293945,54.88999938964844,55.040000915527344,7034800
2017-05-01,43.125938415527344,54.970001220703125,55.2599983215332,54.91999816894531,55.2599983215332,8353900
2017-05-02,42.835655212402344,54.599998474121094,54.959999084472656,54.54999923706055,54.849998474121094,7672100
2017-05-03,42.87489318847656,54.650001525878906,54.7400016784668,54.47999954223633,54.650001525878906,10973800
2017-05-04,43.20439910888672,55.06999969482422,55.36000061035156,54.7400016784668,54.790000915527344,11587700
2017-05-05,43.32206344604492,55.220001220703125,55.279998779296875,55.04999923706055,55.220001220703125,8539500
2017-05-08,43.3063850402832,55.20000076293945,55.2599983215332,55.09000015258789,55.2599983215332,5323400
2017-05-09,43.14946746826172,55.0,55.279998779296875,54.90999984741211,55.18000030517578,7256900
2017-05-10,43.18085861206055,55.040000915527344,55.11000061035156,54.959999084472656,55.029998779296875,5232300
2017-05-11,43.24361801147461,55.119998931884766,55.119998931884766,54.880001068115234,54.970001220703125,5058900
2017-05-12,43.11809158325195,54.959999084472656,55.11000061035156,54.93000030517578,55.06999969482422,5478800
2017-05-15,43.25931930541992,55.13999938964844,55.20000076293945,54.93000030517578,54.93000030517578,7303700
2017-05-16,43.220088958740234,55.09000015258789,55.38999938964844,55.04999923706055,55.310001373291016,4797100
2017-05-17,43.15733337402344,55.0099983215332,55.20000076293945,54.86000061035156,55.0,14021700
2017-05-18,43.18871307373047,55.04999923706055,55.18000030517578,54.869998931884766,55.029998779296875,7906600
2017-05-19,43.424068450927734,55.349998474121094,55.45000076293945,54.9900016784668,55.06999969482422,6277600
2017-05-22,43.66726303100586,55.65999984741211,55.7400016784668,55.349998474121094,55.36000061035156,7101800
2017-05-23,43.7143440246582,55.720001220703125,55.97999954223633,55.689998626708984,55.7400016784668,7518500
2017-05-24,43.886940002441406,55.939998626708984,55.97999954223633,55.689998626708984,55.7599983215332,5136700
2017-05-25,44.16154098510742,56.290000915527344,56.439998626708984,56.0,56.02000045776367,6036600
2017-05-26,44.32627487182617,56.5,56.5099983215332,56.31999969482422,56.33000183105469,4207600
2017-05-30,44.31059646606445,56.47999954223633,56.529998779296875,56.290000915527344,56.380001068115234,4250900
2017-05-31,44.43610763549805,56.63999938964844,56.79999923706055,56.529998779296875,56.529998779296875,9780100
2017-06-01,44.797000885009766,57.099998474121094,57.099998474121094,56.529998779296875,56.709999084472656,23243900
2017-06-02,44.93037796020508,57.27000045776367,57.290000915527344,56.97999954223633,57.25,17247900
2017-06-05,44.977455139160156,57.33000183105469,57.36000061035156,57.029998779296875,57.20000076293945,17359600
2017-06-06,44.86760711669922,57.189998626708984,57.33000183105469,57.08000183105469,57.279998779296875,14846500
2017-06-07,44.8519287109375,57.16999816894531,57.25,57.04999923706055,57.06999969482422,10077700
2017-06-08,44.51457214355469,56.7400016784668,57.150001525878906,56.58000183105469,57.13999938964844,10593400
2017-06-09,44.459651947021484,56.66999816894531,56.83000183105469,56.52000045776367,56.70000076293945,13410200
2017-06-12,44.45180892944336,56.65999984741211,56.91999816894531,56.529998779296875,56.689998626708984,11442400
2017-06-13,44.52241134643555,56.75,56.79999923706055,56.439998626708984,56.65999984741211,9520600
2017-06-14,44.804840087890625,57.11000061035156,57.22999954223633,56.90999984741211,56.97999954223633,16040200
2017-06-15,44.702857971191406,56.97999954223633,57.06999969482422,56.630001068115234,56.83000183105469,10361100
2017-06-16,44.23324966430664,55.95000076293945,56.06999969482422,55.45000076293945,56.04999923706055,26268000
2017-06-19,44.446712493896484,56.220001220703125,56.220001220703125,55.709999084472656,56.08000183105469,7883100
2017-06-20,44.272789001464844,56.0,56.29999923706055,55.9900016784668,56.27000045776367,7231700
2017-06-21,44.14628601074219,55.84000015258789,56.119998931884766,55.779998779296875,56.0,12517800
2017-06-22,43.8537712097168,55.470001220703125,55.790000915527344,55.45000076293945,55.7599983215332,7227600
2017-06-23,43.86957931518555,55.4900016784668,55.65999984741211,55.41999816894531,55.459999084472656,10146400
2017-06-26,44.04350280761719,55.709999084472656,55.88999938964844,55.61000061035156,55.65999984741211,6590500
2017-06-27,43.66402816772461,55.22999954223633,55.7599983215332,55.220001220703125,55.599998474121094,10585500
2017-06-28,43.822147369384766,55.43000030517578,55.66999816894531,55.40999984741211,55.560001373291016,10734300
2017-06-29,43.35569763183594,54.84000015258789,55.5099983215332,54.63999938964844,55.36000061035156,19058600
2017-06-30,43.43475341796875,54.939998626708984,55.150001525878906,54.93000030517578,55.04999923706055,11222600
2017-07-03,43.39522933959961,54.88999938964844,55.209999084472656,54.869998931884766,54.97999954223633,5782600
2017-07-05,43.36360549926758,54.849998474121094,55.0,54.790000915527344,54.880001068115234,15837000
2017-07-06,43.11853790283203,54.540000915527344,54.83000183105469,54.529998779296875,54.65999984741211,7893700
2017-07-07,43.094810485839844,54.5099983215332,54.70000076293945,54.36000061035156,54.59000015258789,9841500
2017-07-10,42.79438781738281,54.130001068115234,54.560001373291016,54.060001373291016,54.560001373291016,9119200
2017-07-11,42.67580032348633,53.97999954223633,54.20000076293945,53.86000061035156,54.18000030517578,11256400
2017-07-12,42.9129638671875,54.279998779296875,54.470001220703125,54.2400016784668,54.31999969482422,8100800
2017-07-13,42.92088317871094,54.290000915527344,54.40999984741211,54.2400016784668,54.349998474121094,10008200
2017-07-14,43.26082992553711,54.720001220703125,54.79999923706055,54.52000045776367,54.540000915527344,6341100
2017-07-17,43.30826187133789,54.779998779296875,54.84000015258789,54.619998931884766,54.81999969482422,7902200
2017-07-18,43.30826187133789,54.779998779296875,54.869998931884766,54.61000061035156,54.7400016784668,5310800
2017-07-19,43.46637725830078,54.97999954223633,54.97999954223633,54.689998626708984,54.7599983215332,5592000
2017-07-20,43.47428894042969,54.9900016784668,55.15999984741211,54.84000015258789,54.939998626708984,9816700
2017-07-21,43.545448303222656,55.08000183105469,55.099998474121094,54.75,54.79999923706055,7738700
2017-07-24,43.403133392333984,54.900001525878906,55.09000015258789,54.86000061035156,55.060001373291016,9302400
2017-07-25,43.70355224609375,55.279998779296875,55.31999969482422,55.040000915527344,55.09000015258789,13799900
2017-07-26,43.69564437866211,55.27000045776367,55.40999984741211,55.099998474121094,55.290000915527344,7594000
2017-07-27,44.12257766723633,55.810001373291016,55.81999969482422,55.279998779296875,55.310001373291016,12859000
2017-07-28,43.75099182128906,55.34000015258789,55.869998931884766,54.56999969482422,55.63999938964844,18412200
2017-07-31,43.73517990112305,55.31999969482422,55.45000076293945,55.189998626708984,55.20000076293945,7279300
2017-08-01,43.687747955322266,55.2599983215332,55.529998779296875,55.22999954223633,55.380001068115234,19015300
2017-08-02,43.65611267089844,55.220001220703125,55.310001373291016,54.970001220703125,55.150001525878906,17133700
2017-08-03,43.61659240722656,55.16999816894531,55.5,55.099998474121094,55.209999084472656,17803400
2017-08-04,43.49800109863281,55.02000045776367,55.31999969482422,54.939998626708984,55.13999938964844,17063700
2017-08-07,43.822147369384766,55.43000030517578,55.470001220703125,55.029998779296875,55.029998779296875,16854000
2017-08-08,43.65611267089844,55.220001220703125,55.45000076293945,55.189998626708984,55.290000915527344,9813200
2017-08-09,43.72727966308594,55.310001373291016,55.349998474121094,55.119998931884766,55.18000030517578,7251800
2017-08-10,43.545448303222656,55.08000183105469,55.34000015258789,55.060001373291016,55.16999816894531,6662800
2017-08-11,43.577064514160156,55.119998931884766,55.349998474121094,54.97999954223633,54.97999954223633,4928400
2017-08-14,43.79051208496094,55.38999938964844,55.52000045776367,55.2400016784668,55.2400016784668,10657800
2017-08-15,44.01188659667969,55.66999816894531,55.75,55.40999984741211,55.40999984741211,11059000
2017-08-16,44.162105560302734,55.86000061035156,55.939998626708984,55.70000076293945,55.70000076293945,5682800
2017-08-17,43.75889205932617,55.349998474121094,55.93000030517578,55.349998474121094,55.65999984741211,6725600
2017-08-18,43.64030838012695,55.20000076293945,55.38999938964844,55.11000061035156,55.22999954223633,6810300
2017-08-21,43.79843521118164,55.400001525878906,55.5,55.0,55.15999984741211,6829300
2017-08-22,43.80633544921875,55.40999984741211,55.56999969482422,55.33000183105469,55.43000030517578,7129400
2017-08-23,43.679847717285156,55.25,55.40999984741211,55.189998626708984,55.349998474121094,5367100
2017-08-24,43.07898712158203,54.4900016784668,55.349998474121094,54.439998626708984,55.20000076293945,11807100
2017-08-25,43.2213020324707,54.66999816894531,54.88999938964844,54.63999938964844,54.70000076293945,7359200
2017-08-28,43.094810485839844,54.5099983215332,54.689998626708984,54.349998474121094,54.619998931884766,6204700
2017-08-29,43.245018005371094,54.70000076293945,54.75,54.38999938964844,54.439998626708984,6219500
2017-08-30,43.23712158203125,54.689998626708984,54.790000915527344,54.59000015258789,54.599998474121094,6497100
2017-08-31,43.25292205810547,54.709999084472656,54.810001373291016,54.650001525878906,54.72999954223633,10117300
2017-09-01,43.45848846435547,54.970001220703125,54.97999954223633,54.7599983215332,54.81999969482422,17904500
2017-09-05,43.52172088623047,55.04999923706055,55.09000015258789,54.7599983215332,54.810001373291016,20215900
2017-09-06,43.70355224609375,55.279998779296875,55.33000183105469,55.0099983215332,55.150001525878906,17462000
2017-09-07,43.76680374145508,55.36000061035156,55.439998626708984,55.18000030517578,55.31999969482422,16738100
2017-09-08,43.553348541259766,55.09000015258789,55.27000045776367,54.880001068115234,55.16999816894531,9158200
2017-09-11,43.822147369384766,55.43000030517578,55.5099983215332,55.18000030517578,55.189998626708984,9177800
2017-09-12,43.91701126098633,55.54999923706055,55.560001373291016,55.400001525878906,55.43000030517578,7453400
2017-09-13,43.940731048583984,55.58000183105469,55.779998779296875,55.5,55.5,7972300
2017-09-14,43.8537712097168,55.470001220703125,55.61000061035156,55.290000915527344,55.4900016784668,5817900
2017-09-15,43.93013381958008,55.220001220703125,55.2599983215332,55.0,55.2599983215332,12497700
2017-09-18,43.99379348754883,55.29999923706055,55.38999938964844,55.13999938964844,55.27000045776367,8299400
2017-09-19,43.85853958129883,55.130001068115234,55.36000061035156,55.0,55.33000183105469,6207700
2017-09-20,43.4369010925293,54.599998474121094,55.04999923706055,54.33000183105469,54.97999954223633,11029200
2017-09-21,43.023216247558594,54.08000183105469,54.58000183105469,54.029998779296875,54.529998779296875,10398700
2017-09-22,42.895931243896484,53.91999816894531,54.16999816894531,53.880001068115234,54.16999816894531,11318200
2017-09-25,43.20619201660156,54.310001373291016,54.36000061035156,53.970001220703125,54.0099983215332,9185400
2017-09-26,43.30961990356445,54.439998626708984,54.52000045776367,54.25,54.369998931884766,17321400
2017-09-27,42.97548294067383,54.02000045776367,54.380001068115234,53.720001220703125,54.33000183105469,11657800
2017-09-28,42.97548294067383,54.02000045776367,54.16999816894531,53.900001525878906,53.95000076293945,7768200
2017-09-29,42.94366455078125,53.97999954223633,54.150001525878906,53.93000030517578,54.02000045776367,14502800
2017-10-02,42.86410903930664,53.880001068115234,54.20000076293945,53.84000015258789,53.97999954223633,17850000
2017-10-03,42.91183853149414,53.939998626708984,54.040000915527344,53.79999923706055,53.970001220703125,20409200
2017-10-04,43.04708480834961,54.11000061035156,54.31999969482422,53.709999084472656,53.86000061035156,21389200
2017-10-05,43.23801803588867,54.349998474121094,54.4900016784668,54.209999084472656,54.290000915527344,19005000
2017-10-06,42.80841827392578,53.810001373291016,54.16999816894531,53.7400016784668,54.08000183105469,7605500
2017-10-09,42.689083099365234,53.65999984741211,53.959999084472656,53.560001373291016,53.880001068115234,12580300
2017-10-10,43.06299591064453,54.130001068115234,54.27000045776367,53.81999969482422,53.880001068115234,10646500
2017-10-11,43.150516510009766,54.2400016784668,54.38999938964844,54.099998474121094,54.099998474121094,10316300
2017-10-12,43.33348083496094,54.470001220703125,54.52000045776367,54.150001525878906,54.20000076293945,8096300
2017-10-13,43.413028717041016,54.56999969482422,54.709999084472656,54.529998779296875,54.68000030517578,8315600
2017-10-16,43.428951263427734,54.59000015258789,54.619998931884766,54.4900016784668,54.5099983215332,4349600
2017-10-17,43.26983642578125,54.38999938964844,54.5,54.220001220703125,54.45000076293945,10375500
2017-10-18,43.21414566040039,54.31999969482422,54.40999984741211,54.15999984741211,54.33000183105469,4668500
2017-10-19,42.98344039916992,54.029998779296875,54.119998931884766,53.849998474121094,54.06999969482422,8544500
2017-10-20,42.88002395629883,53.900001525878906,53.959999084472656,53.72999954223633,53.93000030517578,11702600
2017-10-23,42.84820556640625,53.86000061035156,54.130001068115234,53.790000915527344,53.86000061035156,7326400
2017-10-24,42.69704055786133,53.66999816894531,53.88999938964844,53.599998474121094,53.81999969482422,10682300
2017-10-25,42.577720642089844,53.52000045776367,53.75,53.20000076293945,53.65999984741211,12213400
2017-10-26,42.609535217285156,53.560001373291016,53.939998626708984,53.54999923706055,53.709999084472656,14583700
2017-10-27,42.24357223510742,53.099998474121094,53.4900016784668,52.9900016784668,53.41999816894531,10230400
2017-10-30,41.88557815551758,52.650001525878906,53.41999816894531,52.61000061035156,53.41999816894531,9299800
2017-10-31,42.23561477661133,53.09000015258789,53.209999084472656,52.81999969482422,52.90999984741211,10824900
2017-11-01,42.370872497558594,53.2599983215332,53.400001525878906,53.09000015258789,53.2400016784668,7556300
2017-11-02,42.26744842529297,53.130001068115234,53.290000915527344,52.93000030517578,53.20000076293945,10661400
2017-11-03,42.27540969848633,53.13999938964844,53.310001373291016,53.08000183105469,53.15999984741211,5922400
2017-11-06,41.82194137573242,52.56999969482422,53.040000915527344,52.560001373291016,53.029998779296875,10731100
2017-11-07,42.29130935668945,53.15999984741211,53.15999984741211,52.43000030517578,52.599998474121094,9536300
2017-11-08,42.752723693847656,53.7400016784668,53.7400016784668,53.25,53.31999969482422,12860400
2017-11-09,42.74477767944336,53.72999954223633,53.90999984741211,53.459999084472656,53.5,10421300
2017-11-10,43.18231964111328,54.279998779296875,54.33000183105469,53.619998931884766,53.650001525878906,7993600
2017-11-13,43.428951263427734,54.59000015258789,54.810001373291016,54.279998779296875,54.310001373291016,7809300
2017-11-14,43.58010482788086,54.779998779296875,54.81999969482422,54.369998931884766,54.45000076293945,8903200
2017-11-15,43.11868667602539,54.20000076293945,54.65999984741211,54.15999984741211,54.61000061035156,10724800
2017-11-16,43.7153434753418,54.95000076293945,55.11000061035156,54.619998931884766,54.689998626708984,11134200
2017-11-17,43.56419372558594,54.7599983215332,54.95000076293945,54.650001525878906,54.79999923706055,7298900
2017-11-20,43.516456604003906,54.70000076293945,54.880001068115234,54.650001525878906,54.66999816894531,6946900
2017-11-21,43.6596565246582,54.880001068115234,55.11000061035156,54.7400016784668,54.79999923706055,10383900
2017-11-22,43.603973388671875,54.810001373291016,54.93000030517578,54.63999938964844,54.869998931884766,10470400
2017-11-24,43.5721549987793,54.77000045776367,54.959999084472656,54.7599983215332,54.900001525878906,2331000
2017-11-27,43.59600830078125,54.79999923706055,54.900001525878906,54.720001220703125,54.7400016784668,8108900
2017-11-28,43.95401382446289,55.25,55.25,54.77000045776367,54.88999938964844,6985900
2017-11-29,44.184722900390625,55.540000915527344,55.75,55.15999984741211,55.209999084472656,14739900
2017-11-30,44.590450286865234,56.04999923706055,56.20000076293945,55.61000061035156,55.75,14098300
2017-12-01,44.70183181762695,56.189998626708984,56.209999084472656,55.33000183105469,55.93000030517578,29328700
2017-12-04,45.12346267700195,56.720001220703125,56.77000045776367,56.08000183105469,56.58000183105469,22771300
2017-12-05,45.0518684387207,56.630001068115234,56.93000030517578,56.47999954223633,56.720001220703125,22930400
2017-12-06,45.3382568359375,56.9900016784668,56.9900016784668,56.619998931884766,56.619998931884766,16712200
2017-12-07,44.90070724487305,56.439998626708984,56.91999816894531,56.40999984741211,56.88999938964844,7557500
2017-12-08,45.02003860473633,56.59000015258789,56.59000015258789,56.20000076293945,56.45000076293945,8695500
2017-12-11,45.01209259033203,56.58000183105469,56.61000061035156,56.27000045776367,56.529998779296875,6737800
2017-12-12,45.02003860473633,56.59000015258789,56.810001373291016,56.400001525878906,56.61000061035156,6220100
2017-12-13,45.27462387084961,56.90999984741211,57.040000915527344,56.54999923706055,56.630001068115234,11589000
2017-12-14,45.07573318481445,56.65999984741211,56.9900016784668,56.650001525878906,56.9900016784668,9118200
2017-12-15,45.587059020996094,56.880001068115234,56.959999084472656,56.56999969482422,56.56999969482422,9090900
2017-12-18,45.563018798828125,56.849998474121094,57.310001373291016,56.81999969482422,57.0,8799600
2017-12-19,45.61912155151367,56.91999816894531,57.18000030517578,56.90999984741211,57.06999969482422,7889000
2017-12-20,45.538978576660156,56.81999969482422,57.02000045776367,56.47999954223633,56.970001220703125,13813800
2017-12-21,45.50690841674805,56.779998779296875,57.02000045776367,56.720001220703125,56.93000030517578,5553100
2017-12-22,45.57905197143555,56.869998931884766,56.959999084472656,56.79999923706055,56.86000061035156,4218600
2017-12-26,45.68323516845703,57.0,57.119998931884766,56.790000915527344,56.83000183105469,8506300
2017-12-27,45.67522048950195,56.9900016784668,57.20000076293945,56.90999984741211,57.08000183105469,5992600
2017-12-28,45.60310363769531,56.900001525878906,57.13999938964844,56.7599983215332,57.06999969482422,7291200
2017-12-29,45.59507751464844,56.88999938964844,57.189998626708984,56.880001068115234,56.900001525878906,5085300
2018-01-02,45.3145637512207,56.540000915527344,57.02000045776367,56.529998779296875,56.95000076293945,20146800
2018-01-03,45.29853820800781,56.52000045776367,56.720001220703125,56.470001220703125,56.630001068115234,17950400
2018-01-04,45.42677688598633,56.68000030517578,56.95000076293945,56.529998779296875,56.66999816894531,15455100
2018-01-05,45.62712860107422,56.93000030517578,56.970001220703125,56.63999938964844,56.77000045776367,15555100
2018-01-08,45.73933029174805,57.06999969482422,57.119998931884766,56.81999969482422,56.849998474121094,12891000
2018-01-09,45.67522048950195,56.9900016784668,57.27000045776367,56.97999954223633,57.13999938964844,8357600
2018-01-10,45.45082092285156,56.709999084472656,56.86000061035156,56.33000183105469,56.849998474121094,9663500
2018-01-11,45.386695861816406,56.630001068115234,56.81999969482422,56.529998779296875,56.81999969482422,11500800
2018-01-12,45.4027214050293,56.650001525878906,56.91999816894531,56.529998779296875,56.720001220703125,7308900
2018-01-16,45.611106872558594,56.90999984741211,57.11000061035156,56.72999954223633,56.7599983215332,13806700
2018-01-17,46.13206100463867,57.560001373291016,57.77000045776367,57.04999923706055,57.099998474121094,12549700
2018-01-18,45.99580001831055,57.38999938964844,57.650001525878906,57.290000915527344,57.54999923706055,12423300
2018-01-19,46.50874328613281,58.029998779296875,58.09000015258789,57.540000915527344,57.599998474121094,9962800
2018-01-22,46.86137771606445,58.470001220703125,58.470001220703125,57.970001220703125,58.0,7871600
2018-01-23,46.7091064453125,58.279998779296875,58.439998626708984,58.0099983215332,58.20000076293945,10908900
2018-01-24,46.80527877807617,58.400001525878906,58.470001220703125,58.119998931884766,58.43000030517578,16603500
2018-01-25,46.82933044433594,58.43000030517578,58.7400016784668,58.130001068115234,58.5,12144600
2018-01-26,47.05373001098633,58.709999084472656,58.72999954223633,58.2400016784668,58.31999969482422,6342700
2018-01-29,46.86939239501953,58.47999954223633,58.95000076293945,58.439998626708984,58.810001373291016,10760800
2018-01-30,46.55682373046875,58.09000015258789,58.58000183105469,57.939998626708984,58.08000183105469,10898100
2018-01-31,46.340431213378906,57.81999969482422,58.290000915527344,57.59000015258789,58.13999938964844,13757000
2018-02-01,46.14006042480469,57.56999969482422,57.900001525878906,57.43000030517578,57.599998474121094,14094500
2018-02-02,45.25846481323242,56.470001220703125,57.439998626708984,56.43000030517578,57.290000915527344,15569100
2018-02-05,43.6154670715332,54.41999816894531,56.56999969482422,54.38999938964844,56.22999954223633,39487500
2018-02-06,44.09633255004883,55.02000045776367,55.130001068115234,53.2400016784668,53.529998779296875,38881700
2018-02-07,43.90400314331055,54.779998779296875,55.79999923706055,54.720001220703125,54.900001525878906,17526900
2018-02-08,42.958274841308594,53.599998474121094,55.02000045776367,53.58000183105469,54.90999984741211,32928400
2018-02-09,43.04644775390625,53.709999084472656,54.099998474121094,52.65999984741211,54.0099983215332,34912000
2018-02-12,43.48723602294922,54.2599983215332,54.52000045776367,53.88999938964844,54.02000045776367,21013600
2018-02-13,43.687599182128906,54.5099983215332,54.650001525878906,54.04999923706055,54.060001373291016,11994500
2018-02-14,43.66355895996094,54.47999954223633,54.65999984741211,53.939998626708984,54.220001220703125,20370500
2018-02-15,44.38487243652344,55.380001068115234,55.380001068115234,54.45000076293945,54.68000030517578,14788900
2018-02-16,44.561195373535156,55.599998474121094,55.84000015258789,55.099998474121094,55.400001525878906,11591600
2018-02-20,43.551353454589844,54.34000015258789,55.0,54.279998779296875,55.0,16069800
2018-02-21,43.03040313720703,53.689998626708984,54.58000183105469,53.66999816894531,54.41999816894531,15207400
2018-02-22,43.14261245727539,53.83000183105469,54.22999954223633,53.72999954223633,53.79999923706055,10239200
2018-02-23,43.55937194824219,54.349998474121094,54.36000061035156,53.75,53.939998626708984,10321100
2018-02-26,43.83186721801758,54.689998626708984,54.72999954223633,54.290000915527344,54.439998626708984,10100400
2018-02-27,43.25480270385742,53.970001220703125,54.849998474121094,53.959999084472656,54.720001220703125,9832600
2018-02-28,42.805999755859375,53.40999984741211,54.31999969482422,53.40999984741211,54.290000915527344,13726400
2018-03-01,42.70981216430664,53.290000915527344,53.790000915527344,52.81999969482422,53.279998779296875,27808600
2018-03-02,43.07046890258789,53.7400016784668,53.83000183105469,52.970001220703125,53.09000015258789,25965400
2018-03-05,43.44715881347656,54.209999084472656,54.27000045776367,53.45000076293945,53.45000076293945,18859700
2018-03-06,43.479217529296875,54.25,54.29999923706055,53.81999969482422,54.22999954223633,20784300
2018-03-07,43.08650588989258,53.7599983215332,53.970001220703125,53.470001220703125,53.7400016784668,12592900
2018-03-08,43.479217529296875,54.25,54.27000045776367,53.70000076293945,53.790000915527344,10725100
2018-03-09,43.759727478027344,54.599998474121094,54.61000061035156,54.20000076293945,54.400001525878906,11486800
2018-03-12,43.679588317871094,54.5,54.90999984741211,54.400001525878906,54.619998931884766,10915700
2018-03-13,43.64752960205078,54.459999084472656,54.77000045776367,54.369998931884766,54.66999816894531,12406100
2018-03-14,43.20672607421875,53.90999984741211,54.599998474121094,53.79999923706055,54.59000015258789,13519000
2018-03-15,42.90217590332031,53.529998779296875,54.08000183105469,53.380001068115234,53.84000015258789,9280100
2018-03-16,42.91748046875,53.25,53.560001373291016,53.20000076293945,53.22999954223633,9629100
2018-03-19,42.498390197753906,52.72999954223633,53.310001373291016,52.540000915527344,53.209999084472656,10714700
2018-03-20,42.37748336791992,52.58000183105469,53.02000045776367,52.40999984741211,52.810001373291016,9888200
2018-03-21,41.85361099243164,51.93000030517578,52.5,51.81999969482422,52.290000915527344,17028500
2018-03-22,41.50704574584961,51.5,52.189998626708984,51.459999084472656,51.779998779296875,15584100
2018-03-23,40.99123764038086,50.86000061035156,51.88999938964844,50.810001373291016,51.68000030517578,15936400
2018-03-26,41.579586029052734,51.59000015258789,51.63999938964844,51.08000183105469,51.2400016784668,12374700
2018-03-27,41.555416107177734,51.560001373291016,52.099998474121094,51.33000183105469,51.68000030517578,17326800
2018-03-28,42.12764358520508,52.27000045776367,52.529998779296875,51.709999084472656,51.72999954223633,32397500
2018-03-29,42.417781829833984,52.630001068115234,52.95000076293945,52.47999954223633,52.47999954223633,13272800
2018-04-02,41.37809371948242,51.34000015258789,52.56999969482422,51.11000061035156,52.470001220703125,28604800
2018-04-03,41.926143646240234,52.02000045776367,52.150001525878906,51.40999984741211,51.56999969482422,24860600
2018-04-04,42.5789794921875,52.83000183105469,53.02000045776367,51.630001068115234,51.689998626708984,28012500
2018-04-05,42.68376159667969,52.959999084472656,53.16999816894531,52.63999938964844,52.91999816894531,18235800
2018-04-06,42.24852752685547,52.41999816894531,53.22999954223633,52.15999984741211,52.79999923706055,13113400
2018-04-09,42.224361419677734,52.38999938964844,52.91999816894531,52.2400016784668,52.58000183105469,14686700
2018-04-10,42.321067810058594,52.5099983215332,52.779998779296875,52.22999954223633,52.689998626708984,13041900
2018-04-11,42.240478515625,52.40999984741211,52.68000030517578,52.29999923706055,52.36000061035156,9025200
2018-04-12,42.17601013183594,52.33000183105469,52.790000915527344,52.29999923706055,52.630001068115234,9843700
2018-04-13,42.38555145263672,52.59000015258789,52.689998626708984,52.33000183105469,52.54999923706055,8836700
2018-04-16,42.844947814941406,53.15999984741211,53.459999084472656,52.65999984741211,52.72999954223633,7804700
2018-04-17,42.94166564941406,53.279998779296875,53.40999984741211,52.9900016784668,53.29999923706055,8131300
2018-04-18,42.619285583496094,52.880001068115234,53.36000061035156,52.779998779296875,53.2400016784668,14496600
2018-04-19,41.38615417480469,51.349998474121094,52.20000076293945,51.08000183105469,52.15999984741211,23643100
2018-04-20,40.69303512573242,50.4900016784668,51.400001525878906,50.34000015258789,51.22999954223633,19102700
2018-04-23,40.64466857910156,50.43000030517578,50.58000183105469,50.20000076293945,50.529998779296875,12344900
2018-04-24,40.386775970458984,50.11000061035156,50.58000183105469,49.7599983215332,50.52000045776367,18771500
2018-04-25,40.45929718017578,50.20000076293945,50.40999984741211,49.88999938964844,50.09000015258789,19012500
2018-04-26,40.701087951660156,50.5,50.70000076293945,50.150001525878906,50.310001373291016,11009900
2018-04-27,40.918697357177734,50.77000045776367,50.939998626708984,50.34000015258789,50.38999938964844,11096100
2018-04-30,40.66079330444336,50.45000076293945,51.09000015258789,50.36000061035156,50.86000061035156,13892700
2018-05-01,40.30616760253906,50.0099983215332,50.290000915527344,49.65999984741211,50.2599983215332,10927100
2018-05-02,39.516319274902344,49.029998779296875,49.91999816894531,48.91999816894531,49.869998931884766,18818900
2018-05-03,39.47602081298828,48.97999954223633,49.2599983215332,48.7599983215332,49.150001525878906,16634400
2018-05-04,40.048248291015625,49.689998626708984,49.939998626708984,48.88999938964844,48.939998626708984,13132400
2018-05-07,39.79841232299805,49.380001068115234,49.88999938964844,49.27000045776367,49.79999923706055,9665300
2018-05-08,39.637210845947266,49.18000030517578,49.31999969482422,48.959999084472656,49.27000045776367,8290800
2018-05-09,39.693641662597656,49.25,49.369998931884766,48.9900016784668,49.09000015258789,9228200
2018-05-10,39.927371978759766,49.540000915527344,49.790000915527344,49.40999984741211,49.47999954223633,10242700
2018-05-11,39.927371978759766,49.540000915527344,49.880001068115234,49.38999938964844,49.630001068115234,10065200
2018-05-14,39.91123580932617,49.52000045776367,49.70000076293945,49.439998626708984,49.61000061035156,6708100
2018-05-15,39.75811004638672,49.33000183105469,49.459999084472656,49.060001373291016,49.279998779296875,22686900
2018-05-16,40.04019546508789,49.68000030517578,49.79999923706055,49.40999984741211,49.47999954223633,12151300
2018-05-17,40.177207946777344,49.849998474121094,49.970001220703125,49.68000030517578,49.83000183105469,19572900
2018-05-18,39.927371978759766,49.540000915527344,49.810001373291016,49.349998474121094,49.72999954223633,15664700
2018-05-21,40.096614837646484,49.75,49.91999816894531,49.599998474121094,49.72999954223633,7928400
2018-05-22,40.02408981323242,49.65999984741211,50.09000015258789,49.56999969482422,49.84000015258789,9383800
2018-05-23,40.169151306152344,49.84000015258789,49.88999938964844,49.47999954223633,49.54999923706055,18136200
2018-05-24,40.13691329956055,49.79999923706055,49.93000030517578,49.54999923706055,49.84000015258789,9843800
2018-05-25,40.201393127441406,49.880001068115234,50.20000076293945,49.7400016784668,49.810001373291016,12913500
2018-05-29,40.11274337768555,49.77000045776367,49.9900016784668,49.54999923706055,49.70000076293945,14959300
2018-05-30,40.67690658569336,50.470001220703125,50.560001373291016,49.79999923706055,49.959999084472656,17628100
2018-05-31,40.02408981323242,49.65999984741211,50.43000030517578,49.470001220703125,50.380001068115234,18603000
2018-06-01,40.02408981323242,49.65999984741211,49.88999938964844,49.529998779296875,49.79999923706055,10944600
2018-06-04,40.354522705078125,50.06999969482422,50.130001068115234,49.7599983215332,49.7599983215332,11665200
2018-06-05,40.169151306152344,49.84000015258789,50.13999938964844,49.68000030517578,50.11000061035156,8980900
2018-06-06,40.21751403808594,49.900001525878906,49.900001525878906,49.54999923706055,49.86000061035156,12071000
2018-06-07,40.46736145019531,50.209999084472656,50.470001220703125,49.70000076293945,49.77000045776367,16618500
2018-06-08,40.96706771850586,50.83000183105469,50.86000061035156,50.22999954223633,50.22999954223633,17081500
2018-06-11,41.30555725097656,51.25,51.349998474121094,50.869998931884766,50.869998931884766,13199600
2018-06-12,41.38615417480469,51.349998474121094,51.380001068115234,51.0099983215332,51.279998779296875,11362200
2018-06-13,41.25720977783203,51.189998626708984,51.41999816894531,51.029998779296875,51.34000015258789,15696000
2018-06-14,41.329734802246094,51.279998779296875,51.31999969482422,51.060001373291016,51.25,9751300
2018-06-15,41.86092758178711,51.540000915527344,51.56999969482422,50.7400016784668,50.84000015258789,17217800
2018-06-18,41.25177001953125,50.790000915527344,51.38999938964844,50.560001373291016,51.369998931884766,21627300
2018-06-19,41.471065521240234,51.060001373291016,51.150001525878906,50.56999969482422,50.599998474121094,12639200
2018-06-20,41.51166915893555,51.11000061035156,51.220001220703125,50.88999938964844,51.209999084472656,9562500
2018-06-21,41.592891693115234,51.209999084472656,51.380001068115234,51.06999969482422,51.18000030517578,13272700
2018-06-22,41.934024810791016,51.630001068115234,51.720001220703125,51.31999969482422,51.33000183105469,9938300
2018-06-25,42.14519500732422,51.88999938964844,51.970001220703125,51.5,51.5099983215332,22124200
2018-06-26,41.96650695800781,51.66999816894531,52.0,51.43000030517578,51.900001525878906,14047300
2018-06-27,41.87715530395508,51.560001373291016,52.040000915527344,51.349998474121094,51.599998474121094,19862400
2018-06-28,41.87715530395508,51.560001373291016,51.68000030517578,51.36000061035156,51.439998626708984,13177400
2018-06-29,41.85279083251953,51.529998779296875,51.810001373291016,51.29999923706055,51.59000015258789,13018300
2018-07-02,41.6091423034668,51.22999954223633,51.529998779296875,50.900001525878906,51.29999923706055,13255500
2018-07-03,41.706600189208984,51.349998474121094,51.619998931884766,51.27000045776367,51.43000030517578,7736300
2018-07-05,42.28327178955078,52.060001373291016,52.09000015258789,51.470001220703125,51.56999969482422,11699800
2018-07-06,42.41322326660156,52.220001220703125,52.43000030517578,52.0,52.119998931884766,12335100
2018-07-09,42.25077438354492,52.02000045776367,52.34000015258789,51.959999084472656,52.2599983215332,15117900
2018-07-10,42.75434875488281,52.63999938964844,52.66999816894531,52.040000915527344,52.150001525878906,15280300
2018-07-11,42.61626434326172,52.470001220703125,52.630001068115234,52.290000915527344,52.58000183105469,11484600
2018-07-12,42.559425354003906,52.400001525878906,52.709999084472656,52.22999954223633,52.619998931884766,11002300
2018-07-13,42.835567474365234,52.7400016784668,52.79999923706055,52.40999984741211,52.43000030517578,14053500
2018-07-16,42.63251495361328,52.4900016784668,52.72999954223633,52.34000015258789,52.70000076293945,10347400
2018-07-17,42.99801254272461,52.939998626708984,53.0,52.459999084472656,52.459999084472656,14759300
2018-07-18,42.64875411987305,52.5099983215332,52.93000030517578,52.470001220703125,52.880001068115234,10474200
2018-07-19,42.67312240600586,52.540000915527344,52.77000045776367,52.06999969482422,52.16999816894531,15092800
2018-07-20,42.93302536010742,52.86000061035156,52.88999938964844,52.349998474121094,52.439998626708984,17895700
2018-07-23,42.665000915527344,52.529998779296875,52.88999938964844,52.369998931884766,52.7599983215332,13337200
2018-07-24,42.74622344970703,52.630001068115234,52.72999954223633,52.31999969482422,52.40999984741211,15987700
2018-07-25,43.07109451293945,53.029998779296875,53.06999969482422,52.59000015258789,52.70000076293945,15258400
2018-07-26,43.29852294921875,53.310001373291016,53.7599983215332,53.16999816894531,53.2400016784668,15129400
2018-07-27,43.35537338256836,53.380001068115234,53.63999938964844,53.189998626708984,53.279998779296875,13414400
2018-07-30,43.306640625,53.31999969482422,53.45000076293945,53.0,53.2400016784668,12143900
2018-07-31,43.509700775146484,53.56999969482422,53.7599983215332,53.18000030517578,53.4900016784668,17898400
2018-08-01,43.14421081542969,53.119998931884766,53.5,53.029998779296875,53.40999984741211,14917600
2018-08-02,43.58278274536133,53.65999984741211,53.72999954223633,53.0,53.029998779296875,15902900
2018-08-03,44.0944709777832,54.290000915527344,54.54999923706055,53.75,53.790000915527344,20418500
2018-08-06,44.13508605957031,54.34000015258789,54.5099983215332,54.220001220703125,54.31999969482422,13412100
2018-08-07,43.867061614990234,54.0099983215332,54.36000061035156,53.81999969482422,54.290000915527344,13766100
2018-08-08,43.5340576171875,53.599998474121094,54.02000045776367,53.58000183105469,53.97999954223633,12591800
2018-08-09,43.40410232543945,53.439998626708984,53.70000076293945,53.369998931884766,53.61000061035156,8047000
2018-08-10,43.241668701171875,53.2400016784668,53.459999084472656,53.130001068115234,53.279998779296875,13459200
2018-08-13,43.241668701171875,53.2400016784668,53.439998626708984,53.0,53.33000183105469,8696600
2018-08-14,43.54218292236328,53.61000061035156,53.65999984741211,53.279998779296875,53.310001373291016,8882500
2018-08-15,43.72086715698242,53.83000183105469,53.869998931884766,53.150001525878906,53.45000076293945,15592600
2018-08-16,44.34626388549805,54.599998474121094,54.7599983215332,54.29999923706055,54.380001068115234,15526100
2018-08-17,44.68739700317383,55.02000045776367,55.08000183105469,54.439998626708984,54.54999923706055,13037600
2018-08-20,44.663021087646484,54.9900016784668,55.310001373291016,54.93000030517578,55.09000015258789,10189600
2018-08-21,44.34626388549805,54.599998474121094,55.04999923706055,54.38999938964844,54.970001220703125,13806200
2018-08-22,44.07011032104492,54.2599983215332,54.65999984741211,54.189998626708984,54.54999923706055,13573900
2018-08-23,43.96453094482422,54.130001068115234,54.2599983215332,53.970001220703125,54.099998474121094,10714300
2018-08-24,43.90766525268555,54.060001373291016,54.209999084472656,53.900001525878906,54.099998474121094,9570500
2018-08-27,43.93203353881836,54.09000015258789,54.31999969482422,53.880001068115234,54.150001525878906,10631600
2018-08-28,43.78583526611328,53.90999984741211,54.2400016784668,53.83000183105469,54.08000183105469,12621500
2018-08-29,43.8345832824707,53.970001220703125,54.06999969482422,53.849998474121094,53.9900016784668,8681000
2018-08-30,43.69649887084961,53.79999923706055,54.06999969482422,53.689998626708984,53.88999938964844,11092500
2018-08-31,43.68025588989258,53.779998779296875,53.970001220703125,53.560001373291016,53.79999923706055,10472900
2018-09-04,43.6234016418457,53.709999084472656,53.939998626708984,53.560001373291016,53.709999084472656,9571100
2018-09-05,44.1269645690918,54.33000183105469,54.33000183105469,53.4900016784668,53.54999923706055,14723800
2018-09-06,44.2487907409668,54.47999954223633,54.5099983215332,54.130001068115234,54.310001373291016,12333800
2018-09-07,44.15945816040039,54.369998931884766,54.40999984741211,53.9900016784668,54.310001373291016,9247300
2018-09-10,44.31377029418945,54.560001373291016,54.880001068115234,54.5,54.5,8361600
2018-09-11,44.151329040527344,54.36000061035156,54.54999923706055,54.2400016784668,54.4900016784668,8121600
2018-09-12,44.663021087646484,54.9900016784668,55.11000061035156,54.33000183105469,54.36000061035156,15220000
2018-09-13,44.59803771972656,54.90999984741211,55.029998779296875,54.599998474121094,55.0099983215332,9746500
2018-09-14,44.476219177246094,54.7599983215332,54.869998931884766,54.47999954223633,54.86000061035156,8925200
2018-09-17,44.638648986816406,54.959999084472656,54.97999954223633,54.599998474121094,54.720001220703125,10279600
2018-09-18,44.45185089111328,54.72999954223633,54.93000030517578,54.5099983215332,54.90999984741211,15638500
2018-09-19,44.370628356933594,54.630001068115234,54.90999984741211,54.54999923706055,54.68000030517578,7791600
2018-09-20,44.9310417175293,55.31999969482422,55.33000183105469,54.779998779296875,54.779998779296875,11817800
2018-09-21,45.00303268432617,55.02000045776367,55.11000061035156,54.90999984741211,55.02000045776367,10307900
2018-09-24,44.315948486328125,54.18000030517578,54.95000076293945,54.13999938964844,54.83000183105469,10648700
2018-09-25,44.05422592163086,53.86000061035156,54.459999084472656,53.83000183105469,54.34000015258789,8348300
2018-09-26,44.103294372558594,53.91999816894531,54.33000183105469,53.849998474121094,54.02000045776367,10369900
2018-09-27,44.04602813720703,53.849998474121094,54.20000076293945,53.59000015258789,53.7400016784668,8892800
2018-09-28,44.11146545410156,53.93000030517578,54.0,53.7400016784668,53.790000915527344,9249700
2018-10-01,44.07875442504883,53.88999938964844,54.09000015258789,53.83000183105469,54.0099983215332,8725500
2018-10-02,44.332305908203125,54.20000076293945,54.31999969482422,53.72999954223633,53.86000061035156,9592400
2018-10-03,43.85791778564453,53.619998931884766,54.380001068115234,53.54999923706055,54.31999969482422,15192700
2018-10-04,43.75157928466797,53.4900016784668,53.56999969482422,53.09000015258789,53.470001220703125,19964000
2018-10-05,43.71067810058594,53.439998626708984,53.650001525878906,53.36000061035156,53.380001068115234,13903100
2018-10-08,44.315948486328125,54.18000030517578,54.25,53.38999938964844,53.38999938964844,14908300
2018-10-09,44.217803955078125,54.060001373291016,54.31999969482422,53.93000030517578,54.20000076293945,13477200
2018-10-10,43.68614196777344,53.40999984741211,54.290000915527344,53.31999969482422,53.880001068115234,26121600
2018-10-11,42.60646057128906,52.09000015258789,53.540000915527344,51.91999816894531,53.2599983215332,44523200
2018-10-12,42.84366989135742,52.380001068115234,52.560001373291016,51.91999816894531,52.310001373291016,26263000
2018-10-15,43.105411529541016,52.70000076293945,53.08000183105469,52.22999954223633,52.22999954223633,15892000
2018-10-16,43.58798599243164,53.290000915527344,53.369998931884766,52.63999938964844,52.83000183105469,15468600
2018-10-17,43.79248046875,53.540000915527344,53.65999984741211,53.04999923706055,53.2400016784668,15837800
2018-10-18,43.73521423339844,53.470001220703125,54.08000183105469,53.29999923706055,53.599998474121094,19370300
2018-10-19,44.73310470581055,54.689998626708984,54.849998474121094,54.08000183105469,54.08000183105469,28312300
2018-10-22,44.39774703979492,54.279998779296875,54.86000061035156,54.130001068115234,54.790000915527344,16645700
2018-10-23,44.59406661987305,54.52000045776367,54.65999984741211,53.650001525878906,53.959999084472656,30466600
2018-10-24,44.78218460083008,54.75,55.52000045776367,54.400001525878906,54.560001373291016,36761900
2018-10-25,44.88850784301758,54.880001068115234,55.08000183105469,54.150001525878906,54.619998931884766,30018200
2018-10-26,44.02967834472656,53.83000183105469,54.650001525878906,53.59000015258789,54.5,39310600
2018-10-29,44.536800384521484,54.45000076293945,54.83000183105469,53.95000076293945,54.20000076293945,31687500
2018-10-30,45.42018127441406,55.529998779296875,55.58000183105469,54.68000030517578,54.81999969482422,33148100
2018-10-31,44.99483871459961,55.0099983215332,55.52000045776367,54.56999969482422,55.52000045776367,30135100
2018-11-01,45.3138427734375,55.400001525878906,55.56999969482422,54.849998474121094,55.130001068115234,22589800
2018-11-02,45.07663345336914,55.11000061035156,55.470001220703125,54.630001068115234,55.400001525878906,28704100
2018-11-05,45.641021728515625,55.79999923706055,55.95000076293945,55.119998931884766,55.20000076293945,19972200
2018-11-06,45.919105529785156,56.13999938964844,56.15999984741211,55.599998474121094,55.790000915527344,15626500
2018-11-07,46.18085861206055,56.459999084472656,56.47999954223633,55.869998931884766,56.369998931884766,15067100
2018-11-08,46.20539474487305,56.4900016784668,56.58000183105469,56.16999816894531,56.18000030517578,12890200
2018-11-09,46.475311279296875,56.81999969482422,57.0,56.470001220703125,56.470001220703125,18510900
2018-11-12,46.22992706298828,56.52000045776367,56.97999954223633,56.40999984741211,56.65999984741211,15950700
2018-11-13,46.12360382080078,56.38999938964844,56.7599983215332,56.119998931884766,56.54999923706055,23146500
2018-11-14,45.81278610229492,56.0099983215332,56.4900016784668,55.7400016784668,56.4900016784668,17577600
2018-11-15,45.739166259765625,55.91999816894531,55.91999816894531,55.38999938964844,55.81999969482422,25604700
2018-11-16,45.85368347167969,56.060001373291016,56.279998779296875,55.689998626708984,55.88999938964844,15212800
2018-11-19,45.78007888793945,55.970001220703125,56.38999938964844,55.7400016784668,56.08000183105469,16727200
2018-11-20,45.01939392089844,55.040000915527344,56.08000183105469,54.88999938964844,55.79999923706055,33023200
2018-11-21,44.659488677978516,54.599998474121094,55.13999938964844,54.47999954223633,55.0099983215332,16604400
2018-11-23,44.814910888671875,54.790000915527344,55.029998779296875,54.41999816894531,54.54999923706055,8700800
2018-11-26,44.87215042114258,54.86000061035156,55.13999938964844,54.59000015258789,54.869998931884766,13125400
2018-11-27,45.27294158935547,55.349998474121094,55.369998931884766,54.7400016784668,54.77000045776367,15954400
2018-11-28,45.64919662475586,55.810001373291016,55.81999969482422,55.09000015258789,55.2599983215332,21973700
2018-11-29,45.722816467285156,55.900001525878906,56.06999969482422,55.650001525878906,55.720001220703125,13285000
2018-11-30,46.01727294921875,56.2599983215332,56.400001525878906,55.75,55.88999938964844,16551900
2018-12-03,46.05815887451172,56.310001373291016,56.459999084472656,55.72999954223633,56.459999084472656,20855900
2018-12-04,45.281124114990234,55.36000061035156,56.619998931884766,55.33000183105469,56.40999984741211,27634900
2018-12-06,45.33020782470703,55.41999816894531,55.439998626708984,54.25,55.18000030517578,32514000
2018-12-07,44.75764465332031,54.720001220703125,55.56999969482422,54.47999954223633,55.369998931884766,23139500
2018-12-10,44.75764465332031,54.720001220703125,55.029998779296875,53.880001068115234,55.029998779296875,44469000
2018-12-11,45.1257209777832,55.16999816894531,55.56999969482422,54.869998931884766,55.099998474121094,25677400
2018-12-12,45.068450927734375,55.099998474121094,55.68000030517578,55.06999969482422,55.5099983215332,18735200
2018-12-13,45.346561431884766,55.439998626708984,55.619998931884766,55.099998474121094,55.16999816894531,16987800
2018-12-14,44.57769775390625,54.5,55.15999984741211,54.369998931884766,55.09000015258789,20262700
2018-12-17,43.547096252441406,53.2400016784668,54.5,52.91999816894531,54.369998931884766,27324100
2018-12-18,43.03179168701172,52.61000061035156,53.4900016784668,52.310001373291016,53.380001068115234,27349700
2018-12-19,42.61464309692383,52.099998474121094,53.279998779296875,51.86000061035156,52.86000061035156,46289600
2018-12-20,41.85395812988281,51.16999816894531,51.88999938964844,50.68000030517578,51.869998931884766,43415000
2018-12-21,41.41978454589844,50.18000030517578,51.83000183105469,50.18000030517578,50.720001220703125,38484500
2018-12-24,40.22291946411133,48.72999954223633,50.220001220703125,48.689998626708984,50.04999923706055,23086800
2018-12-26,41.345497131347656,50.09000015258789,50.09000015258789,48.33000183105469,48.83000183105469,26670600
2018-12-27,41.74169921875,50.56999969482422,50.61000061035156,49.040000915527344,49.779998779296875,35926900
2018-12-28,41.74169921875,50.56999969482422,51.150001525878906,50.369998931884766,50.939998626708984,24436600
2018-12-31,41.915042877197266,50.779998779296875,50.81999969482422,50.310001373291016,50.70000076293945,14959600
2019-01-02,41.667423248291016,50.47999954223633,50.63999938964844,49.95000076293945,50.2400016784668,20459000
2019-01-03,41.42804718017578,50.189998626708984,50.90999984741211,50.11000061035156,50.38999938964844,22074800
2019-01-04,42.31124496459961,51.2599983215332,51.2599983215332,50.40999984741211,50.52000045776367,19003300
2019-01-07,42.25346755981445,51.189998626708984,51.529998779296875,50.72999954223633,51.130001068115234,15143300
2019-01-08,42.64141845703125,51.65999984741211,51.790000915527344,51.2400016784668,51.4900016784668,28273800
2019-01-09,42.245208740234375,51.18000030517578,51.70000076293945,51.060001373291016,51.650001525878906,15684500
2019-01-10,42.492835998535156,51.47999954223633,51.56999969482422,50.939998626708984,51.08000183105469,32431700
2019-01-11,42.61665344238281,51.630001068115234,51.65999984741211,51.349998474121094,51.59000015258789,11732400
2019-01-14,42.41030502319336,51.380001068115234,51.61000061035156,51.29999923706055,51.5,7811500
2019-01-15,42.83125305175781,51.88999938964844,51.939998626708984,51.34000015258789,51.369998931884766,11447700
2019-01-16,42.60014343261719,51.61000061035156,51.869998931884766,51.41999816894531,51.869998931884766,13484700
2019-01-17,42.781734466552734,51.83000183105469,51.939998626708984,51.470001220703125,51.529998779296875,10196400
2019-01-18,43.29349136352539,52.45000076293945,52.61000061035156,52.06999969482422,52.130001068115234,11957600
2019-01-22,42.89729690551758,51.970001220703125,52.40999984741211,51.54999923706055,52.310001373291016,20877700
2019-01-23,43.40906524658203,52.59000015258789,52.7400016784668,52.119998931884766,52.369998931884766,23804700
2019-01-24,42.87253189086914,51.939998626708984,52.31999969482422,51.59000015258789,52.310001373291016,17727200
2019-01-25,42.699195861816406,51.72999954223633,52.310001373291016,51.65999984741211,52.099998474121094,12920300
2019-01-28,42.88077926635742,51.95000076293945,51.970001220703125,51.45000076293945,51.619998931884766,10996700
2019-01-29,42.97983932495117,52.06999969482422,52.18000030517578,51.84000015258789,52.04999923706055,11500400
2019-01-30,43.268733978271484,52.41999816894531,52.540000915527344,52.0,52.119998931884766,13934600
2019-01-31,44.06939697265625,53.38999938964844,53.529998779296875,52.310001373291016,52.43000030517578,17886500
2019-02-01,43.9290885925293,53.220001220703125,53.54999923706055,53.0,53.54999923706055,14423400
2019-02-04,44.209716796875,53.560001373291016,53.560001373291016,53.11000061035156,53.209999084472656,13367500
2019-02-05,44.21797561645508,53.56999969482422,53.709999084472656,53.41999816894531,53.599998474121094,11296100
2019-02-06,44.226226806640625,53.58000183105469,53.66999816894531,53.41999816894531,53.41999816894531,19006100
2019-02-07,44.19321060180664,53.540000915527344,53.58000183105469,53.16999816894531,53.349998474121094,14519000
2019-02-08,44.399566650390625,53.790000915527344,53.790000915527344,53.22999954223633,53.43000030517578,11100100
2019-02-11,44.51512908935547,53.93000030517578,53.97999954223633,53.689998626708984,53.84000015258789,6876200
2019-02-12,44.86180114746094,54.349998474121094,54.5099983215332,53.959999084472656,54.040000915527344,11694100
2019-02-13,44.94435501098633,54.45000076293945,54.619998931884766,54.33000183105469,54.45000076293945,10809600
2019-02-14,44.44083023071289,53.84000015258789,54.08000183105469,53.54999923706055,53.880001068115234,11388500
2019-02-15,44.86180114746094,54.349998474121094,54.45000076293945,53.84000015258789,54.099998474121094,12635400
2019-02-19,45.09291076660156,54.630001068115234,54.84000015258789,54.36000061035156,54.47999954223633,19831700
2019-02-20,45.010379791259766,54.529998779296875,54.72999954223633,54.36000061035156,54.58000183105469,14478600
2019-02-21,45.142433166503906,54.689998626708984,54.810001373291016,54.279998779296875,54.439998626708984,11711800
2019-02-22,44.927833557128906,54.43000030517578,54.43000030517578,54.040000915527344,54.18000030517578,24758700
2019-02-25,44.680206298828125,54.130001068115234,54.70000076293945,54.060001373291016,54.540000915527344,15162600
2019-02-26,44.70497512817383,54.15999984741211,54.38999938964844,54.040000915527344,54.15999984741211,15114400
2019-02-27,44.63895034790039,54.08000183105469,54.15999984741211,53.86000061035156,54.040000915527344,10811600
2019-02-28,44.853553771972656,54.34000015258789,54.54999923706055,54.08000183105469,54.209999084472656,8469400
2019-03-01,44.77100372314453,54.2400016784668,54.52000045776367,53.849998474121094,54.5,10812200
2019-03-04,44.69672393798828,54.150001525878906,54.439998626708984,53.72999954223633,54.34000015258789,10113600
2019-03-05,44.6637077331543,54.11000061035156,54.290000915527344,54.0099983215332,54.13999938964844,10132400
2019-03-06,44.59767532348633,54.029998779296875,54.25,53.79999923706055,54.099998474121094,12001100
2019-03-07,44.30876159667969,53.68000030517578,54.029998779296875,53.56999969482422,53.939998626708984,14336100
2019-03-08,44.333534240722656,53.709999084472656,53.970001220703125,53.45000076293945,53.72999954223633,11909300
2019-03-11,44.91133499145508,54.40999984741211,54.45000076293945,53.79999923706055,53.79999923706055,10519200
2019-03-12,44.927833557128906,54.43000030517578,54.619998931884766,54.29999923706055,54.41999816894531,10841800
2019-03-13,45.183719635009766,54.7400016784668,54.95000076293945,54.43000030517578,54.470001220703125,11135300
2019-03-14,45.142433166503906,54.689998626708984,54.849998474121094,54.599998474121094,54.7599983215332,8449600
2019-03-15,45.3980827331543,54.70000076293945,54.849998474121094,54.470001220703125,54.58000183105469,21846900
2019-03-18,45.4644660949707,54.779998779296875,54.88999938964844,54.63999938964844,54.709999084472656,8103700
2019-03-19,45.4312744140625,54.7400016784668,55.02000045776367,54.540000915527344,54.900001525878906,13359400
2019-03-20,45.24037170410156,54.5099983215332,54.81999969482422,54.33000183105469,54.709999084472656,19832700
2019-03-21,45.771549224853516,55.150001525878906,55.22999954223633,54.40999984741211,54.40999984741211,12699200
2019-03-22,45.71345138549805,55.08000183105469,55.439998626708984,55.0,55.06999969482422,21007300
2019-03-25,45.80474090576172,55.189998626708984,55.33000183105469,54.849998474121094,54.97999954223633,12538000
2019-03-26,46.1948127746582,55.65999984741211,55.86000061035156,55.34000015258789,55.380001068115234,12808700
2019-03-27,46.03713607788086,55.470001220703125,55.81999969482422,55.189998626708984,55.65999984741211,12740400
2019-03-28,46.26121139526367,55.7400016784668,55.88999938964844,55.58000183105469,55.599998474121094,11920900
2019-03-29,46.56829833984375,56.11000061035156,56.16999816894531,55.689998626708984,55.84000015258789,13888800
2019-04-01,46.41060256958008,55.91999816894531,56.22999954223633,55.83000183105469,56.220001220703125,13799400
2019-04-02,46.02883529663086,55.459999084472656,55.75,55.459999084472656,55.75,13964800
2019-04-03,45.80474090576172,55.189998626708984,55.47999954223633,55.04999923706055,55.36000061035156,18616500
2019-04-04,45.97903823852539,55.400001525878906,55.4900016784668,55.18000030517578,55.22999954223633,10671300
2019-04-05,46.136722564697266,55.59000015258789,55.61000061035156,55.33000183105469,55.47999954223633,9045200
2019-04-08,46.327613830566406,55.81999969482422,55.83000183105469,55.4900016784668,55.560001373291016,6136900
2019-04-09,46.269508361816406,55.75,55.779998779296875,55.5099983215332,55.689998626708984,12062300
2019-04-10,46.40229797363281,55.90999984741211,55.97999954223633,55.75,55.79999923706055,7060800
2019-04-11,46.49360656738281,56.02000045776367,56.130001068115234,55.81999969482422,56.0,6444900
2019-04-12,46.64299011230469,56.20000076293945,56.2400016784668,55.88999938964844,56.060001373291016,7635700
2019-04-15,46.916873931884766,56.529998779296875,56.58000183105469,56.16999816894531,56.18000030517578,6505000
2019-04-16,46.925167083740234,56.540000915527344,56.72999954223633,56.31999969482422,56.630001068115234,9345100
2019-04-17,47.157554626464844,56.81999969482422,56.90999984741211,56.560001373291016,56.84000015258789,12720200
2019-04-18,47.19905471801758,56.869998931884766,57.150001525878906,56.619998931884766,57.04999923706055,10622200
2019-04-22,47.21565246582031,56.88999938964844,57.20000076293945,56.75,56.86000061035156,12432100
2019-04-23,47.066261291503906,56.709999084472656,56.93000030517578,56.599998474121094,56.86000061035156,20408400
2019-04-24,47.165855407714844,56.83000183105469,57.040000915527344,56.70000076293945,56.7400016784668,8221900
2019-04-25,46.8670768737793,56.470001220703125,56.56999969482422,56.27000045776367,56.52000045776367,9992100
2019-04-26,47.290340423583984,56.97999954223633,56.9900016784668,56.5,56.529998779296875,8405700
2019-04-29,47.34843826293945,57.04999923706055,57.08000183105469,56.869998931884766,56.95000076293945,7210800
2019-04-30,47.89620590209961,57.709999084472656,57.77000045776367,57.02000045776367,57.08000183105469,15965900
2019-05-01,47.30695343017578,57.0,57.81999969482422,57.0,57.779998779296875,11992700
2019-05-02,47.290340423583984,56.97999954223633,57.209999084472656,56.689998626708984,56.95000076293945,13925900
2019-05-03,47.64722442626953,57.40999984741211,57.540000915527344,57.15999984741211,57.25,13801300
2019-05-06,47.57252502441406,57.31999969482422,57.41999816894531,56.91999816894531,56.9900016784668,10100300
2019-05-07,47.099456787109375,56.75,57.16999816894531,56.45000076293945,57.060001373291016,20115500
2019-05-08,47.091156005859375,56.7400016784668,57.060001373291016,56.459999084472656,56.709999084472656,11940200
2019-05-09,46.9915771484375,56.619998931884766,56.779998779296875,56.189998626708984,56.5,23531600
2019-05-10,47.56422424316406,57.310001373291016,57.38999938964844,56.2400016784668,56.47999954223633,14029600
2019-05-13,47.116065979003906,56.77000045776367,56.90999984741211,56.560001373291016,56.720001220703125,13081800
2019-05-14,47.34014892578125,57.040000915527344,57.43000030517578,56.84000015258789,56.93000030517578,16497800
2019-05-15,47.713619232177734,57.4900016784668,57.61000061035156,56.849998474121094,56.959999084472656,9681800
2019-05-16,48.087100982666016,57.939998626708984,58.27000045776367,57.630001068115234,57.790000915527344,12859800
2019-05-17,47.929405212402344,57.75,58.08000183105469,57.61000061035156,57.619998931884766,15458700
2019-05-20,47.81321716308594,57.61000061035156,57.939998626708984,57.56999969482422,57.619998931884766,9496800
2019-05-21,47.713619232177734,57.4900016784668,57.84000015258789,57.400001525878906,57.81999969482422,8124100
2019-05-22,47.929405212402344,57.75,57.880001068115234,57.38999938964844,57.5099983215332,11102000
2019-05-23,47.912811279296875,57.72999954223633,57.75,57.40999984741211,57.529998779296875,17398000
2019-05-24,47.73850631713867,57.52000045776367,57.880001068115234,57.349998474121094,57.83000183105469,9530800
2019-05-28,46.9583740234375,56.58000183105469,57.66999816894531,56.540000915527344,57.529998779296875,14043000
2019-05-29,46.61808776855469,56.16999816894531,56.369998931884766,55.880001068115234,56.36000061035156,11455100
2019-05-30,46.8172721862793,56.40999984741211,56.529998779296875,56.150001525878906,56.279998779296875,9770200
2019-05-31,46.1533203125,55.61000061035156,56.04999923706055,55.52000045776367,55.970001220703125,13450800
2019-06-03,46.73428726196289,56.310001373291016,56.41999816894531,55.68000030517578,55.689998626708984,17060600
2019-06-04,47.157554626464844,56.81999969482422,56.83000183105469,56.47999954223633,56.65999984741211,16546800
2019-06-05,47.697017669677734,57.470001220703125,57.58000183105469,56.86000061035156,57.08000183105469,15069700
2019-06-06,48.19499206542969,58.06999969482422,58.189998626708984,57.4900016784668,57.59000015258789,20769600
2019-06-07,48.65977096557617,58.630001068115234,58.86000061035156,58.27000045776367,58.27000045776367,18860800
2019-06-10,48.676368713378906,58.650001525878906,58.779998779296875,58.470001220703125,58.709999084472656,15341800
2019-06-11,48.83404541015625,58.84000015258789,58.9900016784668,58.689998626708984,58.81999969482422,18109700
2019-06-12,48.90874481201172,58.93000030517578,59.27000045776367,58.84000015258789,58.95000076293945,10921200
2019-06-13,49.016632080078125,59.060001373291016,59.2400016784668,58.720001220703125,59.06999969482422,11564400
2019-06-14,49.04153823852539,59.09000015258789,59.25,58.970001220703125,59.029998779296875,9726100
2019-06-17,48.90044021606445,58.91999816894531,59.16999816894531,58.650001525878906,59.11000061035156,8796600
2019-06-18,48.63486099243164,58.599998474121094,59.290000915527344,58.52000045776367,59.25,18120600
2019-06-19,48.83404541015625,58.84000015258789,58.959999084472656,58.27000045776367,58.560001373291016,13457200
2019-06-20,49.265621185302734,59.36000061035156,59.43000030517578,58.959999084472656,59.09000015258789,13566200
2019-06-21,49.10588836669922,58.720001220703125,59.0099983215332,58.630001068115234,58.84000015258789,15416200
2019-06-24,49.23133850097656,58.869998931884766,59.099998474121094,58.77000045776367,58.810001373291016,17796300
2019-06-25,49.206241607666016,58.84000015258789,58.959999084472656,58.66999816894531,58.880001068115234,11861700
2019-06-26,48.5037841796875,58.0,58.56999969482422,57.97999954223633,58.56999969482422,11672600
2019-06-27,48.59578323364258,58.11000061035156,58.15999984741211,57.779998779296875,58.08000183105469,11524900
2019-06-28,48.562313079833984,58.06999969482422,58.459999084472656,57.95000076293945,58.38999938964844,12409300
2019-07-01,48.855003356933594,58.41999816894531,58.560001373291016,58.08000183105469,58.369998931884766,12628100
2019-07-02,49.28151321411133,58.93000030517578,58.93000030517578,58.400001525878906,58.439998626708984,11913500
2019-07-03,49.891990661621094,59.65999984741211,59.720001220703125,58.959999084472656,59.0099983215332,11995800
2019-07-05,49.674560546875,59.400001525878906,59.439998626708984,58.869998931884766,59.310001373291016,11008200
2019-07-08,49.741458892822266,59.47999954223633,59.59000015258789,59.310001373291016,59.400001525878906,9257100
2019-07-09,49.44876480102539,59.130001068115234,59.459999084472656,58.90999984741211,59.36000061035156,12499500
2019-07-10,49.76654052734375,59.5099983215332,59.65999984741211,59.290000915527344,59.34000015258789,16804800
2019-07-11,49.891990661621094,59.65999984741211,59.709999084472656,59.34000015258789,59.630001068115234,12575300
2019-07-12,50.034156799316406,59.83000183105469,59.970001220703125,59.63999938964844,59.63999938964844,8732000
2019-07-15,50.151241302490234,59.970001220703125,60.06999969482422,59.77000045776367,59.93000030517578,7212600
2019-07-16,50.16794967651367,59.9900016784668,60.22999954223633,59.779998779296875,59.97999954223633,13579000
2019-07-17,50.109413146972656,59.91999816894531,60.08000183105469,59.779998779296875,59.9900016784668,9049900
2019-07-18,50.443931579589844,60.31999969482422,60.5,59.779998779296875,59.9900016784668,9444300
2019-07-19,50.12614440917969,59.939998626708984,60.560001373291016,59.900001525878906,60.470001220703125,7460400
2019-07-22,49.83345413208008,59.59000015258789,60.04999923706055,59.529998779296875,60.04999923706055,7135100
2019-07-23,50.19304656982422,60.02000045776367,60.2400016784668,59.83000183105469,60.130001068115234,10058100
2019-07-24,49.85853576660156,59.619998931884766,59.97999954223633,59.54999923706055,59.93000030517578,7975900
2019-07-25,49.92544174194336,59.70000076293945,59.79999923706055,59.36000061035156,59.5,9469200
2019-07-26,50.485740661621094,60.369998931884766,60.38999938964844,59.630001068115234,59.79999923706055,14727900
2019-07-29,50.57773208618164,60.47999954223633,60.61000061035156,60.33000183105469,60.369998931884766,6121300
2019-07-30,50.728267669677734,60.65999984741211,61.02000045776367,60.52000045776367,60.720001220703125,14123800
2019-07-31,49.699642181396484,59.43000030517578,60.560001373291016,58.849998474121094,60.470001220703125,16826700
2019-08-01,49.52403259277344,59.220001220703125,60.29999923706055,59.18000030517578,59.599998474121094,30148200
2019-08-02,49.53239440917969,59.22999954223633,59.59000015258789,59.0,59.130001068115234,24368700
2019-08-05,48.24453353881836,57.689998626708984,59.099998474121094,57.369998931884766,58.849998474121094,26364800
2019-08-06,48.67938995361328,58.209999084472656,58.47999954223633,57.66999816894531,57.88999938964844,20126400
2019-08-07,49.24806213378906,58.88999938964844,59.11000061035156,57.349998474121094,57.959999084472656,17550800
2019-08-08,49.88361740112305,59.650001525878906,59.709999084472656,58.56999969482422,58.849998474121094,24011300
2019-08-09,49.60765838623047,59.31999969482422,59.77000045776367,58.900001525878906,59.619998931884766,10590200
2019-08-12,49.27313995361328,58.91999816894531,59.349998474121094,58.720001220703125,59.15999984741211,11774000
2019-08-13,49.83345413208008,59.59000015258789,59.86000061035156,58.779998779296875,58.880001068115234,13199500
2019-08-14,49.04735565185547,58.650001525878906,59.540000915527344,58.61000061035156,59.060001373291016,17281300
2019-08-15,49.78327941894531,59.529998779296875,59.7400016784668,59.0,59.290000915527344,14431100
2019-08-16,50.3519287109375,60.209999084472656,60.45000076293945,59.790000915527344,59.790000915527344,18294300
2019-08-19,50.85371017456055,60.810001373291016,60.93000030517578,60.560001373291016,60.689998626708984,13180800
2019-08-20,50.30176544189453,60.150001525878906,60.849998474121094,60.099998474121094,60.779998779296875,8959300
2019-08-21,50.43556594848633,60.310001373291016,60.599998474121094,60.15999984741211,60.54999923706055,8735900
2019-08-22,50.70317077636719,60.630001068115234,60.7599983215332,60.20000076293945,60.36000061035156,7127600
2019-08-23,49.85853576660156,59.619998931884766,60.709999084472656,59.279998779296875,60.459999084472656,25296100
2019-08-26,50.47738265991211,60.36000061035156,60.40999984741211,59.779998779296875,60.02000045776367,13629800
2019-08-27,50.33521270751953,60.189998626708984,60.77000045776367,60.0,60.61000061035156,13389300
2019-08-28,50.820247650146484,60.77000045776367,60.77000045776367,60.060001373291016,60.16999816894531,12435500
2019-08-29,50.8453483581543,60.79999923706055,61.13999938964844,60.43000030517578,61.130001068115234,9657600
2019-08-30,50.77843475341797,60.720001220703125,61.150001525878906,60.529998779296875,61.0,8567000
2019-09-03,51.07111740112305,61.06999969482422,61.08000183105469,60.349998474121094,60.459999084472656,15551600
2019-09-04,51.53108596801758,61.619998931884766,61.619998931884766,61.08000183105469,61.31999969482422,12200500
2019-09-05,51.21330261230469,61.2400016784668,61.91999816894531,61.150001525878906,61.779998779296875,15719800
2019-09-06,51.38054656982422,61.439998626708984,61.540000915527344,61.25,61.400001525878906,13904200
2019-09-09,51.26348114013672,61.29999923706055,61.470001220703125,61.130001068115234,61.40999984741211,27082400
2019-09-10,50.94569396972656,60.91999816894531,61.029998779296875,60.59000015258789,61.029998779296875,31985000
2019-09-11,51.129676818847656,61.13999938964844,61.189998626708984,60.58000183105469,60.900001525878906,17422200
2019-09-12,51.33873748779297,61.38999938964844,61.689998626708984,61.27000045776367,61.5,18296200
2019-09-13,51.046043395996094,61.040000915527344,61.459999084472656,60.90999984741211,61.11000061035156,17830400
2019-09-16,50.55264663696289,60.45000076293945,60.810001373291016,60.31999969482422,60.75,16741200
2019-09-17,50.82860565185547,60.779998779296875,61.11000061035156,60.41999816894531,60.41999816894531,11681500
2019-09-18,50.9122428894043,60.880001068115234,60.95000076293945,60.36000061035156,60.84000015258789,10968900
2019-09-19,50.90386962890625,60.869998931884766,60.97999954223633,60.75,60.83000183105469,10664100
2019-09-20,50.74236297607422,60.31999969482422,60.779998779296875,60.31999969482422,60.63999938964844,13951100
2019-09-23,50.94425582885742,60.560001373291016,60.810001373291016,60.31999969482422,60.369998931884766,8767800
2019-09-24,51.15456771850586,60.810001373291016,61.209999084472656,60.59000015258789,60.79999923706055,17305900
2019-09-25,51.188209533691406,60.849998474121094,61.150001525878906,60.66999816894531,61.06999969482422,17626600
2019-09-26,51.474220275878906,61.189998626708984,61.369998931884766,60.88999938964844,60.91999816894531,15527300
2019-09-27,51.41533660888672,61.119998931884766,61.36000061035156,60.7599983215332,61.34000015258789,14293900
2019-09-30,51.66770553588867,61.41999816894531,61.689998626708984,61.15999984741211,61.15999984741211,11078800
2019-10-01,51.53310775756836,61.2599983215332,61.619998931884766,61.0099983215332,61.45000076293945,16827400
2019-10-02,50.49839782714844,60.029998779296875,61.02000045776367,59.79999923706055,60.959999084472656,18668200
2019-10-03,50.85172653198242,60.45000076293945,60.65999984741211,59.790000915527344,60.33000183105469,20998100
2019-10-04,51.65088653564453,61.400001525878906,61.40999984741211,60.4900016784668,60.54999923706055,11938600
2019-10-07,51.23027038574219,60.900001525878906,61.34000015258789,60.84000015258789,61.2599983215332,9378900
2019-10-08,50.74236297607422,60.31999969482422,60.88999938964844,60.310001373291016,60.720001220703125,14924100
2019-10-09,51.12931442260742,60.779998779296875,60.93000030517578,60.4900016784668,60.619998931884766,8504600
2019-10-10,51.23027038574219,60.900001525878906,61.08000183105469,60.47999954223633,60.650001525878906,8648000
2019-10-11,51.1798095703125,60.84000015258789,61.209999084472656,60.720001220703125,61.130001068115234,18172100
2019-10-14,50.92743682861328,60.540000915527344,60.97999954223633,60.5099983215332,60.91999816894531,7569500
2019-10-15,50.70870590209961,60.279998779296875,60.72999954223633,60.189998626708984,60.689998626708984,12217700
2019-10-16,50.75918960571289,60.34000015258789,60.40999984741211,60.130001068115234,60.33000183105469,10397700
2019-10-17,50.99472427368164,60.619998931884766,60.790000915527344,60.45000076293945,60.540000915527344,13209800
2019-10-18,51.09568405151367,60.7400016784668,60.970001220703125,60.5099983215332,60.5099983215332,9301200
2019-10-21,51.263916015625,60.939998626708984,60.970001220703125,60.66999816894531,60.75,9924100
2019-10-22,51.28074264526367,60.959999084472656,61.41999816894531,60.93000030517578,61.380001068115234,12492500
2019-10-23,51.51628875732422,61.2400016784668,61.279998779296875,60.90999984741211,60.93000030517578,7499400
2019-10-24,51.69293212890625,61.45000076293945,61.54999923706055,61.119998931884766,61.36000061035156,9089300
2019-10-25,51.390106201171875,61.09000015258789,61.400001525878906,61.040000915527344,61.38999938964844,7518600
2019-10-28,51.289161682128906,60.970001220703125,61.310001373291016,60.83000183105469,61.09000015258789,11154200
2019-10-29,51.289161682128906,60.970001220703125,61.2599983215332,60.75,60.86000061035156,10072400
2019-10-30,51.52470779418945,61.25,61.36000061035156,60.849998474121094,61.02000045776367,7216400
2019-10-31,51.44898986816406,61.15999984741211,61.4900016784668,60.77000045776367,61.27000045776367,12628100
2019-11-01,51.44057083129883,61.150001525878906,61.380001068115234,61.02000045776367,61.27000045776367,10232000
2019-11-04,50.94425582885742,60.560001373291016,61.25,60.369998931884766,61.220001220703125,17081600
2019-11-05,51.11249923706055,60.7599983215332,60.88999938964844,60.290000915527344,60.47999954223633,17192200
2019-11-06,51.32280731201172,61.0099983215332,61.15999984741211,60.689998626708984,60.86000061035156,8284500
2019-11-07,51.146156311035156,60.79999923706055,61.09000015258789,60.689998626708984,61.08000183105469,9437800
2019-11-08,51.11249923706055,60.7599983215332,60.95000076293945,60.560001373291016,60.77000045776367,7574200
2019-11-11,51.03679275512695,60.66999816894531,60.88999938964844,60.56999969482422,60.790000915527344,5632200
2019-11-12,51.20502471923828,60.869998931884766,60.869998931884766,60.59000015258789,60.7599983215332,7085100
2019-11-13,51.59199905395508,61.33000183105469,61.45000076293945,60.880001068115234,60.959999084472656,9500900
2019-11-14,51.57517623901367,61.310001373291016,61.619998931884766,61.060001373291016,61.599998474121094,8442100
2019-11-15,51.59199905395508,61.33000183105469,61.459999084472656,61.11000061035156,61.400001525878906,7221400
2019-11-18,51.86119079589844,61.650001525878906,61.9900016784668,61.27000045776367,61.27000045776367,8615500
2019-11-19,51.79389190673828,61.56999969482422,61.84000015258789,61.439998626708984,61.7400016784668,8560900
2019-11-20,51.91165542602539,61.709999084472656,61.86000061035156,61.439998626708984,61.56999969482422,11935900
2019-11-21,51.65088653564453,61.400001525878906,61.75,61.2599983215332,61.599998474121094,7611100
2019-11-22,51.566768646240234,61.29999923706055,61.4900016784668,61.060001373291016,61.45000076293945,5517100
2019-11-25,51.62564468383789,61.369998931884766,61.529998779296875,61.06999969482422,61.41999816894531,10396500
2019-11-26,52.04624938964844,61.869998931884766,61.93000030517578,61.34000015258789,61.45000076293945,7354800
2019-11-27,52.17243194580078,62.02000045776367,62.09000015258789,61.810001373291016,61.97999954223633,5483300
2019-11-29,52.15561294555664,62.0,62.13999938964844,61.880001068115234,62.040000915527344,3008500
2019-12-02,52.27338790893555,62.13999938964844,62.16999816894531,61.59000015258789,61.880001068115234,17920100
2019-12-03,52.18925476074219,62.040000915527344,62.09000015258789,61.619998931884766,62.02000045776367,20537000
2019-12-04,52.53416442871094,62.45000076293945,62.4900016784668,61.900001525878906,61.970001220703125,17369100
2019-12-05,52.517337799072266,62.43000030517578,62.47999954223633,62.060001373291016,62.470001220703125,13445200
2019-12-06,52.7192268371582,62.66999816894531,62.90999984741211,62.52000045776367,62.560001373291016,10746700
2019-12-09,52.76129150390625,62.720001220703125,62.880001068115234,62.619998931884766,62.630001068115234,6643000
2019-12-10,52.593048095703125,62.52000045776367,62.790000915527344,62.459999084472656,62.720001220703125,7194300
2019-12-11,52.66875076293945,62.61000061035156,62.7599983215332,62.43000030517578,62.65999984741211,6201700
2019-12-12,52.6266975402832,62.560001373291016,63.02000045776367,62.43000030517578,62.619998931884766,11843600
2019-12-13,52.81175231933594,62.779998779296875,62.880001068115234,62.290000915527344,62.400001525878906,10158300
2019-12-16,52.99683380126953,63.0,63.150001525878906,62.880001068115234,62.959999084472656,10004600
2019-12-17,52.912696838378906,62.900001525878906,63.040000915527344,62.81999969482422,62.91999816894531,8005500
2019-12-18,52.828590393066406,62.79999923706055,63.220001220703125,62.70000076293945,63.0099983215332,5464100
2019-12-19,53.11460494995117,63.13999938964844,63.279998779296875,62.880001068115234,62.88999938964844,9068100
2019-12-20,53.5157585144043,63.099998474121094,63.36000061035156,62.779998779296875,62.81999969482422,15270600
2019-12-23,53.286766052246094,62.83000183105469,63.220001220703125,62.810001373291016,63.220001220703125,6006500
2019-12-24,53.3546257019043,62.90999984741211,62.9900016784668,62.810001373291016,62.900001525878906,1700100
2019-12-26,53.405513763427734,62.970001220703125,63.09000015258789,62.79999923706055,62.97999954223633,8638600
2019-12-27,53.64299011230469,63.25,63.27000045776367,63.040000915527344,63.099998474121094,10314100
2019-12-30,53.363101959228516,62.91999816894531,63.2400016784668,62.83000183105469,63.13999938964844,6238600
2019-12-31,53.41398239135742,62.97999954223633,63.02000045776367,62.65999984741211,62.790000915527344,4985400
2020-01-02,52.98993682861328,62.47999954223633,63.099998474121094,62.310001373291016,63.099998474121094,14460700
2020-01-03,52.90512466430664,62.380001068115234,62.650001525878906,62.09000015258789,62.25,26388900
2020-01-06,53.01537322998047,62.5099983215332,62.59000015258789,62.18000030517578,62.290000915527344,22541700
2020-01-07,52.60828399658203,62.029998779296875,62.380001068115234,61.97999954223633,62.31999969482422,15607600
2020-01-08,52.8033561706543,62.2599983215332,62.52000045776367,61.959999084472656,62.08000183105469,11451400
2020-01-09,53.17652130126953,62.70000076293945,62.709999084472656,62.29999923706055,62.45000076293945,6854500
2020-01-10,53.14259338378906,62.65999984741211,62.849998474121094,62.58000183105469,62.7599983215332,7410800
2020-01-13,53.490318298339844,63.06999969482422,63.08000183105469,62.650001525878906,62.68000030517578,9625700
2020-01-14,53.507286071777344,63.09000015258789,63.119998931884766,62.90999984741211,62.9900016784668,7512300
2020-01-15,53.88893127441406,63.540000915527344,63.66999816894531,63.0099983215332,63.040000915527344,12454300
2020-01-16,54.033103942871094,63.709999084472656,63.7599983215332,63.54999923706055,63.619998931884766,8048600
2020-01-17,54.12640380859375,63.81999969482422,63.959999084472656,63.619998931884766,63.70000076293945,14902700
2020-01-21,54.31298828125,64.04000091552734,64.06999969482422,63.5099983215332,63.72999954223633,11300300
2020-01-22,54.35538101196289,64.08999633789062,64.23999786376953,64.04000091552734,64.05999755859375,8046500
2020-01-23,54.30450439453125,64.02999877929688,64.19999694824219,63.63999938964844,63.880001068115234,14563100
2020-01-24,53.931331634521484,63.59000015258789,64.16000366210938,63.38999938964844,64.08000183105469,11935100
2020-01-27,53.761714935302734,63.38999938964844,63.689998626708984,63.0099983215332,63.04999923706055,8748400
2020-01-28,53.82956314086914,63.470001220703125,63.65999984741211,63.369998931884766,63.43000030517578,7899500
2020-01-29,53.55816650390625,63.150001525878906,63.56999969482422,63.150001525878906,63.52000045776367,8300800
2020-01-30,54.194252014160156,63.900001525878906,63.95000076293945,63.13999938964844,63.18000030517578,13824800
2020-01-31,53.58359909057617,63.18000030517578,64.20999908447266,63.0,63.93000030517578,15280000
2020-02-03,53.58359909057617,63.18000030517578,63.650001525878906,63.130001068115234,63.40999984741211,21797600
2020-02-04,53.90589141845703,63.560001373291016,63.9900016784668,63.43000030517578,63.68000030517578,14290900
2020-02-05,54.338436126708984,64.06999969482422,64.0999984741211,63.689998626708984,63.77000045776367,20911400
2020-02-06,54.431724548339844,64.18000030517578,64.5199966430664,64.01000213623047,64.13999938964844,9628500
2020-02-07,54.499568939208984,64.26000213623047,64.38999938964844,63.9900016784668,64.18000030517578,14849000
2020-02-10,54.72855758666992,64.52999877929688,64.6500015258789,64.2699966430664,64.29000091552734,7394100
2020-02-11,54.52501678466797,64.29000091552734,64.62999725341797,64.23999786376953,64.62999725341797,8375700
2020-02-12,54.499568939208984,64.26000213623047,64.38999938964844,64.12999725341797,64.37000274658203,8479000
2020-02-13,54.82184600830078,64.63999938964844,64.75,64.02999877929688,64.12000274658203,7950900
2020-02-14,54.949058532714844,64.79000091552734,64.80999755859375,64.58000183105469,64.70999908447266,5421200
2020-02-18,54.753997802734375,64.55999755859375,64.83999633789062,64.43000030517578,64.69999694824219,6902300
2020-02-19,54.694637298583984,64.48999786376953,64.73999786376953,64.45999908447266,64.56999969482422,4971300
2020-02-20,54.737037658691406,64.54000091552734,64.58999633789062,63.939998626708984,64.37999725341797,13397700
2020-02-21,54.8303337097168,64.6500015258789,64.79000091552734,64.33999633789062,64.36000061035156,10027800
2020-02-24,53.56664276123047,63.15999984741211,64.26000213623047,63.09000015258789,63.77000045776367,19892700
2020-02-25,52.599796295166016,62.02000045776367,63.5099983215332,61.810001373291016,63.20000076293945,25721400
2020-02-26,52.3029670715332,61.66999816894531,62.779998779296875,61.63999938964844,62.209999084472656,26066400
2020-02-27,50.1742057800293,59.15999984741211,61.66999816894531,59.150001525878906,61.119998931884766,39092300
2020-02-28,49.181922912597656,57.9900016784668,58.0,56.040000915527344,57.810001373291016,50978800
2020-03-02,51.81106185913086,61.09000015258789,61.13999938964844,58.11000061035156,58.11000061035156,27103100
2020-03-03,51.10712432861328,60.2599983215332,62.20000076293945,59.81999969482422,61.18000030517578,35237500
2020-03-04,53.61753463745117,63.220001220703125,63.25,61.029998779296875,61.11000061035156,26214300
2020-03-05,52.60828399658203,62.029998779296875,62.86000061035156,61.400001525878906,61.83000183105469,16556300
2020-03-06,52.19270706176758,61.540000915527344,61.88999938964844,59.939998626708984,60.38999938964844,24800200
2020-03-09,49.91976547241211,58.86000061035156,60.5,58.0,58.13999938964844,19126300
2020-03-10,51.35307693481445,60.54999923706055,60.650001525878906,57.88999938964844,60.099998474121094,28174800
2020-03-11,48.83419418334961,57.58000183105469,59.36000061035156,56.869998931884766,59.04999923706055,17759800
2020-03-12,44.24591064453125,52.16999816894531,56.709999084472656,51.90999984741211,53.88999938964844,26713800
2020-03-13,48.01152038574219,56.61000061035156,56.630001068115234,52.7599983215332,54.77000045776367,24835800
2020-03-16,44.75477600097656,52.77000045776367,55.56999969482422,50.779998779296875,51.349998474121094,27436800
2020-03-17,48.52886962890625,57.220001220703125,57.45000076293945,53.66999816894531,53.790000915527344,32318100
2020-03-18,47.28214645385742,55.75,57.0,53.29999923706055,54.75,35524900
2020-03-19,45.70466995239258,53.88999938964844,55.439998626708984,53.38999938964844,55.15999984741211,26807900
2020-03-20,42.7447624206543,50.400001525878906,54.060001373291016,49.959999084472656,54.040000915527344,26903700
2020-03-23,41.47981262207031,48.630001068115234,50.599998474121094,47.65999984741211,50.0099983215332,31822200
2020-03-24,43.59517288208008,51.11000061035156,51.400001525878906,49.79999923706055,50.75,28041800
2020-03-25,43.475746154785156,50.970001220703125,52.61000061035156,50.08000183105469,51.0,25526400
2020-03-26,45.855525970458984,53.7599983215332,54.119998931884766,51.380001068115234,51.59000015258789,25754100
2020-03-27,45.64229202270508,53.5099983215332,54.9900016784668,52.5,52.59000015258789,26004700
2020-03-30,47.42499542236328,55.599998474121094,55.7599983215332,54.029998779296875,54.029998779296875,15892600
2020-03-31,46.461143493652344,54.470001220703125,55.66999816894531,54.34000015258789,55.400001525878906,15203200
2020-04-01,45.67641067504883,53.54999923706055,54.380001068115234,52.86000061035156,52.9900016784668,11979800
2020-04-02,46.844974517822266,54.91999816894531,55.22999954223633,52.68000030517578,52.810001373291016,14748100
2020-04-03,47.211753845214844,55.349998474121094,55.52000045776367,54.470001220703125,54.70000076293945,15374100
2020-04-06,48.96886444091797,57.40999984741211,57.810001373291016,55.91999816894531,56.72999954223633,14835200
2020-04-07,48.40590286254883,56.75,58.7599983215332,56.7400016784668,58.29999923706055,22985400
2020-04-08,49.12240219116211,57.59000015258789,57.90999984741211,56.529998779296875,57.16999816894531,13877400
2020-04-09,49.58300018310547,58.130001068115234,59.02000045776367,57.61000061035156,57.75,20376000
2020-04-13,49.216224670410156,57.70000076293945,58.2400016784668,57.13999938964844,57.939998626708984,10679500
2020-04-14,51.305999755859375,60.150001525878906,60.220001220703125,58.459999084472656,58.689998626708984,17745300
2020-04-15,50.495670318603516,59.20000076293945,59.720001220703125,58.7599983215332,59.349998474121094,12553400
2020-04-16,50.828330993652344,59.59000015258789,59.810001373291016,58.75,59.5099983215332,14486100
2020-04-17,51.60453796386719,60.5,60.70000076293945,59.5099983215332,60.31999969482422,12083100
2020-04-20,50.58950424194336,59.310001373291016,60.31999969482422,59.2599983215332,59.900001525878906,9263900
2020-04-21,49.51476287841797,58.04999923706055,58.810001373291016,57.84000015258789,58.470001220703125,13021900
2020-04-22,49.99242401123047,58.61000061035156,58.939998626708984,58.13999938964844,58.75,15086800
2020-04-23,49.548885345458984,58.09000015258789,58.849998474121094,57.9900016784668,58.470001220703125,21074200
2020-04-24,50.07772445678711,58.709999084472656,58.900001525878906,58.22999954223633,58.43000030517578,9638300
2020-04-27,50.222721099853516,58.880001068115234,59.150001525878906,58.650001525878906,59.06999969482422,11024000
2020-04-28,50.50419616699219,59.209999084472656,59.63999938964844,58.959999084472656,59.560001373291016,13608800
2020-04-29,50.29096221923828,58.959999084472656,59.5099983215332,58.400001525878906,59.5099983215332,16038500
2020-04-30,49.69388198852539,58.2599983215332,58.81999969482422,57.91999816894531,58.790000915527344,16397100
2020-05-01,49.147987365722656,57.619998931884766,58.43000030517578,57.380001068115234,57.939998626708984,13023600
2020-05-04,49.12240219116211,57.59000015258789,57.720001220703125,57.02000045776367,57.5099983215332,11314200
2020-05-05,49.1650390625,57.63999938964844,58.2599983215332,57.56999969482422,57.81999969482422,9705200
2020-05-06,48.62767791748047,57.0099983215332,57.900001525878906,56.959999084472656,57.7400016784668,10700100
2020-05-07,48.49119186401367,56.849998474121094,57.529998779296875,56.72999954223633,57.45000076293945,11203600
2020-05-08,49.57447814941406,58.119998931884766,58.2400016784668,57.38999938964844,57.41999816894531,13405000
2020-05-11,49.50624084472656,58.040000915527344,58.4900016784668,57.79999923706055,57.86000061035156,8807200
2020-05-12,49.08828353881836,57.54999923706055,58.54999923706055,57.54999923706055,58.22999954223633,20587300
2020-05-13,48.64473342895508,57.029998779296875,57.81999969482422,56.689998626708984,57.5,12186800
2020-05-14,48.52532196044922,56.88999938964844,57.040000915527344,55.9900016784668,56.75,11793500
2020-05-15,48.951805114746094,57.38999938964844,57.560001373291016,56.68000030517578,56.880001068115234,20847900
2020-05-18,49.728004455566406,58.29999923706055,58.599998474121094,57.880001068115234,58.29999923706055,15213600
2020-05-19,48.81532669067383,57.22999954223633,58.40999984741211,57.22999954223633,58.380001068115234,15313100
2020-05-20,49.39534378051758,57.90999984741211,57.939998626708984,57.36000061035156,57.709999084472656,8519600
2020-05-21,48.84945297241211,57.27000045776367,57.83000183105469,57.150001525878906,57.81999969482422,13913900
2020-05-22,49.02003479003906,57.470001220703125,57.52000045776367,57.15999984741211,57.290000915527344,7216300
2020-05-26,49.284461975097656,57.779998779296875,58.380001068115234,57.66999816894531,58.279998779296875,10487200
2020-05-27,50.02654266357422,58.650001525878906,58.70000076293945,57.90999984741211,58.2400016784668,10937800
2020-05-28,50.470088958740234,59.16999816894531,59.5,58.849998474121094,59.099998474121094,10184300
2020-05-29,50.521270751953125,59.22999954223633,59.41999816894531,58.459999084472656,58.9900016784668,12890900
2020-06-01,50.870975494384766,59.63999938964844,59.86000061035156,59.22999954223633,59.2599983215332,9101400
2020-06-02,51.0074462890625,59.79999923706055,59.83000183105469,59.34000015258789,59.7400016784668,9837900
2020-06-03,51.07569122314453,59.880001068115234,60.15999984741211,59.86000061035156,60.060001373291016,10155300
2020-06-04,50.828330993652344,59.59000015258789,60.06999969482422,59.27000045776367,59.7599983215332,8973800
2020-06-05,51.53629684448242,60.41999816894531,60.72999954223633,59.86000061035156,60.029998779296875,11502200
2020-06-08,52.09071350097656,61.06999969482422,61.099998474121094,60.220001220703125,60.43000030517578,13094200
2020-06-09,51.66423797607422,60.56999969482422,60.93000030517578,60.20000076293945,60.84000015258789,13735400
2020-06-10,51.51923751831055,60.400001525878906,60.880001068115234,60.279998779296875,60.709999084472656,9877800
2020-06-11,49.56595230102539,58.11000061035156,60.119998931884766,58.040000915527344,59.75,14738500
2020-06-12,49.57447814941406,58.119998931884766,58.91999816894531,57.619998931884766,58.90999984741211,17837500
2020-06-15,50.14595413208008,58.790000915527344,58.869998931884766,57.189998626708984,57.58000183105469,11366700
2020-06-16,50.93069076538086,59.709999084472656,60.02000045776367,58.939998626708984,59.95000076293945,10840300
2020-06-17,50.85391616821289,59.619998931884766,60.06999969482422,59.439998626708984,59.81999969482422,8388400
2020-06-18,51.118343353271484,59.93000030517578,59.9900016784668,59.27000045776367,59.349998474121094,6022600
2020-06-19,50.85391616821289,59.619998931884766,60.66999816894531,59.529998779296875,60.47999954223633,10777200
2020-06-22,50.708648681640625,58.9900016784668,59.220001220703125,58.779998779296875,59.099998474121094,9039600
2020-06-23,50.63127517700195,58.900001525878906,59.59000015258789,58.84000015258789,59.380001068115234,7951000
2020-06-24,49.780269622802734,57.90999984741211,58.599998474121094,57.70000076293945,58.599998474121094,14343200
2020-06-25,50.13270568847656,58.31999969482422,58.38999938964844,57.52000045776367,57.880001068115234,12128900
2020-06-26,49.10977554321289,57.130001068115234,58.459999084472656,57.08000183105469,58.29999923706055,14476500
2020-06-29,50.038150787353516,58.209999084472656,58.31999969482422,57.45000076293945,57.5,9654200
2020-06-30,50.407779693603516,58.63999938964844,58.86000061035156,58.130001068115234,58.220001220703125,7379800
2020-07-01,50.450767517089844,58.689998626708984,59.060001373291016,58.65999984741211,58.75,7261600
2020-07-02,50.708648681640625,58.9900016784668,59.56999969482422,58.869998931884766,59.18000030517578,6857200
2020-07-06,50.957942962646484,59.279998779296875,59.58000183105469,58.95000076293945,59.439998626708984,10091300
2020-07-07,51.42213439941406,59.81999969482422,60.150001525878906,58.91999816894531,58.959999084472656,8161000
2020-07-08,51.293182373046875,59.66999816894531,59.9900016784668,59.41999816894531,59.95000076293945,9328000
2020-07-09,50.889163970947266,59.20000076293945,59.75,58.86000061035156,59.59000015258789,7672500
2020-07-10,51.82614517211914,60.290000915527344,60.40999984741211,59.2599983215332,59.27000045776367,14142800
2020-07-13,51.748779296875,60.20000076293945,61.0,59.970001220703125,60.58000183105469,10906200
2020-07-14,52.505245208740234,61.08000183105469,61.22999954223633,59.90999984741211,60.029998779296875,14270100
2020-07-15,52.54822540283203,61.130001068115234,61.86000061035156,60.939998626708984,61.38999938964844,14952700
2020-07-16,52.65997314453125,61.2599983215332,61.380001068115234,60.97999954223633,61.099998474121094,7770200
2020-07-17,52.94364547729492,61.59000015258789,61.689998626708984,61.33000183105469,61.540000915527344,6321700
2020-07-20,52.410682678222656,60.970001220703125,61.4900016784668,60.779998779296875,61.459999084472656,6818600
2020-07-21,52.86627960205078,61.5,62.15999984741211,61.33000183105469,61.400001525878906,7847300
2020-07-22,53.2874870300293,61.9900016784668,62.08000183105469,61.060001373291016,61.689998626708984,7022700
2020-07-23,53.47661209106445,62.209999084472656,62.459999084472656,62.0,62.20000076293945,9468000
2020-07-24,53.4078369140625,62.130001068115234,62.83000183105469,61.83000183105469,62.310001373291016,6809200
2020-07-27,53.674312591552734,62.439998626708984,62.45000076293945,61.939998626708984,62.06999969482422,6801900
2020-07-28,53.87202835083008,62.66999816894531,62.97999954223633,62.38999938964844,62.41999816894531,6699300
2020-07-29,53.94939041137695,62.7599983215332,62.959999084472656,62.4900016784668,62.650001525878906,7486400
2020-07-30,53.94939041137695,62.7599983215332,62.97999954223633,62.31999969482422,62.61000061035156,10901300
2020-07-31,53.89781188964844,62.70000076293945,62.709999084472656,61.91999816894531,62.5099983215332,10277200
2020-08-03,53.751678466796875,62.529998779296875,62.7599983215332,62.220001220703125,62.72999954223633,8614400
2020-08-04,54.42218780517578,63.310001373291016,63.33000183105469,62.33000183105469,62.439998626708984,7417400
2020-08-05,54.310428619384766,63.18000030517578,63.540000915527344,63.0,63.40999984741211,7143600
2020-08-06,54.30182647705078,63.16999816894531,63.290000915527344,62.91999816894531,63.029998779296875,11983700
2020-08-07,54.5941047668457,63.5099983215332,63.56999969482422,63.0,63.06999969482422,9175700
2020-08-10,54.87777328491211,63.84000015258789,63.970001220703125,63.439998626708984,63.58000183105469,4345600
2020-08-11,54.49954605102539,63.400001525878906,64.30000305175781,63.220001220703125,64.13999938964844,8633500
2020-08-12,55.204437255859375,64.22000122070312,64.5,63.65999984741211,63.65999984741211,8021600
2020-08-13,55.16144561767578,64.16999816894531,64.36000061035156,63.9900016784668,64.08000183105469,5857100
2020-08-14,55.152854919433594,64.16000366210938,64.37000274658203,63.91999816894531,64.0999984741211,3776300
2020-08-17,55.462318420410156,64.5199966430664,64.7300033569336,64.19000244140625,64.30999755859375,5172900
2020-08-18,55.685813903808594,64.77999877929688,64.95999908447266,64.33000183105469,64.62000274658203,4927300
2020-08-19,55.247406005859375,64.2699966430664,64.77999877929688,64.16000366210938,64.69000244140625,5871600
2020-08-20,55.13565444946289,64.13999938964844,64.22000122070312,63.790000915527344,63.900001525878906,10178600
2020-08-21,55.2732048034668,64.30000305175781,64.38999938964844,63.869998931884766,64.05999755859375,5713900
2020-08-24,55.7459831237793,64.8499984741211,64.8499984741211,64.20999908447266,64.41000366210938,6978500
2020-08-25,55.62564468383789,64.70999908447266,65.05000305175781,64.43000030517578,65.0,4517100
2020-08-26,55.69440841674805,64.79000091552734,64.87999725341797,64.27999877929688,64.58000183105469,5375300
2020-08-27,56.03825759887695,65.19000244140625,65.5,64.9000015258789,64.91000366210938,8711200
2020-08-28,56.53682327270508,65.7699966430664,65.80999755859375,64.87999725341797,65.5,6868200
2020-08-31,56.373504638671875,65.58000183105469,65.7699966430664,65.31999969482422,65.52999877929688,7661200
2020-09-01,56.433685302734375,65.6500015258789,65.68000030517578,65.12999725341797,65.56999969482422,9723000
2020-09-02,57.456607818603516,66.83999633789062,67.11000061035156,65.8499984741211,65.94999694824219,11174600
2020-09-03,56.468074798583984,65.69000244140625,67.61000061035156,65.20999908447266,67.0,26304400
2020-09-04,56.33913040161133,65.54000091552734,66.1500015258789,64.7300033569336,65.87999725341797,15604800
2020-09-08,55.152854919433594,64.16000366210938,65.51000213623047,63.88999938964844,65.37999725341797,16316600
2020-09-09,55.95228958129883,65.08999633789062,65.72000122070312,64.41000366210938,64.52999877929688,12848500
2020-09-10,55.26460266113281,64.29000091552734,65.2699966430664,64.1500015258789,65.08999633789062,11060600
2020-09-11,55.574066162109375,64.6500015258789,64.95999908447266,64.19000244140625,64.48999786376953,10212500
2020-09-14,55.93510437011719,65.06999969482422,65.37000274658203,64.77999877929688,64.97000122070312,6397000
2020-09-15,55.85774230957031,64.9800033569336,65.45999908447266,64.88999938964844,65.2300033569336,5672900
2020-09-16,55.608455657958984,64.69000244140625,65.43000030517578,64.62999725341797,65.26000213623047,7270700
2020-09-17,55.256011962890625,64.27999877929688,64.62000274658203,63.81999969482422,64.1500015258789,10108700
2020-09-18,54.74884033203125,63.689998626708984,64.47000122070312,63.25,64.37999725341797,9988900
2020-09-21,54.33116912841797,62.83000183105469,63.06999969482422,62.11000061035156,62.880001068115234,11326200
2020-09-22,54.651123046875,63.20000076293945,63.5099983215332,62.810001373291016,62.869998931884766,7148600
2020-09-23,53.829627990722656,62.25,63.560001373291016,62.18000030517578,63.400001525878906,7015900
2020-09-24,54.2274055480957,62.709999084472656,63.040000915527344,61.83000183105469,62.25,9141700
2020-09-25,54.51276779174805,63.040000915527344,63.11000061035156,62.25,62.38999938964844,7432100
2020-09-28,55.1267204284668,63.75,64.11000061035156,63.529998779296875,63.560001373291016,6077600
2020-09-29,54.7635383605957,63.33000183105469,63.93000030517578,63.209999084472656,63.779998779296875,8150400
2020-09-30,55.42937469482422,64.0999984741211,64.5,63.560001373291016,63.59000015258789,8284100
2020-10-01,55.740684509277344,64.45999908447266,64.61000061035156,63.90999984741211,64.47000122070312,9262900
2020-10-02,55.42937469482422,64.0999984741211,64.38999938964844,63.61000061035156,63.81999969482422,7463000
2020-10-05,55.80121612548828,64.52999877929688,64.61000061035156,64.1500015258789,64.25,4501200
2020-10-06,55.43802261352539,64.11000061035156,64.93000030517578,63.91999816894531,64.68000030517578,6552800
2020-10-07,56.034698486328125,64.80000305175781,65.06999969482422,64.3499984741211,64.4800033569336,8073100
2020-10-08,56.40652847290039,65.2300033569336,65.29000091552734,64.81999969482422,65.08999633789062,6659000
2020-10-09,56.847537994384766,65.73999786376953,66.02999877929688,65.41000366210938,65.48999786376953,7894700
2020-10-12,57.50472640991211,66.5,66.8499984741211,65.9800033569336,66.0199966430664,8685600
2020-10-13,57.46149444580078,66.44999694824219,66.6500015258789,66.13999938964844,66.30000305175781,7505700
2020-10-14,57.16748809814453,66.11000061035156,66.70999908447266,65.83999633789062,66.44000244140625,6566200
2020-10-15,57.20209884643555,66.1500015258789,66.33000183105469,65.56999969482422,65.62999725341797,6650000
2020-10-16,57.21937561035156,66.16999816894531,66.70999908447266,66.1500015258789,66.3499984741211,6701200
2020-10-19,56.475704193115234,65.30999755859375,66.44999694824219,65.12999725341797,66.16999816894531,7733900
2020-10-20,56.4151725769043,65.23999786376953,66.08000183105469,65.11000061035156,65.94999694824219,7660200
2020-10-21,56.4670524597168,65.30000305175781,65.66999816894531,65.13999938964844,65.16999816894531,7013900
2020-10-22,56.441123962402344,65.2699966430664,65.48999786376953,64.95999908447266,65.30999755859375,7779700
2020-10-23,56.54488754272461,65.38999938964844,65.6500015258789,65.19000244140625,65.5,5094100
2020-10-26,55.81850051879883,64.55000305175781,65.0199966430664,63.97999954223633,64.88999938964844,9352300
2020-10-27,55.671504974365234,64.37999725341797,64.94000244140625,64.3499984741211,64.58999633789062,5331400
2020-10-28,54.04581069946289,62.5,63.790000915527344,62.43000030517578,63.459999084472656,10980600
2020-10-29,54.02851486206055,62.47999954223633,63.099998474121094,61.720001220703125,62.34000015258789,8942700
2020-10-30,53.83827209472656,62.2599983215332,62.540000915527344,61.4900016784668,62.2400016784668,10093200
2020-11-02,54.694366455078125,63.25,63.540000915527344,62.7599983215332,63.150001525878906,10935100
2020-11-03,55.59368133544922,64.29000091552734,64.87999725341797,63.810001373291016,63.88999938964844,20578800
2020-11-04,55.6196174621582,64.31999969482422,65.41000366210938,64.23999786376953,64.6500015258789,25605800
2020-11-05,56.02604293823242,64.79000091552734,65.4000015258789,64.61000061035156,65.06999969482422,13919500
2020-11-06,56.28546142578125,65.08999633789062,65.41999816894531,64.80999755859375,64.88999938964844,12703600
2020-11-09,56.15576171875,64.94000244140625,67.27999877929688,64.8499984741211,66.63999938964844,15142600
2020-11-10,57.26260757446289,66.22000122070312,66.4000015258789,64.87999725341797,64.93000030517578,15134300
2020-11-11,57.755516052246094,66.79000091552734,67.08000183105469,66.1500015258789,66.5999984741211,10382100
2020-11-12,57.599853515625,66.61000061035156,66.79000091552734,66.05000305175781,66.61000061035156,8945500
2020-11-13,58.39540481567383,67.52999877929688,67.62000274658203,66.66000366210938,66.86000061035156,6167300
2020-11-16,58.93154525756836,68.1500015258789,68.18000030517578,67.62999725341797,68.1500015258789,12955900
2020-11-17,58.51648712158203,67.66999816894531,68.06999969482422,67.47000122070312,67.63999938964844,8147900
2020-11-18,57.7122688293457,66.73999786376953,68.01000213623047,66.7300033569336,67.7699966430664,7607700
2020-11-19,57.86792755126953,66.91999816894531,67.0199966430664,66.4000015258789,66.55999755859375,8830200
2020-11-20,57.50472640991211,66.5,67.11000061035156,66.44000244140625,66.81999969482422,4663400
2020-11-23,57.52203369140625,66.5199966430664,66.72000122070312,66.11000061035156,66.62000274658203,5825300
2020-11-24,57.91115951538086,66.97000122070312,67.19999694824219,66.7699966430664,66.91999816894531,6064900
2020-11-25,57.876583099365234,66.93000030517578,67.19999694824219,66.83999633789062,66.94000244140625,5245400
2020-11-27,57.86792755126953,66.91999816894531,67.0999984741211,66.72000122070312,67.0999984741211,3228600
2020-11-30,57.85928726196289,66.91000366210938,66.9800033569336,66.2300033569336,66.75,11581900
2020-12-01,58.36947250366211,67.5,67.56999969482422,67.08000183105469,67.20999908447266,12126200
2020-12-02,57.88521957397461,66.94000244140625,67.58999633789062,66.72000122070312,67.2699966430664,11392100
2020-12-03,58.032230377197266,67.11000061035156,67.2300033569336,66.76000213623047,66.7699966430664,10951400
2020-12-04,58.48188400268555,67.62999725341797,67.63999938964844,67.08999633789062,67.16999816894531,11055800
2020-12-07,58.257057189941406,67.37000274658203,67.61000061035156,67.05000305175781,67.5,9466300
2020-12-08,58.57699966430664,67.73999786376953,67.87999725341797,66.98999786376953,67.12999725341797,7090900
2020-12-09,58.34353256225586,67.47000122070312,67.87000274658203,67.29000091552734,67.83999633789062,10420100
2020-12-10,58.0841064453125,67.16999816894531,67.62000274658203,67.0,67.44999694824219,5723400
2020-12-11,58.213809967041016,67.31999969482422,67.51000213623047,66.88999938964844,66.91000366210938,5000800
2020-12-14,57.98897933959961,67.05999755859375,67.91000366210938,67.04000091552734,67.6500015258789,6663200
2020-12-15,58.127349853515625,67.22000122070312,67.55000305175781,67.13999938964844,67.3499984741211,6121300
2020-12-16,58.23975372314453,67.3499984741211,67.66999816894531,67.11000061035156,67.2699966430664,10505500
2020-12-17,58.61159896850586,67.77999877929688,67.86000061035156,67.56999969482422,67.58999633789062,4673300
2020-12-18,58.741310119628906,67.93000030517578,68.08000183105469,67.41000366210938,67.87999725341797,6980500
2020-12-21,58.108253479003906,66.63999938964844,66.7699966430664,65.94000244140625,66.62000274658203,8255600
2020-12-22,57.698429107666016,66.16999816894531,66.61000061035156,66.05999755859375,66.61000061035156,9107900
2020-12-23,57.890254974365234,66.38999938964844,66.6500015258789,66.23999786376953,66.37000274658203,4302600
2020-12-24,58.178009033203125,66.72000122070312,66.76000213623047,66.27999877929688,66.44000244140625,1954900
2020-12-28,58.640159606933594,67.25,67.44999694824219,66.9000015258789,66.97000122070312,6315400
2020-12-29,58.465763092041016,67.05000305175781,67.61000061035156,66.87999725341797,67.41999816894531,4993600
2020-12-30,58.404727935791016,66.9800033569336,67.20999908447266,66.9000015258789,67.12999725341797,7359900
2020-12-31,58.81455993652344,67.44999694824219,67.55000305175781,66.72000122070312,67.05000305175781,6062200
2021-01-04,58.178009033203125,66.72000122070312,67.44000244140625,65.91999816894531,67.41999816894531,12992600
2021-01-05,58.178009033203125,66.72000122070312,66.86000061035156,66.0999984741211,66.62000274658203,10871900
2021-01-06,58.221614837646484,66.7699966430664,67.0999984741211,66.4800033569336,66.58999633789062,14206600
2021-01-07,58.047218322753906,66.56999969482422,66.9800033569336,66.30000305175781,66.81999969482422,13963500
2021-01-08,58.33497619628906,66.9000015258789,66.95999908447266,66.25,66.62000274658203,17960800
2021-01-11,57.83794403076172,66.33000183105469,66.97000122070312,66.22000122070312,66.52999877929688,9648700
2021-01-12,57.6461067199707,66.11000061035156,66.4800033569336,65.83000183105469,66.33000183105469,11089500
2021-01-13,57.733306884765625,66.20999908447266,66.45999908447266,66.01000213623047,66.04000091552734,8337500
2021-01-14,57.42811584472656,65.86000061035156,66.30000305175781,65.77999877929688,66.2699966430664,11549000
2021-01-15,57.22755432128906,65.62999725341797,65.91999816894531,65.36000061035156,65.62000274658203,13260300
2021-01-19,56.97468948364258,65.33999633789062,65.9800033569336,65.29000091552734,65.8499984741211,8130800
2021-01-20,57.07932662963867,65.45999908447266,65.62000274658203,64.87999725341797,65.31999969482422,10700600
2021-01-21,56.887481689453125,65.23999786376953,65.41000366210938,65.12999725341797,65.36000061035156,8461200
2021-01-22,56.739253997802734,65.06999969482422,65.47000122070312,64.91999816894531,65.19000244140625,8329300
2021-01-25,57.3060417175293,65.72000122070312,65.94000244140625,64.83999633789062,64.87000274658203,17486100
2021-01-26,57.82050323486328,66.30999755859375,66.44000244140625,65.5,65.80000305175781,9304200
2021-01-27,56.84389114379883,65.19000244140625,66.83000183105469,65.02999877929688,65.94000244140625,17826800
2021-01-28,57.06189727783203,65.44000244140625,66.16999816894531,65.12999725341797,65.31999969482422,19925900
2021-01-29,55.88472366333008,64.08999633789062,65.20999908447266,64.05999755859375,65.19000244140625,19374700
2021-02-01,55.937042236328125,64.1500015258789,64.5,63.939998626708984,64.36000061035156,13283300
2021-02-02,56.311988830566406,64.58000183105469,65.0999984741211,64.20999908447266,64.4000015258789,13278400
2021-02-03,56.399192810058594,64.68000030517578,64.83000183105469,64.25,64.43000030517578,9542000
2021-02-04,56.809024810791016,65.1500015258789,65.16999816894531,64.5999984741211,64.73999786376953,7292400
2021-02-05,57.34092330932617,65.76000213623047,65.95999908447266,65.5199966430664,65.55000305175781,8889300
2021-02-08,57.55891418457031,66.01000213623047,66.16000366210938,65.58000183105469,65.97000122070312,9412200
2021-02-09,57.506591796875,65.94999694824219,66.19000244140625,65.7699966430664,66.0199966430664,12345400
2021-02-10,57.44554901123047,65.87999725341797,66.41000366210938,65.7300033569336,66.26000213623047,6957200
2021-02-11,57.192684173583984,65.58999633789062,65.97000122070312,65.48999786376953,65.94999694824219,7478500
2021-02-12,57.27988052368164,65.69000244140625,65.7699966430664,65.36000061035156,65.52999877929688,7131800
2021-02-16,57.17523956298828,65.56999969482422,65.86000061035156,65.33999633789062,65.80999755859375,9246600
2021-02-17,57.384521484375,65.80999755859375,65.94000244140625,65.23999786376953,65.31999969482422,8871000
2021-02-18,57.349632263183594,65.7699966430664,65.94000244140625,65.16999816894531,65.22000122070312,7464900
2021-02-19,56.62590789794922,64.94000244140625,65.83000183105469,64.87999725341797,65.81999969482422,10246100
2021-02-22,56.678218841552734,65.0,65.16999816894531,64.63999938964844,64.7699966430664,8649600
2021-02-23,56.75669479370117,65.08999633789062,65.63999938964844,64.86000061035156,65.20999908447266,12743400
2021-02-24,56.72183609008789,65.05000305175781,65.26000213623047,64.7300033569336,64.91999816894531,9103700
2021-02-25,56.10271453857422,64.33999633789062,65.31999969482422,64.19999694824219,64.94999694824219,17558500
2021-02-26,55.19586944580078,63.29999923706055,64.47000122070312,63.279998779296875,64.47000122070312,17718400
2021-03-01,55.753929138183594,63.939998626708984,64.45999908447266,63.72999954223633,63.75,11263900
2021-03-02,55.65801239013672,63.83000183105469,64.31999969482422,63.79999923706055,63.869998931884766,12942700
2021-03-03,55.396419525146484,63.529998779296875,64.02999877929688,63.4900016784668,63.65999984741211,13450900
2021-03-04,55.19586944580078,63.29999923706055,64.43000030517578,62.9900016784668,63.65999984741211,25968700
2021-03-05,56.4166259765625,64.69999694824219,64.88999938964844,63.33000183105469,63.56999969482422,21719300
2021-03-08,56.66078186035156,64.9800033569336,65.66999816894531,64.61000061035156,64.72000122070312,18947000
2021-03-09,56.60847091674805,64.91999816894531,65.51000213623047,64.87000274658203,65.19999694824219,17259600
2021-03-10,57.349632263183594,65.7699966430664,66.05999755859375,64.76000213623047,64.97000122070312,15827600
2021-03-11,57.21012496948242,65.61000061035156,66.04000091552734,65.54000091552734,65.83999633789062,12386500
2021-03-12,57.68099594116211,66.1500015258789,66.23999786376953,65.80000305175781,65.8499984741211,10518200
2021-03-15,57.933860778808594,66.44000244140625,66.5,66.04000091552734,66.38999938964844,8383700
2021-03-16,58.00362777709961,66.5199966430664,66.7300033569336,66.36000061035156,66.36000061035156,13550200
2021-03-17,57.91642379760742,66.41999816894531,66.81999969482422,66.19000244140625,66.55000305175781,12254200
2021-03-18,57.68099594116211,66.1500015258789,66.5199966430664,65.83000183105469,66.25,14497600
2021-03-19,57.88154220581055,66.37999725341797,66.55999755859375,66.05999755859375,66.22000122070312,20807100
2021-03-22,58.492591857910156,66.72000122070312,66.76000213623047,65.86000061035156,65.91000366210938,14499400
2021-03-23,58.73806381225586,67.0,67.30999755859375,66.52999877929688,66.70999908447266,13216300
2021-03-24,58.5101318359375,66.73999786376953,67.16999816894531,66.58000183105469,66.83999633789062,15831000
2021-03-25,59.07997512817383,67.38999938964844,67.47000122070312,66.5,66.83000183105469,14764000
2021-03-26,60.12322998046875,68.58000183105469,68.62000274658203,67.27999877929688,67.47000122070312,15098600
2021-03-29,60.728145599365234,69.2699966430664,69.33000183105469,68.3499984741211,68.37999725341797,11857300
2021-03-30,60.07939910888672,68.52999877929688,69.20999908447266,68.4000015258789,69.13999938964844,14042700
2021-03-31,59.886512756347656,68.30999755859375,68.77999877929688,68.16000366210938,68.5,18241100
2021-04-01,59.59722137451172,67.9800033569336,68.33000183105469,67.52999877929688,68.04000091552734,21191800
2021-04-05,60.35993194580078,68.8499984741211,69.22000122070312,68.1500015258789,68.2699966430664,20093000
2021-04-06,60.61417770385742,69.13999938964844,69.4000015258789,68.68000030517578,68.7300033569336,19302100
2021-04-07,60.46513366699219,68.97000122070312,69.3499984741211,68.87999725341797,69.26000213623047,20763900
2021-04-08,60.52650833129883,69.04000091552734,69.18000030517578,68.86000061035156,68.94000244140625,10244700
2021-04-09,60.421302795410156,68.91999816894531,69.20999908447266,68.5,69.05000305175781,7020400
2021-04-12,60.74567413330078,69.29000091552734,69.30000305175781,68.91999816894531,69.01000213623047,10117800
2021-04-13,60.421302795410156,68.91999816894531,69.18000030517578,68.83000183105469,68.98999786376953,11982600
2021-04-14,60.368709564208984,68.86000061035156,68.95999908447266,68.56999969482422,68.87999725341797,12087500
2021-04-15,60.850894927978516,69.41000366210938,69.5199966430664,69.0199966430664,69.0199966430664,7714900
2021-04-16,61.201560974121094,69.80999755859375,69.94999694824219,69.43000030517578,69.69999694824219,7810000
2021-04-19,60.96487045288086,69.54000091552734,69.95999908447266,69.31999969482422,69.81999969482422,10867400
2021-04-20,61.29798889160156,69.91999816894531,70.13999938964844,68.94999694824219,69.05000305175781,13168800
2021-04-21,61.60485076904297,70.2699966430664,70.47000122070312,70.0,70.0,10794900
2021-04-22,61.14896774291992,69.75,70.19000244140625,69.5999984741211,70.1500015258789,10762900
2021-04-23,60.99113845825195,69.56999969482422,69.79000091552734,69.29000091552734,69.61000061035156,9133800
2021-04-26,60.307334899902344,68.79000091552734,69.52999877929688,68.69000244140625,69.52999877929688,8750100
2021-04-27,60.26350402832031,68.73999786376953,68.88999938964844,68.44000244140625,68.75,10078900
2021-04-28,60.307334899902344,68.79000091552734,69.18000030517578,68.70999908447266,69.0199966430664,7925300
2021-04-29,60.94731521606445,69.5199966430664,69.62999725341797,68.76000213623047,68.76000213623047,9202600
2021-04-30,60.99992752075195,69.58000183105469,69.61000061035156,69.23999786376953,69.5199966430664,10784800
2021-05-03,61.499637603759766,70.1500015258789,70.41000366210938,69.66000366210938,69.7300033569336,12671500
2021-05-04,61.18402862548828,69.79000091552734,70.2699966430664,69.56999969482422,70.0,11147300
2021-05-05,61.140174865722656,69.73999786376953,69.87000274658203,69.5,69.7699966430664,8726200
2021-05-06,61.929203033447266,70.63999938964844,70.66000366210938,69.87000274658203,69.87000274658203,10192000
2021-05-07,61.929203033447266,70.63999938964844,70.86000061035156,70.36000061035156,70.52999877929688,9841800
2021-05-10,62.402618408203125,71.18000030517578,71.63999938964844,70.87999725341797,70.94000244140625,10558400
2021-05-11,61.85908126831055,70.55999755859375,71.36000061035156,70.23999786376953,71.20999908447266,14385700
2021-05-12,61.034976959228516,69.62000274658203,70.4800033569336,69.61000061035156,70.4000015258789,13223100
2021-05-13,61.894142150878906,70.5999984741211,70.91999816894531,69.52999877929688,69.61000061035156,18490900
2021-05-14,62.16591262817383,70.91000366210938,71.33000183105469,70.83000183105469,70.87000274658203,9672600
2021-05-17,62.0782470703125,70.80999755859375,71.26000213623047,70.66000366210938,70.94999694824219,10705800
2021-05-18,61.8853759765625,70.58999633789062,71.16999816894531,70.55000305175781,70.88999938964844,11168900
2021-05-19,61.68374252319336,70.36000061035156,70.45999908447266,69.86000061035156,70.25,13709500
2021-05-20,62.25360107421875,71.01000213623047,71.26000213623047,70.33000183105469,70.37000274658203,11336300
2021-05-21,62.262351989746094,71.0199966430664,71.4800033569336,70.88999938964844,71.19000244140625,7779600
2021-05-24,62.44645309448242,71.2300033569336,71.4800033569336,70.97000122070312,71.11000061035156,6535900
2021-05-25,62.463993072509766,71.25,71.30999755859375,70.81999969482422,71.27999877929688,8271800
2021-05-26,62.332481384277344,71.0999984741211,71.36000061035156,70.97000122070312,71.29000091552734,10622500
2021-05-27,61.946739196777344,70.66000366210938,71.44999694824219,70.58999633789062,71.22000122070312,12693900
2021-05-28,62.0782470703125,70.80999755859375,71.11000061035156,70.76000213623047,70.7699966430664,8476400
2021-06-01,61.86785125732422,70.56999969482422,71.26000213623047,70.33000183105469,71.08000183105469,8893800
2021-06-02,62.095767974853516,70.83000183105469,70.95999908447266,70.5,70.66999816894531,6411300
2021-06-03,62.481529235839844,71.2699966430664,71.33000183105469,70.62000274658203,70.62000274658203,9410000
2021-06-04,62.700679779052734,71.5199966430664,71.69000244140625,71.29000091552734,71.4800033569336,6078200
2021-06-07,62.595497131347656,71.4000015258789,71.62000274658203,71.08000183105469,71.52999877929688,7306900
2021-06-08,62.069480895996094,70.80000305175781,71.51000213623047,70.79000091552734,71.41999816894531,8545200
2021-06-09,61.77140808105469,70.45999908447266,71.0199966430664,70.44000244140625,70.66999816894531,8273800
2021-06-10,62.15715026855469,70.9000015258789,71.08000183105469,70.55999755859375,70.58999633789062,8213000
2021-06-11,62.19219970703125,70.94000244140625,71.06999969482422,70.5999984741211,71.04000091552734,6232300
2021-06-14,62.15715026855469,70.9000015258789,70.91999816894531,70.47000122070312,70.87999725341797,10449400
2021-06-15,62.00812911987305,70.7300033569336,71.12000274658203,70.66000366210938,70.95999908447266,5151600
2021-06-16,61.18402862548828,69.79000091552734,70.83000183105469,69.7699966430664,70.75,10507100
2021-06-17,61.40320587158203,70.04000091552734,70.19000244140625,69.61000061035156,69.80000305175781,9239700
2021-06-18,60.31611633300781,68.80000305175781,69.6500015258789,68.77999877929688,69.55999755859375,16882500
2021-06-21,61.00789260864258,69.13999938964844,69.20999908447266,68.72000122070312,68.76000213623047,14278400
2021-06-22,61.09614181518555,69.23999786376953,69.52999877929688,69.04000091552734,69.1500015258789,8351000
2021-06-23,60.71670150756836,68.80999755859375,69.19000244140625,68.80999755859375,69.18000030517578,7072900
2021-06-24,61.0167236328125,69.1500015258789,69.2300033569336,68.7699966430664,68.83000183105469,6343700
2021-06-25,61.4843635559082,69.68000030517578,69.76000213623047,69.06999969482422,69.19000244140625,9241300
2021-06-28,61.53730392456055,69.73999786376953,69.93000030517578,69.58000183105469,69.7300033569336,7570600
2021-06-29,61.2637825012207,69.43000030517578,69.9000015258789,69.31999969482422,69.77999877929688,13155400
2021-06-30,61.74026870727539,69.97000122070312,70.05999755859375,69.55000305175781,69.58000183105469,8815100
2021-07-01,61.55497360229492,69.76000213623047,70.16999816894531,69.6500015258789,70.0,11633100
2021-07-02,61.70497512817383,69.93000030517578,70.13999938964844,69.83000183105469,69.91999816894531,20733300
2021-07-06,61.44908142089844,69.63999938964844,69.80000305175781,69.30999755859375,69.7699966430664,7595700
2021-07-07,61.77556228637695,70.01000213623047,70.27999877929688,69.61000061035156,69.62000274658203,7880500
2021-07-08,61.5461540222168,69.75,70.05999755859375,69.4800033569336,69.68000030517578,9212900
2021-07-09,61.899105072021484,70.1500015258789,70.27999877929688,69.87999725341797,70.0199966430664,6286900
2021-07-12,61.80204391479492,70.04000091552734,70.13999938964844,69.7699966430664,70.02999877929688,7384200
2021-07-13,61.784400939941406,70.0199966430664,70.44999694824219,69.87999725341797,70.0199966430664,12057600
2021-07-14,62.331459045410156,70.63999938964844,70.73999786376953,70.01000213623047,70.11000061035156,7616100
2021-07-15,62.58736801147461,70.93000030517578,70.94000244140625,70.33000183105469,70.52999877929688,8662500
2021-07-16,62.684410095214844,71.04000091552734,71.30999755859375,70.94999694824219,71.05000305175781,8634300
2021-07-19,62.499107360839844,70.83000183105469,71.2699966430664,70.19999694824219,70.80000305175781,20734400
2021-07-20,62.51677703857422,70.8499984741211,71.54000091552734,70.66000366210938,70.81999969482422,20404900
2021-07-21,62.35792922973633,70.66999816894531,71.23999786376953,70.6500015258789,71.18000030517578,9366300
2021-07-22,62.252052307128906,70.55000305175781,70.73999786376953,70.0999984741211,70.48999786376953,9632100
2021-07-23,63.002079010009766,71.4000015258789,71.48999786376953,70.47000122070312,70.56999969482422,9732400
2021-07-26,63.107948303222656,71.5199966430664,71.62999725341797,71.11000061035156,71.29000091552734,5952200
2021-07-27,63.240318298339844,71.66999816894531,71.9800033569336,71.2699966430664,71.5,14720700
2021-07-28,62.684410095214844,71.04000091552734,71.58999633789062,70.88999938964844,71.5,9114100
2021-07-29,62.993247985839844,71.38999938964844,71.58999633789062,71.2300033569336,71.30000305175781,8811100
2021-07-30,63.09913635253906,71.51000213623047,71.87999725341797,71.4000015258789,71.5,10403700
2021-08-02,62.83443069458008,71.20999908447266,71.58000183105469,71.12999725341797,71.51000213623047,12049800
2021-08-03,63.11679458618164,71.52999877929688,71.66000366210938,71.05999755859375,71.2300033569336,8647700
2021-08-04,62.296173095703125,70.5999984741211,71.45999908447266,70.55000305175781,71.27999877929688,8886500
2021-08-05,62.596168518066406,70.94000244140625,71.08999633789062,70.7699966430664,70.97000122070312,7063000
2021-08-06,62.596168518066406,70.94000244140625,71.2300033569336,70.80999755859375,71.0999984741211,13492100
2021-08-09,62.825592041015625,71.19999694824219,71.31999969482422,71.01000213623047,71.16999816894531,9054900
2021-08-10,63.275611877441406,71.70999908447266,71.73999786376953,71.22000122070312,71.33999633789062,11291700
2021-08-11,63.48740005493164,71.94999694824219,72.23999786376953,71.83000183105469,71.88999938964844,14992700
2021-08-12,63.45209503173828,71.91000366210938,72.04000091552734,71.77999877929688,71.98999786376953,6432100
2021-08-13,63.98151779174805,72.51000213623047,72.58000183105469,71.88999938964844,72.0,8808500
2021-08-16,64.35212707519531,72.93000030517578,72.94999694824219,72.37999725341797,72.51000213623047,7903100
2021-08-17,64.3874282836914,72.97000122070312,73.25,72.62999725341797,72.80000305175781,15666000
2021-08-18,63.58443832397461,72.05999755859375,72.94000244140625,72.01000213623047,72.83000183105469,10669200
2021-08-19,64.09622955322266,72.63999938964844,72.79000091552734,71.69999694824219,71.73999786376953,13035600
2021-08-20,64.20211791992188,72.76000213623047,73.05000305175781,72.36000061035156,72.62999725341797,10454500
2021-08-23,63.99916458129883,72.52999877929688,72.9000015258789,72.5,72.7699966430664,8794500
2021-08-24,63.513851165771484,71.9800033569336,72.51000213623047,71.87999725341797,72.48999786376953,8494200
2021-08-25,63.407962799072266,71.86000061035156,72.02999877929688,71.61000061035156,71.93000030517578,8007400
2021-08-26,63.11679458618164,71.52999877929688,71.80999755859375,71.29000091552734,71.76000213623047,13078000
2021-08-27,63.33737564086914,71.77999877929688,71.91000366210938,71.36000061035156,71.5999984741211,9126200
2021-08-30,63.619747161865234,72.0999984741211,72.16999816894531,71.7300033569336,71.80000305175781,5645800
2021-08-31,63.760921478271484,72.26000213623047,72.33999633789062,71.9800033569336,72.16000366210938,8037000
2021-09-01,64.09622955322266,72.63999938964844,72.70999908447266,72.19000244140625,72.31999969482422,8399100
2021-09-02,64.34329986572266,72.91999816894531,73.04000091552734,72.66000366210938,72.79000091552734,6623300
2021-09-03,64.26387023925781,72.83000183105469,72.94000244140625,72.48999786376953,72.69999694824219,6010700
2021-09-07,63.52269744873047,71.98999786376953,72.70999908447266,71.94000244140625,72.70999908447266,9206300
2021-09-08,64.06975555419922,72.61000061035156,72.69000244140625,71.86000061035156,71.9000015258789,10662900
2021-09-09,63.69915771484375,72.19000244140625,72.55999755859375,72.12000274658203,72.54000091552734,7741500
2021-09-10,63.425621032714844,71.87999725341797,72.36000061035156,71.73999786376953,72.33000183105469,10269900
2021-09-13,63.58443832397461,72.05999755859375,72.68000030517578,71.88999938964844,72.16000366210938,13798000
2021-09-14,63.29328155517578,71.7300033569336,72.29000091552734,71.61000061035156,72.23999786376953,9145500
2021-09-15,63.52269744873047,71.98999786376953,72.11000061035156,71.55999755859375,71.7300033569336,8824700
2021-09-16,63.310909271240234,71.75,72.12000274658203,71.1500015258789,71.9000015258789,9789900
2021-09-17,62.966773986816406,71.36000061035156,71.81999969482422,71.3499984741211,71.55999755859375,13150000
2021-09-20,62.338172912597656,70.20999908447266,70.83999633789062,69.66999816894531,70.43000030517578,17880700
2021-09-21,62.267120361328125,70.12999725341797,70.97000122070312,70.0,70.41000366210938,11140400
2021-09-22,62.4447135925293,70.33000183105469,70.7699966430664,70.19000244140625,70.58999633789062,10025900
2021-09-23,62.67555236816406,70.58999633789062,70.91000366210938,70.36000061035156,70.43000030517578,8440500
2021-09-24,62.70219802856445,70.62000274658203,70.93000030517578,70.48999786376953,70.48999786376953,6717300
2021-09-27,62.41807174682617,70.30000305175781,70.83999633789062,70.23999786376953,70.51000213623047,8467100
2021-09-28,61.68113708496094,69.47000122070312,70.19000244140625,69.22000122070312,70.11000061035156,14982900
2021-09-29,62.240501403808594,70.0999984741211,70.45999908447266,69.45999908447266,69.61000061035156,13329500
2021-09-30,61.121761322021484,68.83999633789062,70.33000183105469,68.80999755859375,70.2699966430664,16259900
2021-10-01,61.28157043457031,69.0199966430664,69.3499984741211,68.37000274658203,69.05000305175781,15889200
2021-10-04,61.08625411987305,68.80000305175781,69.48999786376953,68.31999969482422,69.0,20351600
2021-10-05,61.39699935913086,69.1500015258789,69.45999908447266,68.81999969482422,68.97000122070312,16186100
2021-10-06,61.99189758300781,69.81999969482422,69.88999938964844,68.70999908447266,68.79000091552734,14909900
2021-10-07,62.267120361328125,70.12999725341797,70.75,70.08000183105469,70.16999816894531,8396800
2021-10-08,62.19610595703125,70.05000305175781,70.33999633789062,69.91999816894531,70.18000030517578,7285700
2021-10-11,62.178348541259766,70.02999877929688,70.41000366210938,69.97000122070312,70.16000366210938,8218300
2021-10-12,62.20497512817383,70.05999755859375,70.5999984741211,69.91000366210938,70.08999633789062,12401200
2021-10-13,62.32041549682617,70.19000244140625,70.37999725341797,69.58000183105469,70.12999725341797,9548300
2021-10-14,63.02182388305664,70.9800033569336,71.08999633789062,70.4000015258789,70.44999694824219,9975100
2021-10-15,62.87087631225586,70.80999755859375,71.25,70.61000061035156,71.22000122070312,11575200
2021-10-18,62.49799346923828,70.38999938964844,70.72000122070312,70.0199966430664,70.5,10043300
2021-10-19,62.52459716796875,70.41999816894531,70.43000030517578,69.93000030517578,70.2699966430664,10203100
2021-10-20,62.888648986816406,70.83000183105469,71.06999969482422,70.43000030517578,70.48999786376953,8829700
2021-10-21,62.80873107910156,70.73999786376953,70.98999786376953,70.66000366210938,70.93000030517578,7976400
2021-10-22,63.29706573486328,71.29000091552734,71.4000015258789,70.81999969482422,70.87999725341797,9575700
2021-10-25,63.2526741027832,71.23999786376953,71.4000015258789,70.73999786376953,71.23999786376953,6844600
2021-10-26,63.47465133666992,71.48999786376953,71.66999816894531,71.19999694824219,71.25,8805500
2021-10-27,63.10174560546875,71.06999969482422,71.91000366210938,71.04000091552734,71.86000061035156,10334900
2021-10-28,63.32371139526367,71.31999969482422,71.3499984741211,70.97000122070312,71.08999633789062,8614800
2021-10-29,63.26156234741211,71.25,71.52999877929688,71.06999969482422,71.13999938964844,8105300
2021-11-01,63.35921859741211,71.36000061035156,71.5199966430664,71.11000061035156,71.4000015258789,7033700
2021-11-02,63.785396575927734,71.83999633789062,72.0,71.19000244140625,71.4000015258789,9942700
2021-11-03,64.38029479980469,72.51000213623047,72.51000213623047,71.80000305175781,71.8499984741211,10471100
2021-11-04,64.44242858886719,72.58000183105469,72.63999938964844,72.05999755859375,72.25,11701700
2021-11-05,64.81534576416016,73.0,73.12000274658203,72.72000122070312,72.86000061035156,9929100
2021-11-08,64.3003921508789,72.41999816894531,73.08000183105469,72.08000183105469,73.02999877929688,12813600
2021-11-09,64.52235412597656,72.66999816894531,72.73999786376953,72.19999694824219,72.44000244140625,13527600
2021-11-10,64.71770477294922,72.88999938964844,73.08000183105469,72.61000061035156,72.73999786376953,11350400
2021-11-11,64.67327117919922,72.83999633789062,72.9800033569336,72.66999816894531,72.94000244140625,6319100
2021-11-12,64.67327117919922,72.83999633789062,73.18000030517578,72.72000122070312,72.98999786376953,7469800
2021-11-15,64.98406982421875,73.19000244140625,73.2699966430664,72.83000183105469,72.97000122070312,6381300
2021-11-16,64.57563018798828,72.7300033569336,73.37999725341797,72.69999694824219,73.13999938964844,6562200
2021-11-17,64.43356323242188,72.56999969482422,72.80000305175781,72.44000244140625,72.66000366210938,10444900
2021-11-18,64.20270538330078,72.30999755859375,72.4800033569336,71.95999908447266,72.37999725341797,11269500
2021-11-19,63.97187805175781,72.05000305175781,72.48999786376953,72.01000213623047,72.47000122070312,11924000
2021-11-22,64.47797393798828,72.62000274658203,73.12000274658203,72.05999755859375,72.13999938964844,13425400
2021-11-23,64.90412902832031,73.0999984741211,73.22000122070312,72.51000213623047,72.62999725341797,13405700
2021-11-24,64.70878601074219,72.87999725341797,73.11000061035156,72.55000305175781,73.0,9556400
2021-11-26,63.89196014404297,71.95999908447266,72.72000122070312,71.69999694824219,72.38999938964844,11715600
2021-11-29,64.05176544189453,72.13999938964844,72.41999816894531,71.68000030517578,72.04000091552734,13646600
2021-11-30,62.4091796875,70.29000091552734,71.75,70.13999938964844,71.69000244140625,23715100
2021-12-01,62.107303619384766,69.94999694824219,71.36000061035156,69.91999816894531,70.7699966430664,22897400
2021-12-02,62.76435089111328,70.69000244140625,71.13999938964844,70.19000244140625,70.19000244140625,18704000
2021-12-03,63.545692443847656,71.56999969482422,71.68000030517578,70.87000274658203,71.08000183105469,22867600
2021-12-06,64.66441345214844,72.83000183105469,73.0999984741211,72.06999969482422,72.08000183105469,18524400
2021-12-07,64.80647277832031,72.98999786376953,73.3499984741211,72.80999755859375,72.94999694824219,13169300
2021-12-08,64.60224151611328,72.76000213623047,73.19000244140625,72.13999938964844,72.87000274658203,14489800
2021-12-09,64.77982330322266,72.95999908447266,73.22000122070312,72.44000244140625,72.75,8613900
2021-12-10,65.8719253540039,74.19000244140625,74.23999786376953,73.26000213623047,73.38999938964844,10890000
2021-12-13,66.73318481445312,75.16000366210938,75.38999938964844,74.05999755859375,74.16999816894531,16518100
2021-12-14,66.77758026123047,75.20999908447266,75.33000183105469,74.72000122070312,75.01000213623047,16048300
2021-12-15,67.45235443115234,75.97000122070312,76.05999755859375,75.19000244140625,75.22000122070312,21277000
2021-12-16,67.93180847167969,76.51000213623047,76.77999877929688,75.9000015258789,75.91000366210938,14499000
2021-12-17,66.76868438720703,75.19999694824219,76.62000274658203,75.16000366210938,76.23999786376953,23809700
2021-12-20,66.78834533691406,74.70999908447266,74.75,74.02999877929688,74.12000274658203,14116700
2021-12-21,66.69898223876953,74.61000061035156,74.76000213623047,74.16999816894531,74.70999908447266,11872100
2021-12-22,67.11912536621094,75.08000183105469,75.11000061035156,74.29000091552734,74.58000183105469,7650200
2021-12-23,67.27108764648438,75.25,75.51000213623047,75.13999938964844,75.26000213623047,8089000
2021-12-27,67.98628234863281,76.05000305175781,76.05000305175781,75.30000305175781,75.30000305175781,7343200
2021-12-28,68.37068939208984,76.4800033569336,76.55999755859375,75.95999908447266,75.95999908447266,7285200
2021-12-29,68.68356323242188,76.83000183105469,77.0199966430664,76.43000030517578,76.55999755859375,7891600
2021-12-30,68.46902465820312,76.58999633789062,77.0999984741211,76.54000091552734,77.0199966430664,6802800
2021-12-31,68.93387603759766,77.11000061035156,77.2300033569336,76.5,76.54000091552734,11289000
2022-01-03,68.92493438720703,77.0999984741211,77.13999938964844,76.0199966430664,76.66000366210938,22320300
2022-01-04,69.38982391357422,77.62000274658203,77.86000061035156,77.05000305175781,77.08000183105469,23066000
2022-01-05,69.32722473144531,77.55000305175781,78.18000030517578,77.48999786376953,77.5199966430664,29748500
2022-01-06,69.13949584960938,77.33999633789062,77.9800033569336,77.2300033569336,77.5,25023900
2022-01-07,69.21100616455078,77.41999816894531,77.72000122070312,77.01000213623047,77.22000122070312,12650300
2022-01-10,68.66568756103516,76.80999755859375,77.45999908447266,76.55999755859375,77.30000305175781,18578300
2022-01-11,68.58523559570312,76.72000122070312,76.79000091552734,75.87999725341797,76.7300033569336,19571600
2022-01-12,68.61206817626953,76.75,76.80999755859375,76.38999938964844,76.66999816894531,11155200
2022-01-13,68.73719787597656,76.88999938964844,77.05000305175781,76.58000183105469,76.83000183105469,14287300
2022-01-14,68.86235046386719,77.02999877929688,77.12999725341797,76.3499984741211,76.69999694824219,21391700
2022-01-18,67.87004852294922,75.91999816894531,76.4800033569336,75.68000030517578,76.45999908447266,16683800
2022-01-19,68.29915618896484,76.4000015258789,76.93000030517578,76.04000091552734,76.05999755859375,18518500
2022-01-20,67.8521728515625,75.9000015258789,76.9800033569336,75.83000183105469,76.33000183105469,15677800
2022-01-21,67.90580749511719,75.95999908447266,76.93000030517578,75.83999633789062,76.27999877929688,25270600
2022-01-24,67.68232727050781,75.70999908447266,76.16000366210938,74.11000061035156,75.66000366210938,35518900
2022-01-25,66.93140411376953,74.87000274658203,75.30999755859375,73.97000122070312,75.05000305175781,28638500
2022-01-26,66.42182922363281,74.30000305175781,75.30999755859375,73.86000061035156,74.63999938964844,33222000
2022-01-27,66.86881256103516,74.80000305175781,75.9800033569336,74.51000213623047,74.88999938964844,23816500
2022-01-28,67.6554946899414,75.68000030517578,75.72000122070312,73.76000213623047,74.41000366210938,25111500
2022-01-31,67.91475677490234,75.97000122070312,76.04000091552734,75.05000305175781,75.22000122070312,15453000
2022-02-01,67.8521728515625,75.9000015258789,76.13999938964844,75.12000274658203,75.97000122070312,15620900
2022-02-02,68.66568756103516,76.80999755859375,76.93000030517578,75.91000366210938,75.9800033569336,13630400
2022-02-03,68.68356323242188,76.83000183105469,77.20999908447266,76.3499984741211,76.45999908447266,14414700
2022-02-04,67.84324645996094,75.88999938964844,76.66999816894531,75.45999908447266,76.30999755859375,17939500
2022-02-07,67.96839904785156,76.02999877929688,76.4000015258789,75.58999633789062,76.19000244140625,10949400
2022-02-08,68.22764587402344,76.31999969482422,76.52999877929688,75.91000366210938,76.20999908447266,11472900
2022-02-09,68.24551391601562,76.33999633789062,76.86000061035156,76.20999908447266,76.69000244140625,14899300
2022-02-10,67.5124740600586,75.5199966430664,76.2699966430664,75.25,75.91999816894531,19828500
2022-02-11,67.27108764648438,75.25,76.0199966430664,75.02999877929688,75.73999786376953,18498300
2022-02-14,67.08336639404297,75.04000091552734,75.52999877929688,74.04000091552734,75.25,23550800
2022-02-15,67.19957733154297,75.16999816894531,75.97000122070312,74.81999969482422,75.48999786376953,12300400
2022-02-16,67.32474517822266,75.30999755859375,75.58000183105469,74.58000183105469,75.12999725341797,13507700
2022-02-17,67.84324645996094,75.88999938964844,76.0999984741211,74.9000015258789,75.12000274658203,12873300
2022-02-18,67.96839904785156,76.02999877929688,76.31999969482422,75.58000183105469,75.83000183105469,16470100
2022-02-22,67.44097137451172,75.44000244140625,76.1500015258789,74.95999908447266,76.08999633789062,21545800
2022-02-23,66.89563751220703,74.83000183105469,75.7300033569336,74.7300033569336,75.69000244140625,15134300
2022-02-24,65.74241638183594,73.54000091552734,74.0,72.19000244140625,73.83999633789062,30125500
2022-02-25,67.86111450195312,75.91000366210938,76.0199966430664,73.94000244140625,73.97000122070312,21141600
2022-02-28,66.95822143554688,74.9000015258789,75.20999908447266,74.08999633789062,74.77999877929688,20975100
2022-03-01,66.56486511230469,74.45999908447266,75.30999755859375,74.05999755859375,74.69999694824219,18750300
2022-03-02,67.27108764648438,75.25,75.58999633789062,74.37999725341797,74.4800033569336,18935000
2022-03-03,67.81642150878906,75.86000061035156,76.30999755859375,75.5199966430664,75.58000183105469,19576500
2022-03-04,67.82536315917969,75.87000274658203,76.02999877929688,74.70999908447266,75.0,22078900
2022-03-07,66.5916748046875,74.48999786376953,75.79000091552734,74.4000015258789,75.45999908447266,20057300
2022-03-08,64.7947998046875,72.4800033569336,74.76000213623047,72.43000030517578,74.56999969482422,29710400
2022-03-09,65.23285675048828,72.97000122070312,73.62999725341797,72.66000366210938,73.61000061035156,18254000
2022-03-10,64.61602020263672,72.27999877929688,72.7300033569336,71.5999984741211,72.44999694824219,21892400
2022-03-11,63.86509704589844,71.44000244140625,72.94000244140625,71.33999633789062,72.54000091552734,14276500
2022-03-14,64.20477294921875,71.81999969482422,72.54000091552734,71.43000030517578,71.88999938964844,18438900
2022-03-15,65.64407348632812,73.43000030517578,73.5199966430664,72.30000305175781,72.47000122070312,17078100
2022-03-16,65.71558380126953,73.51000213623047,73.88999938964844,72.45999908447266,73.61000061035156,18783200
2022-03-17,66.1715316772461,74.0199966430664,74.1500015258789,73.29000091552734,73.45999908447266,14484600
2022-03-18,66.32351684570312,74.19000244140625,74.26000213623047,73.52999877929688,74.08999633789062,20278600
2022-03-21,66.4087905883789,73.94999694824219,74.61000061035156,73.54000091552734,74.04000091552734,17659100
2022-03-22,66.90272521972656,74.5,74.6500015258789,73.87000274658203,74.5,11667300
2022-03-23,66.36389923095703,73.9000015258789,74.77999877929688,73.83000183105469,74.58999633789062,14027800
2022-03-24,66.83087158203125,74.41999816894531,74.44999694824219,73.94999694824219,74.19999694824219,9458800
2022-03-25,67.38764953613281,75.04000091552734,75.19000244140625,74.52999877929688,74.5999984741211,12508400
2022-03-28,67.66604614257812,75.3499984741211,75.3499984741211,74.62999725341797,75.06999969482422,11602600
2022-03-29,68.26770782470703,76.0199966430664,76.16000366210938,75.33999633789062,75.94000244140625,16595100
2022-03-30,68.31261444091797,76.06999969482422,76.08000183105469,75.4000015258789,75.72000122070312,13367500
2022-03-31,68.15097045898438,75.88999938964844,76.3499984741211,75.76000213623047,75.9800033569336,12388500
2022-04-01,68.83346557617188,76.6500015258789,76.73999786376953,75.73999786376953,76.02999877929688,12644000
2022-04-04,68.61795043945312,76.41000366210938,76.5199966430664,75.54000091552734,76.5199966430664,9618400
2022-04-05,68.68080139160156,76.4800033569336,77.2699966430664,76.05999755859375,76.05999755859375,12717200
2022-04-06,69.55189514160156,77.44999694824219,77.55000305175781,76.1500015258789,76.4800033569336,23849600
2022-04-07,70.39602661132812,78.38999938964844,78.55999755859375,77.48999786376953,77.70999908447266,18311500
2022-04-08,70.69239044189453,78.72000122070312,78.95999908447266,78.25,78.5999984741211,13879400
2022-04-11,70.40501403808594,78.4000015258789,79.12000274658203,78.25,78.86000061035156,18229900
2022-04-12,70.4229736328125,78.41999816894531,78.95999908447266,78.13999938964844,78.41000366210938,19804800
2022-04-13,70.8180923461914,78.86000061035156,78.97000122070312,78.3499984741211,78.36000061035156,11715500
2022-04-14,70.80013275146484,78.83999633789062,79.38999938964844,78.79000091552734,78.98999786376953,12195600
2022-04-18,70.2164306640625,78.19000244140625,78.94999694824219,77.97000122070312,78.66000366210938,11426700
2022-04-19,71.28507995605469,79.37999725341797,79.48999786376953,78.1500015258789,78.22000122070312,12814100
2022-04-20,72.35372161865234,80.56999969482422,80.75,79.7699966430664,79.81999969482422,21659600
2022-04-21,72.29085540771484,80.5,81.33999633789062,80.44000244140625,80.7300033569336,18501800
2022-04-22,71.15934753417969,79.23999786376953,80.79000091552734,79.16999816894531,80.69000244140625,19747900
2022-04-25,71.47364807128906,79.58999633789062,79.83000183105469,78.18000030517578,79.48999786376953,30868200
2022-04-26,70.36909484863281,78.36000061035156,79.8499984741211,78.33999633789062,79.47000122070312,26864500
2022-04-27,70.6295166015625,78.6500015258789,79.47000122070312,78.31999969482422,78.52999877929688,29441700
2022-04-28,71.67121124267578,79.80999755859375,79.9000015258789,78.3499984741211,78.76000213623047,22128500
2022-04-29,69.7225112915039,77.63999938964844,79.52999877929688,77.54000091552734,79.41000366210938,27802900
2022-05-02,68.80652618408203,76.62000274658203,78.29000091552734,75.48999786376953,78.18000030517578,55145100
2022-05-03,68.60896301269531,76.4000015258789,77.12000274658203,75.9000015258789,76.48999786376953,47646900
2022-05-04,70.15357208251953,78.12000274658203,78.2300033569336,76.19999694824219,76.43000030517578,37161600
2022-05-05,68.82447814941406,76.63999938964844,77.87999725341797,76.06999969482422,77.69999694824219,32186100
2022-05-06,68.89632415771484,76.72000122070312,77.11000061035156,75.97000122070312,76.36000061035156,34046900
2022-05-09,68.869384765625,76.69000244140625,77.37000274658203,75.7699966430664,76.12999725341797,33323800
2022-05-10,68.3934326171875,76.16000366210938,77.33000183105469,75.8499984741211,77.08000183105469,32510900
2022-05-11,68.09709167480469,75.83000183105469,77.11000061035156,75.7699966430664,76.25,30110100
2022-05-12,68.07913208007812,75.80999755859375,76.36000061035156,75.0,75.9800033569336,29049700
2022-05-13,69.10286712646484,76.94999694824219,77.01000213623047,75.7300033569336,76.19000244140625,15405300
2022-05-16,69.41718292236328,77.30000305175781,77.6500015258789,76.56999969482422,76.9000015258789,14613700
2022-05-17,68.94122314453125,76.7699966430664,77.2300033569336,75.98999786376953,77.02999877929688,20637000
2022-05-18,64.50498962402344,71.83000183105469,75.95999908447266,71.5999984741211,75.93000030517578,40188900
2022-05-19,63.35551834106445,70.55000305175781,71.44999694824219,70.08000183105469,71.43000030517578,38772000
2022-05-20,63.49022674560547,70.69999694824219,70.97000122070312,69.58000183105469,70.94999694824219,26185000
2022-05-23,64.80132293701172,72.16000366210938,72.41999816894531,71.2699966430664,71.4800033569336,17710900
2022-05-24,65.86102294921875,73.33999633789062,73.44999694824219,71.87000274658203,71.98999786376953,23272400
2022-05-25,65.87896728515625,73.36000061035156,73.56999969482422,72.73999786376953,73.19999694824219,16647300
2022-05-26,66.57943725585938,74.13999938964844,74.5199966430664,73.58000183105469,73.69999694824219,16580500
2022-05-27,67.35173797607422,75.0,75.0,74.12000274658203,74.25,16921300
2022-05-31,66.87577819824219,74.47000122070312,74.95999908447266,73.69000244140625,74.5999984741211,19212200
2022-06-01,66.00469970703125,73.5,74.62999725341797,73.01000213623047,74.56999969482422,17552000
2022-06-02,66.96556854248047,74.56999969482422,74.56999969482422,72.45999908447266,73.66999816894531,17618500
2022-06-03,66.29205322265625,73.81999969482422,74.55000305175781,73.62999725341797,74.26000213623047,9750300
2022-06-06,66.31900787353516,73.8499984741211,74.55999755859375,73.5999984741211,74.33000183105469,10924200
2022-06-07,66.66922760009766,74.23999786376953,74.33999633789062,72.88999938964844,72.88999938964844,9070200
2022-06-08,65.8520278930664,73.33000183105469,73.98999786376953,73.27999877929688,73.81999969482422,7896600
2022-06-09,64.86421966552734,72.2300033569336,73.97000122070312,72.20999908447266,73.26000213623047,9442200
2022-06-10,64.58580780029297,71.91999816894531,72.48999786376953,70.97000122070312,71.33999633789062,17720500
2022-06-13,63.19389724731445,70.37000274658203,71.33999633789062,70.08000183105469,70.8499984741211,22813000
2022-06-14,62.44853591918945,69.54000091552734,70.66999816894531,69.04000091552734,70.3499984741211,19864600
2022-06-15,62.511383056640625,69.61000061035156,70.58999633789062,68.83000183105469,70.02999877929688,20069400
2022-06-16,62.035430908203125,69.08000183105469,69.61000061035156,68.22000122070312,68.66000366210938,19017100
2022-06-17,61.8109245300293,68.83000183105469,69.58000183105469,68.5199966430664,69.19999694824219,24825300
2022-06-21,63.46031188964844,70.13999938964844,70.33000183105469,68.80000305175781,69.12999725341797,16147200
2022-06-22,63.41508865356445,70.08999633789062,70.56999969482422,69.5199966430664,69.79000091552734,15207200
2022-06-23,64.64556884765625,71.44999694824219,71.5199966430664,70.5,70.56999969482422,16570700
2022-06-24,65.91223907470703,72.8499984741211,72.87999725341797,71.81999969482422,72.08000183105469,13437000
2022-06-27,65.73127746582031,72.6500015258789,73.04000091552734,72.44000244140625,72.91999816894531,10936500
2022-06-28,64.85366821289062,71.68000030517578,73.31999969482422,71.62000274658203,72.86000061035156,11004000
2022-06-29,65.26081085205078,72.12999725341797,72.43000030517578,71.79000091552734,71.95999908447266,9230600
2022-06-30,65.30604553222656,72.18000030517578,72.5,71.33000183105469,71.76000213623047,12670700
2022-07-01,66.24699401855469,73.22000122070312,73.2699966430664,72.08000183105469,72.19999694824219,11664100
2022-07-05,65.8217544555664,72.75,72.9800033569336,71.58000183105469,72.7300033569336,12828700
2022-07-06,66.01174926757812,72.95999908447266,73.47000122070312,72.7300033569336,73.0199966430664,11768100
2022-07-07,66.07508850097656,73.02999877929688,73.1500015258789,72.5999984741211,72.9000015258789,8476300
2022-07-08,65.95747375488281,72.9000015258789,73.4800033569336,72.66999816894531,73.05999755859375,10732500
2022-07-11,65.86699676513672,72.80000305175781,73.30000305175781,72.55000305175781,72.80999755859375,7172500
2022-07-12,65.6769790649414,72.58999633789062,73.55000305175781,72.33000183105469,72.9000015258789,11032200
2022-07-13,65.72222900390625,72.63999938964844,73.29000091552734,71.98999786376953,72.16999816894531,13851600
2022-07-14,65.77651977539062,72.69999694824219,72.80999755859375,71.69000244140625,71.70999908447266,10801700
2022-07-15,65.99365997314453,72.94000244140625,73.41000366210938,72.6500015258789,73.18000030517578,9300100
2022-07-18,65.35128021240234,72.2300033569336,73.19000244140625,72.0999984741211,73.06999969482422,8473600
2022-07-19,66.03890228271484,72.98999786376953,73.12999725341797,72.62999725341797,72.83000183105469,8729100
2022-07-20,65.59557342529297,72.5,73.13999938964844,72.12000274658203,73.06999969482422,10232000
2022-07-21,65.79461669921875,72.72000122070312,72.88999938964844,72.1500015258789,72.36000061035156,11944800
2022-07-22,66.2289047241211,73.19999694824219,73.41000366210938,72.7699966430664,72.87999725341797,9369800
2022-07-25,66.55461883544922,73.55999755859375,73.7300033569336,73.13999938964844,73.29000091552734,8157500
2022-07-26,66.40079498291016,73.38999938964844,73.5,72.6500015258789,72.88999938964844,9764200
2022-07-27,66.85319519042969,73.88999938964844,74.0999984741211,72.69000244140625,73.25,10995600
2022-07-28,67.92082214355469,75.06999969482422,75.22000122070312,73.80999755859375,73.94000244140625,9372000
2022-07-29,67.39604949951172,74.48999786376953,74.61000061035156,74.01000213623047,74.20999908447266,13198900
2022-08-01,68.23748779296875,75.41999816894531,75.66000366210938,74.36000061035156,74.38999938964844,13150400
2022-08-02,67.69462585449219,74.81999969482422,75.51000213623047,74.70999908447266,75.37000274658203,10632700
2022-08-03,68.1379623413086,75.30999755859375,75.45999908447266,74.52999877929688,74.83999633789062,12808400
2022-08-04,67.68556213378906,74.80999755859375,75.3499984741211,74.51000213623047,75.13999938964844,11983600
2022-08-05,67.5317611694336,74.63999938964844,74.69000244140625,73.94000244140625,74.44000244140625,7125700
2022-08-08,67.49556732177734,74.5999984741211,75.16000366210938,74.41999816894531,74.93000030517578,6966100
2022-08-09,67.39604949951172,74.48999786376953,74.81999969482422,74.3499984741211,74.70999908447266,8086200
2022-08-10,67.89366149902344,75.04000091552734,75.2699966430664,74.77999877929688,75.19999694824219,11262300
2022-08-11,67.73081970214844,74.86000061035156,75.5999984741211,74.69000244140625,75.36000061035156,8959500
2022-08-12,68.31890869140625,75.51000213623047,75.51000213623047,74.80000305175781,75.08999633789062,11094400
2022-08-15,68.99748229980469,76.26000213623047,76.33999633789062,75.3499984741211,75.47000122070312,10207200
2022-08-16,69.77558135986328,77.12000274658203,77.4000015258789,76.4800033569336,76.54000091552734,12312600
2022-08-17,69.57653045654297,76.9000015258789,77.19999694824219,76.70999908447266,76.80000305175781,9667600
2022-08-18,69.81178283691406,77.16000366210938,77.2699966430664,76.69000244140625,76.77999877929688,5777700
2022-08-19,69.5855941772461,76.91000366210938,77.27999877929688,76.7699966430664,76.91999816894531,6456500
2022-08-22,68.87986755371094,76.12999725341797,76.69999694824219,76.0,76.68000030517578,7113700
2022-08-23,68.58130645751953,75.80000305175781,75.91000366210938,75.47000122070312,75.8499984741211,10183400
2022-08-24,68.7531967163086,75.98999786376953,76.1500015258789,75.66999816894531,75.93000030517578,8061900
2022-08-25,69.06986236572266,76.33999633789062,76.33999633789062,75.66000366210938,76.0199966430664,6105000
2022-08-26,67.3598403930664,74.44999694824219,76.47000122070312,74.36000061035156,76.37999725341797,11212500
2022-08-29,67.25129699707031,74.33000183105469,74.75,73.81999969482422,74.01000213623047,13214300
2022-08-30,66.55461883544922,73.55999755859375,74.47000122070312,73.37000274658203,74.47000122070312,10316700
2022-08-31,66.14747619628906,73.11000061035156,73.91999816894531,73.11000061035156,73.79000091552734,10397800
2022-09-01,66.51841735839844,73.5199966430664,73.68000030517578,72.58000183105469,72.86000061035156,15968200
2022-09-02,65.64985656738281,72.55999755859375,74.37000274658203,72.33000183105469,74.08000183105469,15846700
2022-09-06,65.27890014648438,72.1500015258789,73.18000030517578,72.05000305175781,72.5999984741211,21871800
2022-09-07,66.45509338378906,73.44999694824219,73.54000091552734,72.31999969482422,72.37999725341797,19632300
2022-09-08,66.2831802368164,73.26000213623047,73.54000091552734,72.4000015258789,73.08999633789062,14843900
2022-09-09,66.93462371826172,73.9800033569336,74.47000122070312,73.18000030517578,73.44999694824219,18139000
2022-09-12,67.19701385498047,74.2699966430664,74.5199966430664,73.94000244140625,74.04000091552734,8680000
2022-09-13,64.95317840576172,71.79000091552734,73.75,71.58999633789062,73.6500015258789,12940800
2022-09-14,64.92603302001953,71.76000213623047,72.0999984741211,71.33999633789062,72.01000213623047,12291500
2022-09-15,64.38318634033203,71.16000366210938,71.79000091552734,70.97000122070312,71.72000122070312,11234700
2022-09-16,64.53699493408203,71.33000183105469,71.41000366210938,70.9000015258789,70.91000366210938,13452600
2022-09-19,64.96590423583984,71.33999633789062,71.38999938964844,70.5999984741211,70.5999984741211,9370400
2022-09-20,64.61074829101562,70.94999694824219,71.11000061035156,70.4000015258789,70.87000274658203,9169900
2022-09-21,64.36488342285156,70.68000030517578,72.08000183105469,70.63999938964844,71.37999725341797,14189700
2022-09-22,64.2738037109375,70.58000183105469,71.05999755859375,70.44999694824219,70.73999786376953,10428400
2022-09-23,63.18101501464844,69.37999725341797,70.19000244140625,68.66000366210938,70.19000244140625,15909500
2022-09-26,63.226566314697266,69.43000030517578,70.02999877929688,69.0999984741211,69.2300033569336,11638000
2022-09-27,62.13378143310547,68.2300033569336,70.1500015258789,68.0999984741211,69.7699966430664,17159300
2022-09-28,62.88051223754883,69.05000305175781,69.38999938964844,67.94000244140625,68.54000091552734,14259200
2022-09-29,61.84237289428711,67.91000366210938,69.02999877929688,67.48999786376953,68.88999938964844,13508200
2022-09-30,60.76780319213867,66.7300033569336,68.19000244140625,66.68000030517578,68.08000183105469,13427400
2022-10-03,61.81504821777344,67.87999725341797,68.05000305175781,66.83999633789062,67.20999908447266,12703300
2022-10-04,62.753021240234375,68.91000366210938,69.2699966430664,68.27999877929688,68.29000091552734,13366400
2022-10-05,62.38877487182617,68.51000213623047,68.87999725341797,67.79000091552734,68.55000305175781,10596100
2022-10-06,61.478111267089844,67.51000213623047,68.61000061035156,67.36000061035156,68.48999786376953,10607000
2022-10-07,60.558353424072266,66.5,67.45999908447266,66.23999786376953,67.37999725341797,13741600
2022-10-10,60.77690124511719,66.73999786376953,67.0199966430664,66.18000030517578,66.62000274658203,11799000
2022-10-11,61.277767181396484,67.29000091552734,67.9000015258789,66.66999816894531,66.77999877929688,10783400
2022-10-12,61.60559844970703,67.6500015258789,68.41999816894531,67.63999938964844,67.94999694824219,10963200
2022-10-13,62.62553024291992,68.7699966430664,69.02999877929688,66.69000244140625,67.0,18475600
2022-10-14,61.49631881713867,67.52999877929688,69.26000213623047,67.41999816894531,69.18000030517578,11611200
2022-10-17,62.161102294921875,68.26000213623047,68.5999984741211,68.0999984741211,68.23999786376953,9105200
2022-10-18,62.97158432006836,69.1500015258789,69.62000274658203,68.73999786376953,69.27999877929688,11000700
2022-10-19,62.680171966552734,68.83000183105469,69.62000274658203,68.55000305175781,69.25,8985300
2022-10-20,61.805938720703125,67.87000274658203,69.0199966430664,67.80999755859375,68.86000061035156,10023200
2022-10-21,62.753021240234375,68.91000366210938,69.08000183105469,67.61000061035156,67.83000183105469,9613300
2022-10-24,63.88224411010742,70.1500015258789,70.29000091552734,69.25,69.4000015258789,11076000
2022-10-25,64.72003936767578,71.06999969482422,71.16000366210938,69.91000366210938,70.30999755859375,10619600
2022-10-26,65.14802551269531,71.54000091552734,72.05000305175781,71.01000213623047,71.2300033569336,9483700
2022-10-27,65.20268249511719,71.5999984741211,72.06999969482422,71.48999786376953,71.61000061035156,9988200
2022-10-28,66.63240051269531,73.16999816894531,73.30000305175781,71.69999694824219,71.7300033569336,9545400
2022-10-31,66.24081420898438,72.73999786376953,73.19000244140625,72.55000305175781,72.95999908447266,9201000
2022-11-01,66.03135681152344,72.51000213623047,73.2699966430664,72.25,72.91999816894531,9535200
2022-11-02,64.88395690917969,71.25,73.08000183105469,71.20999908447266,72.36000061035156,16291600
2022-11-03,64.6654052734375,71.01000213623047,71.33000183105469,70.48999786376953,70.6500015258789,10624500
2022-11-04,65.43032836914062,71.8499984741211,72.25,70.91000366210938,71.86000061035156,11938600
2022-11-07,66.01315307617188,72.48999786376953,72.62000274658203,71.86000061035156,72.0,7133600
2022-11-08,66.20437622070312,72.69999694824219,73.1500015258789,71.94999694824219,72.70999908447266,9091700
2022-11-09,65.4849853515625,71.91000366210938,72.97000122070312,71.8499984741211,72.5199966430664,9465200
2022-11-10,67.02397918701172,73.5999984741211,73.79000091552734,72.37999725341797,73.44999694824219,19286100
2022-11-11,66.95112609863281,73.5199966430664,73.87999725341797,72.37000274658203,73.80000305175781,14289300
2022-11-14,66.42294311523438,72.94000244140625,74.11000061035156,72.9000015258789,73.44999694824219,14803000
2022-11-15,66.97845458984375,73.55000305175781,74.0999984741211,72.94999694824219,73.86000061035156,15064200
2022-11-16,67.30628967285156,73.91000366210938,74.27999877929688,73.61000061035156,73.6500015258789,9748600
2022-11-17,67.28807067871094,73.88999938964844,73.93000030517578,73.26000213623047,73.26000213623047,7827000
2022-11-18,68.00748443603516,74.68000030517578,74.7699966430664,74.18000030517578,74.48999786376953,9070800
2022-11-21,68.65403747558594,75.38999938964844,75.5,74.66999816894531,74.81999969482422,8054900
2022-11-22,69.1549072265625,75.94000244140625,76.01000213623047,75.66000366210938,75.94999694824219,6307100
2022-11-23,69.39167022705078,76.19999694824219,76.3499984741211,75.9000015258789,76.0,6286400
2022-11-25,69.43721008300781,76.25,76.30999755859375,76.0999984741211,76.30000305175781,2978000
2022-11-28,69.17311096191406,75.95999908447266,76.37999725341797,75.8499984741211,75.97000122070312,8698300
2022-11-29,68.90901947021484,75.66999816894531,75.91999816894531,75.27999877929688,75.76000213623047,7755100
2022-11-30,70.2932357788086,77.19000244140625,77.20999908447266,75.22000122070312,75.62000274658203,11704200
2022-12-01,69.97450256347656,76.83999633789062,77.13999938964844,76.5199966430664,77.05000305175781,10215700
2022-12-02,70.2932357788086,77.19000244140625,77.29000091552734,76.19000244140625,76.27999877929688,6087200
2022-12-05,69.4098892211914,76.22000122070312,76.44999694824219,76.0,76.36000061035156,8632900
2022-12-06,68.98188018798828,75.75,76.58999633789062,75.37999725341797,76.30000305175781,8136300
2022-12-07,69.2732925415039,76.06999969482422,76.2300033569336,75.75,75.88999938964844,7298700
2022-12-08,69.64665222167969,76.4800033569336,76.48999786376953,75.8499984741211,75.94999694824219,7803400
2022-12-09,69.10936737060547,75.88999938964844,76.44000244140625,75.87999725341797,76.11000061035156,9761700
2022-12-12,69.83788299560547,76.69000244140625,76.69999694824219,75.79000091552734,76.02999877929688,6996800
2022-12-13,69.73772430419922,76.58000183105469,77.62000274658203,76.0999984741211,77.44999694824219,11349000
2022-12-14,69.69219970703125,76.52999877929688,77.2699966430664,76.08000183105469,76.69999694824219,13820200
2022-12-15,68.50833892822266,75.2300033569336,76.04000091552734,74.66999816894531,75.88999938964844,11281000
2022-12-16,68.17140197753906,74.86000061035156,75.0999984741211,74.20999908447266,74.83999633789062,14561500
2022-12-19,68.12828826904297,74.27999877929688,74.94000244140625,73.83999633789062,74.30999755859375,8093900
2022-12-20,68.07327270507812,74.22000122070312,74.51000213623047,73.80999755859375,74.1500015258789,7368900
2022-12-21,68.7519760131836,74.95999908447266,75.25,74.52999877929688,74.58000183105469,7953100
2022-12-22,68.59606170654297,74.79000091552734,74.83000183105469,73.95999908447266,74.69000244140625,6888300
2022-12-23,68.9537582397461,75.18000030517578,75.2300033569336,74.58000183105469,74.83000183105469,4874700
2022-12-27,69.28395080566406,75.54000091552734,75.69000244140625,75.12000274658203,75.27999877929688,4839700
2022-12-28,68.42179107666016,74.5999984741211,75.86000061035156,74.5999984741211,75.76000213623047,5028900
2022-12-29,68.71528625488281,74.91999816894531,75.19000244140625,74.77999877929688,74.9000015258789,5574800
2022-12-30,68.37593078613281,74.55000305175781,74.83000183105469,74.01000213623047,74.7699966430664,6249900
2023-01-03,68.1191177368164,74.2699966430664,74.62000274658203,73.5199966430664,74.58999633789062,14433300
2023-01-04,68.38510131835938,74.55999755859375,75.0199966430664,74.08999633789062,74.4800033569336,12197300
2023-01-05,67.69720458984375,73.80999755859375,74.48999786376953,73.66000366210938,74.41999816894531,9848200
2023-01-06,69.5040512084961,75.77999877929688,76.08000183105469,74.69999694824219,74.76000213623047,9982400
2023-01-09,68.8253402709961,75.04000091552734,76.25,75.04000091552734,75.7300033569336,11081800
2023-01-10,68.73363494873047,74.94000244140625,75.25,74.69000244140625,75.12999725341797,8427900
2023-01-11,68.77030944824219,74.9800033569336,75.41000366210938,74.31999969482422,75.19000244140625,9848300
2023-01-12,68.22918701171875,74.38999938964844,75.1500015258789,74.20999908447266,75.13999938964844,9841300
2023-01-13,68.55020141601562,74.73999786376953,74.76000213623047,74.13999938964844,74.19000244140625,9274200
2023-01-17,68.59606170654297,74.79000091552734,75.41999816894531,74.68000030517578,74.86000061035156,9006800
2023-01-18,66.72499084472656,72.75,74.66000366210938,72.63999938964844,74.61000061035156,16069900
2023-01-19,66.09215545654297,72.05999755859375,72.79000091552734,72.04000091552734,72.45999908447266,12421500
2023-01-20,66.60577392578125,72.62000274658203,72.6500015258789,71.5999984741211,72.11000061035156,12349600
2023-01-23,66.81672668457031,72.8499984741211,73.22000122070312,72.55000305175781,72.76000213623047,12000200
2023-01-24,67.09187316894531,73.1500015258789,73.3499984741211,72.4000015258789,72.83000183105469,13465600
2023-01-25,67.25697326660156,73.33000183105469,73.33000183105469,72.3499984741211,72.70999908447266,11606800
2023-01-26,67.01849365234375,73.06999969482422,73.30999755859375,72.83000183105469,73.25,8081500
2023-01-27,66.82588195800781,72.86000061035156,73.19000244140625,72.51000213623047,73.0199966430664,10341700
2023-01-30,66.90843963623047,72.94999694824219,73.5,72.70999908447266,72.70999908447266,10463100
2023-01-31,67.63300323486328,73.73999786376953,73.75,72.87000274658203,73.08999633789062,8002700
2023-02-01,68.17416381835938,74.33000183105469,74.66000366210938,73.36000061035156,73.68000030517578,15447600
2023-02-02,67.58716583251953,73.69000244140625,74.16999816894531,73.36000061035156,73.83000183105469,12238800
2023-02-03,67.32117462158203,73.4000015258789,73.93000030517578,72.86000061035156,73.91000366210938,12874800
2023-02-06,67.40373229980469,73.48999786376953,73.62999725341797,73.2300033569336,73.27999877929688,7208900
2023-02-07,67.11939239501953,73.18000030517578,73.31999969482422,72.44999694824219,72.95999908447266,9268200
2023-02-08,66.60577392578125,72.62000274658203,72.91000366210938,72.48999786376953,72.77999877929688,8933500
2023-02-09,66.31226348876953,72.30000305175781,73.26000213623047,72.20999908447266,73.0,8341500
2023-02-10,66.92678833007812,72.97000122070312,73.02999877929688,72.1500015258789,72.30000305175781,8197200
2023-02-13,67.68805694580078,73.80000305175781,73.83000183105469,73.1500015258789,73.19000244140625,7440500
2023-02-14,67.07353210449219,73.12999725341797,73.77999877929688,72.87999725341797,73.75,9344700
2023-02-15,67.20194244384766,73.2699966430664,73.29000091552734,72.68000030517578,72.9800033569336,9006000
2023-02-16,66.71582794189453,72.73999786376953,73.18000030517578,72.30999755859375,72.62000274658203,8355100
2023-02-17,67.57798767089844,73.68000030517578,73.70999908447266,72.52999877929688,72.52999877929688,11116000
2023-02-21,67.32117462158203,73.4000015258789,73.79000091552734,73.01000213623047,73.37999725341797,8974700
2023-02-22,67.22026824951172,73.29000091552734,74.01000213623047,73.11000061035156,73.5,8851000
2023-02-23,67.13774108886719,73.19999694824219,73.55999755859375,72.75,73.36000061035156,12700000
2023-02-24,66.68831634521484,72.70999908447266,72.83000183105469,72.2699966430664,72.66000366210938,11340600
2023-02-27,66.61493682861328,72.62999725341797,73.26000213623047,72.47000122070312,73.05999755859375,10162300
2023-02-28,66.06462860107422,72.02999877929688,72.45999908447266,72.0,72.33000183105469,9757300
2023-03-01,65.57850646972656,71.5,71.88999938964844,70.93000030517578,71.80999755859375,10475000
2023-03-02,66.47737121582031,72.4800033569336,72.62000274658203,71.44000244140625,71.51000213623047,9876000
2023-03-03,66.53238677978516,72.54000091552734,72.61000061035156,71.87000274658203,72.4800033569336,12384300
2023-03-06,66.70665740966797,72.7300033569336,72.83999633789062,72.30999755859375,72.33999633789062,8356000
2023-03-07,66.04627990722656,72.01000213623047,72.9800033569336,71.88999938964844,72.73999786376953,10059400
2023-03-08,66.15635681152344,72.12999725341797,72.20999908447266,71.69000244140625,71.94000244140625,11170800
2023-03-09,65.54183959960938,71.45999908447266,72.52999877929688,71.25,72.41000366210938,15612700
2023-03-10,65.2208251953125,71.11000061035156,71.87999725341797,70.8499984741211,71.5999984741211,19026300
2023-03-13,65.551025390625,71.47000122070312,72.58000183105469,71.0,71.04000091552734,29831400
2023-03-14,66.14718627929688,72.12000274658203,72.16000366210938,71.43000030517578,71.68000030517578,19139200
2023-03-15,66.5782470703125,72.58999633789062,72.68000030517578,71.48999786376953,71.6500015258789,21438000
2023-03-16,66.62411499023438,72.63999938964844,72.70999908447266,72.12999725341797,72.54000091552734,15712500
2023-03-17,66.13802337646484,72.11000061035156,72.66000366210938,71.79000091552734,72.54000091552734,13283900
2023-03-20,67.05500030517578,72.76000213623047,72.83000183105469,72.01000213623047,72.04000091552734,14130900
2023-03-21,66.99968719482422,72.69999694824219,73.02999877929688,72.19000244140625,72.87000274658203,12499700
2023-03-22,66.38223266601562,72.02999877929688,73.13999938964844,72.0199966430664,72.83000183105469,11942200
2023-03-23,66.12419128417969,71.75,72.4800033569336,71.4800033569336,72.22000122070312,12160300
2023-03-24,67.24853515625,72.97000122070312,73.04000091552734,71.86000061035156,71.94000244140625,12352500
2023-03-27,67.60794067382812,73.36000061035156,73.69000244140625,73.20999908447266,73.22000122070312,10865500
2023-03-28,67.72776794433594,73.48999786376953,73.88999938964844,73.38999938964844,73.47000122070312,11593400
2023-03-29,68.10559844970703,73.9000015258789,73.9800033569336,73.70999908447266,73.9000015258789,9483400
2023-03-30,68.29914093017578,74.11000061035156,74.30000305175781,73.87999725341797,74.08999633789062,10737800
2023-03-31,68.85208892822266,74.70999908447266,74.73999786376953,74.36000061035156,74.48999786376953,10338700
2023-04-03,69.21150970458984,75.0999984741211,75.26000213623047,74.4800033569336,74.76000213623047,9607700
2023-04-04,69.0732650756836,74.94999694824219,75.38999938964844,74.79000091552734,75.06999969482422,7272900
2023-04-05,69.39583587646484,75.30000305175781,75.62999725341797,75.16000366210938,75.16000366210938,12409900
2023-04-06,69.45113372802734,75.36000061035156,75.48999786376953,74.91000366210938,75.2300033569336,8616800
2023-04-10,69.45113372802734,75.36000061035156,75.37999725341797,74.63999938964844,75.0999984741211,9423400
2023-04-11,69.65388488769531,75.58000183105469,75.79000091552734,75.44000244140625,75.5,12944300
2023-04-12,69.34053039550781,75.23999786376953,75.81999969482422,75.13999938964844,75.56999969482422,10386400
2023-04-13,69.72761535644531,75.66000366210938,75.69999694824219,74.91999816894531,75.2699966430664,12919000
2023-04-14,69.28524017333984,75.18000030517578,75.79000091552734,74.97000122070312,75.45999908447266,8789700
2023-04-17,69.72761535644531,75.66000366210938,75.66999816894531,75.23999786376953,75.33000183105469,9683400
2023-04-18,69.93956756591797,75.88999938964844,75.95999908447266,75.41000366210938,75.6500015258789,7233100
2023-04-19,69.89348602294922,75.83999633789062,76.05999755859375,75.61000061035156,75.9800033569336,6283600
2023-04-20,70.05937957763672,76.0199966430664,76.26000213623047,75.52999877929688,75.56999969482422,7329500
2023-04-21,70.56624603271484,76.56999969482422,76.97000122070312,76.41000366210938,76.52999877929688,10431000
2023-04-24,70.8519515991211,76.87999725341797,76.93000030517578,76.56999969482422,76.56999969482422,8723100
2023-04-25,70.75978088378906,76.77999877929688,77.37000274658203,76.69000244140625,76.86000061035156,12179700
2023-04-26,70.20683288574219,76.18000030517578,76.72000122070312,76.13999938964844,76.41999816894531,8778800
2023-04-27,70.99017333984375,77.02999877929688,77.11000061035156,76.16999816894531,76.22000122070312,11287800
2023-04-28,71.3680419921875,77.44000244140625,77.58000183105469,77.04000091552734,77.2300033569336,9757600
2023-05-01,71.42332458496094,77.5,77.81999969482422,77.29000091552734,77.30999755859375,10860800
2023-05-02,71.22979736328125,77.29000091552734,77.47000122070312,76.51000213623047,77.43000030517578,19136000
2023-05-03,70.6491928100586,76.66000366210938,77.37999725341797,76.63999938964844,77.05999755859375,11656600
2023-05-04,70.47409057617188,76.47000122070312,76.86000061035156,76.22000122070312,76.73999786376953,11682600
2023-05-05,71.12841796875,77.18000030517578,77.23999786376953,76.5,76.58999633789062,10479400
2023-05-08,70.91645812988281,76.94999694824219,77.05000305175781,76.69000244140625,76.91000366210938,8069200
2023-05-09,70.69526672363281,76.70999908447266,76.95999908447266,76.56999969482422,76.95999908447266,6939500
2023-05-10,70.58468627929688,76.58999633789062,77.05999755859375,76.05999755859375,76.7300033569336,12259100
2023-05-11,70.79664611816406,76.81999969482422,76.87000274658203,76.1500015258789,76.56999969482422,11790600
2023-05-12,71.07313537597656,77.12000274658203,77.1500015258789,76.73999786376953,76.9000015258789,7012000
2023-05-15,70.89802551269531,76.93000030517578,77.33999633789062,76.58999633789062,77.23999786376953,8652200
2023-05-16,70.29899597167969,76.27999877929688,76.81999969482422,76.16999816894531,76.81999969482422,11310700
2023-05-17,70.26213073730469,76.23999786376953,76.48999786376953,75.7699966430664,76.4800033569336,10891300
2023-05-18,69.92113494873047,75.87000274658203,76.05999755859375,75.41000366210938,75.95999908447266,10765300
2023-05-19,69.96721649169922,75.91999816894531,76.12000274658203,75.58000183105469,76.02999877929688,10457600
2023-05-22,68.90737915039062,74.7699966430664,75.8499984741211,74.7300033569336,75.72000122070312,14575700
2023-05-23,68.40052032470703,74.22000122070312,74.62999725341797,74.12000274658203,74.56999969482422,13700400
2023-05-24,67.95813751220703,73.73999786376953,74.30000305175781,73.68000030517578,74.25,11901800
2023-05-25,67.44205474853516,73.18000030517578,73.44000244140625,72.62999725341797,73.08999633789062,17725000
2023-05-26,67.67245483398438,73.43000030517578,73.55000305175781,72.86000061035156,73.11000061035156,15531000
2023-05-30,66.89830780029297,72.58999633789062,73.18000030517578,72.3499984741211,73.0,22766900
2023-05-31,66.97205352783203,72.66999816894531,73.06999969482422,72.30999755859375,72.68000030517578,22328600
2023-06-01,66.916748046875,72.61000061035156,72.7300033569336,72.23999786376953,72.6500015258789,13836100
2023-06-02,67.83834075927734,73.61000061035156,73.66000366210938,72.62000274658203,72.63999938964844,14719800
2023-06-05,67.58951568603516,73.33999633789062,74.02999877929688,73.20999908447266,73.5,9629600
2023-06-06,67.24853515625,72.97000122070312,73.55000305175781,72.55000305175781,73.41000366210938,10796900
2023-06-07,67.02733612060547,72.7300033569336,72.93000030517578,72.27999877929688,72.5,13595100
2023-06-08,67.48814392089844,73.2300033569336,73.25,72.63999938964844,72.80999755859375,8881300
2023-06-09,67.37754821777344,73.11000061035156,73.33999633789062,72.83000183105469,72.9800033569336,8756200
2023-06-12,67.35911560058594,73.08999633789062,73.2699966430664,72.72000122070312,73.19999694824219,11357600
2023-06-13,67.63558197021484,73.38999938964844,73.5,72.88999938964844,72.98999786376953,8401800
2023-06-14,68.0503158569336,73.83999633789062,74.08999633789062,73.51000213623047,73.7300033569336,13849900
2023-06-15,68.7322769165039,74.58000183105469,74.76000213623047,73.95999908447266,74.0999984741211,16251200
2023-06-16,68.81521606445312,74.66999816894531,75.05000305175781,74.5999984741211,74.80999755859375,12672900
2023-06-20,68.29176330566406,73.58000183105469,74.27999877929688,73.55999755859375,74.05000305175781,9731800
2023-06-21,68.5330810546875,73.83999633789062,74.08000183105469,73.26000213623047,73.54000091552734,13633500
2023-06-22,68.93216705322266,74.2699966430664,74.37999725341797,73.9800033569336,74.22000122070312,17247600
2023-06-23,68.47737884521484,73.77999877929688,74.38999938964844,73.73999786376953,74.38999938964844,9706900
2023-06-26,68.57020568847656,73.87999725341797,73.91000366210938,73.26000213623047,73.77999877929688,8955400
2023-06-27,68.77438354492188,74.0999984741211,74.16999816894531,73.66000366210938,73.68000030517578,8965400
2023-06-28,68.31031036376953,73.5999984741211,73.80999755859375,73.19999694824219,73.76000213623047,12800400
2023-06-29,68.24534606933594,73.52999877929688,73.6500015258789,73.0,73.23999786376953,10018000
2023-06-30,68.83935546875,74.16999816894531,74.27999877929688,73.63999938964844,73.69999694824219,14266200
2023-07-03,69.3776626586914,74.75,74.75,73.86000061035156,74.05999755859375,12817100
2023-07-05,69.25702667236328,74.62000274658203,74.69000244140625,74.3499984741211,74.44000244140625,17579200
2023-07-06,69.08067321777344,74.43000030517578,74.47000122070312,74.05000305175781,74.27999877929688,14881300
2023-07-07,68.18038940429688,73.45999908447266,74.25,73.41000366210938,74.25,16405400
2023-07-10,68.1618423461914,73.44000244140625,74.16000366210938,73.3499984741211,73.56999969482422,11953600
2023-07-11,68.26392364501953,73.55000305175781,73.66000366210938,73.11000061035156,73.5,9812500
2023-07-12,68.42170715332031,73.72000122070312,73.91999816894531,73.55999755859375,73.68000030517578,12680900
2023-07-13,68.70941162109375,74.02999877929688,74.16000366210938,73.55000305175781,73.8499984741211,10581500
2023-07-14,68.94145202636719,74.27999877929688,74.41000366210938,73.83000183105469,74.05000305175781,12475600
2023-07-17,68.73725128173828,74.05999755859375,74.30999755859375,73.79000091552734,74.0,9496300
2023-07-18,68.66302490234375,73.9800033569336,74.61000061035156,73.75,73.98999786376953,10124100
2023-07-19,69.3591079711914,74.7300033569336,74.80999755859375,74.16999816894531,74.22000122070312,14718700
2023-07-20,69.95311737060547,75.37000274658203,75.47000122070312,74.63999938964844,74.80000305175781,16106300
2023-07-21,70.19442749023438,75.62999725341797,75.83999633789062,75.4000015258789,75.48999786376953,13836800
2023-07-24,70.46357727050781,75.91999816894531,76.02999877929688,75.54000091552734,75.61000061035156,10692500
2023-07-25,70.44503021240234,75.9000015258789,75.91999816894531,75.51000213623047,75.83000183105469,8576600
2023-07-26,70.52855682373047,75.98999786376953,76.20999908447266,75.58000183105469,75.69999694824219,10506500
2023-07-27,69.9067153930664,75.31999969482422,76.30999755859375,75.31999969482422,76.12999725341797,10008500
2023-07-28,70.63066101074219,76.0999984741211,76.4000015258789,75.77999877929688,75.9800033569336,9672400
2023-07-31,70.3058090209961,75.75,76.2300033569336,75.45999908447266,76.0,10057100
2023-08-01,69.92526245117188,75.33999633789062,75.97000122070312,75.27999877929688,75.6500015258789,9376700
2023-08-02,70.17587280273438,75.61000061035156,76.08000183105469,75.04000091552734,75.04000091552734,11509700
2023-08-03,69.98094177246094,75.4000015258789,75.76000213623047,75.36000061035156,75.56999969482422,8774900
2023-08-04,69.28487396240234,74.6500015258789,75.68000030517578,74.58000183105469,75.5,10022800
2023-08-07,69.85102844238281,75.26000213623047,75.33999633789062,74.7699966430664,74.79000091552734,8875600
2023-08-08,69.34983825683594,74.72000122070312,75.29000091552734,74.5199966430664,75.20999908447266,11413600
2023-08-09,69.45193481445312,74.83000183105469,75.22000122070312,74.63999938964844,74.76000213623047,11912200
2023-08-10,69.31271362304688,74.68000030517578,75.52999877929688,74.58000183105469,75.06999969482422,10357700
2023-08-11,69.42406463623047,74.80000305175781,74.98999786376953,74.52999877929688,74.70999908447266,7472500
2023-08-14,69.08067321777344,74.43000030517578,75.0999984741211,74.30000305175781,74.9000015258789,11483800
2023-08-15,68.33816528320312,73.62999725341797,74.33999633789062,73.5999984741211,74.22000122070312,13257500
2023-08-16,68.18038940429688,73.45999908447266,74.13999938964844,73.37000274658203,73.93000030517578,14814900
2023-08-17,67.52142333984375,72.75,73.66999816894531,72.63999938964844,73.4800033569336,11798000
2023-08-18,67.77201080322266,73.0199966430664,73.16999816894531,72.55999755859375,72.62999725341797,12334500
2023-08-21,67.3172378540039,72.52999877929688,72.97000122070312,72.22000122070312,72.83000183105469,12005400
2023-08-22,66.93669128417969,72.12000274658203,72.37999725341797,72.0199966430664,72.30000305175781,11496100
2023-08-23,67.38218688964844,72.5999984741211,72.5999984741211,72.25,72.37000274658203,10796800
2023-08-24,66.84386444091797,72.0199966430664,73.0,72.0,72.3499984741211,13797500
2023-08-25,67.21512603759766,72.41999816894531,72.5999984741211,71.97000122070312,72.31999969482422,13088500
2023-08-28,67.52142333984375,72.75,72.87999725341797,72.5,72.66000366210938,6914800
2023-08-29,67.76273345947266,73.01000213623047,73.05000305175781,72.37999725341797,72.79000091552734,9502800
2023-08-30,67.87410736083984,73.12999725341797,73.36000061035156,72.93000030517578,73.0999984741211,9679300
2023-08-31,67.53069305419922,72.76000213623047,73.12000274658203,72.75,72.86000061035156,7731300
2023-09-01,66.95526123046875,72.13999938964844,73.04000091552734,71.9000015258789,73.0,8346400
2023-09-05,66.37981414794922,71.5199966430664,72.27999877929688,71.5199966430664,72.01000213623047,8634200
2023-09-06,66.30555725097656,71.44000244140625,71.5999984741211,71.20999908447266,71.44000244140625,9050100
2023-09-07,66.46336364746094,71.61000061035156,71.87000274658203,71.31999969482422,71.56999969482422,10149000
2023-09-08,66.54688262939453,71.69999694824219,71.70999908447266,71.41999816894531,71.63999938964844,8323000
2023-09-11,67.1223373413086,72.31999969482422,72.37999725341797,71.80000305175781,71.80000305175781,8450700
2023-09-12,66.54688262939453,71.69999694824219,72.37999725341797,71.63999938964844,72.36000061035156,13300200
2023-09-13,66.75106811523438,71.91999816894531,72.0999984741211,71.66999816894531,71.81999969482422,7863700
2023-09-14,67.42860412597656,72.6500015258789,72.69999694824219,72.08999633789062,72.12000274658203,9356000
2023-09-15,66.87173461914062,72.05000305175781,72.76000213623047,71.98999786376953,72.5,10891600
2023-09-18,66.8483657836914,71.54000091552734,71.83000183105469,71.23999786376953,71.80000305175781,6841200
2023-09-19,66.68950653076172,71.37000274658203,71.5,71.01000213623047,71.41999816894531,7733500
2023-09-20,66.75492095947266,71.44000244140625,71.91999816894531,71.2300033569336,71.56999969482422,10841700
2023-09-21,65.895263671875,70.5199966430664,71.45999908447266,70.51000213623047,71.37999725341797,11869900
2023-09-22,65.5401840209961,70.13999938964844,70.72000122070312,70.0999984741211,70.54000091552734,12243000
2023-09-25,65.30657196044922,69.88999938964844,70.06999969482422,69.56999969482422,69.91999816894531,9137600
2023-09-26,64.8206787109375,69.37000274658203,69.79000091552734,69.30000305175781,69.58999633789062,11541000
2023-09-27,64.2880630493164,68.80000305175781,69.48999786376953,68.44000244140625,69.2699966430664,14182700
2023-09-28,64.48428344726562,69.01000213623047,69.19000244140625,68.72000122070312,68.9000015258789,12094400
2023-09-29,64.29740142822266,68.80999755859375,69.33999633789062,68.44000244140625,69.2300033569336,11797500
2023-10-02,63.858219146728516,68.33999633789062,68.73999786376953,67.88999938964844,68.6500015258789,12642500
2023-10-03,63.400360107421875,67.8499984741211,68.48999786376953,67.80000305175781,68.13999938964844,15396200
2023-10-04,63.90493392944336,68.38999938964844,68.44000244140625,67.62999725341797,68.0199966430664,15125900
2023-10-05,62.64348602294922,67.04000091552734,68.33999633789062,67.01000213623047,68.26000213623047,15757300
2023-10-06,62.2977294921875,66.66999816894531,66.9000015258789,65.18000030517578,66.75,28723400
2023-10-09,62.35381317138672,66.7300033569336,66.76000213623047,65.94999694824219,66.41999816894531,15662900
2023-10-10,62.98921203613281,67.41000366210938,67.73999786376953,67.06999969482422,67.27999877929688,18809600
2023-10-11,62.559383392333984,66.94999694824219,67.83000183105469,66.6500015258789,67.70999908447266,18293200
2023-10-12,61.87725830078125,66.22000122070312,67.18000030517578,65.98999786376953,67.1500015258789,15185000
2023-10-13,62.41922378540039,66.80000305175781,66.9000015258789,66.22000122070312,66.33999633789062,15641000
2023-10-16,63.063961029052734,67.48999786376953,67.69999694824219,66.91000366210938,67.19000244140625,16172800
2023-10-17,63.3349494934082,67.77999877929688,67.91000366210938,67.22000122070312,67.22000122070312,13192200
2023-10-18,63.56854248046875,68.02999877929688,68.55000305175781,67.91999816894531,68.05999755859375,16617700
2023-10-19,63.101348876953125,67.52999877929688,68.25,67.51000213623047,67.9800033569336,18237000
2023-10-20,62.85839080810547,67.2699966430664,67.9800033569336,67.2699966430664,67.68000030517578,14730500
2023-10-23,62.73691177368164,67.13999938964844,67.62999725341797,66.94999694824219,67.19000244140625,13777300
2023-10-24,63.26954650878906,67.70999908447266,67.83000183105469,67.22000122070312,67.23999786376953,12055600
2023-10-25,63.48444366455078,67.94000244140625,68.23999786376953,67.41999816894531,67.5999984741211,11351100
2023-10-26,63.07331085205078,67.5,68.22000122070312,67.4800033569336,67.97000122070312,13662200
2023-10-27,62.21364212036133,66.58000183105469,67.6500015258789,66.37999725341797,67.37999725341797,17587700
2023-10-30,63.185455322265625,67.62000274658203,67.73999786376953,66.83000183105469,66.83000183105469,12224000
2023-10-31,63.40970993041992,67.86000061035156,67.93000030517578,67.33999633789062,67.68000030517578,8586400
2023-11-01,63.34429168701172,67.79000091552734,68.05000305175781,67.41000366210938,67.91000366210938,18709400
2023-11-02,64.16658020019531,68.66999816894531,68.7699966430664,67.7699966430664,68.02999877929688,21175900
2023-11-03,64.2413330078125,68.75,69.33999633789062,68.75,69.06999969482422,17201100
2023-11-06,64.3441162109375,68.86000061035156,69.16000366210938,68.72000122070312,68.7699966430664,14663200
2023-11-07,64.50299072265625,69.02999877929688,69.31999969482422,68.80000305175781,68.87999725341797,12567700
2023-11-08,64.25067138671875,68.76000213623047,69.26000213623047,68.56999969482422,69.16000366210938,10481700
2023-11-09,63.98902893066406,68.4800033569336,68.9000015258789,68.31999969482422,68.83999633789062,10336900
2023-11-10,64.43756866455078,68.95999908447266,69.02999877929688,68.2699966430664,68.63999938964844,9266200
2023-11-13,64.64313507080078,69.18000030517578,69.37999725341797,68.83999633789062,68.9000015258789,8540800
2023-11-14,65.30657196044922,69.88999938964844,70.12000274658203,69.5,69.52999877929688,13606200
2023-11-15,65.82984161376953,70.44999694824219,70.58999633789062,70.22000122070312,70.4000015258789,10618900
2023-11-16,65.01690673828125,69.58000183105469,70.0199966430664,69.44000244140625,69.72000122070312,16536300
2023-11-17,64.93280792236328,69.48999786376953,69.72000122070312,69.23999786376953,69.66999816894531,10761100
2023-11-20,64.88609313964844,69.44000244140625,69.55999755859375,69.1500015258789,69.19999694824219,11651300
2023-11-21,65.08230590820312,69.6500015258789,69.69999694824219,69.12999725341797,69.43000030517578,11681400
2023-11-22,65.54953002929688,70.1500015258789,70.19000244140625,69.80000305175781,69.80000305175781,8862100
2023-11-24,65.79248046875,70.41000366210938,70.47000122070312,70.16000366210938,70.16000366210938,4500800
2023-11-27,65.60558319091797,70.20999908447266,70.47000122070312,70.16999816894531,70.33999633789062,11746800
2023-11-28,65.90460205078125,70.52999877929688,70.70999908447266,70.18000030517578,70.19000244140625,8562300
2023-11-29,65.37197875976562,69.95999908447266,70.5999984741211,69.87000274658203,70.5999984741211,9873800
2023-11-30,66.0261001586914,70.66000366210938,70.69999694824219,69.56999969482422,70.02999877929688,11803600
2023-12-01,66.29705810546875,70.94999694824219,70.9800033569336,70.4000015258789,70.61000061035156,13490300
2023-12-04,66.38117218017578,71.04000091552734,71.27999877929688,70.55999755859375,70.55999755859375,11386300
2023-12-05,65.8578872680664,70.4800033569336,71.0999984741211,70.38999938964844,70.93000030517578,11565900
2023-12-06,65.68968963623047,70.30000305175781,70.47000122070312,70.01000213623047,70.31999969482422,11008700
2023-12-07,65.97001647949219,70.5999984741211,70.83000183105469,70.25,70.5,8460000
2023-12-08,65.51214599609375,70.11000061035156,70.52999877929688,70.01000213623047,70.47000122070312,8191300
2023-12-11,66.13819885253906,70.77999877929688,70.80999755859375,70.38999938964844,70.5,16192800
2023-12-12,66.3531265258789,71.01000213623047,71.01000213623047,70.61000061035156,70.93000030517578,8764500
2023-12-13,67.55851745605469,72.30000305175781,72.31999969482422,70.81999969482422,71.0,14052700
2023-12-14,66.56803131103516,71.23999786376953,72.47000122070312,71.19000244140625,72.36000061035156,16056700
2023-12-15,66.56803131103516,71.23999786376953,71.44000244140625,70.95999908447266,71.13999938964844,17434600
2023-12-18,67.260986328125,71.44000244140625,71.69999694824219,70.86000061035156,71.01000213623047,11816000
2023-12-19,67.3927993774414,71.58000183105469,71.66000366210938,71.27999877929688,71.30999755859375,8283200
2023-12-20,66.08411407470703,70.19000244140625,71.2699966430664,70.19000244140625,71.11000061035156,16705400
2023-12-21,66.54544067382812,70.68000030517578,70.75,70.12000274658203,70.56999969482422,10971900
2023-12-22,67.0538558959961,71.22000122070312,71.3499984741211,70.79000091552734,70.86000061035156,7831800
2023-12-26,67.33629608154297,71.5199966430664,71.69999694824219,71.06999969482422,71.06999969482422,6915800
2023-12-27,67.6469955444336,71.8499984741211,71.8499984741211,71.44000244140625,71.54000091552734,7566700
2023-12-28,67.67523193359375,71.87999725341797,71.97000122070312,71.6500015258789,71.75,6466000
2023-12-29,67.81646728515625,72.02999877929688,72.06999969482422,71.70999908447266,71.77999877929688,10412700
2024-01-02,68.5790786743164,72.83999633789062,72.95999908447266,71.7699966430664,71.7699966430664,12912000
2024-01-03,68.04242706298828,72.2699966430664,73.08999633789062,72.16000366210938,72.97000122070312,13979700
2024-01-04,67.94828796386719,72.16999816894531,72.66000366210938,72.0199966430664,72.22000122070312,10865000
2024-01-05,67.79764556884766,72.01000213623047,72.4800033569336,71.58999633789062,72.20999908447266,12802800
2024-01-08,68.29663848876953,72.54000091552734,72.56999969482422,71.9800033569336,72.0199966430664,9409000
2024-01-09,68.47553253173828,72.7300033569336,72.7300033569336,72.01000213623047,72.2699966430664,7838600
2024-01-10,68.33429718017578,72.58000183105469,73.0,72.36000061035156,72.66999816894531,11113300
2024-01-11,68.32488250732422,72.56999969482422,72.61000061035156,72.08000183105469,72.5,9507800
2024-01-12,68.54142761230469,72.80000305175781,72.9800033569336,72.55000305175781,72.81999969482422,7712800
2024-01-16,68.16482543945312,72.4000015258789,72.8499984741211,72.11000061035156,72.80999755859375,11566900
2024-01-17,68.11775207519531,72.3499984741211,72.5999984741211,72.08000183105469,72.2300033569336,9641400
2024-01-18,68.03302001953125,72.26000213623047,72.30999755859375,71.70999908447266,72.16999816894531,10548800
2024-01-19,67.8353042602539,72.05000305175781,72.33999633789062,71.68000030517578,72.31999969482422,11309600
2024-01-22,67.50577545166016,71.69999694824219,72.0,71.55999755859375,71.73999786376953,15078600
2024-01-23,68.24015045166016,72.4800033569336,72.58999633789062,72.05999755859375,72.08000183105469,13859600
2024-01-24,67.40220642089844,71.58999633789062,72.45999908447266,71.56999969482422,72.41999816894531,12290500
2024-01-25,68.05184173583984,72.27999877929688,72.27999877929688,71.58999633789062,71.88999938964844,12160900
2024-01-26,68.3813705444336,72.62999725341797,72.73999786376953,72.41999816894531,72.41999816894531,7432800
2024-01-29,68.77680969238281,73.05000305175781,73.08000183105469,72.56999969482422,72.83000183105469,9321900
2024-01-30,69.16282653808594,73.45999908447266,73.5,72.68000030517578,72.94000244140625,11058900
2024-01-31,68.65441131591797,72.91999816894531,73.6500015258789,72.83000183105469,73.44000244140625,17220600
2024-02-01,70.0572509765625,74.41000366210938,74.41000366210938,72.72000122070312,72.94999694824219,20588700
2024-02-02,69.8312759399414,74.16999816894531,74.4800033569336,73.80999755859375,74.19000244140625,23158000
2024-02-05,69.39820098876953,73.70999908447266,74.23999786376953,73.69000244140625,74.19000244140625,14564700
2024-02-06,69.5582504272461,73.87999725341797,73.91999816894531,73.47000122070312,73.70999908447266,11224200
2024-02-07,69.49235534667969,73.80999755859375,74.2300033569336,73.73999786376953,74.19000244140625,7544100
2024-02-08,69.47352600097656,73.79000091552734,74.08000183105469,73.47000122070312,73.69000244140625,16287600
2024-02-09,68.83329772949219,73.11000061035156,73.5999984741211,73.0,73.5999984741211,20698800
2024-02-12,69.32288360595703,73.62999725341797,73.63999938964844,72.80000305175781,73.19000244140625,13422900
2024-02-13,68.5790786743164,72.83999633789062,73.79000091552734,72.4000015258789,73.58000183105469,21640600
2024-02-14,68.44727325439453,72.69999694824219,72.81999969482422,72.36000061035156,72.77999877929688,15191300
2024-02-15,68.8897933959961,73.16999816894531,73.2699966430664,72.91000366210938,72.98999786376953,14235700
2024-02-16,68.99334716796875,73.27999877929688,73.62000274658203,72.79000091552734,73.0999984741211,15568300
2024-02-20,69.71830749511719,74.05000305175781,74.47000122070312,73.68000030517578,73.80000305175781,15388700
2024-02-21,69.97251892089844,74.31999969482422,74.44000244140625,73.97000122070312,74.19000244140625,13776600
2024-02-22,70.18905639648438,74.55000305175781,74.62999725341797,73.69000244140625,73.98999786376953,11744900
2024-02-23,70.40559387207031,74.77999877929688,75.16000366210938,74.45999908447266,74.58999633789062,12548300
2024-02-26,70.12316131591797,74.4800033569336,74.81999969482422,74.37000274658203,74.80000305175781,11806000
2024-02-27,70.13257598876953,74.48999786376953,74.52999877929688,74.27999877929688,74.41000366210938,8294300
2024-02-28,70.2078857421875,74.56999969482422,74.63999938964844,74.25,74.44000244140625,6768700
2024-02-29,70.09490203857422,74.44999694824219,74.91000366210938,74.30999755859375,74.80000305175781,14083400
2024-03-01,70.10432434082031,74.45999908447266,74.54000091552734,73.94000244140625,74.25,15512500
2024-03-04,70.16081237792969,74.5199966430664,74.58000183105469,74.1500015258789,74.16999816894531,15912700
2024-03-05,70.33027648925781,74.69999694824219,75.22000122070312,74.55000305175781,74.83999633789062,15708400
2024-03-06,70.92343139648438,75.33000183105469,75.45999908447266,74.9800033569336,75.05000305175781,11816200
2024-03-07,71.32829284667969,75.76000213623047,75.83000183105469,75.45999908447266,75.63999938964844,9174900
2024-03-08,70.76337432861328,75.16000366210938,75.38999938964844,74.88999938964844,75.25,13301600
2024-03-11,71.14940643310547,75.56999969482422,75.68000030517578,75.11000061035156,75.33000183105469,9316500
2024-03-12,71.51657104492188,75.95999908447266,76.19000244140625,75.63999938964844,75.73999786376953,10454900
2024-03-13,71.69547271728516,76.1500015258789,76.19999694824219,75.83000183105469,75.94999694824219,9739500
2024-03-14,71.13996124267578,75.55999755859375,76.27999877929688,75.30999755859375,76.0999984741211,14086100
2024-03-15,71.11173248291016,75.52999877929688,75.61000061035156,75.08000183105469,75.19999694824219,14248300
2024-03-18,71.56888580322266,75.45999908447266,75.68000030517578,74.88999938964844,74.88999938964844,10229000
2024-03-19,71.83443450927734,75.73999786376953,75.77999877929688,75.5199966430664,75.55999755859375,10245900
2024-03-20,72.05258178710938,75.97000122070312,76.0,75.56999969482422,75.8499984741211,10986100
2024-03-21,72.09053039550781,76.01000213623047,76.2699966430664,75.69000244140625,76.01000213623047,8936100
2024-03-22,71.73959350585938,75.63999938964844,76.12999725341797,75.62000274658203,76.01000213623047,10942300
2024-03-25,71.5404281616211,75.43000030517578,75.81999969482422,75.2699966430664,75.63999938964844,11003700
2024-03-26,71.57836151123047,75.47000122070312,75.69000244140625,75.41000366210938,75.5199966430664,7964400
2024-03-27,72.32762908935547,76.26000213623047,76.26000213623047,75.8499984741211,75.8499984741211,9848100
2024-03-28,72.42247009277344,76.36000061035156,76.61000061035156,76.26000213623047,76.48999786376953,9172700
2024-04-01,71.84392547607422,75.75,76.45999908447266,75.75,76.3499984741211,13205200
2024-04-02,71.47402954101562,75.36000061035156,75.86000061035156,75.23999786376953,75.75,16269200
2024-04-03,70.68683624267578,74.52999877929688,75.33000183105469,74.41000366210938,75.33000183105469,16094700
2024-04-04,70.38333892822266,74.20999908447266,74.98999786376953,74.11000061035156,74.86000061035156,18289500
2024-04-05,70.49713897705078,74.33000183105469,74.55999755859375,73.98999786376953,74.1500015258789,11148900
2024-04-08,70.39281463623047,74.22000122070312,74.48999786376953,74.1500015258789,74.19999694824219,10040700
2024-04-09,70.7342529296875,74.58000183105469,74.5999984741211,74.0199966430664,74.44000244140625,12629600
2024-04-10,70.4781723022461,74.30999755859375,74.43000030517578,73.7699966430664,74.0,15018400
2024-04-11,70.3074722290039,74.12999725341797,74.69000244140625,73.9000015258789,74.66999816894531,10551900
2024-04-12,69.59613800048828,73.37999725341797,74.0199966430664,73.30000305175781,73.83000183105469,14605900
2024-04-15,69.31159973144531,73.08000183105469,74.0199966430664,72.97000122070312,73.83000183105469,12119600
2024-04-16,69.34005737304688,73.11000061035156,73.33000183105469,72.93000030517578,73.2300033569336,12737600
2024-04-17,69.59613800048828,73.37999725341797,73.63999938964844,73.02999877929688,73.54000091552734,12731500
2024-04-18,69.91859436035156,73.72000122070312,73.88999938964844,73.47000122070312,73.62000274658203,11964200
2024-04-19,70.60147094726562,74.44000244140625,74.4800033569336,73.55999755859375,73.69000244140625,15843100
2024-04-22,71.27487182617188,75.1500015258789,75.3499984741211,74.26000213623047,74.58999633789062,12181600
2024-04-23,71.47402954101562,75.36000061035156,75.43000030517578,75.0199966430664,75.2699966430664,12821100
2024-04-24,72.0146484375,75.93000030517578,76.0199966430664,74.48999786376953,74.83999633789062,15011000
2024-04-25,71.84392547607422,75.75,76.47000122070312,75.47000122070312,76.08999633789062,14352600
2024-04-26,71.69216918945312,75.58999633789062,76.0,75.43000030517578,75.4800033569336,13488200
2024-04-29,71.9197998046875,75.83000183105469,75.86000061035156,75.37999725341797,75.61000061035156,9244000
2024-04-30,71.6068115234375,75.5,75.7699966430664,75.31999969482422,75.75,12517400
2024-05-01,71.15156555175781,75.0199966430664,75.56999969482422,74.70999908447266,75.27999877929688,24867400
2024-05-02,71.74908447265625,75.6500015258789,75.91999816894531,74.9800033569336,75.2699966430664,22820400
2024-05-03,71.96721649169922,75.87999725341797,76.02999877929688,75.25,75.68000030517578,18088200
2024-05-06,72.00516510009766,75.91999816894531,76.13999938964844,75.43000030517578,76.05000305175781,12508400
2024-05-07,72.7923583984375,76.75,76.79000091552734,76.23999786376953,76.23999786376953,14641800
2024-05-08,72.57421875,76.5199966430664,76.88999938964844,76.41999816894531,76.73999786376953,12686000
2024-05-09,73.20018768310547,77.18000030517578,77.18000030517578,76.54000091552734,76.58999633789062,12851900
2024-05-10,73.61749267578125,77.62000274658203,77.70999908447266,77.0999984741211,77.16999816894531,10774900
2024-05-13,73.40884399414062,77.4000015258789,78.0,77.2699966430664,77.7699966430664,11755400
2024-05-14,73.2665786743164,77.25,77.5999984741211,76.87000274658203,77.47000122070312,10117600
2024-05-15,73.31400299072266,77.30000305175781,77.41999816894531,77.05000305175781,77.05000305175781,18143000
2024-05-16,74.35726928710938,78.4000015258789,78.61000061035156,77.83000183105469,78.0,17360400
2024-05-17,74.17707061767578,78.20999908447266,78.37999725341797,78.01000213623047,78.30999755859375,11265700
2024-05-20,73.6649169921875,77.66999816894531,78.19000244140625,77.58000183105469,78.19000244140625,9226400
2024-05-21,74.1011962890625,78.12999725341797,78.16000366210938,77.72000122070312,77.87999725341797,6595200
2024-05-22,73.80718994140625,77.81999969482422,78.08000183105469,77.45999908447266,77.5999984741211,9395100
2024-05-23,72.93463134765625,76.9000015258789,77.70999908447266,76.86000061035156,77.58000183105469,10751300
2024-05-24,73.12431335449219,77.0999984741211,77.4000015258789,77.05999755859375,77.16999816894531,6943200
2024-05-28,72.55525207519531,76.5,77.05999755859375,76.22000122070312,76.8499984741211,8840700
2024-05-29,72.03360748291016,75.94999694824219,76.36000061035156,75.91999816894531,76.08999633789062,10402400
2024-05-30,72.22330474853516,76.1500015258789,76.36000061035156,75.97000122070312,76.16999816894531,7404400
2024-05-31,73.3519287109375,77.33999633789062,77.37999725341797,75.7300033569336,76.08000183105469,11873900
2024-06-03,73.323486328125,77.30999755859375,77.68000030517578,76.86000061035156,77.08999633789062,12223400
2024-06-04,73.95893859863281,77.9800033569336,78.11000061035156,77.19000244140625,77.31999969482422,9097500
2024-06-05,73.79769134521484,77.80999755859375,77.98999786376953,77.19000244140625,77.87999725341797,9095100
2024-06-06,74.02532958984375,78.05000305175781,78.33000183105469,77.5999984741211,77.76000213623047,9759400
2024-06-07,73.65544128417969,77.66000366210938,78.25,77.58000183105469,78.02999877929688,7490500
2024-06-10,73.59852600097656,77.5999984741211,77.80000305175781,77.0999984741211,77.77999877929688,10033800
2024-06-11,73.56058502197266,77.55999755859375,77.55999755859375,76.91999816894531,77.48999786376953,8583700
2024-06-12,72.7544174194336,76.70999908447266,77.75,76.5199966430664,77.70999908447266,14172800
2024-06-13,72.84925842285156,76.80999755859375,76.87999725341797,76.36000061035156,76.68000030517578,8723500
2024-06-14,72.9820327758789,76.94999694824219,76.94999694824219,76.38999938964844,76.58999633789062,7246400
2024-06-17,73.67440795898438,77.68000030517578,77.81999969482422,76.5,76.66000366210938,8762000
2024-06-18,73.76924133300781,77.77999877929688,77.87999725341797,77.44999694824219,77.55999755859375,6567100
2024-06-20,73.60801696777344,77.61000061035156,78.01000213623047,77.41000366210938,77.63999938964844,9316300
2024-06-21,73.6649169921875,77.66999816894531,78.16999816894531,77.61000061035156,77.7699966430664,11594000
2024-06-24,74.45042419433594,77.91000366210938,78.01000213623047,77.11000061035156,77.2699966430664,9722600
2024-06-25,73.97262573242188,77.41000366210938,77.7300033569336,77.11000061035156,77.62000274658203,10705700
2024-06-26,73.81973266601562,77.25,77.44000244140625,76.70999908447266,76.87000274658203,8405200
2024-06-27,73.50437927246094,76.91999816894531,77.30000305175781,76.5999984741211,77.2300033569336,4592300
2024-06-28,73.17947387695312,76.58000183105469,77.0,76.37999725341797,76.91000366210938,8396900
2024-07-01,72.66346740722656,76.04000091552734,77.2699966430664,75.9800033569336,76.9800033569336,9275300
2024-07-02,73.169921875,76.56999969482422,76.58000183105469,75.88999938964844,76.12999725341797,8233400
2024-07-03,73.04569244384766,76.44000244140625,76.70999908447266,76.23999786376953,76.44000244140625,5600600
2024-07-05,73.9439468383789,77.37999725341797,77.43000030517578,76.33000183105469,76.44000244140625,7202900
2024-07-08,73.82929229736328,77.26000213623047,77.52999877929688,77.05000305175781,77.44000244140625,4486800
2024-07-09,73.63816833496094,77.05999755859375,77.43000030517578,77.02999877929688,77.26000213623047,5635700
2024-07-10,73.96306610107422,77.4000015258789,77.43000030517578,77.01000213623047,77.19999694824219,7249100
2024-07-11,73.68594360351562,77.11000061035156,77.43000030517578,76.88999938964844,77.29000091552734,11414600
2024-07-12,74.0108413696289,77.44999694824219,77.86000061035156,77.19000244140625,77.5199966430664,10028200
2024-07-15,73.58082580566406,77.0,77.5999984741211,76.94000244140625,77.4000015258789,8481200
2024-07-16,74.2879638671875,77.73999786376953,77.75,76.91999816894531,77.02999877929688,7987300
2024-07-17,75.24356079101562,78.73999786376953,78.88999938964844,77.83999633789062,77.86000061035156,18297900
2024-07-18,74.8708724975586,78.3499984741211,79.1500015258789,78.33999633789062,78.44999694824219,14877200
2024-07-19,74.62242126464844,78.08999633789062,78.6500015258789,77.97000122070312,78.55000305175781,11816500
2024-07-22,74.67020416259766,78.13999938964844,78.33000183105469,77.7699966430664,78.2699966430664,9408200
2024-07-23,74.40263366699219,77.86000061035156,78.36000061035156,77.79000091552734,78.22000122070312,6937900
2024-07-24,74.33574676513672,77.79000091552734,77.93000030517578,77.27999877929688,77.58000183105469,10620400
2024-07-25,74.2497329711914,77.69999694824219,78.87999725341797,77.69999694824219,78.05999755859375,15686200
2024-07-26,75.0046615600586,78.48999786376953,78.58000183105469,77.81999969482422,78.01000213623047,10271900
2024-07-29,75.0333251953125,78.5199966430664,78.69000244140625,77.94000244140625,78.33999633789062,9115000
2024-07-30,74.52687072753906,77.98999786376953,78.12000274658203,77.23999786376953,77.58000183105469,11818400
2024-07-31,74.3930892944336,77.8499984741211,78.33999633789062,77.51000213623047,77.98999786376953,10474100
2024-08-01,75.08111572265625,78.56999969482422,78.73999786376953,77.76000213623047,78.0,16535000
2024-08-02,75.74047088623047,79.26000213623047,79.75,77.80000305175781,79.16999816894531,24086900
2024-08-05,74.2497329711914,77.69999694824219,79.3499984741211,77.44000244140625,79.12000274658203,29057400
2024-08-06,74.76576232910156,78.23999786376953,79.08999633789062,77.98999786376953,78.08000183105469,15801400
2024-08-07,74.84221649169922,78.31999969482422,79.4000015258789,78.2699966430664,78.56999969482422,14182300
2024-08-08,75.52068328857422,79.02999877929688,79.16000366210938,78.0199966430664,78.0999984741211,13889800
2024-08-09,75.63536071777344,79.1500015258789,79.29000091552734,78.52999877929688,78.87000274658203,10319800
2024-08-12,75.25312042236328,78.75,79.16999816894531,78.55000305175781,79.11000061035156,9735300
2024-08-13,75.59712982177734,79.11000061035156,79.12999725341797,78.3499984741211,78.75,7513900
2024-08-14,75.94114685058594,79.47000122070312,79.70999908447266,78.91999816894531,79.05000305175781,7264000
2024-08-15,76.7247314453125,80.29000091552734,80.80999755859375,80.05000305175781,80.58999633789062,7745200
2024-08-16,76.93496704101562,80.51000213623047,80.58000183105469,80.08000183105469,80.20999908447266,6976700
2024-08-19,77.1929702758789,80.77999877929688,80.97000122070312,80.56999969482422,80.5999984741211,7330000
2024-08-20,77.5752182006836,81.18000030517578,81.18000030517578,80.62999725341797,80.76000213623047,6931200
2024-08-21,78.10078430175781,81.7300033569336,82.29000091552734,81.5,81.86000061035156,7960700
2024-08-22,77.98612213134766,81.61000061035156,81.94999694824219,81.26000213623047,81.94999694824219,7632600
2024-08-23,78.20590209960938,81.83999633789062,81.86000061035156,81.33000183105469,81.75,6505100
2024-08-26,78.76013946533203,82.41999816894531,82.58999633789062,81.91999816894531,81.93000030517578,7270700
2024-08-27,78.9512710571289,82.62000274658203,82.7699966430664,82.30999755859375,82.54000091552734,5674600
2024-08-28,78.61681365966797,82.2699966430664,82.75,81.95999908447266,82.63999938964844,6666800
2024-08-29,78.22502899169922,81.86000061035156,82.16999816894531,81.69000244140625,82.16999816894531,6343700
2024-08-30,78.84615325927734,82.51000213623047,82.58000183105469,81.80000305175781,82.0199966430664,8884800
2024-09-03,79.40039825439453,83.08999633789062,83.37000274658203,82.43000030517578,82.52999877929688,15503700
2024-09-04,79.77308654785156,83.4800033569336,83.54000091552734,82.86000061035156,82.94000244140625,19276700
2024-09-05,79.46730041503906,83.16000366210938,83.62999725341797,82.73999786376953,83.5,12775800
2024-09-06,79.30484008789062,82.98999786376953,83.51000213623047,82.88999938964844,83.1500015258789,12616500
2024-09-09,79.91642761230469,83.62999725341797,83.79000091552734,82.86000061035156,83.0,10061000
2024-09-10,79.8973159790039,83.61000061035156,84.0,83.38999938964844,83.51000213623047,14002500
2024-09-11,79.1519546508789,82.83000183105469,83.37000274658203,82.08000183105469,83.30999755859375,14556400
2024-09-12,79.63929748535156,83.33999633789062,83.43000030517578,82.56999969482422,82.8499984741211,8659100
2024-09-13,80.20310974121094,83.93000030517578,84.0,83.22000122070312,83.4000015258789,5953700
2024-09-16,80.51844787597656,84.26000213623047,84.52999877929688,83.87000274658203,84.1500015258789,7794600
2024-09-17,79.75395965576172,83.45999908447266,84.20999908447266,83.36000061035156,83.97000122070312,8404900
2024-09-18,79.44817352294922,83.13999938964844,83.86000061035156,82.80000305175781,83.4000015258789,12935600
2024-09-19,78.97994232177734,82.6500015258789,83.37000274658203,82.5199966430664,83.36000061035156,14934200
2024-09-20,79.36219024658203,83.05000305175781,83.11000061035156,82.43000030517578,82.56999969482422,12719100
2024-09-23,79.82233428955078,83.08999633789062,83.36000061035156,82.37999725341797,82.44000244140625,11985900
2024-09-24,79.63020324707031,82.88999938964844,83.27999877929688,82.69000244140625,82.9800033569336,8985100
2024-09-25,79.42845916748047,82.68000030517578,83.26000213623047,82.55999755859375,83.18000030517578,6100900
2024-09-26,79.61099243164062,82.87000274658203,83.25,82.52999877929688,82.52999877929688,8565600
2024-09-27,79.75509643554688,83.0199966430664,83.5,82.87999725341797,82.9800033569336,6432600
2024-09-30,79.73587799072266,83.0,83.4800033569336,82.68000030517578,83.31999969482422,8468900
2024-10-01,79.4668960571289,82.72000122070312,83.13999938964844,82.47000122070312,83.02999877929688,15725800
2024-10-02,78.79441833496094,82.0199966430664,82.51000213623047,81.86000061035156,82.5,10788300
2024-10-03,78.00666046142578,81.19999694824219,81.80999755859375,81.05999755859375,81.69000244140625,11507900
2024-10-04,78.26605224609375,81.47000122070312,81.56999969482422,80.94999694824219,81.06999969482422,12463000
2024-10-07,77.4879150390625,80.66000366210938,81.5,80.55999755859375,81.5,9270800
2024-10-08,77.8721694946289,81.05999755859375,81.16000366210938,80.47000122070312,80.69000244140625,8218300
2024-10-09,78.34291076660156,81.55000305175781,81.66999816894531,81.0,81.12999725341797,9276300
2024-10-10,77.99705505371094,81.19000244140625,81.69999694824219,80.98999786376953,81.52999877929688,9122600
2024-10-11,78.42936706542969,81.63999938964844,81.72000122070312,81.11000061035156,81.47000122070312,8741500
2024-10-14,78.74638366699219,81.97000122070312,82.01000213623047,81.47000122070312,81.5999984741211,6263000
2024-10-15,79.24593353271484,82.48999786376953,83.19000244140625,82.08000183105469,82.08000183105469,11287700
2024-10-16,79.18830108642578,82.43000030517578,82.54000091552734,82.0199966430664,82.20999908447266,7720300
2024-10-17,78.83283996582031,82.05999755859375,82.6500015258789,81.83999633789062,82.54000091552734,7716400
2024-10-18,79.0057601928711,82.23999786376953,82.2699966430664,81.63999938964844,81.87999725341797,8314200
2024-10-21,78.34291076660156,81.55000305175781,82.38999938964844,81.47000122070312,82.20999908447266,8704600
2024-10-22,78.78482055664062,82.01000213623047,82.11000061035156,81.3499984741211,81.43000030517578,8912400
2024-10-23,78.63111114501953,81.8499984741211,81.97000122070312,81.44000244140625,81.5999984741211,6926500
2024-10-24,78.52543640136719,81.73999786376953,82.0,81.5,81.83000183105469,6211500
2024-10-25,77.8721694946289,81.05999755859375,81.87000274658203,80.98999786376953,81.73999786376953,6546900
2024-10-28,78.01626586914062,81.20999908447266,81.55999755859375,81.16999816894531,81.37999725341797,5714200
2024-10-29,77.24774169921875,80.41000366210938,81.04000091552734,80.36000061035156,80.83000183105469,9459900
2024-10-30,77.12284851074219,80.27999877929688,80.54000091552734,80.05000305175781,80.30000305175781,8504800
2024-10-31,76.96914672851562,80.12000274658203,80.58999633789062,79.95999908447266,80.08000183105469,10905300
2024-11-01,76.99796295166016,80.1500015258789,80.44000244140625,80.05000305175781,80.37999725341797,7916100
2024-11-04,77.20931243896484,80.37000274658203,80.61000061035156,80.1500015258789,80.2699966430664,6958900
2024-11-05,77.69925689697266,80.87999725341797,80.87999725341797,80.0199966430664,80.16999816894531,5304800
2024-11-06,76.43116760253906,79.55999755859375,81.20999908447266,79.36000061035156,81.08999633789062,18487700
2024-11-07,76.70975494384766,79.8499984741211,80.30999755859375,79.66999816894531,79.7300033569336,17598100
2024-11-08,77.64161682128906,80.81999969482422,81.0199966430664,79.8499984741211,79.86000061035156,11530300
2024-11-11,77.37262725830078,80.54000091552734,81.44999694824219,80.4800033569336,80.70999908447266,9273800
2024-11-12,77.45907592773438,80.62999725341797,80.94999694824219,80.48999786376953,80.83999633789062,13518000
2024-11-13,77.68964385986328,80.87000274658203,80.94999694824219,80.4000015258789,80.63999938964844,6781600
2024-11-14,77.49751281738281,80.66999816894531,81.13999938964844,80.61000061035156,80.66999816894531,7572200
2024-11-15,76.81543731689453,79.95999908447266,80.66000366210938,79.91999816894531,80.5999984741211,11359100
2024-11-18,77.3534164428711,80.5199966430664,80.66999816894531,80.05000305175781,80.13999938964844,8747600
2024-11-19,77.45907592773438,80.62999725341797,80.88999938964844,80.13999938964844,80.7300033569336,8020800
2024-11-20,77.0652084350586,80.22000122070312,80.22000122070312,79.52999877929688,79.9000015258789,7687200
2024-11-21,77.90099334716797,81.08999633789062,81.18000030517578,80.08999633789062,80.30999755859375,8185800
2024-11-22,78.62149047851562,81.83999633789062,81.91000366210938,81.44000244140625,81.54000091552734,7703800
2024-11-25,79.05380249023438,82.29000091552734,82.62999725341797,82.04000091552734,82.37999725341797,8243100
2024-11-26,79.38043212890625,82.62999725341797,82.70999908447266,82.13999938964844,82.23999786376953,6973600
2024-11-27,79.54374694824219,82.80000305175781,83.23999786376953,82.6500015258789,83.0,7067800
2024-11-29,79.9472427368164,83.22000122070312,83.30000305175781,82.66999816894531,82.77999877929688,4982600
2024-12-02,79.85115814208984,83.12000274658203,83.22000122070312,82.5199966430664,83.13999938964844,10750100
2024-12-03,79.43807220458984,82.69000244140625,83.11000061035156,82.54000091552734,83.05000305175781,11053200
2024-12-04,79.21712493896484,82.45999908447266,82.58000183105469,82.05000305175781,82.47000122070312,10100900
2024-12-05,79.53414154052734,82.79000091552734,82.94999694824219,82.33000183105469,82.55000305175781,12639000
2024-12-06,79.14026641845703,82.37999725341797,83.29000091552734,82.37999725341797,82.80999755859375,7180600
2024-12-09,79.015380859375,82.25,82.87999725341797,82.02999877929688,82.5,11614000
2024-12-10,79.3900375366211,82.63999938964844,82.83999633789062,81.86000061035156,82.19000244140625,8497200
2024-12-11,78.78482055664062,82.01000213623047,83.11000061035156,81.97000122070312,82.7699966430664,9046100
2024-12-12,79.015380859375,82.25,82.62000274658203,82.12000274658203,82.52999877929688,5410800
2024-12-13,78.81362915039062,82.04000091552734,82.5199966430664,81.62999725341797,82.08999633789062,8154300
2024-12-16,78.40055084228516,81.61000061035156,82.4800033569336,81.58999633789062,82.06999969482422,6495000
2024-12-17,78.26605224609375,81.47000122070312,81.88999938964844,81.33000183105469,81.44000244140625,8535900
2024-12-18,77.07482147216797,80.2300033569336,81.43000030517578,80.20999908447266,81.16000366210938,17223000
2024-12-19,76.52722930908203,79.66000366210938,80.55999755859375,79.66000366210938,80.16000366210938,15778400
2024-12-20,76.79621887207031,79.94000244140625,80.4000015258789,79.3499984741211,79.62000274658203,11035400
2024-12-23,76.39161682128906,78.91999816894531,79.2300033569336,78.16000366210938,79.05000305175781,11469000
2024-12-24,76.89495086669922,79.44000244140625,79.48999786376953,78.73999786376953,78.8499984741211,3932600
2024-12-26,77.13694763183594,79.69000244140625,79.73999786376953,79.22000122070312,79.29000091552734,4253700
2024-12-27,76.75944519042969,79.30000305175781,79.72000122070312,79.01000213623047,79.31999969482422,6601700
2024-12-30,75.8592300415039,78.37000274658203,79.01000213623047,78.12000274658203,78.95999908447266,7249300
2024-12-31,76.09154510498047,78.61000061035156,78.86000061035156,78.16000366210938,78.52999877929688,6125500
2025-01-02,75.8592300415039,78.37000274658203,79.13999938964844,78.11000061035156,78.77999877929688,9321800
2025-01-03,75.82051086425781,78.33000183105469,78.69999694824219,78.05000305175781,78.5199966430664,6991300
2025-01-06,75.02678680419922,77.51000213623047,78.44000244140625,77.41999816894531,78.41999816894531,9275700
2025-01-07,74.76542663574219,77.23999786376953,78.16000366210938,77.12999725341797,77.70999908447266,11112800
2025-01-08,74.90093994140625,77.37999725341797,77.45999908447266,76.66999816894531,77.16000366210938,9277400
2025-01-10,73.8942642211914,76.33999633789062,77.33000183105469,76.23999786376953,76.88999938964844,13943200
2025-01-13,74.02010345458984,76.47000122070312,76.66000366210938,76.05999755859375,76.4000015258789,9490900
2025-01-14,74.03945922851562,76.48999786376953,76.6500015258789,76.12999725341797,76.55999755859375,7763700
2025-01-15,73.78779602050781,76.2300033569336,77.1500015258789,76.11000061035156,76.91000366210938,11426800
2025-01-16,74.33953857421875,76.80000305175781,76.87999725341797,75.80999755859375,76.08000183105469,11223400
2025-01-17,74.76542663574219,77.23999786376953,77.4000015258789,76.8499984741211,76.94000244140625,10524800
2025-01-21,75.1138916015625,77.5999984741211,77.9000015258789,77.30999755859375,77.38999938964844,8849500
2025-01-22,74.74607849121094,77.22000122070312,77.94999694824219,77.1500015258789,77.94999694824219,8357500
2025-01-23,75.01710510253906,77.5,77.52999877929688,76.80000305175781,77.11000061035156,7562500
2025-01-24,75.404296875,77.9000015258789,77.93000030517578,77.43000030517578,77.47000122070312,6685300
2025-01-27,77.44668579101562,80.01000213623047,80.16000366210938,78.68000030517578,78.69000244140625,17519900
2025-01-28,76.23674011230469,78.76000213623047,80.0999984741211,78.5999984741211,79.76000213623047,11664900
2025-01-29,76.42064666748047,78.94999694824219,79.30000305175781,78.80999755859375,78.87999725341797,10195100
2025-01-30,77.1756591796875,79.7300033569336,79.9000015258789,79.18000030517578,79.33999633789062,8192000
2025-01-31,76.44969940185547,78.9800033569336,79.56999969482422,78.93000030517578,79.02999877929688,10269000
2025-02-03,76.74974822998047,79.29000091552734,79.44999694824219,78.2300033569336,78.41000366210938,13340800
2025-02-04,76.10123443603516,78.62000274658203,79.0999984741211,78.30000305175781,79.0199966430664,9307500
2025-02-05,76.57552337646484,79.11000061035156,79.12999725341797,78.19000244140625,78.61000061035156,8847800
2025-02-06,76.92399597167969,79.47000122070312,80.16999816894531,79.22000122070312,80.1500015258789,9846300
2025-02-07,76.80783081054688,79.3499984741211,79.68000030517578,79.12000274658203,79.48999786376953,8104000
2025-02-10,77.28214263916016,79.83999633789062,79.8499984741211,79.05999755859375,79.55999755859375,7949600
2025-02-11,78.02747344970703,80.61000061035156,80.62999725341797,79.66999816894531,79.95999908447266,9157100
2025-02-12,77.96939086914062,80.55000305175781,80.6500015258789,79.87000274658203,79.91999816894531,10564000
2025-02-13,78.81151580810547,81.41999816894531,81.48999786376953,80.54000091552734,80.76000213623047,10132300
2025-02-14,78.02747344970703,80.61000061035156,81.43000030517578,80.58999633789062,81.37999725341797,10470300
2025-02-18,78.30817413330078,80.9000015258789,80.91999816894531,79.9000015258789,80.3499984741211,10432400
2025-02-19,78.9373550415039,81.55000305175781,81.58000183105469,80.88999938964844,81.08999633789062,6450800
2025-02-20,78.62760162353516,81.2300033569336,81.2300033569336,80.43000030517578,80.55999755859375,14264000
2025-02-21,79.54716491699219,82.18000030517578,82.25,80.9800033569336,81.2300033569336,18203300
2025-02-24,79.7891616821289,82.43000030517578,82.80999755859375,81.80999755859375,81.8499984741211,14114200
2025-02-25,80.92166900634766,83.5999984741211,83.87999725341797,82.69000244140625,82.69000244140625,18198000
2025-02-26,79.37294006347656,82.0,83.36000061035156,81.8499984741211,83.27999877929688,19969500
2025-02-27,79.3632583618164,81.98999786376953,82.43000030517578,81.62000274658203,81.63999938964844,16613700
2025-02-28,80.41834259033203,83.08000183105469,83.12999725341797,82.13999938964844,82.69000244140625,15163900
2025-03-03,80.84423828125,83.5199966430664,83.81999969482422,82.68000030517578,82.68000030517578,18918900
2025-03-04,79.46973419189453,82.0999984741211,84.13999938964844,82.05000305175781,83.36000061035156,21845600
2025-03-05,79.79884338378906,82.44000244140625,82.75,81.80999755859375,81.94000244140625,13772700
2025-03-06,79.94403076171875,82.58999633789062,82.80000305175781,81.94000244140625,82.12999725341797,13729400
2025-03-07,80.20539093017578,82.86000061035156,83.43000030517578,82.04000091552734,82.05999755859375,19631100
2025-03-10,80.03114318847656,82.68000030517578,84.3499984741211,82.36000061035156,82.98999786376953,27412700
2025-03-11,78.85991668701172,81.47000122070312,82.58000183105469,81.41000366210938,82.51000213623047,27913700
2025-03-12,77.14662170410156,79.69999694824219,80.9800033569336,79.62000274658203,80.68000030517578,22000500
2025-03-13,76.78848266601562,79.33000183105469,80.12000274658203,79.18000030517578,79.80000305175781,18077400
2025-03-14,76.96270751953125,79.51000213623047,79.58000183105469,78.87999725341797,79.1500015258789,10251300
2025-03-17,78.0855484008789,80.66999816894531,80.91000366210938,79.58000183105469,79.6500015258789,12470000
2025-03-18,77.19503021240234,79.75,80.70999908447266,79.69999694824219,80.61000061035156,9461100
2025-03-19,77.19503021240234,79.75,79.83000183105469,79.13999938964844,79.56999969482422,12042700
2025-03-20,76.81751251220703,79.36000061035156,79.91999816894531,79.23999786376953,79.62999725341797,10954500
2025-03-21,76.78848266601562,79.33000183105469,79.52999877929688,78.98999786376953,79.30000305175781,11926200
2025-03-24,77.26333618164062,79.4000015258789,79.4800033569336,78.95999908447266,79.02999877929688,9586600
2025-03-25,76.56270599365234,78.68000030517578,79.36000061035156,78.43000030517578,79.26000213623047,12703200
2025-03-26,77.74988555908203,79.9000015258789,80.08000183105469,78.8499984741211,78.8499984741211,11491900
2025-03-27,78.6353988647461,80.80999755859375,80.97000122070312,80.06999969482422,80.12999725341797,9253000
2025-03-28,78.24616241455078,80.41000366210938,81.0999984741211,80.11000061035156,80.91999816894531,12493200
2025-03-31,79.47225952148438,81.66999816894531,81.91999816894531,80.52999877929688,80.52999877929688,14299100
2025-04-01,79.58902740478516,81.79000091552734,82.01000213623047,81.31999969482422,81.86000061035156,11201000
2025-04-02,79.3554916381836,81.55000305175781,82.05999755859375,81.18000030517578,81.83000183105469,9219000
2025-04-03,79.81283569335938,82.0199966430664,82.81999969482422,81.3499984741211,81.75,20746100
2025-04-04,76.3486328125,78.45999908447266,82.04000091552734,78.45999908447266,81.58000183105469,35619500
2025-04-07,75.463134765625,77.55000305175781,79.37999725341797,76.16000366210938,76.5999984741211,45133500
2025-04-08,74.29541015625,76.3499984741211,78.97000122070312,75.61000061035156,78.70999908447266,26842500
2025-04-09,77.17576599121094,79.30999755859375,79.94000244140625,75.83000183105469,75.97000122070312,39358900
2025-04-10,77.21468353271484,79.3499984741211,80.1500015258789,77.97000122070312,79.30000305175781,25968000
2025-04-11,78.18777465820312,80.3499984741211,80.86000061035156,78.91000366210938,79.6500015258789,19009500
2025-04-14,79.52091979980469,81.72000122070312,82.05000305175781,80.33000183105469,80.69000244140625,12388100
2025-04-15,78.84947967529297,81.02999877929688,81.94000244140625,80.9800033569336,81.83999633789062,8920200
2025-04-16,78.00289154052734,80.16000366210938,81.48999786376953,79.81999969482422,81.37000274658203,13657300
2025-04-17,79.66687774658203,81.87000274658203,82.26000213623047,80.38999938964844,80.51000213623047,13663600
2025-04-21,78.9078598022461,81.08999633789062,82.02999877929688,80.19999694824219,81.94000244140625,13804400
2025-04-22,80.02691650390625,82.23999786376953,82.70999908447266,81.26000213623047,81.4000015258789,11258800
2025-04-23,79.56956481933594,81.7699966430664,82.70999908447266,81.12999725341797,82.37999725341797,17717300
2025-04-24,78.86894226074219,81.05000305175781,81.33000183105469,80.68000030517578,81.22000122070312,12480700
2025-04-25,78.66458892822266,80.83999633789062,81.44000244140625,80.0,81.19999694824219,14378000
2025-04-28,78.40184783935547,80.56999969482422,81.22000122070312,80.13999938964844,80.91000366210938,12088900
2025-04-29,79.05382537841797,81.23999786376953,81.30000305175781,79.79000091552734,80.2300033569336,10065700
2025-04-30,79.62796020507812,81.83000183105469,82.1500015258789,80.66999816894531,81.69000244140625,10565800
2025-05-01,78.93706512451172,81.12000274658203,81.55000305175781,80.83000183105469,81.29000091552734,13203000
2025-05-02,79.3652114868164,81.55999755859375,81.86000061035156,81.20999908447266,81.58000183105469,14859700
2025-05-05,79.2970962524414,81.48999786376953,81.68000030517578,81.0,81.58000183105469,10236300
2025-05-06,79.16085815429688,81.3499984741211,81.62999725341797,80.97000122070312,81.33000183105469,10506300
2025-05-07,79.28736877441406,81.4800033569336,81.8499984741211,81.16000366210938,81.43000030517578,10474900
2025-05-08,79.1900634765625,81.37999725341797,81.94999694824219,81.06999969482422,81.56999969482422,11018500
2025-05-09,78.73270416259766,80.91000366210938,81.33999633789062,80.81999969482422,81.02999877929688,9231500
2025-05-12,78.84947967529297,81.02999877929688,81.2300033569336,80.33000183105469,80.97000122070312,18914800
2025-05-13,77.788818359375,79.94000244140625,80.87999725341797,79.6500015258789,80.76000213623047,13148500
2025-05-14,77.37037658691406,79.51000213623047,79.91000366210938,79.36000061035156,79.80000305175781,10352000
2025-05-15,78.9565200805664,81.13999938964844,81.19000244140625,79.26000213623047,79.58000183105469,13370000
2025-05-16,79.86149597167969,82.06999969482422,82.06999969482422,81.0999984741211,81.22000122070312,11973300
2025-05-19,80.09502410888672,82.30999755859375,82.37000274658203,81.61000061035156,81.8499984741211,13601400
2025-05-20,80.37722778320312,82.5999984741211,82.83999633789062,82.2699966430664,82.2699966430664,12719300
2025-05-21,79.44306182861328,81.63999938964844,82.33000183105469,81.51000213623047,82.19999694824219,10989100
2025-05-22,79.11221313476562,81.30000305175781,81.73999786376953,80.97000122070312,81.56999969482422,11871600
2025-05-23,79.40413665771484,81.5999984741211,81.7699966430664,80.76000213623047,81.26000213623047,10693100
2025-05-27,80.12422180175781,82.33999633789062,82.38999938964844,81.72000122070312,81.9000015258789,14433600
2025-05-28,79.57929992675781,81.77999877929688,82.58000183105469,81.69000244140625,82.30999755859375,9963800
2025-05-29,79.9004135131836,82.11000061035156,82.16000366210938,81.4000015258789,81.80999755859375,13321300
2025-05-30,80.60104370117188,82.83000183105469,83.19000244140625,81.97000122070312,81.97000122070312,17778900
2025-06-02,80.64969635009766,82.87999725341797,82.88999938964844,82.05999755859375,82.58999633789062,15827900
2025-06-03,80.57184600830078,82.80000305175781,82.93000030517578,82.22000122070312,82.73999786376953,13265600
2025-06-04,80.00746154785156,82.22000122070312,82.83999633789062,82.1500015258789,82.81999969482422,10804100
2025-06-05,79.23871612548828,81.43000030517578,82.16000366210938,81.20999908447266,82.05000305175781,16474500
2025-06-06,79.4917221069336,81.69000244140625,81.94999694824219,81.43000030517578,81.80999755859375,10948900
2025-06-09,79.38468170166016,81.58000183105469,81.83000183105469,81.19000244140625,81.55999755859375,13027300
2025-06-10,79.55982971191406,81.76000213623047,81.94999694824219,81.44999694824219,81.58999633789062,12364900
2025-06-11,79.28736877441406,81.4800033569336,81.70999908447266,81.20999908447266,81.70999908447266,11204000
2025-06-12,79.75444793701172,81.95999908447266,81.9800033569336,81.08999633789062,81.44999694824219,10709900
2025-06-13,78.78135681152344,80.95999908447266,82.16000366210938,80.7699966430664,81.70999908447266,15635100
2025-06-16,79.03437042236328,81.22000122070312,81.8499984741211,80.97000122070312,81.16000366210938,12728200
2025-06-17,78.3629379272461,80.52999877929688,81.12000274658203,80.5,80.98999786376953,15059900
2025-06-18,78.265625,80.43000030517578,80.83999633789062,80.37999725341797,80.75,11117700
2025-06-20,78.8397445678711,81.0199966430664,81.23999786376953,80.61000061035156,80.72000122070312,16771500
2025-06-23,79.75289154052734,81.4000015258789,81.47000122070312,80.47000122070312,80.52999877929688,17771400
2025-06-24,79.6843032836914,81.33000183105469,81.4800033569336,80.97000122070312,81.38999938964844,12580900
2025-06-25,78.6163558959961,80.23999786376953,81.16000366210938,80.12999725341797,81.16000366210938,12880400
2025-06-26,78.54777526855469,80.16999816894531,80.63999938964844,79.97000122070312,80.31999969482422,13783200
2025-06-27,78.92008972167969,80.55000305175781,80.80000305175781,80.16999816894531,80.25,15135300
2025-06-30,79.33159637451172,80.97000122070312,81.12000274658203,80.38999938964844,80.51000213623047,12080000
2025-07-01,80.32115173339844,81.9800033569336,82.4800033569336,81.05999755859375,81.05999755859375,23302100
2025-07-02,80.5562973022461,82.22000122070312,82.2699966430664,81.54000091552734,81.91999816894531,16429100
2025-07-03,80.51710510253906,82.18000030517578,82.33000183105469,81.77999877929688,82.2699966430664,10898400
2025-07-07,80.44851684570312,82.11000061035156,82.16000366210938,81.68000030517578,82.0999984741211,14365100
2025-07-08,79.70389556884766,81.3499984741211,81.91000366210938,81.27999877929688,81.79000091552734,15712800
2025-07-09,79.18462371826172,80.81999969482422,81.55000305175781,80.37000274658203,81.45999908447266,22179000
2025-07-10,79.46875762939453,81.11000061035156,81.41999816894531,80.56999969482422,80.86000061035156,16687900
2025-07-11,79.1748275756836,80.80999755859375,81.01000213623047,80.4000015258789,80.79000091552734,16936700
2025-07-14,79.243408203125,80.87999725341797,80.93000030517578,80.27999877929688,80.83000183105469,13694000
2025-07-15,78.44979858398438,80.06999969482422,80.8499984741211,80.05999755859375,80.69999694824219,17681600
2025-07-16,78.72413635253906,80.3499984741211,80.41999816894531,79.68000030517578,80.11000061035156,15633600
2025-07-17,79.46875762939453,81.11000061035156,81.16000366210938,80.47000122070312,80.66000366210938,17079000
2025-07-18,79.25320434570312,80.88999938964844,81.48999786376953,80.79000091552734,81.1500015258789,12755000
2025-07-21,79.243408203125,80.87999725341797,81.31999969482422,80.79000091552734,80.95999908447266,13430900
2025-07-22,79.96843719482422,81.62000274658203,81.76000213623047,80.41999816894531,80.4800033569336,20413700
2025-07-23,79.9978256225586,81.6500015258789,81.86000061035156,81.38999938964844,81.6500015258789,13808900
2025-07-24,79.71369934082031,81.36000061035156,81.80999755859375,81.29000091552734,81.72000122070312,11462600
2025-07-25,79.85086059570312,81.5,81.5199966430664,81.04000091552734,81.30999755859375,9284900
2025-07-28,79.02787017822266,80.66000366210938,81.19999694824219,80.55000305175781,81.06999969482422,12113200
2025-07-29,79.5471420288086,81.19000244140625,81.43000030517578,80.37000274658203,80.80000305175781,18872900
2025-07-30,78.84170532226562,80.47000122070312,81.48999786376953,80.25,81.2300033569336,16485500
2025-07-31,78.1656723022461,79.77999877929688,80.55999755859375,79.6500015258789,79.9000015258789,18339700
2025-08-01,78.53797912597656,80.16000366210938,80.66000366210938,80.05000305175781,80.22000122070312,28529200
2025-08-04,78.92008972167969,80.55000305175781,80.69000244140625,80.05999755859375,80.05999755859375,14441900
2025-08-05,78.84170532226562,80.47000122070312,80.91000366210938,80.3499984741211,80.51000213623047,15062900
2025-08-06,79.96843719482422,81.62000274658203,81.88999938964844,80.5,80.69999694824219,16043200
2025-08-07,80.57588958740234,82.23999786376953,82.36000061035156,81.48999786376953,81.76000213623047,15984100
2025-08-08,80.81103515625,82.4800033569336,82.79000091552734,82.27999877929688,82.30999755859375,14135200
2025-08-11,80.7424545288086,82.41000366210938,82.62999725341797,81.91000366210938,82.5199966430664,12970500
2025-08-12,80.95800018310547,82.62999725341797,82.69999694824219,82.26000213623047,82.5199966430664,16449500
2025-08-13,80.95800018310547,82.62999725341797,82.80000305175781,81.93000030517578,82.19000244140625,17683900
2025-08-14,80.23297882080078,81.88999938964844,82.4000015258789,81.83000183105469,82.3499984741211,12826500
2025-08-15,80.36034393310547,82.0199966430664,82.2699966430664,81.6500015258789,82.02999877929688,12217700
2025-08-18,80.25257110595703,81.91000366210938,82.29000091552734,81.86000061035156,82.05999755859375,11892100
2025-08-19,81.07557678222656,82.75,82.87999725341797,82.05000305175781,82.06999969482422,13215600
2025-08-20,81.53606414794922,83.22000122070312,83.9000015258789,82.63999938964844,82.72000122070312,24835800
2025-08-21,80.80123901367188,82.47000122070312,82.69000244140625,82.18000030517578,82.6500015258789,18125200
2025-08-22,80.80123901367188,82.47000122070312,83.26000213623047,82.26000213623047,82.72000122070312,16491500
2025-08-25,79.41976165771484,81.05999755859375,82.2300033569336,80.9800033569336,82.08999633789062,20490600
2025-08-26,78.90049743652344,80.52999877929688,81.0,80.37999725341797,80.94999694824219,17724000
2025-08-27,79.13562774658203,80.7699966430664,80.80000305175781,80.3499984741211,80.44000244140625,11764700
2025-08-28,78.63595581054688,80.26000213623047,80.87000274658203,80.0199966430664,80.81999969482422,14505000
2025-08-29,79.14543151855469,80.77999877929688,80.83999633789062,80.27999877929688,80.44000244140625,15675800
2025-09-02,79.01806640625,80.6500015258789,81.19999694824219,80.33000183105469,80.91999816894531,16662400
2025-09-03,78.95926666259766,80.58999633789062,80.62999725341797,79.91000366210938,80.25,14723100
2025-09-04,79.00827026367188,80.63999938964844,81.05000305175781,80.44000244140625,80.75,12717400
2025-09-05,79.23361206054688,80.87000274658203,81.27999877929688,80.41999816894531,80.62000274658203,20657300
2025-09-08,78.93968200683594,80.56999969482422,80.79000091552734,80.04000091552734,80.77999877929688,18019800
2025-09-09,79.09644317626953,80.7300033569336,80.8499984741211,80.31999969482422,80.41000366210938,13459600
2025-09-10,78.32243347167969,79.94000244140625,80.54000091552734,79.54000091552734,80.38999938964844,19041800
2025-09-11,78.95926666259766,80.58999633789062,80.81999969482422,80.02999877929688,80.1500015258789,16717500
2025-09-12,78.69473266601562,80.31999969482422,80.63999938964844,80.11000061035156,80.44999694824219,10261000
2025-09-15,77.79335021972656,79.4000015258789,80.4800033569336,79.36000061035156,80.29000091552734,14871900
2025-09-16,78.14607238769531,79.76000213623047,79.94000244140625,79.3499984741211,79.52999877929688,16171000
2025-09-17,78.6163558959961,80.23999786376953,80.73999786376953,79.87999725341797,79.87999725341797,14408700
2025-09-18,77.9305191040039,79.54000091552734,80.0199966430664,79.52999877929688,79.70999908447266,21046100
2025-09-19,77.77375793457031,79.37999725341797,79.75,79.30999755859375,79.7300033569336,13348900
2025-09-22,76.9066390991211,77.95999908447266,78.5999984741211,77.91000366210938,78.54000091552734,11993700
2025-09-23,77.29136657714844,78.3499984741211,78.37999725341797,77.7300033569336,78.02999877929688,9703700
2025-09-24,77.45906829833984,78.5199966430664,78.83000183105469,78.19999694824219,78.33000183105469,10634100
2025-09-25,76.71920013427734,77.7699966430664,78.93000030517578,77.7699966430664,78.86000061035156,12046100
2025-09-26,76.9066390991211,77.95999908447266,78.01000213623047,77.48999786376953,77.69000244140625,11547800
2025-09-29,77.05461120605469,78.11000061035156,78.12999725341797,77.58000183105469,78.08999633789062,11490300
2025-09-30,77.31109619140625,78.37000274658203,78.54000091552734,77.94999694824219,78.01000213623047,12306100
2025-10-01,77.1927261352539,78.25,78.48999786376953,77.80000305175781,78.2699966430664,10125300
2025-10-02,76.88690948486328,77.94000244140625,78.19999694824219,77.75,77.91000366210938,8422100
2025-10-03,76.97569274902344,78.02999877929688,78.3499984741211,77.80999755859375,77.91000366210938,8426600
2025-10-06,76.41339111328125,77.45999908447266,77.91999816894531,77.37999725341797,77.86000061035156,10740000
2025-10-07,77.12366485595703,78.18000030517578,78.30000305175781,77.16000366210938,77.55999755859375,12084200
2025-10-08,76.73892974853516,77.79000091552734,78.12999725341797,77.66000366210938,78.12000274658203,9503000
2025-10-09,76.98555755615234,78.04000091552734,78.16000366210938,77.69000244140625,78.04000091552734,9315600
2025-10-10,77.04474639892578,78.0999984741211,78.7699966430664,78.0999984741211,78.30000305175781,20763500
2025-10-13,76.78825378417969,77.83999633789062,78.12999725341797,77.44000244140625,77.7300033569336,12692100
2025-10-14,78.0213623046875,79.08999633789062,79.12999725341797,77.79000091552734,77.91999816894531,12884100
2025-10-15,78.15947723388672,79.2300033569336,79.72000122070312,78.95999908447266,79.08000183105469,9111200
2025-10-16,77.61691284179688,78.68000030517578,79.75,78.4800033569336,79.43000030517578,13600000
2025-10-17,78.65272521972656,79.7300033569336,79.77999877929688,79.0199966430664,79.05999755859375,13983900
2025-10-20,78.58367156982422,79.66000366210938,80.01000213623047,79.52999877929688,79.9000015258789,13002500
2025-10-21,78.21867370605469,79.29000091552734,79.8499984741211,79.06999969482422,79.80000305175781,17471400
2025-10-22,78.66258239746094,79.73999786376953,80.25,78.98999786376953,79.41000366210938,13294700
2025-10-23,78.2778549194336,79.3499984741211,79.86000061035156,79.01000213623047,79.83000183105469,10809500
2025-10-24,78.0213623046875,79.08999633789062,79.9000015258789,79.05999755859375,79.87999725341797,12735500
2025-10-27,78.14962005615234,79.22000122070312,79.33000183105469,78.87000274658203,79.30000305175781,13984700
2025-10-28,77.37029266357422,78.43000030517578,79.0,78.41000366210938,78.91000366210938,8927500
2025-10-29,75.5452880859375,76.58000183105469,77.9000015258789,76.48999786376953,77.88999938964844,19894100
2025-10-30,75.46636199951172,76.5,76.94999694824219,76.47000122070312,76.61000061035156,17364800
2025-10-31,75.24933624267578,76.27999877929688,76.48999786376953,75.80999755859375,76.19000244140625,14658200
2025-11-03,74.6574478149414,75.68000030517578,76.18000030517578,75.45999908447266,76.12000274658203,16185500
2025-11-04,74.96324920654297,75.98999786376953,76.19999694824219,75.55000305175781,76.0,18147000
2025-11-05,74.91393280029297,75.94000244140625,76.20999908447266,75.51000213623047,75.9000015258789,15782900
2025-11-06,74.57852172851562,75.5999984741211,75.93000030517578,75.16000366210938,75.69999694824219,15452200
2025-11-07,75.67352294921875,76.70999908447266,76.8499984741211,75.87999725341797,76.12999725341797,16959500
2025-11-10,75.39730834960938,76.43000030517578,76.61000061035156,75.93000030517578,76.4800033569336,16805900
2025-11-11,76.38379669189453,77.43000030517578,77.54000091552734,76.61000061035156,76.66999816894531,19801200
2025-11-12,76.27528381347656,77.31999969482422,77.7300033569336,77.30000305175781,77.48999786376953,10978200
2025-11-13,76.27528381347656,77.31999969482422,77.79000091552734,77.12000274658203,77.33000183105469,15370800
2025-11-14,76.21609497070312,77.26000213623047,77.61000061035156,76.79000091552734,77.3499984741211,13138200
2025-11-17,75.73271179199219,76.7699966430664,77.5999984741211,76.72000122070312,77.27999877929688,13887100
2025-11-18,76.0582504272461,77.0999984741211,77.37999725341797,76.63999938964844,76.9800033569336,16840000
2025-11-19,75.47623443603516,76.51000213623047,77.06999969482422,76.2300033569336,76.94000244140625,15122100
2025-11-20,76.018798828125,77.05999755859375,77.37999725341797,76.69999694824219,76.75,21590200
2025-11-21,76.84745025634766,77.9000015258789,78.4000015258789,77.20999908447266,77.36000061035156,22216000
2025-11-24,75.95960998535156,77.0,77.93000030517578,76.9000015258789,77.80000305175781,17869400
2025-11-25,77.00528717041016,78.05999755859375,78.08999633789062,77.19999694824219,77.19999694824219,18586300
2025-11-26,77.84380340576172,78.91000366210938,79.11000061035156,78.05999755859375,78.05999755859375,13275100
2025-11-28,78.2975845336914,79.37000274658203,79.38999938964844,78.80000305175781,78.80000305175781,8914300
2025-12-01,78.21867370605469,79.29000091552734,79.52999877929688,79.04000091552734,79.26000213623047,16939900
2025-12-02,77.7056884765625,78.7699966430664,79.05000305175781,78.16999816894531,79.05000305175781,20551000
2025-12-03,77.76488494873047,78.83000183105469,79.55000305175781,78.73999786376953,78.93000030517578,16832900
2025-12-04,77.3900146484375,78.44999694824219,78.91000366210938,78.01000213623047,78.69000244140625,14269500
2025-12-05,77.39988708496094,78.45999908447266,78.98999786376953,78.2300033569336,78.4000015258789,13343200
2025-12-08,76.7586669921875,77.80999755859375,78.31999969482422,77.68000030517578,78.30999755859375,14602000
2025-12-09,76.93623352050781,77.98999786376953,78.22000122070312,77.6500015258789,77.9800033569336,14040200
2025-12-10,77.16312408447266,78.22000122070312,78.37999725341797,77.93000030517578,78.19000244140625,13945300
2025-12-11,77.73529052734375,78.80000305175781,79.06999969482422,78.4000015258789,78.41000366210938,13753800
2025-12-12,78.34690856933594,79.41999816894531,79.45999908447266,78.80000305175781,78.93000030517578,14506900
2025-12-15,78.5639419555664,79.63999938964844,79.91000366210938,79.31999969482422,79.62999725341797,14499400
2025-12-16,78.20880126953125,79.27999877929688,79.97000122070312,79.0999984741211,79.79000091552734,13055300
2025-12-17,78.57380676269531,79.6500015258789,79.87999725341797,79.3499984741211,79.38999938964844,14268400
2025-12-18,78.1200180053711,79.19000244140625,79.81999969482422,79.13999938964844,79.33000183105469,12117100
2025-12-19,77.71556091308594,78.77999877929688,79.16000366210938,78.76000213623047,79.12000274658203,13142000
2025-12-22,77.44408416748047,77.87999725341797,78.19999694824219,77.7300033569336,77.97000122070312,10983600
2025-12-23,77.07616424560547,77.51000213623047,77.81999969482422,77.37999725341797,77.80999755859375,7638500
2025-12-24,77.68274688720703,78.12000274658203,78.19000244140625,77.55000305175781,77.55000305175781,4697100
2025-12-26,77.79212951660156,78.2300033569336,78.41000366210938,77.97000122070312,78.04000091552734,8761300
2025-12-29,77.84185028076172,78.27999877929688,78.4800033569336,78.16999816894531,78.16999816894531,9242300
2025-12-30,77.71257781982422,78.1500015258789,78.33000183105469,78.04000091552734,78.0999984741211,5610900
